method,effect_scale,estimate,conf_low,conf_high,std_error_link_scale,reference_df,p_value,covariates_used,covariates_dropped_no_variation,exposure,module_rds,outcome_code,outcome,transform,n,events,non_events,n_strata,n_psu,cycles,weight_variables,status,error,p_fdr_bh
same_sample_unweighted,odds_ratio,4.966909929152338,1.9366671875916308,12.738478971697278,0.4799660309164605,1024,8.395999006353908e-4,age+sex+eth+marital+PIR_level+edu+smoke+alcohol.user+PA_level+BMI_level,,IPM1_Cys_ln_U,VOC_urine.rds,angina,Angina,natural_log_transformed,1047,19,1028,15,2,2015-2016,WTSA2YR,ok,,0.12510038519467323
same_sample_unweighted,odds_ratio,1.8430805182516683,1.188107449437978,2.8591233885165255,0.22393892231416587,3231,0.006326134930949088,age+sex+eth+marital+PIR_level+edu+smoke+alcohol.user+PA_level+BMI_level,,Cd_ln_S,HM_serum.rds,angina,Angina,natural_log_transformed,3254,64,3190,30,4,2013-2014|2015-2016,WTSH2YR,ok,,0.3123488686108845
same_sample_unweighted,odds_ratio,0.4546569303798333,0.2580112110343874,0.8011780709593357,0.2886971865764344,974,0.0063288540785149255,age+sex+eth+marital+PIR_level+edu+smoke+alcohol.user+PA_level+BMI_level,,n_PFOA_ln_S,PFC_serum.rds,angina,Angina,natural_log_transformed,997,22,975,15,2,2015-2016,WTSB2YR,ok,,0.3123488686108845
same_sample_unweighted,odds_ratio,1.4213314133304384,1.0859142503625512,1.8603522201181435,0.13725971767325126,2206,0.010421407054933003,age+sex+eth+marital+PIR_level+edu+smoke+alcohol.user+PA_level+BMI_level,,U_ln_U,HM_urine.rds,angina,Angina,natural_log_transformed,2229,46,2183,30,4,2013-2014|2015-2016,WTSA2YR,ok,,0.3123488686108845
same_sample_unweighted,odds_ratio,1.6170586955321702,1.1189280955626402,2.3369498318668476,0.18777262071446799,2121,0.010481505658083373,age+sex+eth+marital+PIR_level+edu+smoke+alcohol.user+PA_level+BMI_level,,X3_HPMA_ln_U,VOC_urine.rds,angina,Angina,natural_log_transformed,2144,44,2100,30,4,2013-2014|2015-2016,WTSA2YR,ok,,0.3123488686108845
same_sample_unweighted,odds_ratio,0.6633262130189178,0.4785996079416892,0.9193523303755546,0.16644077778112218,2140,0.013652726230843418,age+sex+eth+marital+PIR_level+edu+smoke+alcohol.user+PA_level+BMI_level,,ATCA_ln_U,VOC_urine.rds,angina,Angina,natural_log_transformed,2163,44,2119,30,4,2013-2014|2015-2016,WTSA2YR,ok,,0.3169278835109024
same_sample_unweighted,odds_ratio,2.623891384380262,1.2067379092144184,5.70530348342744,0.3961535237931898,3230,0.01488922942668669,age+sex+eth+marital+PIR_level+edu+smoke+alcohol.user+PA_level+BMI_level,,Mn_ln_S,HM_serum.rds,angina,Angina,natural_log_transformed,3253,63,3190,30,4,2013-2014|2015-2016,WTSH2YR,ok,,0.3169278835109024
same_sample_unweighted,odds_ratio,0.6626995700323671,0.469610811501147,0.9351801733806795,0.17562262020986036,2049,0.01914406410481016,age+sex+eth+marital+PIR_level+edu+smoke+alcohol.user+PA_level+BMI_level,,PFHS_ln_S,PFC_serum.rds,angina,Angina,natural_log_transformed,2072,45,2027,30,4,2013-2014|2015-2016,WTSB2YR,ok,,0.33327598928052493
same_sample_unweighted,odds_ratio,1.2860170165493634,1.0352481022800968,1.5975298705807843,0.11060786289573869,2164,0.022950999913423534,age+sex+eth+marital+PIR_level+edu+smoke+alcohol.user+PA_level+BMI_level,,CEMA_CYM_ln_U,VOC_urine.rds,angina,Angina,natural_log_transformed,2187,45,2142,30,4,2013-2014|2015-2016,WTSA2YR,ok,,0.33327598928052493
same_sample_unweighted,odds_ratio,1.3946624869588007,1.0391610149196333,1.8717825482324661,0.1500388707074469,2120,0.026615684655548876,age+sex+eth+marital+PIR_level+edu+smoke+alcohol.user+PA_level+BMI_level,,MBzP_ln_U,Phthalates_urine.rds,angina,Angina,natural_log_transformed,2143,45,2098,30,4,2013-2014|2015-2016,WTSB2YR,ok,,0.33327598928052493
same_sample_unweighted,odds_ratio,1.3408807549127053,1.033213871737985,1.740163627372606,0.13290451917895815,1919,0.02731069316037655,age+sex+eth+marital+PIR_level+edu+smoke+alcohol.user+PA_level+BMI_level,,BCETP_ln_U,BFR_urine.rds,angina,Angina,natural_log_transformed,1942,40,1902,30,4,2013-2014|2015-2016,WTSSBI2Y|WTSSCH2Y,ok,,0.33327598928052493
same_sample_unweighted,odds_ratio,0.6280877748658352,0.4108356149921926,0.9602240860822473,0.21645092050702916,2049,0.03166285756286486,age+sex+eth+marital+PIR_level+edu+smoke+alcohol.user+PA_level+BMI_level,,PFDA_ln_S,PFC_serum.rds,angina,Angina,natural_log_transformed,2072,45,2027,30,4,2013-2014|2015-2016,WTSB2YR,ok,,0.33327598928052493
same_sample_unweighted,odds_ratio,1.3518186821233336,1.0244943292841056,1.7837226591723778,0.1414045593712352,3231,0.033020605787557646,age+sex+eth+marital+PIR_level+edu+smoke+alcohol.user+PA_level+BMI_level,,THg_ln_S,HM_serum.rds,angina,Angina,natural_log_transformed,3254,64,3190,30,4,2013-2014|2015-2016,WTSH2YR,ok,,0.33327598928052493
same_sample_unweighted,odds_ratio,1.4822876292763294,1.0320108753091477,2.1290246725815347,0.18463347623936865,2165,0.033029998221766714,age+sex+eth+marital+PIR_level+edu+smoke+alcohol.user+PA_level+BMI_level,,PMM_Cys_ln_U,VOC_urine.rds,angina,Angina,natural_log_transformed,2188,45,2143,30,4,2013-2014|2015-2016,WTSA2YR,ok,,0.33327598928052493
same_sample_unweighted,odds_ratio,1.979101050398367,1.0530858311837645,3.719393853476343,0.32172622995429395,2206,0.033853489048185616,age+sex+eth+marital+PIR_level+edu+smoke+alcohol.user+PA_level+BMI_level,,Cs_ln_U,HM_urine.rds,angina,Angina,natural_log_transformed,2229,46,2183,30,4,2013-2014|2015-2016,WTSA2YR,ok,,0.33327598928052493
same_sample_unweighted,odds_ratio,1.5053156218743549,1.0217494987946076,2.2177403797430033,0.19758782190863225,2120,0.03845433487073642,age+sex+eth+marital+PIR_level+edu+smoke+alcohol.user+PA_level+BMI_level,,MiBP_ln_U,Phthalates_urine.rds,angina,Angina,natural_log_transformed,2143,45,2098,30,4,2013-2014|2015-2016,WTSB2YR,ok,,0.33327598928052493
same_sample_unweighted,odds_ratio,1.4865217144259308,1.019197159033699,2.1681249676508814,0.19245673720840087,2120,0.03940942424321952,age+sex+eth+marital+PIR_level+edu+smoke+alcohol.user+PA_level+BMI_level,,MECPP_ln_U,Phthalates_urine.rds,angina,Angina,natural_log_transformed,2143,45,2098,30,4,2013-2014|2015-2016,WTSB2YR,ok,,0.33327598928052493
same_sample_unweighted,odds_ratio,1.3721557074217543,1.0124107981834065,1.8597305449413122,0.15503194406157503,1921,0.04127467409490046,age+sex+eth+marital+PIR_level+edu+smoke+alcohol.user+PA_level+BMI_level,,DPHP_ln_U,BFR_urine.rds,angina,Angina,natural_log_transformed,1944,40,1904,30,4,2013-2014|2015-2016,WTSSBI2Y|WTSSCH2Y,ok,,0.33327598928052493
same_sample_unweighted,odds_ratio,1.6697947532840796,1.0080292146019771,2.766005665020308,0.2573619893066832,2156,0.04635586831012023,age+sex+eth+marital+PIR_level+edu+smoke+alcohol.user+PA_level+BMI_level,,MA_ln_U,VOC_urine.rds,angina,Angina,natural_log_transformed,2179,45,2134,30,4,2013-2014|2015-2016,WTSA2YR,ok,,0.33327598928052493
same_sample_unweighted,odds_ratio,1.720663127252351,1.0042886479858746,2.948038498118603,0.27438966841276435,1024,0.04794227930745125,age+sex+eth+marital+PIR_level+edu+smoke+alcohol.user+PA_level+BMI_level,,IPM3_Cys_ln_U,VOC_urine.rds,angina,Angina,natural_log_transformed,1047,19,1028,15,2,2015-2016,WTSA2YR,ok,,0.33327598928052493
same_sample_unweighted,odds_ratio,1.5494126529935812,1.0032371061870977,2.3929333897752536,0.2216382312824163,2182,0.04819629599915716,age+sex+eth+marital+PIR_level+edu+smoke+alcohol.user+PA_level+BMI_level,,CEMA_CEM_ln_U,VOC_urine.rds,angina,Angina,natural_log_transformed,2205,45,2160,30,4,2013-2014|2015-2016,WTSA2YR,ok,,0.33327598928052493
same_sample_unweighted,odds_ratio,2.32023994264438,1.0020338612899728,5.372586296147621,0.4279433596243498,1148,0.04920853533001039,age+sex+eth+marital+PIR_level+edu+smoke+alcohol.user+PA_level+BMI_level,,TTCA_binary_U,VOC_urine.rds,angina,Angina,binary_above_detection_threshold,1171,26,1145,15,2,2013-2014,WTSA2YR,ok,,0.33327598928052493
same_sample_unweighted,odds_ratio,1.4267095377632355,0.9963719271510978,2.042911938481287,0.18306863430165096,2200,0.05223538922066617,age+sex+eth+marital+PIR_level+edu+smoke+alcohol.user+PA_level+BMI_level,,X2_FL_ln_U,PAH_urine.rds,angina,Angina,natural_log_transformed,2223,46,2177,30,4,2013-2014|2015-2016,WTSA2YR,ok,,0.3383944779947504
same_sample_unweighted,odds_ratio,1.545726024730418,0.978718914542795,2.441220771384641,0.2330419196497662,2206,0.061659616066492944,age+sex+eth+marital+PIR_level+edu+smoke+alcohol.user+PA_level+BMI_level,,Cd_ln_U,HM_urine.rds,angina,Angina,natural_log_transformed,2229,46,2183,30,4,2013-2014|2015-2016,WTSA2YR,ok,,0.38280344974614366
same_sample_unweighted,odds_ratio,1.9590053763502078,0.9506210357349087,4.03704727783786,0.368708045618406,2073,0.06818758493479184,age+sex+eth+marital+PIR_level+edu+smoke+alcohol.user+PA_level+BMI_level,,DHB_Cys_ln_U,VOC_urine.rds,angina,Angina,natural_log_transformed,2096,42,2054,30,4,2013-2014|2015-2016,WTSA2YR,ok,,0.40639800621135935
same_sample_unweighted,odds_ratio,1.3909420332067794,0.9651250869743637,2.0046310740991036,0.18636648981160492,2135,0.07662658793793978,age+sex+eth+marital+PIR_level+edu+smoke+alcohol.user+PA_level+BMI_level,,MB3_Cys_ln_U,VOC_urine.rds,angina,Angina,natural_log_transformed,2158,44,2114,30,4,2013-2014|2015-2016,WTSA2YR,ok,,0.4364152480634311
same_sample_unweighted,odds_ratio,1.3424885560985207,0.9649884396751438,1.8676654031857765,0.16836148880781535,2199,0.08022863717004734,age+sex+eth+marital+PIR_level+edu+smoke+alcohol.user+PA_level+BMI_level,,X3_FL_ln_U,PAH_urine.rds,angina,Angina,natural_log_transformed,2222,46,2176,30,4,2013-2014|2015-2016,WTSA2YR,ok,,0.4364152480634311
same_sample_unweighted,odds_ratio,0.6430103788709886,0.38722937812637254,1.0677452969513035,0.2584299726147292,974,0.08749569202657356,age+sex+eth+marital+PIR_level+edu+smoke+alcohol.user+PA_level+BMI_level,,n_PFOS_ln_S,PFC_serum.rds,angina,Angina,natural_log_transformed,997,22,975,15,2,2015-2016,WTSB2YR,ok,,0.4364152480634311
same_sample_unweighted,odds_ratio,0.6476326573144731,0.389162116721175,1.0777720667007151,0.25954289401624697,974,0.09416329656360363,age+sex+eth+marital+PIR_level+edu+smoke+alcohol.user+PA_level+BMI_level,,Sm_PFOS_ln_S,PFC_serum.rds,angina,Angina,natural_log_transformed,997,22,975,15,2,2015-2016,WTSB2YR,ok,,0.4364152480634311
same_sample_unweighted,odds_ratio,0.5621975597156836,0.2858851556926905,1.1055701559056177,0.3448417509173336,2122,0.09491004803920246,age+sex+eth+marital+PIR_level+edu+smoke+alcohol.user+PA_level+BMI_level,,TCC_binary_U,PCCP_urine.rds,angina,Angina,binary_above_detection_threshold,2145,45,2100,30,4,2013-2014|2015-2016,WTSB2YR,ok,,0.4364152480634311
same_sample_unweighted,odds_ratio,1.8187785705942316,0.8963034736038801,3.6906645865736576,0.36082102924593923,1924,0.09736004696636001,age+sex+eth+marital+PIR_level+edu+smoke+alcohol.user+PA_level+BMI_level,,BCPP_binary_U,BFR_urine.rds,angina,Angina,binary_above_detection_threshold,1947,40,1907,30,4,2013-2014|2015-2016,WTSSBI2Y|WTSSCH2Y,ok,,0.4364152480634311
same_sample_unweighted,odds_ratio,1.444109829041653,0.934837177456931,2.2308197070294535,0.22173949898013523,1917,0.09745498722194061,age+sex+eth+marital+PIR_level+edu+smoke+alcohol.user+PA_level+BMI_level,,GLYP_ln_U,GYLP_urine.rds,angina,Angina,natural_log_transformed,1940,40,1900,30,4,2013-2014|2015-2016,WTSSCH2Y|WTSSGL2Y,ok,,0.4364152480634311
same_sample_unweighted,odds_ratio,1.5319469307105043,0.9244466620532925,2.53866609599813,0.2575665127595947,2197,0.09771451867217355,age+sex+eth+marital+PIR_level+edu+smoke+alcohol.user+PA_level+BMI_level,,Nitrate_ln_U,PERNT_urine.rds,angina,Angina,natural_log_transformed,2220,45,2175,30,4,2013-2014|2015-2016,WTSA2YR,ok,,0.4364152480634311
same_sample_unweighted,odds_ratio,1.265706257181464,0.9513613941275441,1.6839156385334009,0.1455816731502848,2205,0.10554551764684578,age+sex+eth+marital+PIR_level+edu+smoke+alcohol.user+PA_level+BMI_level,,Sn_ln_U,HM_urine.rds,angina,Angina,natural_log_transformed,2228,46,2182,30,4,2013-2014|2015-2016,WTSA2YR,ok,,0.4364152480634311
same_sample_unweighted,odds_ratio,0.4389554375402497,0.15995775431778067,1.204579777754068,0.5144372221777979,1010,0.10948744581538324,age+sex+eth+marital+PIR_level+edu+smoke+alcohol.user+PA_level+BMI_level,,MCOCH_binary_U,Phthalates_urine.rds,angina,Angina,binary_above_detection_threshold,1033,22,1011,15,2,2015-2016,WTSB2YR,ok,,0.4364152480634311
same_sample_unweighted,odds_ratio,1.3593263331436187,0.9327154600657878,1.9810629919732932,0.19206333064136719,2201,0.10995953615890032,age+sex+eth+marital+PIR_level+edu+smoke+alcohol.user+PA_level+BMI_level,,X23_OH_PH_ln_U,PAH_urine.rds,angina,Angina,natural_log_transformed,2224,46,2178,30,4,2013-2014|2015-2016,WTSA2YR,ok,,0.4364152480634311
same_sample_unweighted,odds_ratio,1.7128817199730408,0.8849730766691356,3.315314176178856,0.33674005519415745,2121,0.10999899419572844,age+sex+eth+marital+PIR_level+edu+smoke+alcohol.user+PA_level+BMI_level,,MINP_binary_U,Phthalates_urine.rds,angina,Angina,binary_above_detection_threshold,2144,45,2099,30,4,2013-2014|2015-2016,WTSB2YR,ok,,0.4364152480634311
same_sample_unweighted,odds_ratio,0.5381037943581104,0.25085060842975676,1.1542953605539168,0.3891695864687453,2121,0.11130053306315693,age+sex+eth+marital+PIR_level+edu+smoke+alcohol.user+PA_level+BMI_level,,MHNCH_binary_U,Phthalates_urine.rds,angina,Angina,binary_above_detection_threshold,2144,45,2099,30,4,2013-2014|2015-2016,WTSB2YR,ok,,0.4364152480634311
same_sample_unweighted,odds_ratio,1.4042574894203401,0.9077780405128759,2.172270101928233,0.22246572602783704,2207,0.12698077449350875,age+sex+eth+marital+PIR_level+edu+smoke+alcohol.user+PA_level+BMI_level,,DMA_ln_U,HM_urine.rds,angina,Angina,natural_log_transformed,2230,46,2184,30,4,2013-2014|2015-2016,WTSA2YR,ok,,0.4654373989029637
same_sample_unweighted,odds_ratio,1.2178157046818177,0.9450165710050668,1.569364110718563,0.12932220896617233,2120,0.12756318939296593,age+sex+eth+marital+PIR_level+edu+smoke+alcohol.user+PA_level+BMI_level,,MCOP_ln_U,Phthalates_urine.rds,angina,Angina,natural_log_transformed,2143,45,2098,30,4,2013-2014|2015-2016,WTSB2YR,ok,,0.4654373989029637
same_sample_unweighted,odds_ratio,4.302316967216187,0.6554598641960403,28.239610535268703,0.9588697200970264,1025,0.12807337822162088,age+sex+eth+marital+PIR_level+edu+smoke+alcohol.user+PA_level+BMI_level,,CYHA_Cys_binary_U,VOC_urine.rds,angina,Angina,binary_above_detection_threshold,1048,19,1029,15,2,2015-2016,WTSA2YR,ok,,0.4654373989029637
same_sample_unweighted,odds_ratio,1.4165052104328926,0.899162898487753,2.231505564295547,0.23175446308860975,2171,0.1329884758782308,age+sex+eth+marital+PIR_level+edu+smoke+alcohol.user+PA_level+BMI_level,,CMAC_ln_U,VOC_urine.rds,angina,Angina,natural_log_transformed,2194,45,2149,30,4,2013-2014|2015-2016,WTSA2YR,ok,,0.4707253076762569
same_sample_unweighted,odds_ratio,1.5383661823325092,0.8731687198521293,2.710324427729244,0.28879600258541194,2158,0.13584690087301374,age+sex+eth+marital+PIR_level+edu+smoke+alcohol.user+PA_level+BMI_level,,PGA_ln_U,VOC_urine.rds,angina,Angina,natural_log_transformed,2181,44,2137,30,4,2013-2014|2015-2016,WTSA2YR,ok,,0.4707253076762569
same_sample_unweighted,odds_ratio,0.3635691041185673,0.09310600596952578,1.4196988915284563,0.694176993874336,988,0.14496930257870475,age+sex+eth+marital+PIR_level+edu+smoke+alcohol.user+PA_level+BMI_level,,PFHxA_binary_U,PFC_urine.rds,angina,Angina,binary_above_detection_threshold,1011,21,990,15,2,2013-2014,WTSSBH2Y,ok,,0.4909187746415229
same_sample_unweighted,odds_ratio,2.1875440352060056,0.7384065248868614,6.480642768830603,0.5534502820366981,1013,0.15725541785644986,age+sex+eth+marital+PIR_level+edu+smoke+alcohol.user+PA_level+BMI_level,,MDA_binary_U,pesticides_urine.rds,angina,Angina,binary_above_detection_threshold,1036,22,1014,15,2,2015-2016,WTSB2YR,ok,,0.5163837025933661
same_sample_unweighted,odds_ratio,1.2550389298926816,0.9144342829281913,1.7225105674104073,0.16145190179706004,2173,0.1594204719415761,age+sex+eth+marital+PIR_level+edu+smoke+alcohol.user+PA_level+BMI_level,,X2_HPMA_ln_U,VOC_urine.rds,angina,Angina,natural_log_transformed,2196,45,2151,30,4,2013-2014|2015-2016,WTSA2YR,ok,,0.5163837025933661
same_sample_unweighted,odds_ratio,1.3766981080942926,0.8768573702063577,2.161466328764927,0.23002476274975392,2111,0.16459022345372648,age+sex+eth+marital+PIR_level+edu+smoke+alcohol.user+PA_level+BMI_level,,EO_ln_S,gas_serum.rds,angina,Angina,natural_log_transformed,2134,45,2089,30,4,2013-2014|2015-2016,WTSA2YR,ok,,0.5217860275447924
same_sample_unweighted,odds_ratio,0.7335478781161477,0.469463520429539,1.1461859464530304,0.22757491621507123,2049,0.17332914463186583,age+sex+eth+marital+PIR_level+edu+smoke+alcohol.user+PA_level+BMI_level,,PFNA_ln_S,PFC_serum.rds,angina,Angina,natural_log_transformed,2072,45,2027,30,4,2013-2014|2015-2016,WTSB2YR,ok,,0.5244379853171987
same_sample_unweighted,odds_ratio,1.3240890575385544,0.8816210842511345,1.9886228489902196,0.2073987017517138,2201,0.1758796700963827,age+sex+eth+marital+PIR_level+edu+smoke+alcohol.user+PA_level+BMI_level,,X1_PH_ln_U,PAH_urine.rds,angina,Angina,natural_log_transformed,2224,46,2178,30,4,2013-2014|2015-2016,WTSA2YR,ok,,0.5244379853171987
same_sample_unweighted,odds_ratio,1.4605106884002343,0.8393234414821383,2.5414415534070613,0.2823061007484353,1055,0.17967482817586472,age+sex+eth+marital+PIR_level+edu+smoke+alcohol.user+PA_level+BMI_level,,o_TLD_ln_U,AA_urine.rds,angina,Angina,natural_log_transformed,1078,22,1056,15,2,2013-2014,WTSA2YR,ok,,0.5244379853171987
same_sample_unweighted,odds_ratio,1.293026085208842,0.8881258084937576,1.8825220943258454,0.19154060637364284,2120,0.17970134442245206,age+sex+eth+marital+PIR_level+edu+smoke+alcohol.user+PA_level+BMI_level,,MEOHP_ln_U,Phthalates_urine.rds,angina,Angina,natural_log_transformed,2143,45,2098,30,4,2013-2014|2015-2016,WTSB2YR,ok,,0.5244379853171987
same_sample_unweighted,odds_ratio,0.7270515504794616,0.4546501290241782,1.1626609634734715,0.23939802643083238,2205,0.18302533715768007,age+sex+eth+marital+PIR_level+edu+smoke+alcohol.user+PA_level+BMI_level,,Mo_ln_U,HM_urine.rds,angina,Angina,natural_log_transformed,2228,46,2182,30,4,2013-2014|2015-2016,WTSA2YR,ok,,0.5244379853171987
same_sample_unweighted,odds_ratio,0.8245551383408982,0.6176378835002769,1.1007925425676597,0.14733940109395968,2162,0.1904332403324843,age+sex+eth+marital+PIR_level+edu+smoke+alcohol.user+PA_level+BMI_level,,X3PBA_ln_U,pesticides_urine.rds,angina,Angina,natural_log_transformed,2185,40,2145,30,4,2013-2014|2015-2016,WTSB2YR|WTSC2YR,ok,,0.5280814078230659
same_sample_unweighted,odds_ratio,1.408094682809716,0.8386129437423513,2.364297678150497,0.26426973842911794,2206,0.19530953809210858,age+sex+eth+marital+PIR_level+edu+smoke+alcohol.user+PA_level+BMI_level,,Tl_ln_U,HM_urine.rds,angina,Angina,natural_log_transformed,2229,46,2183,30,4,2013-2014|2015-2016,WTSA2YR,ok,,0.5280814078230659
same_sample_unweighted,odds_ratio,0.8955728851469879,0.7569667133571069,1.0595588662722664,0.0857405197872976,2120,0.1983235734286381,age+sex+eth+marital+PIR_level+edu+smoke+alcohol.user+PA_level+BMI_level,,X25_DCP_ln_U,PCCP_urine.rds,angina,Angina,natural_log_transformed,2143,45,2098,30,4,2013-2014|2015-2016,WTSB2YR,ok,,0.5280814078230659
same_sample_unweighted,odds_ratio,0.36618221788774075,0.07901503912006143,1.697011330886507,0.781253849851425,820,0.1984735492489375,age+sex+eth+marital+PIR_level+edu+smoke+alcohol.user+PA_level+BMI_level,,X5OHIMI_binary_U,pesticides_urine.rds,angina,Angina,binary_above_detection_threshold,843,21,822,15,2,2015-2016,WTSSBI2Y,ok,,0.5280814078230659
same_sample_unweighted,odds_ratio,0.8811563332901935,0.7241389177024571,1.0722203498755332,0.10007314827610335,2120,0.20613048102771317,age+sex+eth+marital+PIR_level+edu+smoke+alcohol.user+PA_level+BMI_level,,MeP_ln_U,PCCP_urine.rds,angina,Angina,natural_log_transformed,2143,45,2098,30,4,2013-2014|2015-2016,WTSB2YR,ok,,0.5312407672358759
same_sample_unweighted,odds_ratio,2.2234345055006806,0.6421551022517085,7.69854663291808,0.6329450864164815,1052,0.206791708051549,age+sex+eth+marital+PIR_level+edu+smoke+alcohol.user+PA_level+BMI_level,,PFHpA_binary_S,PFC_serum.rds,angina,Angina,binary_above_detection_threshold,1075,23,1052,15,2,2013-2014,WTSB2YR,ok,,0.5312407672358759
same_sample_unweighted,odds_ratio,1.251035476704941,0.8714935194272551,1.7958708000524601,0.18434626566836185,2120,0.22438496692973134,age+sex+eth+marital+PIR_level+edu+smoke+alcohol.user+PA_level+BMI_level,,MEHHP_ln_U,Phthalates_urine.rds,angina,Angina,natural_log_transformed,2143,45,2098,30,4,2013-2014|2015-2016,WTSB2YR,ok,,0.5666671198733892
same_sample_unweighted,odds_ratio,1.2163325779230643,0.8792731003868597,1.682600024345152,0.16546973389465255,2120,0.23659472748382962,age+sex+eth+marital+PIR_level+edu+smoke+alcohol.user+PA_level+BMI_level,,BPA_ln_U,PCCP_urine.rds,angina,Angina,natural_log_transformed,2143,45,2098,30,4,2013-2014|2015-2016,WTSB2YR,ok,,0.5875435732515102
same_sample_unweighted,odds_ratio,1.2610120878147901,0.8524079357089963,1.8654817945733881,0.19969207056854127,2200,0.2454949998659542,age+sex+eth+marital+PIR_level+edu+smoke+alcohol.user+PA_level+BMI_level,,X1_PY_ln_U,PAH_urine.rds,angina,Angina,natural_log_transformed,2223,45,2178,30,4,2013-2014|2015-2016,WTSA2YR,ok,,0.590822290326976
same_sample_unweighted,odds_ratio,0.6026693133988742,0.25413439269845084,1.4292056161939726,0.4404006735145088,3111,0.25021321493424653,age+sex+eth+marital+PIR_level+edu+smoke+alcohol.user+PA_level+BMI_level,,BDCM_binary_S,VOC_serum.rds,angina,Angina,binary_above_detection_threshold,3134,62,3072,30,4,2013-2014|2015-2016,WTSVOC2Y,ok,,0.590822290326976
same_sample_unweighted,odds_ratio,0.8918744399624291,0.733053684082125,1.085104725521279,0.0999999913162458,2157,0.25249953922216273,age+sex+eth+marital+PIR_level+edu+smoke+alcohol.user+PA_level+BMI_level,,DEA_ln_U,pesticides_urine.rds,angina,Angina,natural_log_transformed,2180,42,2138,30,4,2013-2014|2015-2016,WTSB2YR|WTSC2YR,ok,,0.590822290326976
same_sample_unweighted,odds_ratio,0.8321561125207374,0.6068517986929768,1.1411085821893938,0.16099814657954567,2067,0.2537760173216541,age+sex+eth+marital+PIR_level+edu+smoke+alcohol.user+PA_level+BMI_level,,X2_MHA_ln_U,VOC_urine.rds,angina,Angina,natural_log_transformed,2090,44,2046,30,4,2013-2014|2015-2016,WTSA2YR,ok,,0.590822290326976
same_sample_unweighted,odds_ratio,0.54273740518105,0.1831021264529265,1.6087409616096857,0.5537957664611912,1132,0.26979751460640167,age+sex+eth+marital+PIR_level+edu+smoke+alcohol.user+PA_level+BMI_level,,A_a_C_binary_U,AA_urine.rds,angina,Angina,binary_above_detection_threshold,1155,26,1129,15,2,2013-2014,WTSA2YR,ok,,0.6184589180977514
same_sample_unweighted,odds_ratio,0.7089271946173058,0.36988083259930077,1.3587559099403668,0.33174439647351317,2158,0.2997590289795089,age+sex+eth+marital+PIR_level+edu+smoke+alcohol.user+PA_level+BMI_level,,PMA_binary_U,VOC_urine.rds,angina,Angina,binary_above_detection_threshold,2181,45,2136,30,4,2013-2014|2015-2016,WTSA2YR,ok,,0.6569258694925377
same_sample_unweighted,odds_ratio,1.404006499876944,0.7387087088990463,2.6684865467940497,0.32747005675426727,2208,0.3001010666103022,age+sex+eth+marital+PIR_level+edu+smoke+alcohol.user+PA_level+BMI_level,,As_III_binary_U,HM_urine.rds,angina,Angina,binary_above_detection_threshold,2231,46,2185,30,4,2013-2014|2015-2016,WTSA2YR,ok,,0.6569258694925377
same_sample_unweighted,odds_ratio,1.2491039529105343,0.8185568616816259,1.9061115460828901,0.21538141194363414,1025,0.30173980913350745,age+sex+eth+marital+PIR_level+edu+smoke+alcohol.user+PA_level+BMI_level,,o_ANS_ln_U,AA_urine.rds,angina,Angina,natural_log_transformed,1048,23,1025,15,2,2013-2014,WTSA2YR,ok,,0.6569258694925377
same_sample_unweighted,odds_ratio,0.6412289207947194,0.27445600634108414,1.49814367098444,0.43250152770730677,1131,0.3042139932549336,age+sex+eth+marital+PIR_level+edu+smoke+alcohol.user+PA_level+BMI_level,,PhIP_binary_U,AA_urine.rds,angina,Angina,binary_above_detection_threshold,1154,26,1128,15,2,2013-2014,WTSA2YR,ok,,0.6569258694925377
same_sample_unweighted,odds_ratio,0.4377599631837733,0.08575468556072363,2.234674223497222,0.8307208612466004,988,0.3200189570150788,age+sex+eth+marital+PIR_level+edu+smoke+alcohol.user+PA_level+BMI_level,,PFBA_binary_U,PFC_urine.rds,angina,Angina,binary_above_detection_threshold,1011,21,990,15,2,2013-2014,WTSSBH2Y,ok,,0.6811832085035249
same_sample_unweighted,odds_ratio,1.1928976969465006,0.8383958854995059,1.6972947267417184,0.17982418398672156,2120,0.32665345417812025,age+sex+eth+marital+PIR_level+edu+smoke+alcohol.user+PA_level+BMI_level,,MCNP_ln_U,Phthalates_urine.rds,angina,Angina,natural_log_transformed,2143,45,2098,30,4,2013-2014|2015-2016,WTSB2YR,ok,,0.6855121784864777
same_sample_unweighted,odds_ratio,0.8444503191824991,0.5982676975562365,1.1919352231120492,0.17577456021101462,3072,0.3361232073636341,age+sex+eth+marital+PIR_level+edu+smoke+alcohol.user+PA_level+BMI_level,,Toluene_ln_S,VOC_serum.rds,angina,Angina,natural_log_transformed,3095,61,3034,30,4,2013-2014|2015-2016,WTSVOC2Y,ok,,0.691484754210288
same_sample_unweighted,odds_ratio,0.7339096469286809,0.38922601137119694,1.3838318974558637,0.32341312718894893,2208,0.3387811211902753,age+sex+eth+marital+PIR_level+edu+smoke+alcohol.user+PA_level+BMI_level,,AsB_binary_U,HM_urine.rds,angina,Angina,binary_above_detection_threshold,2231,46,2185,30,4,2013-2014|2015-2016,WTSA2YR,ok,,0.691484754210288
same_sample_unweighted,odds_ratio,0.8317772148127728,0.567486760019046,1.2191532628152835,0.19497166190439125,2206,0.34480965868834496,age+sex+eth+marital+PIR_level+edu+smoke+alcohol.user+PA_level+BMI_level,,Sr_ln_U,HM_urine.rds,angina,Angina,natural_log_transformed,2229,46,2183,30,4,2013-2014|2015-2016,WTSA2YR,ok,,0.6942789073589649
same_sample_unweighted,odds_ratio,1.7168692075408514,0.5444892985837388,5.413586425792028,0.5851563202646299,912,0.355648307407536,age+sex+eth+marital+PIR_level+edu+smoke+alcohol.user+PA_level+BMI_level,,PPDA_binary_U,AA_urine.rds,angina,Angina,binary_above_detection_threshold,935,18,917,15,2,2015-2016,WTSA2YR,ok,,0.6992915095755611
same_sample_unweighted,odds_ratio,1.2511697143880298,0.7765112584743423,2.0159729007374714,0.2431150356039573,1097,0.35668560219961504,age+sex+eth+marital+PIR_level+edu+smoke+alcohol.user+PA_level+BMI_level,,X4_ABP_ln_U,AA_urine.rds,angina,Angina,natural_log_transformed,1120,23,1097,15,2,2013-2014,WTSA2YR,ok,,0.6992915095755611
same_sample_unweighted,odds_ratio,0.6954958362548425,0.3139056513480175,1.5409549212337799,0.4056599025682701,2122,0.37070191177387385,age+sex+eth+marital+PIR_level+edu+smoke+alcohol.user+PA_level+BMI_level,,BuP_binary_U,PCCP_urine.rds,angina,Angina,binary_above_detection_threshold,2145,45,2100,30,4,2013-2014|2015-2016,WTSB2YR,ok,,0.7017621846085516
same_sample_unweighted,odds_ratio,1.2309882322763461,0.778562831999888,1.9463195078429605,0.23361220795617685,2206,0.37369020823834,age+sex+eth+marital+PIR_level+edu+smoke+alcohol.user+PA_level+BMI_level,,Pb_ln_U,HM_urine.rds,angina,Angina,natural_log_transformed,2229,46,2183,30,4,2013-2014|2015-2016,WTSA2YR,ok,,0.7017621846085516
same_sample_unweighted,odds_ratio,0.8372965271057073,0.566042093599681,1.2385394694675997,0.19964206807596277,2168,0.3737468602593485,age+sex+eth+marital+PIR_level+edu+smoke+alcohol.user+PA_level+BMI_level,,X2_NP_ln_U,PAH_urine.rds,angina,Angina,natural_log_transformed,2191,43,2148,30,4,2013-2014|2015-2016,WTSA2YR,ok,,0.7017621846085516
same_sample_unweighted,odds_ratio,1.1525705837371722,0.8410849725326329,1.579411110504302,0.16065744325101558,2185,0.37678506556163843,age+sex+eth+marital+PIR_level+edu+smoke+alcohol.user+PA_level+BMI_level,,BMA_ln_U,VOC_urine.rds,angina,Angina,natural_log_transformed,2208,45,2163,30,4,2013-2014|2015-2016,WTSA2YR,ok,,0.7017621846085516
same_sample_unweighted,odds_ratio,0.752390714115763,0.39620495383231985,1.428785231512291,0.32708529897629596,3121,0.3844084911582767,age+sex+eth+marital+PIR_level+edu+smoke+alcohol.user+PA_level+BMI_level,,m_p_Xylene_binary_S,VOC_serum.rds,angina,Angina,binary_above_detection_threshold,3144,61,3083,30,4,2013-2014|2015-2016,WTSVOC2Y,ok,,0.7071217923775707
same_sample_unweighted,odds_ratio,0.7575638421036665,0.4019824112687226,1.4276818059067231,0.3231449278046367,2210,0.3902278905604109,age+sex+eth+marital+PIR_level+edu+smoke+alcohol.user+PA_level+BMI_level,,Hg_binary_U,HM_urine.rds,angina,Angina,binary_above_detection_threshold,2233,46,2187,30,4,2013-2014|2015-2016,WTSA2YR,ok,,0.7090726304085515
same_sample_unweighted,odds_ratio,0.7591074303028804,0.39041879305433386,1.4759640186194818,0.3390656706934858,2194,0.4162999392859686,age+sex+eth+marital+PIR_level+edu+smoke+alcohol.user+PA_level+BMI_level,,GAM_Cys_binary_U,VOC_urine.rds,angina,Angina,binary_above_detection_threshold,2217,45,2172,30,4,2013-2014|2015-2016,WTSA2YR,ok,,0.7425808863325801
same_sample_unweighted,odds_ratio,0.7303200720713124,0.340902571485957,1.564574316190567,0.38857127113795814,3069,0.4186362043754143,age+sex+eth+marital+PIR_level+edu+smoke+alcohol.user+PA_level+BMI_level,,Ethylbenzene_binary_S,VOC_serum.rds,angina,Angina,binary_above_detection_threshold,3092,60,3032,30,4,2013-2014|2015-2016,WTSVOC2Y,ok,,0.7425808863325801
same_sample_unweighted,odds_ratio,0.8826044791743265,0.6370106121620053,1.2228849124109575,0.16628407575663015,2192,0.4526571209000294,age+sex+eth+marital+PIR_level+edu+smoke+alcohol.user+PA_level+BMI_level,,Thiocyanate_ln_U,PERNT_urine.rds,angina,Angina,natural_log_transformed,2215,45,2170,30,4,2013-2014|2015-2016,WTSA2YR,ok,,0.7884954160990999
same_sample_unweighted,odds_ratio,1.1782428066362503,0.7616734448898035,1.8226395060824483,0.22250312935142932,3231,0.46101473943621735,age+sex+eth+marital+PIR_level+edu+smoke+alcohol.user+PA_level+BMI_level,,Pb_ln_S,HM_serum.rds,angina,Angina,natural_log_transformed,3254,64,3190,30,4,2013-2014|2015-2016,WTSH2YR,ok,,0.7884954160990999
same_sample_unweighted,odds_ratio,0.9015967552526879,0.6843871185123394,1.1877440224899838,0.1405567656836974,2119,0.46113282471538186,age+sex+eth+marital+PIR_level+edu+smoke+alcohol.user+PA_level+BMI_level,,BPS_ln_U,PCCP_urine.rds,angina,Angina,natural_log_transformed,2142,45,2097,30,4,2013-2014|2015-2016,WTSB2YR,ok,,0.7884954160990999
same_sample_unweighted,odds_ratio,0.6897271745332644,0.25393402788061176,1.873414048759561,0.5091885949788091,983,0.465688567897455,age+sex+eth+marital+PIR_level+edu+smoke+alcohol.user+PA_level+BMI_level,,X4_MDA_binary_U,AA_urine.rds,angina,Angina,binary_above_detection_threshold,1006,19,987,15,2,2015-2016,WTSA2YR,ok,,0.7884954160990999
same_sample_unweighted,odds_ratio,0.9172587976359514,0.7152264682334132,1.1763598513330933,0.12686375128293717,2120,0.49601409972336064,age+sex+eth+marital+PIR_level+edu+smoke+alcohol.user+PA_level+BMI_level,,X24_DCP_ln_U,PCCP_urine.rds,angina,Angina,natural_log_transformed,2143,45,2098,30,4,2013-2014|2015-2016,WTSB2YR,ok,,0.8304056276267499
same_sample_unweighted,odds_ratio,1.3988295068623768,0.5152541079898085,3.797590274248804,0.5089740595791057,1042,0.5096158279841392,age+sex+eth+marital+PIR_level+edu+smoke+alcohol.user+PA_level+BMI_level,,X26_DMA_binary_U,AA_urine.rds,angina,Angina,binary_above_detection_threshold,1065,24,1041,15,2,2013-2014,WTSA2YR,ok,,0.8345077067118674
same_sample_unweighted,odds_ratio,1.0925922584747507,0.8396053282311002,1.4218083224816984,0.13430195032625458,2133,0.5096657806092613,age+sex+eth+marital+PIR_level+edu+smoke+alcohol.user+PA_level+BMI_level,,X1_NP_ln_U,PAH_urine.rds,angina,Angina,natural_log_transformed,2156,42,2114,30,4,2013-2014|2015-2016,WTSA2YR,ok,,0.8345077067118674
same_sample_unweighted,odds_ratio,0.8954127376207919,0.6351383836516353,1.262345327145773,0.17513247801574805,2205,0.5281827274002067,age+sex+eth+marital+PIR_level+edu+smoke+alcohol.user+PA_level+BMI_level,,W_ln_U,HM_urine.rds,angina,Angina,natural_log_transformed,2228,46,2182,30,4,2013-2014|2015-2016,WTSA2YR,ok,,0.8554263737242478
same_sample_unweighted,odds_ratio,1.1196721768431726,0.7635182638460366,1.6419591291525806,0.195220251902844,2019,0.5625773616084015,age+sex+eth+marital+PIR_level+edu+smoke+alcohol.user+PA_level+BMI_level,,HIBP_ln_U,Phthalates_urine.rds,angina,Angina,natural_log_transformed,2042,43,1999,30,4,2013-2014|2015-2016,WTSB2YR|WTSSBH2Y,ok,,0.8671019509733005
same_sample_unweighted,odds_ratio,0.7958960964043785,0.36611977540263685,1.7301731259260618,0.3960278718117589,3054,0.5643172555052638,age+sex+eth+marital+PIR_level+edu+smoke+alcohol.user+PA_level+BMI_level,,Benzene_binary_S,VOC_serum.rds,angina,Angina,binary_above_detection_threshold,3077,61,3016,30,4,2013-2014|2015-2016,WTSVOC2Y,ok,,0.8671019509733005
same_sample_unweighted,odds_ratio,0.8231614614035683,0.42212280936334606,1.6052077180146225,0.34055697467693785,2146,0.5677113041723669,age+sex+eth+marital+PIR_level+edu+smoke+alcohol.user+PA_level+BMI_level,,PHE_Cys_binary_U,VOC_urine.rds,angina,Angina,binary_above_detection_threshold,2169,45,2124,30,4,2013-2014|2015-2016,WTSA2YR,ok,,0.8671019509733005
same_sample_unweighted,odds_ratio,0.9121323495787851,0.6651193806082499,1.25088134161309,0.16104642789246748,2205,0.5679463190297795,age+sex+eth+marital+PIR_level+edu+smoke+alcohol.user+PA_level+BMI_level,,Total_As_ln_U,HM_urine.rds,angina,Angina,natural_log_transformed,2228,46,2182,30,4,2013-2014|2015-2016,WTSA2YR,ok,,0.8671019509733005
same_sample_unweighted,odds_ratio,0.7691681602468462,0.3089097762460925,1.9151859352816507,0.4648908481968038,1012,0.5723922761728353,age+sex+eth+marital+PIR_level+edu+smoke+alcohol.user+PA_level+BMI_level,,DMDTP_binary_U,pesticides_urine.rds,angina,Angina,binary_above_detection_threshold,1035,22,1013,15,2,2015-2016,WTSB2YR,ok,,0.8671019509733005
same_sample_unweighted,odds_ratio,0.8897541237088487,0.5927121667805929,1.3356607895480481,0.2071529699966587,2196,0.5728334917283298,age+sex+eth+marital+PIR_level+edu+smoke+alcohol.user+PA_level+BMI_level,,Perchlorate_ln_U,PERNT_urine.rds,angina,Angina,natural_log_transformed,2219,45,2174,30,4,2013-2014|2015-2016,WTSA2YR,ok,,0.8671019509733005
same_sample_unweighted,odds_ratio,0.8538188761140277,0.4779981530090939,1.5251244562753614,0.29565330128495804,1093,0.5929734081364446,age+sex+eth+marital+PIR_level+edu+smoke+alcohol.user+PA_level+BMI_level,,X2_AN_ln_U,AA_urine.rds,angina,Angina,natural_log_transformed,1116,21,1095,15,2,2013-2014,WTSA2YR,ok,,0.8671019509733005
same_sample_unweighted,odds_ratio,1.103638132351172,0.7633917843640253,1.5955334497008,0.18794990758036842,2019,0.5998109975085966,age+sex+eth+marital+PIR_level+edu+smoke+alcohol.user+PA_level+BMI_level,,MHBP_ln_U,Phthalates_urine.rds,angina,Angina,natural_log_transformed,2042,43,1999,30,4,2013-2014|2015-2016,WTSB2YR|WTSSBH2Y,ok,,0.8671019509733005
same_sample_unweighted,odds_ratio,0.921953975194731,0.6762123838643701,1.2570002452777522,0.15807332323914472,2206,0.6072064926700635,age+sex+eth+marital+PIR_level+edu+smoke+alcohol.user+PA_level+BMI_level,,Ba_ln_U,HM_urine.rds,angina,Angina,natural_log_transformed,2229,46,2183,30,4,2013-2014|2015-2016,WTSA2YR,ok,,0.8671019509733005
same_sample_unweighted,odds_ratio,1.0652798376630406,0.8367928130854656,1.35615544826087,0.12310498270128,2165,0.6074703097373215,age+sex+eth+marital+PIR_level+edu+smoke+alcohol.user+PA_level+BMI_level,,NPMA_ln_U,VOC_urine.rds,angina,Angina,natural_log_transformed,2188,45,2143,30,4,2013-2014|2015-2016,WTSA2YR,ok,,0.8671019509733005
same_sample_unweighted,odds_ratio,0.6694808916580968,0.143861196291584,3.115535501226335,0.7834476542238444,876,0.6085371550776826,age+sex+eth+marital+PIR_level+edu+smoke+alcohol.user+PA_level+BMI_level,,IPPPP_binary_U,BFR_urine.rds,angina,Angina,binary_above_detection_threshold,899,21,878,15,2,2015-2016,WTSSBI2Y,ok,,0.8671019509733005
same_sample_unweighted,odds_ratio,0.8485722122059968,0.4521219517085757,1.5926561331671811,0.32104229184550404,2049,0.6090294231742285,age+sex+eth+marital+PIR_level+edu+smoke+alcohol.user+PA_level+BMI_level,,MeFOSAA_binary_S,PFC_serum.rds,angina,Angina,binary_above_detection_threshold,2072,45,2027,30,4,2013-2014|2015-2016,WTSB2YR,ok,,0.8671019509733005
same_sample_unweighted,odds_ratio,1.0545234486584836,0.8546568986038642,1.3011299687478513,0.10715715295401701,2120,0.6202960353610545,age+sex+eth+marital+PIR_level+edu+smoke+alcohol.user+PA_level+BMI_level,,MEP_ln_U,Phthalates_urine.rds,angina,Angina,natural_log_transformed,2143,45,2098,30,4,2013-2014|2015-2016,WTSB2YR,ok,,0.8671019509733005
same_sample_unweighted,odds_ratio,1.1882581618642176,0.591369417018889,2.387606491987105,0.35580422155663305,1922,0.6278289523008687,age+sex+eth+marital+PIR_level+edu+smoke+alcohol.user+PA_level+BMI_level,,DBUP_binary_U,BFR_urine.rds,angina,Angina,binary_above_detection_threshold,1945,40,1905,30,4,2013-2014|2015-2016,WTSSBI2Y|WTSSCH2Y,ok,,0.8671019509733005
same_sample_unweighted,odds_ratio,1.078847697318563,0.7900512952067553,1.4732111206842229,0.15885690469840688,1913,0.6328297726485597,age+sex+eth+marital+PIR_level+edu+smoke+alcohol.user+PA_level+BMI_level,,BDCPP_ln_U,BFR_urine.rds,angina,Angina,natural_log_transformed,1936,38,1898,30,4,2013-2014|2015-2016,WTSSBI2Y|WTSSCH2Y,ok,,0.8671019509733005
same_sample_unweighted,odds_ratio,0.6050919663254677,0.07086496838954856,5.166675383229553,1.0929126237608364,1024,0.6457559461418909,age+sex+eth+marital+PIR_level+edu+smoke+alcohol.user+PA_level+BMI_level,,DPCP_binary_U,BFR_urine.rds,angina,Angina,binary_above_detection_threshold,1047,19,1028,15,2,2013-2014,WTSSCH2Y,ok,,0.8671019509733005
same_sample_unweighted,odds_ratio,1.1142107528322251,0.7009668660714103,1.7710760120300473,0.23631951921696226,2131,0.6472200874880645,age+sex+eth+marital+PIR_level+edu+smoke+alcohol.user+PA_level+BMI_level,,CEMA_AAM_ln_U,VOC_urine.rds,angina,Angina,natural_log_transformed,2154,44,2110,30,4,2013-2014|2015-2016,WTSA2YR,ok,,0.8671019509733005
same_sample_unweighted,odds_ratio,1.1232725731557438,0.680250620572556,1.854818261748793,0.25561511310256485,1116,0.6492739267701988,age+sex+eth+marital+PIR_level+edu+smoke+alcohol.user+PA_level+BMI_level,,Norharman_ln_U,AA_urine.rds,angina,Angina,natural_log_transformed,1139,26,1113,15,2,2013-2014,WTSA2YR,ok,,0.8671019509733005
same_sample_unweighted,odds_ratio,1.6699939572382236,0.18204423696593677,15.31979184671484,1.1300939965174575,1941,0.6499833874021379,age+sex+eth+marital+PIR_level+edu+smoke+alcohol.user+PA_level+BMI_level,,FA_ln_S,gas_serum.rds,angina,Angina,natural_log_transformed,1964,43,1921,30,4,2013-2014|2015-2016,WTSA2YR,ok,,0.8671019509733005
same_sample_unweighted,odds_ratio,1.1113100276850498,0.7023179111248119,1.758477119934746,0.23386243441888327,1016,0.6517813322752326,age+sex+eth+marital+PIR_level+edu+smoke+alcohol.user+PA_level+BMI_level,,DEP_ln_U,pesticides_urine.rds,angina,Angina,natural_log_transformed,1039,22,1017,15,2,2015-2016,WTSB2YR,ok,,0.8671019509733005
same_sample_unweighted,odds_ratio,0.9672617962298242,0.8327029773985672,1.123564353484868,0.07638235292439684,2120,0.6629945692631947,age+sex+eth+marital+PIR_level+edu+smoke+alcohol.user+PA_level+BMI_level,,PrP_ln_U,PCCP_urine.rds,angina,Angina,natural_log_transformed,2143,45,2098,30,4,2013-2014|2015-2016,WTSB2YR,ok,,0.872740119789093
same_sample_unweighted,odds_ratio,0.870466952915938,0.4603887521675232,1.6458106601245688,0.32479945744707733,2122,0.6692983405920738,age+sex+eth+marital+PIR_level+edu+smoke+alcohol.user+PA_level+BMI_level,,EtP_binary_U,PCCP_urine.rds,angina,Angina,binary_above_detection_threshold,2145,45,2100,30,4,2013-2014|2015-2016,WTSB2YR,ok,,0.872740119789093
same_sample_unweighted,odds_ratio,1.114201285683234,0.6694041930597117,1.8545514322875374,0.25981369843817465,2206,0.6772542220658435,age+sex+eth+marital+PIR_level+edu+smoke+alcohol.user+PA_level+BMI_level,,Co_ln_U,HM_urine.rds,angina,Angina,natural_log_transformed,2229,46,2183,30,4,2013-2014|2015-2016,WTSA2YR,ok,,0.872740119789093
same_sample_unweighted,odds_ratio,0.8205858245778418,0.32085535659063574,2.098643770991196,0.4785317626069418,1012,0.6794486838626496,age+sex+eth+marital+PIR_level+edu+smoke+alcohol.user+PA_level+BMI_level,,DETP_binary_U,pesticides_urine.rds,angina,Angina,binary_above_detection_threshold,1035,22,1013,15,2,2015-2016,WTSB2YR,ok,,0.872740119789093
same_sample_unweighted,odds_ratio,0.9140044400513634,0.5848817177272773,1.428330021461099,0.22749895376026077,1008,0.6926555145157863,age+sex+eth+marital+PIR_level+edu+smoke+alcohol.user+PA_level+BMI_level,,DMP_ln_U,pesticides_urine.rds,angina,Angina,natural_log_transformed,1031,22,1009,15,2,2015-2016,WTSB2YR,ok,,0.8813362538494021
same_sample_unweighted,odds_ratio,1.4787156132591763,0.1940157712774779,11.270217109150503,1.035849978113871,3230,0.705701275857401,age+sex+eth+marital+PIR_level+edu+smoke+alcohol.user+PA_level+BMI_level,,Se_ln_S,HM_serum.rds,angina,Angina,natural_log_transformed,3253,63,3190,30,4,2013-2014|2015-2016,WTSH2YR,ok,,0.8813362538494021
same_sample_unweighted,odds_ratio,0.8761890707002247,0.43579093299269234,1.7616412584412275,0.3561474937086619,2207,0.710548323909888,age+sex+eth+marital+PIR_level+edu+smoke+alcohol.user+PA_level+BMI_level,,Mn_binary_U,HM_urine.rds,angina,Angina,binary_above_detection_threshold,2230,46,2184,30,4,2013-2014|2015-2016,WTSA2YR,ok,,0.8813362538494021
same_sample_unweighted,odds_ratio,1.056388854192076,0.788120807256747,1.4159725272900965,0.14938692135141451,2120,0.7134624842757276,age+sex+eth+marital+PIR_level+edu+smoke+alcohol.user+PA_level+BMI_level,,MCPP_ln_U,Phthalates_urine.rds,angina,Angina,natural_log_transformed,2143,45,2098,30,4,2013-2014|2015-2016,WTSB2YR,ok,,0.8813362538494021
same_sample_unweighted,odds_ratio,0.8801547328950631,0.4426149702752664,1.7502172449246438,0.35052445112030345,2177,0.7157160182266957,age+sex+eth+marital+PIR_level+edu+smoke+alcohol.user+PA_level+BMI_level,,HEMA_binary_U,VOC_urine.rds,angina,Angina,binary_above_detection_threshold,2200,45,2155,30,4,2013-2014|2015-2016,WTSA2YR,ok,,0.8813362538494021
same_sample_unweighted,odds_ratio,1.1212437757049223,0.5926219887443391,2.121398848565825,0.32520511563598625,3127,0.724915789140018,age+sex+eth+marital+PIR_level+edu+smoke+alcohol.user+PA_level+BMI_level,,o_Xylene_binary_S,VOC_serum.rds,angina,Angina,binary_above_detection_threshold,3150,62,3088,30,4,2013-2014|2015-2016,WTSVOC2Y,ok,,0.8853479719824809
same_sample_unweighted,odds_ratio,1.1429482293169069,0.5256886726353441,2.484989163547792,0.3960437420027009,2208,0.7358421594363711,age+sex+eth+marital+PIR_level+edu+smoke+alcohol.user+PA_level+BMI_level,,AsC_binary_U,HM_urine.rds,angina,Angina,binary_above_detection_threshold,2231,46,2185,30,4,2013-2014|2015-2016,WTSA2YR,ok,,0.8913860305367423
same_sample_unweighted,odds_ratio,1.0541321881217303,0.7589616302471806,1.4640986128276474,0.16752370665398017,2191,0.7529978413643015,age+sex+eth+marital+PIR_level+edu+smoke+alcohol.user+PA_level+BMI_level,,X34_MHA_ln_U,VOC_urine.rds,angina,Angina,natural_log_transformed,2214,45,2169,30,4,2013-2014|2015-2016,WTSA2YR,ok,,0.8941936344136725
same_sample_unweighted,odds_ratio,0.8780284604622216,0.38986661186420024,1.9774301105071126,0.4140692928362347,3135,0.7534137143438706,age+sex+eth+marital+PIR_level+edu+smoke+alcohol.user+PA_level+BMI_level,,DBCM_binary_S,VOC_serum.rds,angina,Angina,binary_above_detection_threshold,3158,62,3096,30,4,2013-2014|2015-2016,WTSVOC2Y,ok,,0.8941936344136725
same_sample_unweighted,odds_ratio,0.8706486707992264,0.3630741663328044,2.087807886804119,0.44607653493293775,3137,0.7561637445377365,age+sex+eth+marital+PIR_level+edu+smoke+alcohol.user+PA_level+BMI_level,,Furan_binary_S,VOC_serum.rds,angina,Angina,binary_above_detection_threshold,3160,62,3098,30,4,2013-2014|2015-2016,WTSVOC2Y,ok,,0.8941936344136725
same_sample_unweighted,odds_ratio,1.2180259828951263,0.3234063232405523,4.58737875048947,0.6756487314850097,877,0.7703521779447899,age+sex+eth+marital+PIR_level+edu+smoke+alcohol.user+PA_level+BMI_level,,TBPPP_binary_U,BFR_urine.rds,angina,Angina,binary_above_detection_threshold,900,21,879,15,2,2015-2016,WTSSBI2Y,ok,,0.8998025711424322
same_sample_unweighted,odds_ratio,0.9248952494736058,0.5440322088079869,1.5723907677693458,0.2706486022658825,3051,0.7729847591022236,age+sex+eth+marital+PIR_level+edu+smoke+alcohol.user+PA_level+BMI_level,,Chloroform_binary_S,VOC_serum.rds,angina,Angina,binary_above_detection_threshold,3074,61,3013,30,4,2013-2014|2015-2016,WTSVOC2Y,ok,,0.8998025711424322
same_sample_unweighted,odds_ratio,0.8597773421557475,0.2837535533162056,2.6051376958816173,0.5648173063430766,868,0.789093484886976,age+sex+eth+marital+PIR_level+edu+smoke+alcohol.user+PA_level+BMI_level,,NDMA_binary_U,pesticides_urine.rds,angina,Angina,binary_above_detection_threshold,891,21,870,15,2,2015-2016,WTSSBI2Y,ok,,0.9053694141845813
same_sample_unweighted,odds_ratio,1.0189751252320944,0.8823982148409814,1.1766913037430364,0.07338247918832934,2120,0.7978305859258208,age+sex+eth+marital+PIR_level+edu+smoke+alcohol.user+PA_level+BMI_level,,BP3_ln_U,PCCP_urine.rds,angina,Angina,natural_log_transformed,2143,45,2098,30,4,2013-2014|2015-2016,WTSB2YR,ok,,0.9053694141845813
same_sample_unweighted,odds_ratio,0.923226104158087,0.4793262435455135,1.7782177606096088,0.33424364709421145,2049,0.8111128296305288,age+sex+eth+marital+PIR_level+edu+smoke+alcohol.user+PA_level+BMI_level,,PFUnDA_binary_S,PFC_serum.rds,angina,Angina,binary_above_detection_threshold,2072,45,2027,30,4,2013-2014|2015-2016,WTSB2YR,ok,,0.9053694141845813
same_sample_unweighted,odds_ratio,0.9295292088545436,0.4996017679462823,1.7294265263822175,0.31659388637677977,2121,0.8174525640024656,age+sex+eth+marital+PIR_level+edu+smoke+alcohol.user+PA_level+BMI_level,,BPF_binary_U,PCCP_urine.rds,angina,Angina,binary_above_detection_threshold,2144,45,2099,30,4,2013-2014|2015-2016,WTSB2YR,ok,,0.9053694141845813
same_sample_unweighted,odds_ratio,1.0654774505269988,0.62024436788906,1.8303143992184838,0.27595090435628505,3105,0.8182204569952097,age+sex+eth+marital+PIR_level+edu+smoke+alcohol.user+PA_level+BMI_level,,X14_DCB_binary_S,VOC_serum.rds,angina,Angina,binary_above_detection_threshold,3128,61,3067,30,4,2013-2014|2015-2016,WTSVOC2Y,ok,,0.9053694141845813
same_sample_unweighted,odds_ratio,0.9281011661419966,0.4901489694239595,1.7573673073442317,0.3256140679637668,3226,0.818752158019619,age+sex+eth+marital+PIR_level+edu+smoke+alcohol.user+PA_level+BMI_level,,IHg_binary_S,HM_serum.rds,angina,Angina,binary_above_detection_threshold,3249,64,3185,30,4,2013-2014|2015-2016,WTSH2YR,ok,,0.9053694141845813
same_sample_unweighted,odds_ratio,1.0400148143689085,0.7410625842937618,1.4595674333465334,0.17272125930280402,1086,0.8203011470799898,age+sex+eth+marital+PIR_level+edu+smoke+alcohol.user+PA_level+BMI_level,,X1_AN_ln_U,AA_urine.rds,angina,Angina,natural_log_transformed,1109,23,1086,15,2,2013-2014,WTSA2YR,ok,,0.9053694141845813
same_sample_unweighted,odds_ratio,0.9529612534548454,0.6169888627668463,1.4718825661029882,0.22167737728289777,2160,0.8279375074906299,age+sex+eth+marital+PIR_level+edu+smoke+alcohol.user+PA_level+BMI_level,,TCPY_ln_U,pesticides_urine.rds,angina,Angina,natural_log_transformed,2183,41,2142,30,4,2013-2014|2015-2016,WTSB2YR|WTSC2YR,ok,,0.9070785927654696
same_sample_unweighted,odds_ratio,0.9445916443548761,0.48161096903338874,1.8526433822216188,0.34349484777205314,2154,0.8681972213599305,age+sex+eth+marital+PIR_level+edu+smoke+alcohol.user+PA_level+BMI_level,,DCVDMPCA_binary_U,pesticides_urine.rds,angina,Angina,binary_above_detection_threshold,2177,42,2135,30,4,2013-2014|2015-2016,WTSB2YR|WTSC2YR,ok,,0.9307084755436953
same_sample_unweighted,odds_ratio,1.0514662620050177,0.5615004890996539,1.968976557629656,0.3198886727647355,2121,0.875335738865272,age+sex+eth+marital+PIR_level+edu+smoke+alcohol.user+PA_level+BMI_level,,MEHP_binary_U,Phthalates_urine.rds,angina,Angina,binary_above_detection_threshold,2144,45,2099,30,4,2013-2014|2015-2016,WTSB2YR,ok,,0.9307084755436953
same_sample_unweighted,odds_ratio,0.9713845754951027,0.6712018625575675,1.4058184968592387,0.188494013922106,2120,0.8775898674672733,age+sex+eth+marital+PIR_level+edu+smoke+alcohol.user+PA_level+BMI_level,,MnBP_ln_U,Phthalates_urine.rds,angina,Angina,natural_log_transformed,2143,45,2098,30,4,2013-2014|2015-2016,WTSB2YR,ok,,0.9307084755436953
same_sample_unweighted,odds_ratio,1.024903493670736,0.745639308205324,1.4087604553289295,0.16211154641697373,1016,0.8793937119386185,age+sex+eth+marital+PIR_level+edu+smoke+alcohol.user+PA_level+BMI_level,,DMTP_ln_U,pesticides_urine.rds,angina,Angina,natural_log_transformed,1039,22,1017,15,2,2015-2016,WTSB2YR,ok,,0.9307084755436953
same_sample_unweighted,odds_ratio,0.9099539017673919,0.26199847559119926,3.160385194888187,0.6349985352233505,3133,0.8818685822848848,age+sex+eth+marital+PIR_level+edu+smoke+alcohol.user+PA_level+BMI_level,,X25_DMF_binary_S,VOC_serum.rds,angina,Angina,binary_above_detection_threshold,3156,62,3094,30,4,2013-2014|2015-2016,WTSVOC2Y,ok,,0.9307084755436953
same_sample_unweighted,odds_ratio,1.033715517531583,0.654014531733448,1.6338593706066107,0.2333184968861419,1132,0.8869839162899646,age+sex+eth+marital+PIR_level+edu+smoke+alcohol.user+PA_level+BMI_level,,Harman_ln_U,AA_urine.rds,angina,Angina,natural_log_transformed,1155,26,1129,15,2,2013-2014,WTSA2YR,ok,,0.9307084755436953
same_sample_unweighted,odds_ratio,0.9554725657212797,0.4484005706004249,2.035964902148901,0.3857712259751637,2173,0.9060096899088348,age+sex+eth+marital+PIR_level+edu+smoke+alcohol.user+PA_level+BMI_level,,OXY_binary_U,pesticides_urine.rds,angina,Angina,binary_above_detection_threshold,2196,42,2154,30,4,2013-2014|2015-2016,WTSB2YR|WTSC2YR,ok,,0.9440240824924222
same_sample_unweighted,odds_ratio,1.0702475278221841,0.28933151044193756,3.958883597088743,0.6666817774503921,1131,0.9188895284159228,age+sex+eth+marital+PIR_level+edu+smoke+alcohol.user+PA_level+BMI_level,,MeA_a_C_binary_U,AA_urine.rds,angina,Angina,binary_above_detection_threshold,1154,26,1128,15,2,2013-2014,WTSA2YR,ok,,0.9507954148192534
same_sample_unweighted,odds_ratio,0.9621347226668546,0.36232051946600236,2.5549290609473383,0.4980110731910921,2183,0.9382179074613383,age+sex+eth+marital+PIR_level+edu+smoke+alcohol.user+PA_level+BMI_level,,X4FPBA_binary_U,pesticides_urine.rds,angina,Angina,binary_above_detection_threshold,2206,42,2164,30,4,2013-2014|2015-2016,WTSB2YR|WTSC2YR,ok,,0.9619370230291584
same_sample_unweighted,odds_ratio,1.0222231261862937,0.5397452778096548,1.935987516093815,0.32566295820957436,2208,0.9461896720869981,age+sex+eth+marital+PIR_level+edu+smoke+alcohol.user+PA_level+BMI_level,,MMA_binary_U,HM_urine.rds,angina,Angina,binary_above_detection_threshold,2231,46,2185,30,4,2013-2014|2015-2016,WTSA2YR,ok,,0.9619370230291584
same_sample_unweighted,odds_ratio,0.9868906678884264,0.6583745899053824,1.4793298606880236,0.2064101053442916,2141,0.9490251166797737,age+sex+eth+marital+PIR_level+edu+smoke+alcohol.user+PA_level+BMI_level,,PNP_ln_U,pesticides_urine.rds,angina,Angina,natural_log_transformed,2164,41,2123,30,4,2013-2014|2015-2016,WTSB2YR|WTSC2YR,ok,,0.9619370230291584
same_sample_unweighted,odds_ratio,1.0094188402504414,0.6420118596229988,1.587083446793146,0.2307567803863394,2206,0.9675939367542885,age+sex+eth+marital+PIR_level+edu+smoke+alcohol.user+PA_level+BMI_level,,Sb_ln_U,HM_urine.rds,angina,Angina,natural_log_transformed,2229,46,2183,30,4,2013-2014|2015-2016,WTSA2YR,ok,,0.97413173362425
same_sample_unweighted,odds_ratio,0.9952380420878133,0.6962247436993392,1.4226710115986994,0.18220286331915145,2180,0.9790994918979675,age+sex+eth+marital+PIR_level+edu+smoke+alcohol.user+PA_level+BMI_level,,X24D_ln_U,pesticides_urine.rds,angina,Angina,natural_log_transformed,2203,42,2161,30,4,2013-2014|2015-2016,WTSB2YR|WTSC2YR,ok,,0.9790994918979675
survey_weighted,odds_ratio,5.30545802142138,2.0522182688293835,13.71583385870571,0.46507742520688955,30,0.0011678333925058742,age+sex+eth+marital+PIR_level+edu+smoke+alcohol.user+PA_level+BMI_level,,Mn_ln_S,HM_serum.rds,angina,Angina,natural_log_transformed,3253,63,3190,30,4,2013-2014|2015-2016,WTSH2YR,ok,,0.10229450199162843
survey_weighted,odds_ratio,1.8211351171041974,1.2430661256425046,2.6680262991125265,0.18698728794684022,30,0.0031898262147060197,age+sex+eth+marital+PIR_level+edu+smoke+alcohol.user+PA_level+BMI_level,,X3_HPMA_ln_U,VOC_urine.rds,angina,Angina,natural_log_transformed,2144,44,2100,30,4,2013-2014|2015-2016,WTSA2YR,ok,,0.10229450199162843
survey_weighted,odds_ratio,1.889652543744904,1.2461442831435998,2.8654681358997225,0.20386053823096192,30,0.003959093934943853,age+sex+eth+marital+PIR_level+edu+smoke+alcohol.user+PA_level+BMI_level,,EO_ln_S,gas_serum.rds,angina,Angina,natural_log_transformed,2134,45,2089,30,4,2013-2014|2015-2016,WTSA2YR,ok,,0.10229450199162843
survey_weighted,odds_ratio,2.5383592691028776,1.3777382160179907,4.676699611093866,0.299213130303334,30,0.004045751596030263,age+sex+eth+marital+PIR_level+edu+smoke+alcohol.user+PA_level+BMI_level,,Cd_ln_S,HM_serum.rds,angina,Angina,natural_log_transformed,3254,64,3190,30,4,2013-2014|2015-2016,WTSH2YR,ok,,0.10229450199162843
survey_weighted,odds_ratio,0.6824958750638267,0.5311755317053702,0.8769240894505406,0.12273776087281563,30,0.00405514066205221,age+sex+eth+marital+PIR_level+edu+smoke+alcohol.user+PA_level+BMI_level,,ATCA_ln_U,VOC_urine.rds,angina,Angina,natural_log_transformed,2163,44,2119,30,4,2013-2014|2015-2016,WTSA2YR,ok,,0.10229450199162843
survey_weighted,odds_ratio,1.4434488605058584,1.1322736704048113,1.840142244189738,0.11889088669073794,30,0.004323492510958596,age+sex+eth+marital+PIR_level+edu+smoke+alcohol.user+PA_level+BMI_level,,CEMA_CYM_ln_U,VOC_urine.rds,angina,Angina,natural_log_transformed,2187,45,2142,30,4,2013-2014|2015-2016,WTSA2YR,ok,,0.10229450199162843
survey_weighted,odds_ratio,0.5484610719602397,0.36662222558778435,0.8204891205750133,0.1972236095678796,30,0.004805781972761067,age+sex+eth+marital+PIR_level+edu+smoke+alcohol.user+PA_level+BMI_level,,Mo_ln_U,HM_urine.rds,angina,Angina,natural_log_transformed,2228,46,2182,30,4,2013-2014|2015-2016,WTSA2YR,ok,,0.10229450199162843
survey_weighted,odds_ratio,1.6094994972315553,1.1267562802548778,2.2990673999195703,0.17459977092154808,30,0.010603656372955808,age+sex+eth+marital+PIR_level+edu+smoke+alcohol.user+PA_level+BMI_level,,MB3_Cys_ln_U,VOC_urine.rds,angina,Angina,natural_log_transformed,2158,44,2114,30,4,2013-2014|2015-2016,WTSA2YR,ok,,0.1607691367414915
survey_weighted,odds_ratio,1.5772852775161985,1.1159926273176888,2.229252045014759,0.16939998961988062,30,0.01155604034082011,age+sex+eth+marital+PIR_level+edu+smoke+alcohol.user+PA_level+BMI_level,,PMM_Cys_ln_U,VOC_urine.rds,angina,Angina,natural_log_transformed,2188,45,2143,30,4,2013-2014|2015-2016,WTSA2YR,ok,,0.1607691367414915
survey_weighted,odds_ratio,0.5216847639454544,0.31606892797480995,0.8610621571586898,0.24536549328871493,30,0.012663132073374956,age+sex+eth+marital+PIR_level+edu+smoke+alcohol.user+PA_level+BMI_level,,PFDA_ln_S,PFC_serum.rds,angina,Angina,natural_log_transformed,2072,45,2027,30,4,2013-2014|2015-2016,WTSB2YR,ok,,0.1607691367414915
survey_weighted,odds_ratio,0.15362303977471034,0.037399794550914016,0.6310205345511845,0.6628524704359398,15,0.012770123720256581,age+sex+eth+marital+PIR_level+edu+smoke+alcohol.user+PA_level+BMI_level,,PFHxA_binary_U,PFC_urine.rds,angina,Angina,binary_above_detection_threshold,1011,21,990,15,2,2013-2014,WTSSBH2Y,ok,,0.1607691367414915
survey_weighted,odds_ratio,0.38276981740023786,0.1837574342518425,0.797315949197535,0.34428082770906865,15,0.013751839918733728,age+sex+eth+marital+PIR_level+edu+smoke+alcohol.user+PA_level+BMI_level,,n_PFOA_ln_S,PFC_serum.rds,angina,Angina,natural_log_transformed,997,22,975,15,2,2015-2016,WTSB2YR,ok,,0.1607691367414915
survey_weighted,odds_ratio,0.27513948323173887,0.10019298719882523,0.7555592197566092,0.49463526746753206,30,0.014026837433821404,age+sex+eth+marital+PIR_level+edu+smoke+alcohol.user+PA_level+BMI_level,,MHNCH_binary_U,Phthalates_urine.rds,angina,Angina,binary_above_detection_threshold,2144,45,2099,30,4,2013-2014|2015-2016,WTSB2YR,ok,,0.1607691367414915
survey_weighted,odds_ratio,1.716718647701344,1.1143137755595194,2.64478729421228,0.21161522152073983,30,0.015977381518910424,age+sex+eth+marital+PIR_level+edu+smoke+alcohol.user+PA_level+BMI_level,,X23_OH_PH_ln_U,PAH_urine.rds,angina,Angina,natural_log_transformed,2224,46,2178,30,4,2013-2014|2015-2016,WTSA2YR,ok,,0.1679696915728611
survey_weighted,odds_ratio,2.058034256374546,1.147137288573751,3.6922389696504267,0.28619186257026136,30,0.017214084588593248,age+sex+eth+marital+PIR_level+edu+smoke+alcohol.user+PA_level+BMI_level,,Cd_ln_U,HM_urine.rds,angina,Angina,natural_log_transformed,2229,46,2183,30,4,2013-2014|2015-2016,WTSA2YR,ok,,0.1679696915728611
survey_weighted,odds_ratio,1.6711136873840733,1.0989213936878086,2.5412381378715314,0.20524251501659177,30,0.018037013860173003,age+sex+eth+marital+PIR_level+edu+smoke+alcohol.user+PA_level+BMI_level,,X1_PH_ln_U,PAH_urine.rds,angina,Angina,natural_log_transformed,2224,46,2178,30,4,2013-2014|2015-2016,WTSA2YR,ok,,0.1679696915728611
survey_weighted,odds_ratio,1.683355573990655,1.0823696977317814,2.6180389144519585,0.21624752534953218,30,0.02237844985055323,age+sex+eth+marital+PIR_level+edu+smoke+alcohol.user+PA_level+BMI_level,,X2_HPMA_ln_U,VOC_urine.rds,angina,Angina,natural_log_transformed,2196,45,2151,30,4,2013-2014|2015-2016,WTSA2YR,ok,,0.1961405310430842
survey_weighted,odds_ratio,1.6820834827879647,1.0771683044216647,2.6267063665479893,0.2182360803586765,30,0.023712079167465722,age+sex+eth+marital+PIR_level+edu+smoke+alcohol.user+PA_level+BMI_level,,X2_FL_ln_U,PAH_urine.rds,angina,Angina,natural_log_transformed,2223,46,2177,30,4,2013-2014|2015-2016,WTSA2YR,ok,,0.19628332199735515
survey_weighted,odds_ratio,1.5650365459023932,1.0570443867953145,2.317158504039606,0.1921548103597591,30,0.02666435217677812,age+sex+eth+marital+PIR_level+edu+smoke+alcohol.user+PA_level+BMI_level,,CEMA_CEM_ln_U,VOC_urine.rds,angina,Angina,natural_log_transformed,2205,45,2160,30,4,2013-2014|2015-2016,WTSA2YR,ok,,0.1963642989804062
survey_weighted,odds_ratio,1.6115952574066243,1.0551645811198809,2.461454184653344,0.20738064327101835,30,0.02850481081273151,age+sex+eth+marital+PIR_level+edu+smoke+alcohol.user+PA_level+BMI_level,,X3_FL_ln_U,PAH_urine.rds,angina,Angina,natural_log_transformed,2222,46,2176,30,4,2013-2014|2015-2016,WTSA2YR,ok,,0.1963642989804062
survey_weighted,odds_ratio,6.798803616946699,1.230272983802926,37.571930157260105,0.8020413050682295,15,0.03042306233943208,age+sex+eth+marital+PIR_level+edu+smoke+alcohol.user+PA_level+BMI_level,,IPM1_Cys_ln_U,VOC_urine.rds,angina,Angina,natural_log_transformed,1047,19,1028,15,2,2015-2016,WTSA2YR,ok,,0.1963642989804062
survey_weighted,odds_ratio,2.038507293648308,1.0791683451202407,3.8506614885876242,0.2984012119190291,15,0.03060510290166167,age+sex+eth+marital+PIR_level+edu+smoke+alcohol.user+PA_level+BMI_level,,TTCA_binary_U,VOC_urine.rds,angina,Angina,binary_above_detection_threshold,1171,26,1145,15,2,2013-2014,WTSA2YR,ok,,0.1963642989804062
survey_weighted,odds_ratio,2.435073575330953,1.089121779571669,5.444371261776679,0.39397549757247846,30,0.031312264877513867,age+sex+eth+marital+PIR_level+edu+smoke+alcohol.user+PA_level+BMI_level,,DHB_Cys_ln_U,VOC_urine.rds,angina,Angina,natural_log_transformed,2096,42,2054,30,4,2013-2014|2015-2016,WTSA2YR,ok,,0.1963642989804062
survey_weighted,odds_ratio,2.046894069269028,1.0643014131432402,3.9366435852367263,0.320233923849174,30,0.032877734674465864,age+sex+eth+marital+PIR_level+edu+smoke+alcohol.user+PA_level+BMI_level,,MA_ln_U,VOC_urine.rds,angina,Angina,natural_log_transformed,2179,45,2134,30,4,2013-2014|2015-2016,WTSA2YR,ok,,0.1963642989804062
survey_weighted,odds_ratio,1.7389206506717192,1.049083505917755,2.8823682883921116,0.24744380798952384,30,0.0329470300302695,age+sex+eth+marital+PIR_level+edu+smoke+alcohol.user+PA_level+BMI_level,,CMAC_ln_U,VOC_urine.rds,angina,Angina,natural_log_transformed,2194,45,2149,30,4,2013-2014|2015-2016,WTSA2YR,ok,,0.1963642989804062
survey_weighted,odds_ratio,2.248043115696645,1.0595014469927058,4.769882914625102,0.35293429700835716,15,0.0365607649174368,age+sex+eth+marital+PIR_level+edu+smoke+alcohol.user+PA_level+BMI_level,,IPM3_Cys_ln_U,VOC_urine.rds,angina,Angina,natural_log_transformed,1047,19,1028,15,2,2015-2016,WTSA2YR,ok,,0.20952130664223398
survey_weighted,odds_ratio,1.5671401829193696,1.02659132837244,2.3923135575421126,0.20712637695490638,30,0.03813945716718483,age+sex+eth+marital+PIR_level+edu+smoke+alcohol.user+PA_level+BMI_level,,X1_PY_ln_U,PAH_urine.rds,angina,Angina,natural_log_transformed,2223,45,2178,30,4,2013-2014|2015-2016,WTSA2YR,ok,,0.21047330066335332
survey_weighted,odds_ratio,0.3318092244223148,0.11470459338808693,0.9598339365472404,0.49834635327210663,15,0.04276078787702663,age+sex+eth+marital+PIR_level+edu+smoke+alcohol.user+PA_level+BMI_level,,MCOCH_binary_U,Phthalates_urine.rds,angina,Angina,binary_above_detection_threshold,1033,22,1011,15,2,2015-2016,WTSB2YR,ok,,0.22754847834560601
survey_weighted,odds_ratio,3.266252020771871,1.0199268809970323,10.459967730988131,0.5460660420182399,15,0.04669070108469075,age+sex+eth+marital+PIR_level+edu+smoke+alcohol.user+PA_level+BMI_level,,CYHA_Cys_binary_U,VOC_urine.rds,angina,Angina,binary_above_detection_threshold,1048,19,1029,15,2,2015-2016,WTSA2YR,ok,,0.2398936021247904
survey_weighted,odds_ratio,1.7109534891706726,1.0009717885064484,2.9245198273501996,0.2624916635594888,30,0.049612039152053505,age+sex+eth+marital+PIR_level+edu+smoke+alcohol.user+PA_level+BMI_level,,Nitrate_ln_U,PERNT_urine.rds,angina,Angina,natural_log_transformed,2220,45,2175,30,4,2013-2014|2015-2016,WTSA2YR,ok,,0.24640646112186576
survey_weighted,odds_ratio,1.721538136208173,0.9727342674670146,3.0467658573769825,0.27952318271091625,30,0.06140520820338516,age+sex+eth+marital+PIR_level+edu+smoke+alcohol.user+PA_level+BMI_level,,o_Xylene_binary_S,VOC_serum.rds,angina,Angina,binary_above_detection_threshold,3150,62,3088,30,4,2013-2014|2015-2016,WTSVOC2Y,ok,,0.295141162009819
survey_weighted,odds_ratio,0.4962706138370085,0.23340874571961512,1.0551640702187453,0.3693582498894625,30,0.06750622344089248,age+sex+eth+marital+PIR_level+edu+smoke+alcohol.user+PA_level+BMI_level,,GAM_Cys_binary_U,VOC_urine.rds,angina,Angina,binary_above_detection_threshold,2217,45,2172,30,4,2013-2014|2015-2016,WTSA2YR,ok,,0.2992146080091805
survey_weighted,odds_ratio,0.7073286568231383,0.4858419984017575,1.0297871127014018,0.18391863092819496,30,0.06947397145307048,age+sex+eth+marital+PIR_level+edu+smoke+alcohol.user+PA_level+BMI_level,,W_ln_U,HM_urine.rds,angina,Angina,natural_log_transformed,2228,46,2182,30,4,2013-2014|2015-2016,WTSA2YR,ok,,0.2992146080091805
survey_weighted,odds_ratio,1.3429312467464216,0.9747759615592672,1.8501321376483761,0.1568852083674881,30,0.06993071652903739,age+sex+eth+marital+PIR_level+edu+smoke+alcohol.user+PA_level+BMI_level,,MECPP_ln_U,Phthalates_urine.rds,angina,Angina,natural_log_transformed,2143,45,2098,30,4,2013-2014|2015-2016,WTSB2YR,ok,,0.2992146080091805
survey_weighted,odds_ratio,1.631601148329942,0.9577873301191938,2.7794503263060406,0.26083265721551147,30,0.07028531060618333,age+sex+eth+marital+PIR_level+edu+smoke+alcohol.user+PA_level+BMI_level,,GLYP_ln_U,GYLP_urine.rds,angina,Angina,natural_log_transformed,1940,40,1900,30,4,2013-2014|2015-2016,WTSSCH2Y|WTSSGL2Y,ok,,0.2992146080091805
survey_weighted,odds_ratio,0.767854772520698,0.5735821826169224,1.0279275918104815,0.1428307910956496,30,0.07427138988654416,age+sex+eth+marital+PIR_level+edu+smoke+alcohol.user+PA_level+BMI_level,,BPS_ln_U,PCCP_urine.rds,angina,Angina,natural_log_transformed,2142,45,2097,30,4,2013-2014|2015-2016,WTSB2YR,ok,,0.30740103036375227
survey_weighted,odds_ratio,1.3020389686506988,0.9682926350171844,1.7508193438390542,0.13894412949361962,15,0.07689379987956078,age+sex+eth+marital+PIR_level+edu+smoke+alcohol.user+PA_level+BMI_level,,o_ANS_ln_U,AA_urine.rds,angina,Angina,natural_log_transformed,1048,23,1025,15,2,2013-2014,WTSA2YR,ok,,0.30965341032579885
survey_weighted,odds_ratio,0.6224498115047926,0.36193990240297164,1.0704643651337042,0.26548113927930883,30,0.08424715462725045,age+sex+eth+marital+PIR_level+edu+smoke+alcohol.user+PA_level+BMI_level,,PFHS_ln_S,PFC_serum.rds,angina,Angina,natural_log_transformed,2072,45,2027,30,4,2013-2014|2015-2016,WTSB2YR,ok,,0.3303375273542189
survey_weighted,odds_ratio,1.2293691587336015,0.9680554447144616,1.5612210402795184,0.11701037917318821,30,0.08777551650849146,age+sex+eth+marital+PIR_level+edu+smoke+alcohol.user+PA_level+BMI_level,,MCNP_ln_U,Phthalates_urine.rds,angina,Angina,natural_log_transformed,2143,45,2098,30,4,2013-2014|2015-2016,WTSB2YR,ok,,0.3348311536225111
survey_weighted,odds_ratio,1.2745970743402384,0.9593870963804241,1.693370390373164,0.13910521455877706,30,0.09136026969682617,age+sex+eth+marital+PIR_level+edu+smoke+alcohol.user+PA_level+BMI_level,,U_ln_U,HM_urine.rds,angina,Angina,natural_log_transformed,2229,46,2183,30,4,2013-2014|2015-2016,WTSA2YR,ok,,0.3348311536225111
survey_weighted,odds_ratio,1.2308714943041652,0.9645390920877431,1.5707446674983976,0.11939022446202119,30,0.09213474696995272,age+sex+eth+marital+PIR_level+edu+smoke+alcohol.user+PA_level+BMI_level,,BMA_ln_U,VOC_urine.rds,angina,Angina,natural_log_transformed,2208,45,2163,30,4,2013-2014|2015-2016,WTSA2YR,ok,,0.3348311536225111
survey_weighted,odds_ratio,0.6992489674425315,0.4527380944553108,1.0799822777398513,0.21284772936419205,30,0.10319186026493588,age+sex+eth+marital+PIR_level+edu+smoke+alcohol.user+PA_level+BMI_level,,X3PBA_ln_U,pesticides_urine.rds,angina,Angina,natural_log_transformed,2185,40,2145,30,4,2013-2014|2015-2016,WTSB2YR|WTSC2YR,ok,,0.3655366092905335
survey_weighted,odds_ratio,0.5847787935292562,0.303215224472155,1.1278003535503083,0.32159802078811045,30,0.10566237048321912,age+sex+eth+marital+PIR_level+edu+smoke+alcohol.user+PA_level+BMI_level,,PFNA_ln_S,PFC_serum.rds,angina,Angina,natural_log_transformed,2072,45,2027,30,4,2013-2014|2015-2016,WTSB2YR,ok,,0.3655366092905335
survey_weighted,odds_ratio,0.4437349789687951,0.1597814109159632,1.232313136000512,0.47921415393196365,15,0.11062355139320927,age+sex+eth+marital+PIR_level+edu+smoke+alcohol.user+PA_level+BMI_level,,X4_MDA_binary_U,AA_urine.rds,angina,Angina,binary_above_detection_threshold,1006,19,987,15,2,2015-2016,WTSA2YR,ok,,0.3655366092905335
survey_weighted,odds_ratio,0.2799548478045852,0.05618381807099379,1.3949695748739304,0.7534776297717102,15,0.11176218562695932,age+sex+eth+marital+PIR_level+edu+smoke+alcohol.user+PA_level+BMI_level,,PFBA_binary_U,PFC_urine.rds,angina,Angina,binary_above_detection_threshold,1011,21,990,15,2,2013-2014,WTSSBH2Y,ok,,0.3655366092905335
survey_weighted,odds_ratio,0.22145697245910262,0.03286007991217932,1.4924854346618401,0.8951512715005242,15,0.11285022837157409,age+sex+eth+marital+PIR_level+edu+smoke+alcohol.user+PA_level+BMI_level,,X5OHIMI_binary_U,pesticides_urine.rds,angina,Angina,binary_above_detection_threshold,843,21,822,15,2,2015-2016,WTSSBI2Y,ok,,0.3655366092905335
survey_weighted,odds_ratio,1.5864809073785595,0.8692523639232579,2.895501667797482,0.29459344872609966,30,0.1276904453978335,age+sex+eth+marital+PIR_level+edu+smoke+alcohol.user+PA_level+BMI_level,,PGA_ln_U,VOC_urine.rds,angina,Angina,natural_log_transformed,2181,44,2137,30,4,2013-2014|2015-2016,WTSA2YR,ok,,0.40480588009100404
survey_weighted,odds_ratio,1.4477140092599317,0.8887720489755296,2.3581703036491093,0.23890066907202948,30,0.13193950743563887,age+sex+eth+marital+PIR_level+edu+smoke+alcohol.user+PA_level+BMI_level,,BCETP_ln_U,BFR_urine.rds,angina,Angina,natural_log_transformed,1942,40,1902,30,4,2013-2014|2015-2016,WTSSBI2Y|WTSSCH2Y,ok,,0.40956222099812895
survey_weighted,odds_ratio,1.2093068426072364,0.9367285449587326,1.5612025996721495,0.12506121922993269,30,0.13907302206145383,age+sex+eth+marital+PIR_level+edu+smoke+alcohol.user+PA_level+BMI_level,,MCOP_ln_U,Phthalates_urine.rds,angina,Angina,natural_log_transformed,2143,45,2098,30,4,2013-2014|2015-2016,WTSB2YR,ok,,0.42289551606442083
survey_weighted,odds_ratio,0.4706141315924446,0.16511773433188737,1.3413317579160802,0.5128501540711247,30,0.15206323506536437,age+sex+eth+marital+PIR_level+edu+smoke+alcohol.user+PA_level+BMI_level,,Hg_binary_U,HM_urine.rds,angina,Angina,binary_above_detection_threshold,2233,46,2187,30,4,2013-2014|2015-2016,WTSA2YR,ok,,0.4531484404947858
survey_weighted,odds_ratio,1.3795971338624635,0.856108220140826,2.22318651659301,0.2336368042011263,30,0.17860498448369677,age+sex+eth+marital+PIR_level+edu+smoke+alcohol.user+PA_level+BMI_level,,DMA_ln_U,HM_urine.rds,angina,Angina,natural_log_transformed,2230,46,2184,30,4,2013-2014|2015-2016,WTSA2YR,ok,,0.5218067193739376
survey_weighted,odds_ratio,1.4517349366263286,0.8310506377395712,2.5359878574353423,0.27313882511584653,30,0.1824889143638418,age+sex+eth+marital+PIR_level+edu+smoke+alcohol.user+PA_level+BMI_level,,Tl_ln_U,HM_urine.rds,angina,Angina,natural_log_transformed,2229,46,2183,30,4,2013-2014|2015-2016,WTSA2YR,ok,,0.5229009276963928
survey_weighted,odds_ratio,1.3275649296261909,0.8632127650519477,2.0417082713869865,0.21076544410377637,30,0.18890736093107824,age+sex+eth+marital+PIR_level+edu+smoke+alcohol.user+PA_level+BMI_level,,CEMA_AAM_ln_U,VOC_urine.rds,angina,Angina,natural_log_transformed,2154,44,2110,30,4,2013-2014|2015-2016,WTSA2YR,ok,,0.531079184504352
survey_weighted,odds_ratio,1.2841563585656326,0.8713298636900377,1.8925755009255283,0.1899044501668315,30,0.1978142652906607,age+sex+eth+marital+PIR_level+edu+smoke+alcohol.user+PA_level+BMI_level,,X34_MHA_ln_U,VOC_urine.rds,angina,Angina,natural_log_transformed,2214,45,2169,30,4,2013-2014|2015-2016,WTSA2YR,ok,,0.5445715709845126
survey_weighted,odds_ratio,0.5971898504677725,0.26691590121047487,1.3361351492524893,0.3943163586195865,30,0.20101635170569257,age+sex+eth+marital+PIR_level+edu+smoke+alcohol.user+PA_level+BMI_level,,AsB_binary_U,HM_urine.rds,angina,Angina,binary_above_detection_threshold,2231,46,2185,30,4,2013-2014|2015-2016,WTSA2YR,ok,,0.5445715709845126
survey_weighted,odds_ratio,1.5761012516175714,0.7495246726877216,3.314227330826555,0.3639427619695787,30,0.22093750756941383,age+sex+eth+marital+PIR_level+edu+smoke+alcohol.user+PA_level+BMI_level,,MINP_binary_U,Phthalates_urine.rds,angina,Angina,binary_above_detection_threshold,2144,45,2099,30,4,2013-2014|2015-2016,WTSB2YR,ok,,0.5767757702873074
survey_weighted,odds_ratio,0.652183586386369,0.32339437105551067,1.3152468577716094,0.3434671769020832,30,0.2229674193021572,age+sex+eth+marital+PIR_level+edu+smoke+alcohol.user+PA_level+BMI_level,,PFUnDA_binary_S,PFC_serum.rds,angina,Angina,binary_above_detection_threshold,2072,45,2027,30,4,2013-2014|2015-2016,WTSB2YR,ok,,0.5767757702873074
survey_weighted,odds_ratio,1.694967276654794,0.7108743025433212,4.041381238078292,0.42546874029298415,30,0.22451674279640155,age+sex+eth+marital+PIR_level+edu+smoke+alcohol.user+PA_level+BMI_level,,Cs_ln_U,HM_urine.rds,angina,Angina,natural_log_transformed,2229,46,2183,30,4,2013-2014|2015-2016,WTSA2YR,ok,,0.5767757702873074
survey_weighted,odds_ratio,1.4406631006835258,0.7766992227498355,2.6722186772930057,0.3025089020524524,30,0.2368944179492029,age+sex+eth+marital+PIR_level+edu+smoke+alcohol.user+PA_level+BMI_level,,Pb_ln_S,HM_serum.rds,angina,Angina,natural_log_transformed,3254,64,3190,30,4,2013-2014|2015-2016,WTSH2YR,ok,,0.5982587843123938
survey_weighted,odds_ratio,1.7870587960176658,0.6522137621416358,4.896522161595521,0.49354533933489503,30,0.24871407246851068,age+sex+eth+marital+PIR_level+edu+smoke+alcohol.user+PA_level+BMI_level,,BCPP_binary_U,BFR_urine.rds,angina,Angina,binary_above_detection_threshold,1947,40,1907,30,4,2013-2014|2015-2016,WTSSBI2Y|WTSSCH2Y,ok,,0.5987255739370722
survey_weighted,odds_ratio,0.5705951323404017,0.21051755412588802,1.5465636887262457,0.46780880545765813,15,0.24898770365038075,age+sex+eth+marital+PIR_level+edu+smoke+alcohol.user+PA_level+BMI_level,,n_PFOS_ln_S,PFC_serum.rds,angina,Angina,natural_log_transformed,997,22,975,15,2,2015-2016,WTSB2YR,ok,,0.5987255739370722
survey_weighted,odds_ratio,1.3074547258995401,0.8205591019974897,2.083259884773384,0.22810454492408025,30,0.2491341314369025,age+sex+eth+marital+PIR_level+edu+smoke+alcohol.user+PA_level+BMI_level,,Co_ln_U,HM_urine.rds,angina,Angina,natural_log_transformed,2229,46,2183,30,4,2013-2014|2015-2016,WTSA2YR,ok,,0.5987255739370722
survey_weighted,odds_ratio,0.6893850155869407,0.34982970249758055,1.3585230079744108,0.3182592091089486,15,0.2607561874528538,age+sex+eth+marital+PIR_level+edu+smoke+alcohol.user+PA_level+BMI_level,,DMP_ln_U,pesticides_urine.rds,angina,Angina,natural_log_transformed,1031,22,1009,15,2,2015-2016,WTSB2YR,ok,,0.6167090782615113
survey_weighted,odds_ratio,1.5202036896140818,0.7156643680134017,3.229194244127844,0.36889706442556053,30,0.2651992526281576,age+sex+eth+marital+PIR_level+edu+smoke+alcohol.user+PA_level+BMI_level,,As_III_binary_U,HM_urine.rds,angina,Angina,binary_above_detection_threshold,2231,46,2185,30,4,2013-2014|2015-2016,WTSA2YR,ok,,0.6174170100249293
survey_weighted,odds_ratio,1.6225269132787976,0.6505980657444471,4.046420859400614,0.4287448402801792,15,0.2766958628162056,age+sex+eth+marital+PIR_level+edu+smoke+alcohol.user+PA_level+BMI_level,,PPDA_binary_U,AA_urine.rds,angina,Angina,binary_above_detection_threshold,935,18,917,15,2,2015-2016,WTSA2YR,ok,,0.6326554380527506
survey_weighted,odds_ratio,0.6260023503581628,0.25675534575677167,1.5262737431966729,0.4181334988950269,15,0.28023663698980894,age+sex+eth+marital+PIR_level+edu+smoke+alcohol.user+PA_level+BMI_level,,Sm_PFOS_ln_S,PFC_serum.rds,angina,Angina,natural_log_transformed,997,22,975,15,2,2015-2016,WTSB2YR,ok,,0.6326554380527506
survey_weighted,odds_ratio,0.8248340304604719,0.5748537176951176,1.1835205320295088,0.17679648244782495,30,0.2847225547809604,age+sex+eth+marital+PIR_level+edu+smoke+alcohol.user+PA_level+BMI_level,,Total_As_ln_U,HM_urine.rds,angina,Angina,natural_log_transformed,2228,46,2182,30,4,2013-2014|2015-2016,WTSA2YR,ok,,0.6331889651098971
survey_weighted,odds_ratio,1.1880093460480372,0.8477578274453805,1.6648223827675794,0.1652273925210582,30,0.3054270790201149,age+sex+eth+marital+PIR_level+edu+smoke+alcohol.user+PA_level+BMI_level,,X1_NP_ln_U,PAH_urine.rds,angina,Angina,natural_log_transformed,2156,42,2114,30,4,2013-2014|2015-2016,WTSA2YR,ok,,0.6656969586614453
survey_weighted,odds_ratio,0.6764358023732775,0.31310927897780605,1.461360060060095,0.3771706758793358,30,0.3082757728029512,age+sex+eth+marital+PIR_level+edu+smoke+alcohol.user+PA_level+BMI_level,,PMA_binary_U,VOC_urine.rds,angina,Angina,binary_above_detection_threshold,2181,45,2136,30,4,2013-2014|2015-2016,WTSA2YR,ok,,0.6656969586614453
survey_weighted,odds_ratio,2.6697709434060166,0.37122433266053206,19.200457144529345,0.9660520086476757,30,0.31751920896168734,age+sex+eth+marital+PIR_level+edu+smoke+alcohol.user+PA_level+BMI_level,,FA_ln_S,gas_serum.rds,angina,Angina,natural_log_transformed,1964,43,1921,30,4,2013-2014|2015-2016,WTSA2YR,ok,,0.6758623162184487
survey_weighted,odds_ratio,1.8660716521934682,0.5026912435247852,6.9271614653625235,0.6153627377957609,15,0.32676729290765016,age+sex+eth+marital+PIR_level+edu+smoke+alcohol.user+PA_level+BMI_level,,MDA_binary_U,pesticides_urine.rds,angina,Angina,binary_above_detection_threshold,1036,22,1014,15,2,2015-2016,WTSB2YR,ok,,0.6857510794822517
survey_weighted,odds_ratio,1.2751751845074975,0.7609190451512692,2.136983903275112,0.25281243623321176,30,0.34397844738779537,age+sex+eth+marital+PIR_level+edu+smoke+alcohol.user+PA_level+BMI_level,,Pb_ln_U,HM_urine.rds,angina,Angina,natural_log_transformed,2229,46,2183,30,4,2013-2014|2015-2016,WTSA2YR,ok,,0.7083251786012442
survey_weighted,odds_ratio,1.1502387892360304,0.8524208307222281,1.5521080956482411,0.14672112138352544,30,0.3477160136037568,age+sex+eth+marital+PIR_level+edu+smoke+alcohol.user+PA_level+BMI_level,,MBzP_ln_U,Phthalates_urine.rds,angina,Angina,natural_log_transformed,2143,45,2098,30,4,2013-2014|2015-2016,WTSB2YR,ok,,0.7083251786012442
survey_weighted,odds_ratio,1.314574749597159,0.716235985342102,2.4127617260853245,0.2849041433400245,15,0.3522662654830607,age+sex+eth+marital+PIR_level+edu+smoke+alcohol.user+PA_level+BMI_level,,X4_ABP_ln_U,AA_urine.rds,angina,Angina,natural_log_transformed,1120,23,1097,15,2,2013-2014,WTSA2YR,ok,,0.7083251786012442
survey_weighted,odds_ratio,1.1901573408153059,0.8138836985219361,1.740389319099236,0.18607865766359882,30,0.35697622130066164,age+sex+eth+marital+PIR_level+edu+smoke+alcohol.user+PA_level+BMI_level,,DPHP_ln_U,BFR_urine.rds,angina,Angina,natural_log_transformed,1944,40,1904,30,4,2013-2014|2015-2016,WTSSBI2Y|WTSSCH2Y,ok,,0.7083251786012442
survey_weighted,odds_ratio,2.1992650604060726,0.3694192440626055,13.092893463620532,0.8369639159096911,15,0.36129337968922526,age+sex+eth+marital+PIR_level+edu+smoke+alcohol.user+PA_level+BMI_level,,PFHpA_binary_S,PFC_serum.rds,angina,Angina,binary_above_detection_threshold,1075,23,1052,15,2,2013-2014,WTSB2YR,ok,,0.7083251786012442
survey_weighted,odds_ratio,0.6285667580306716,0.21038032601077658,1.8780091123204663,0.5135121653523002,15,0.38018705976966416,age+sex+eth+marital+PIR_level+edu+smoke+alcohol.user+PA_level+BMI_level,,DETP_binary_U,pesticides_urine.rds,angina,Angina,binary_above_detection_threshold,1035,22,1013,15,2,2015-2016,WTSB2YR,ok,,0.7331052457032401
survey_weighted,odds_ratio,1.2537586890359773,0.7430164006309843,2.115580287323826,0.25617696114622485,30,0.3843784563335755,age+sex+eth+marital+PIR_level+edu+smoke+alcohol.user+PA_level+BMI_level,,MiBP_ln_U,Phthalates_urine.rds,angina,Angina,natural_log_transformed,2143,45,2098,30,4,2013-2014|2015-2016,WTSB2YR,ok,,0.7331052457032401
survey_weighted,odds_ratio,0.5548175670702733,0.13485266282686295,2.282658171348013,0.6636124972793127,15,0.3886933853057447,age+sex+eth+marital+PIR_level+edu+smoke+alcohol.user+PA_level+BMI_level,,NDMA_binary_U,pesticides_urine.rds,angina,Angina,binary_above_detection_threshold,891,21,870,15,2,2015-2016,WTSSBI2Y,ok,,0.7331052457032401
survey_weighted,odds_ratio,1.586247670733153,0.5208489219226146,4.830924221976591,0.5453075198632291,30,0.40420906529078515,age+sex+eth+marital+PIR_level+edu+smoke+alcohol.user+PA_level+BMI_level,,AsC_binary_U,HM_urine.rds,angina,Angina,binary_above_detection_threshold,2231,46,2185,30,4,2013-2014|2015-2016,WTSA2YR,ok,,0.7388039552852826
survey_weighted,odds_ratio,1.1886448345975043,0.782355846037099,1.8059257177817911,0.2048010089513766,30,0.405452051449973,age+sex+eth+marital+PIR_level+edu+smoke+alcohol.user+PA_level+BMI_level,,THg_ln_S,HM_serum.rds,angina,Angina,natural_log_transformed,3254,64,3190,30,4,2013-2014|2015-2016,WTSH2YR,ok,,0.7388039552852826
survey_weighted,odds_ratio,0.7618950020625992,0.39386306915609787,1.4738218422248355,0.32307415345536056,30,0.4065900961972696,age+sex+eth+marital+PIR_level+edu+smoke+alcohol.user+PA_level+BMI_level,,MEHP_binary_U,Phthalates_urine.rds,angina,Angina,binary_above_detection_threshold,2144,45,2099,30,4,2013-2014|2015-2016,WTSB2YR,ok,,0.7388039552852826
survey_weighted,odds_ratio,0.7055208843499251,0.2912807831044514,1.708865627690266,0.4331687860573471,30,0.4269990882018666,age+sex+eth+marital+PIR_level+edu+smoke+alcohol.user+PA_level+BMI_level,,TCC_binary_U,PCCP_urine.rds,angina,Angina,binary_above_detection_threshold,2145,45,2100,30,4,2013-2014|2015-2016,WTSB2YR,ok,,0.760178102398301
survey_weighted,odds_ratio,1.15621382931641,0.7960283266225399,1.6793754372718617,0.1827724959085755,30,0.43333938424297724,age+sex+eth+marital+PIR_level+edu+smoke+alcohol.user+PA_level+BMI_level,,Toluene_ln_S,VOC_serum.rds,angina,Angina,natural_log_transformed,3095,61,3034,30,4,2013-2014|2015-2016,WTSVOC2Y,ok,,0.760178102398301
survey_weighted,odds_ratio,0.616711225131898,0.17777683695470745,2.1393829574129763,0.6090626356825062,30,0.43365864901916495,age+sex+eth+marital+PIR_level+edu+smoke+alcohol.user+PA_level+BMI_level,,BDCM_binary_S,VOC_serum.rds,angina,Angina,binary_above_detection_threshold,3134,62,3072,30,4,2013-2014|2015-2016,WTSVOC2Y,ok,,0.760178102398301
survey_weighted,odds_ratio,1.2912091919735358,0.6349815995713028,2.6256212440841553,0.3475238540378606,30,0.4677892625478769,age+sex+eth+marital+PIR_level+edu+smoke+alcohol.user+PA_level+BMI_level,,X14_DCB_binary_S,VOC_serum.rds,angina,Angina,binary_above_detection_threshold,3128,61,3067,30,4,2013-2014|2015-2016,WTSVOC2Y,ok,,0.8037305117298568
survey_weighted,odds_ratio,0.8173452026357427,0.45806897315487216,1.4584117663996332,0.2716657132654664,15,0.4692923122181043,age+sex+eth+marital+PIR_level+edu+smoke+alcohol.user+PA_level+BMI_level,,A_a_C_binary_U,AA_urine.rds,angina,Angina,binary_above_detection_threshold,1155,26,1129,15,2,2013-2014,WTSA2YR,ok,,0.8037305117298568
survey_weighted,odds_ratio,0.7813127392805258,0.36773027425369725,1.6600471576645048,0.36901334234233224,30,0.5087650630805931,age+sex+eth+marital+PIR_level+edu+smoke+alcohol.user+PA_level+BMI_level,,HEMA_binary_U,VOC_urine.rds,angina,Angina,binary_above_detection_threshold,2200,45,2155,30,4,2013-2014|2015-2016,WTSA2YR,ok,,0.8524836300624886
survey_weighted,odds_ratio,0.3310999750152889,0.01059120468622572,10.350776583300235,1.6855716035179291,30,0.5169748266347071,age+sex+eth+marital+PIR_level+edu+smoke+alcohol.user+PA_level+BMI_level,,Se_ln_S,HM_serum.rds,angina,Angina,natural_log_transformed,3253,63,3190,30,4,2013-2014|2015-2016,WTSH2YR,ok,,0.8524836300624886
survey_weighted,odds_ratio,0.445682066277597,0.030879718184460492,6.432458451043302,1.2524369852125898,15,0.5285048108848185,age+sex+eth+marital+PIR_level+edu+smoke+alcohol.user+PA_level+BMI_level,,DPCP_binary_U,BFR_urine.rds,angina,Angina,binary_above_detection_threshold,1047,19,1028,15,2,2013-2014,WTSSCH2Y,ok,,0.8524836300624886
survey_weighted,odds_ratio,0.94059571090886,0.7722860453322922,1.1455862717284688,0.09653873678841271,30,0.5306435809371716,age+sex+eth+marital+PIR_level+edu+smoke+alcohol.user+PA_level+BMI_level,,X25_DCP_ln_U,PCCP_urine.rds,angina,Angina,natural_log_transformed,2143,45,2098,30,4,2013-2014|2015-2016,WTSB2YR,ok,,0.8524836300624886
survey_weighted,odds_ratio,0.7276210443589318,0.2506891559015048,2.111907801875544,0.49992580048360413,15,0.5343328561725342,age+sex+eth+marital+PIR_level+edu+smoke+alcohol.user+PA_level+BMI_level,,X2_AN_ln_U,AA_urine.rds,angina,Angina,natural_log_transformed,1116,21,1095,15,2,2013-2014,WTSA2YR,ok,,0.8524836300624886
survey_weighted,odds_ratio,0.8032883926563003,0.3837121409327905,1.6816570885865343,0.3466284982229373,15,0.5369520896456296,age+sex+eth+marital+PIR_level+edu+smoke+alcohol.user+PA_level+BMI_level,,Harman_ln_U,AA_urine.rds,angina,Angina,natural_log_transformed,1155,26,1129,15,2,2013-2014,WTSA2YR,ok,,0.8524836300624886
survey_weighted,odds_ratio,0.798003985885141,0.38098807674533414,1.6714705796796858,0.3620209977343348,30,0.5378084646031808,age+sex+eth+marital+PIR_level+edu+smoke+alcohol.user+PA_level+BMI_level,,DCVDMPCA_binary_U,pesticides_urine.rds,angina,Angina,binary_above_detection_threshold,2177,42,2135,30,4,2013-2014|2015-2016,WTSB2YR|WTSC2YR,ok,,0.8524836300624886
survey_weighted,odds_ratio,1.183129527312101,0.671808050365601,2.0836241507317164,0.2771156641699671,30,0.5485268366501379,age+sex+eth+marital+PIR_level+edu+smoke+alcohol.user+PA_level+BMI_level,,Sr_ln_U,HM_urine.rds,angina,Angina,natural_log_transformed,2229,46,2183,30,4,2013-2014|2015-2016,WTSA2YR,ok,,0.8594958116285234
survey_weighted,odds_ratio,0.7173198061999918,0.21686918652530932,2.3726178560029982,0.5612271858393201,15,0.5626832329129019,age+sex+eth+marital+PIR_level+edu+smoke+alcohol.user+PA_level+BMI_level,,PhIP_binary_U,AA_urine.rds,angina,Angina,binary_above_detection_threshold,1154,26,1128,15,2,2013-2014,WTSA2YR,ok,,0.8594958116285234
survey_weighted,odds_ratio,0.6618909723052223,0.14744176409091675,2.9713403249096224,0.7045287902794726,15,0.566774685681027,age+sex+eth+marital+PIR_level+edu+smoke+alcohol.user+PA_level+BMI_level,,DMDTP_binary_U,pesticides_urine.rds,angina,Angina,binary_above_detection_threshold,1035,22,1013,15,2,2015-2016,WTSB2YR,ok,,0.8594958116285234
survey_weighted,odds_ratio,0.8411621550408266,0.45584586477183603,1.5521776673943914,0.2999745284479098,30,0.568498963263764,age+sex+eth+marital+PIR_level+edu+smoke+alcohol.user+PA_level+BMI_level,,PHE_Cys_binary_U,VOC_urine.rds,angina,Angina,binary_above_detection_threshold,2169,45,2124,30,4,2013-2014|2015-2016,WTSA2YR,ok,,0.8594958116285234
survey_weighted,odds_ratio,0.816920494167146,0.397230744092391,1.6800288087345887,0.3530500753306318,30,0.5710743983303612,age+sex+eth+marital+PIR_level+edu+smoke+alcohol.user+PA_level+BMI_level,,Benzene_binary_S,VOC_serum.rds,angina,Angina,binary_above_detection_threshold,3077,61,3016,30,4,2013-2014|2015-2016,WTSVOC2Y,ok,,0.8594958116285234
survey_weighted,odds_ratio,0.746319505522059,0.23898233441849484,2.3306860972715686,0.5575965939076115,30,0.60361021537616,age+sex+eth+marital+PIR_level+edu+smoke+alcohol.user+PA_level+BMI_level,,Mn_binary_U,HM_urine.rds,angina,Angina,binary_above_detection_threshold,2230,46,2184,30,4,2013-2014|2015-2016,WTSA2YR,ok,,0.8985273010555264
survey_weighted,odds_ratio,0.8099753678015571,0.3513727053747188,1.867134488279667,0.40893482929635905,30,0.6100738343631253,age+sex+eth+marital+PIR_level+edu+smoke+alcohol.user+PA_level+BMI_level,,Perchlorate_ln_U,PERNT_urine.rds,angina,Angina,natural_log_transformed,2219,45,2174,30,4,2013-2014|2015-2016,WTSA2YR,ok,,0.8985273010555264
survey_weighted,odds_ratio,0.9440203157348741,0.7447081781024906,1.1966759365942177,0.11612321935329362,30,0.62344598960667,age+sex+eth+marital+PIR_level+edu+smoke+alcohol.user+PA_level+BMI_level,,X24_DCP_ln_U,PCCP_urine.rds,angina,Angina,natural_log_transformed,2143,45,2098,30,4,2013-2014|2015-2016,WTSB2YR,ok,,0.8985273010555264
survey_weighted,odds_ratio,1.283007415142665,0.4591819378466415,3.5848710317974946,0.5031236800403208,30,0.6239835371985192,age+sex+eth+marital+PIR_level+edu+smoke+alcohol.user+PA_level+BMI_level,,DBUP_binary_U,BFR_urine.rds,angina,Angina,binary_above_detection_threshold,1945,40,1905,30,4,2013-2014|2015-2016,WTSSBI2Y|WTSSCH2Y,ok,,0.8985273010555264
survey_weighted,odds_ratio,1.2827548778372746,0.4532279586905313,3.63053524184473,0.5094178645301911,30,0.6285287105561173,age+sex+eth+marital+PIR_level+edu+smoke+alcohol.user+PA_level+BMI_level,,Furan_binary_S,VOC_serum.rds,angina,Angina,binary_above_detection_threshold,3160,62,3098,30,4,2013-2014|2015-2016,WTSVOC2Y,ok,,0.8985273010555264
survey_weighted,odds_ratio,0.8298870370040843,0.3767133302805916,1.8282137605123687,0.38672856211250783,30,0.6331903799384582,age+sex+eth+marital+PIR_level+edu+smoke+alcohol.user+PA_level+BMI_level,,IHg_binary_S,HM_serum.rds,angina,Angina,binary_above_detection_threshold,3249,64,3185,30,4,2013-2014|2015-2016,WTSH2YR,ok,,0.8985273010555264
survey_weighted,odds_ratio,0.9084724140058618,0.5822248093286017,1.4175317055990215,0.20873488678132854,15,0.6522051892678742,age+sex+eth+marital+PIR_level+edu+smoke+alcohol.user+PA_level+BMI_level,,DMTP_ln_U,pesticides_urine.rds,angina,Angina,natural_log_transformed,1039,22,1017,15,2,2015-2016,WTSB2YR,ok,,0.9081762953102505
survey_weighted,odds_ratio,1.0737928052515948,0.7769001743342219,1.4841430426994036,0.15847076150161973,30,0.6564618826048215,age+sex+eth+marital+PIR_level+edu+smoke+alcohol.user+PA_level+BMI_level,,BPA_ln_U,PCCP_urine.rds,angina,Angina,natural_log_transformed,2143,45,2098,30,4,2013-2014|2015-2016,WTSB2YR,ok,,0.9081762953102505
survey_weighted,odds_ratio,1.0677845299633337,0.7880246135214433,1.446863185318503,0.14876170045493414,30,0.6624612306602742,age+sex+eth+marital+PIR_level+edu+smoke+alcohol.user+PA_level+BMI_level,,MEP_ln_U,Phthalates_urine.rds,angina,Angina,natural_log_transformed,2143,45,2098,30,4,2013-2014|2015-2016,WTSB2YR,ok,,0.9081762953102505
survey_weighted,odds_ratio,0.9504874220808905,0.7501819898485967,1.2042762313132953,0.1158802773519703,30,0.6643705784484383,age+sex+eth+marital+PIR_level+edu+smoke+alcohol.user+PA_level+BMI_level,,DEA_ln_U,pesticides_urine.rds,angina,Angina,natural_log_transformed,2180,42,2138,30,4,2013-2014|2015-2016,WTSB2YR|WTSC2YR,ok,,0.9081762953102505
survey_weighted,odds_ratio,1.056811268890977,0.8042943806037112,1.3886085555100338,0.13369718047910728,30,0.68233120700679,age+sex+eth+marital+PIR_level+edu+smoke+alcohol.user+PA_level+BMI_level,,X24D_ln_U,pesticides_urine.rds,angina,Angina,natural_log_transformed,2203,42,2161,30,4,2013-2014|2015-2016,WTSB2YR|WTSC2YR,ok,,0.9180576020385748
survey_weighted,odds_ratio,1.0858340965713755,0.7044242965221967,1.673757834728268,0.21188301950911437,30,0.7002793939519514,age+sex+eth+marital+PIR_level+edu+smoke+alcohol.user+PA_level+BMI_level,,Ba_ln_U,HM_urine.rds,angina,Angina,natural_log_transformed,2229,46,2183,30,4,2013-2014|2015-2016,WTSA2YR,ok,,0.9180576020385748
survey_weighted,odds_ratio,1.0982657000093885,0.6687632700905725,1.8036091420716853,0.2428948378373083,30,0.7022963544687857,age+sex+eth+marital+PIR_level+edu+smoke+alcohol.user+PA_level+BMI_level,,Sb_ln_U,HM_urine.rds,angina,Angina,natural_log_transformed,2229,46,2183,30,4,2013-2014|2015-2016,WTSA2YR,ok,,0.9180576020385748
survey_weighted,odds_ratio,0.9357532589924628,0.6522664244771182,1.3424486204651065,0.17671428876421647,30,0.7097340130071721,age+sex+eth+marital+PIR_level+edu+smoke+alcohol.user+PA_level+BMI_level,,X2_MHA_ln_U,VOC_urine.rds,angina,Angina,natural_log_transformed,2090,44,2046,30,4,2013-2014|2015-2016,WTSA2YR,ok,,0.9180576020385748
survey_weighted,odds_ratio,1.3928376563834481,0.2161368261889184,8.975780625852469,0.8741406836096414,15,0.7099624291800885,age+sex+eth+marital+PIR_level+edu+smoke+alcohol.user+PA_level+BMI_level,,MeA_a_C_binary_U,AA_urine.rds,angina,Angina,binary_above_detection_threshold,1154,26,1128,15,2,2013-2014,WTSA2YR,ok,,0.9180576020385748
survey_weighted,odds_ratio,1.0770544577840224,0.7072527485230286,1.6402146297133307,0.20594565750782381,30,0.7210475399561194,age+sex+eth+marital+PIR_level+edu+smoke+alcohol.user+PA_level+BMI_level,,Sn_ln_U,HM_urine.rds,angina,Angina,natural_log_transformed,2228,46,2182,30,4,2013-2014|2015-2016,WTSA2YR,ok,,0.9180576020385748
survey_weighted,odds_ratio,1.1473600583494143,0.5108546958419511,2.5769266960068276,0.379616672356682,15,0.7223192679377717,age+sex+eth+marital+PIR_level+edu+smoke+alcohol.user+PA_level+BMI_level,,o_TLD_ln_U,AA_urine.rds,angina,Angina,natural_log_transformed,1078,22,1056,15,2,2013-2014,WTSA2YR,ok,,0.9180576020385748
survey_weighted,odds_ratio,1.0628560844446757,0.7422531728782475,1.5219376588995293,0.1757966198558356,30,0.7311902676669889,age+sex+eth+marital+PIR_level+edu+smoke+alcohol.user+PA_level+BMI_level,,NPMA_ln_U,VOC_urine.rds,angina,Angina,natural_log_transformed,2188,45,2143,30,4,2013-2014|2015-2016,WTSA2YR,ok,,0.9180576020385748
survey_weighted,odds_ratio,1.2361114082374864,0.33806407881640194,4.519768615832984,0.6082669481711733,15,0.7323205901313876,age+sex+eth+marital+PIR_level+edu+smoke+alcohol.user+PA_level+BMI_level,,TBPPP_binary_U,BFR_urine.rds,angina,Angina,binary_above_detection_threshold,900,21,879,15,2,2015-2016,WTSSBI2Y,ok,,0.9180576020385748
survey_weighted,odds_ratio,1.0765095346892548,0.6846996583431816,1.6925271747339354,0.21229631622674913,15,0.7332137895475865,age+sex+eth+marital+PIR_level+edu+smoke+alcohol.user+PA_level+BMI_level,,X1_AN_ln_U,AA_urine.rds,angina,Angina,natural_log_transformed,1109,23,1086,15,2,2013-2014,WTSA2YR,ok,,0.9180576020385748
survey_weighted,odds_ratio,0.9605602971489579,0.7385707963788498,1.2492723635739418,0.12868008564735192,30,0.7566705146067836,age+sex+eth+marital+PIR_level+edu+smoke+alcohol.user+PA_level+BMI_level,,MeP_ln_U,PCCP_urine.rds,angina,Angina,natural_log_transformed,2143,45,2098,30,4,2013-2014|2015-2016,WTSB2YR,ok,,0.9333190994287779
survey_weighted,odds_ratio,0.9445017220498617,0.6406182149848195,1.3925353386592256,0.19009404839900793,30,0.7659697371675351,age+sex+eth+marital+PIR_level+edu+smoke+alcohol.user+PA_level+BMI_level,,BDCPP_ln_U,BFR_urine.rds,angina,Angina,natural_log_transformed,1936,38,1898,30,4,2013-2014|2015-2016,WTSSBI2Y|WTSSCH2Y,ok,,0.9333190994287779
survey_weighted,odds_ratio,0.8891089624260398,0.3972864861480331,1.9897851415256924,0.394444015003925,30,0.7677742278890284,age+sex+eth+marital+PIR_level+edu+smoke+alcohol.user+PA_level+BMI_level,,m_p_Xylene_binary_S,VOC_serum.rds,angina,Angina,binary_above_detection_threshold,3144,61,3083,30,4,2013-2014|2015-2016,WTSVOC2Y,ok,,0.9333190994287779
survey_weighted,odds_ratio,0.7237044977415998,0.06783178315561578,7.721280138690566,1.1106771438710807,15,0.7749249337771744,age+sex+eth+marital+PIR_level+edu+smoke+alcohol.user+PA_level+BMI_level,,IPPPP_binary_U,BFR_urine.rds,angina,Angina,binary_above_detection_threshold,899,21,878,15,2,2015-2016,WTSSBI2Y,ok,,0.9333190994287779
survey_weighted,odds_ratio,0.8463319747395585,0.25153650372763187,2.8476097936153186,0.5941046509087007,30,0.7807670202649707,age+sex+eth+marital+PIR_level+edu+smoke+alcohol.user+PA_level+BMI_level,,DBCM_binary_S,VOC_serum.rds,angina,Angina,binary_above_detection_threshold,3158,62,3096,30,4,2013-2014|2015-2016,WTSVOC2Y,ok,,0.9333190994287779
survey_weighted,odds_ratio,1.055064610921578,0.7080361085132316,1.572181587682824,0.19530312533268007,30,0.7856157839029512,age+sex+eth+marital+PIR_level+edu+smoke+alcohol.user+PA_level+BMI_level,,X2_NP_ln_U,PAH_urine.rds,angina,Angina,natural_log_transformed,2191,43,2148,30,4,2013-2014|2015-2016,WTSA2YR,ok,,0.9333190994287779
survey_weighted,odds_ratio,1.0411516473614661,0.7669817310227481,1.4133279959067815,0.1496469040761414,30,0.78940215632719,age+sex+eth+marital+PIR_level+edu+smoke+alcohol.user+PA_level+BMI_level,,MCPP_ln_U,Phthalates_urine.rds,angina,Angina,natural_log_transformed,2143,45,2098,30,4,2013-2014|2015-2016,WTSB2YR,ok,,0.9333190994287779
survey_weighted,odds_ratio,0.9477004537820058,0.6174705968097929,1.4545407582788656,0.2097697704890859,30,0.79964070273964,age+sex+eth+marital+PIR_level+edu+smoke+alcohol.user+PA_level+BMI_level,,MnBP_ln_U,Phthalates_urine.rds,angina,Angina,natural_log_transformed,2143,45,2098,30,4,2013-2014|2015-2016,WTSB2YR,ok,,0.9333190994287779
survey_weighted,odds_ratio,1.0906560065160427,0.48034190817813244,2.4764246140030544,0.4015313791580273,30,0.8303562636871351,age+sex+eth+marital+PIR_level+edu+smoke+alcohol.user+PA_level+BMI_level,,MMA_binary_U,HM_urine.rds,angina,Angina,binary_above_detection_threshold,2231,46,2185,30,4,2013-2014|2015-2016,WTSA2YR,ok,,0.9333190994287779
survey_weighted,odds_ratio,0.983272908168001,0.837815809883188,1.1539834896072887,0.07838740120857261,30,0.8310716490653081,age+sex+eth+marital+PIR_level+edu+smoke+alcohol.user+PA_level+BMI_level,,BP3_ln_U,PCCP_urine.rds,angina,Angina,natural_log_transformed,2143,45,2098,30,4,2013-2014|2015-2016,WTSB2YR,ok,,0.9333190994287779
survey_weighted,odds_ratio,1.0985656851201764,0.44728020200486296,2.698189097380262,0.4399880310784857,30,0.8322619554078062,age+sex+eth+marital+PIR_level+edu+smoke+alcohol.user+PA_level+BMI_level,,BPF_binary_U,PCCP_urine.rds,angina,Angina,binary_above_detection_threshold,2144,45,2099,30,4,2013-2014|2015-2016,WTSB2YR,ok,,0.9333190994287779
survey_weighted,odds_ratio,0.9468295486419712,0.548644859540384,1.6340008998399655,0.2671865540380949,30,0.839353903465252,age+sex+eth+marital+PIR_level+edu+smoke+alcohol.user+PA_level+BMI_level,,Thiocyanate_ln_U,PERNT_urine.rds,angina,Angina,natural_log_transformed,2215,45,2170,30,4,2013-2014|2015-2016,WTSA2YR,ok,,0.9333190994287779
survey_weighted,odds_ratio,0.9074599988739372,0.3000332566418346,2.7446412400186744,0.5192504627249181,15,0.8541576132429034,age+sex+eth+marital+PIR_level+edu+smoke+alcohol.user+PA_level+BMI_level,,X26_DMA_binary_U,AA_urine.rds,angina,Angina,binary_above_detection_threshold,1065,24,1041,15,2,2013-2014,WTSA2YR,ok,,0.9333190994287779
survey_weighted,odds_ratio,1.1069221535280036,0.35761128368849804,3.426280740734027,0.5532523380968096,30,0.8555538692032345,age+sex+eth+marital+PIR_level+edu+smoke+alcohol.user+PA_level+BMI_level,,X25_DMF_binary_S,VOC_serum.rds,angina,Angina,binary_above_detection_threshold,3156,62,3094,30,4,2013-2014|2015-2016,WTSVOC2Y,ok,,0.9333190994287779
survey_weighted,odds_ratio,1.052185771732279,0.5942486149758844,1.863016371154317,0.27975072058377365,30,0.8569319146412753,age+sex+eth+marital+PIR_level+edu+smoke+alcohol.user+PA_level+BMI_level,,Chloroform_binary_S,VOC_serum.rds,angina,Angina,binary_above_detection_threshold,3074,61,3013,30,4,2013-2014|2015-2016,WTSVOC2Y,ok,,0.9333190994287779
survey_weighted,odds_ratio,0.9312041806216268,0.40782977981764973,2.1262332201314837,0.40426960805291634,30,0.8612353484876297,age+sex+eth+marital+PIR_level+edu+smoke+alcohol.user+PA_level+BMI_level,,Ethylbenzene_binary_S,VOC_serum.rds,angina,Angina,binary_above_detection_threshold,3092,60,3032,30,4,2013-2014|2015-2016,WTSVOC2Y,ok,,0.9333190994287779
survey_weighted,odds_ratio,0.9821108174515465,0.7918792528181811,1.2180413293095935,0.10541944510066788,30,0.8651914957775059,age+sex+eth+marital+PIR_level+edu+smoke+alcohol.user+PA_level+BMI_level,,PrP_ln_U,PCCP_urine.rds,angina,Angina,natural_log_transformed,2143,45,2098,30,4,2013-2014|2015-2016,WTSB2YR,ok,,0.9333190994287779
survey_weighted,odds_ratio,1.0424959663908515,0.6215309583489141,1.7485819899112578,0.25324111916749154,30,0.8705652754470775,age+sex+eth+marital+PIR_level+edu+smoke+alcohol.user+PA_level+BMI_level,,TCPY_ln_U,pesticides_urine.rds,angina,Angina,natural_log_transformed,2183,41,2142,30,4,2013-2014|2015-2016,WTSB2YR|WTSC2YR,ok,,0.9333190994287779
survey_weighted,odds_ratio,0.9342856120719636,0.39599177013031645,2.204312490225303,0.42031059803261334,30,0.8726097586670287,age+sex+eth+marital+PIR_level+edu+smoke+alcohol.user+PA_level+BMI_level,,BuP_binary_U,PCCP_urine.rds,angina,Angina,binary_above_detection_threshold,2145,45,2100,30,4,2013-2014|2015-2016,WTSB2YR,ok,,0.9333190994287779
survey_weighted,odds_ratio,0.9161001804113418,0.29956547472269995,2.801522910230411,0.5473279118131172,30,0.8738720814993737,age+sex+eth+marital+PIR_level+edu+smoke+alcohol.user+PA_level+BMI_level,,X4FPBA_binary_U,pesticides_urine.rds,angina,Angina,binary_above_detection_threshold,2206,42,2164,30,4,2013-2014|2015-2016,WTSB2YR|WTSC2YR,ok,,0.9333190994287779
survey_weighted,odds_ratio,1.0880467755039582,0.34731620069972513,3.4085533104977843,0.5357404846075191,15,0.8769441202686503,age+sex+eth+marital+PIR_level+edu+smoke+alcohol.user+PA_level+BMI_level,,Norharman_ln_U,AA_urine.rds,angina,Angina,natural_log_transformed,1139,26,1113,15,2,2013-2014,WTSA2YR,ok,,0.9333190994287779
survey_weighted,odds_ratio,1.0293988821476188,0.6667246211711992,1.5893549224345669,0.21268132031029036,30,0.8925442056401653,age+sex+eth+marital+PIR_level+edu+smoke+alcohol.user+PA_level+BMI_level,,PNP_ln_U,pesticides_urine.rds,angina,Angina,natural_log_transformed,2164,41,2123,30,4,2013-2014|2015-2016,WTSB2YR|WTSC2YR,ok,,0.9347379402681466
survey_weighted,odds_ratio,0.971926760843915,0.6289627195871783,1.5019040064323104,0.2131001011865845,30,0.8945939680526418,age+sex+eth+marital+PIR_level+edu+smoke+alcohol.user+PA_level+BMI_level,,MEHHP_ln_U,Phthalates_urine.rds,angina,Angina,natural_log_transformed,2143,45,2098,30,4,2013-2014|2015-2016,WTSB2YR,ok,,0.9347379402681466
survey_weighted,odds_ratio,0.9603903347103442,0.49765373091829446,1.8533963229876396,0.3219136030133499,30,0.9009276340023111,age+sex+eth+marital+PIR_level+edu+smoke+alcohol.user+PA_level+BMI_level,,MeFOSAA_binary_S,PFC_serum.rds,angina,Angina,binary_above_detection_threshold,2072,45,2027,30,4,2013-2014|2015-2016,WTSB2YR,ok,,0.9347379402681466
survey_weighted,odds_ratio,0.9744278372521322,0.6230792193326936,1.523898696266544,0.20979938162113856,15,0.9033708952927053,age+sex+eth+marital+PIR_level+edu+smoke+alcohol.user+PA_level+BMI_level,,DEP_ln_U,pesticides_urine.rds,angina,Angina,natural_log_transformed,1039,22,1017,15,2,2015-2016,WTSB2YR,ok,,0.9347379402681466
survey_weighted,odds_ratio,1.0240554636790165,0.6319734459435868,1.6593886965061773,0.23634387715523106,30,0.9205556488073611,age+sex+eth+marital+PIR_level+edu+smoke+alcohol.user+PA_level+BMI_level,,MHBP_ln_U,Phthalates_urine.rds,angina,Angina,natural_log_transformed,2042,43,1999,30,4,2013-2014|2015-2016,WTSB2YR|WTSSBH2Y,ok,,0.9459502873951504
survey_weighted,odds_ratio,0.9712336390123801,0.3755332508639576,2.5118808504415306,0.4652758426682925,30,0.9503951093926107,age+sex+eth+marital+PIR_level+edu+smoke+alcohol.user+PA_level+BMI_level,,OXY_binary_U,pesticides_urine.rds,angina,Angina,binary_above_detection_threshold,2196,42,2154,30,4,2013-2014|2015-2016,WTSB2YR|WTSC2YR,ok,,0.9699237760239658
survey_weighted,odds_ratio,0.9891982338659433,0.35991306215204455,2.7187486334411797,0.4950525767734797,30,0.9826425765622936,age+sex+eth+marital+PIR_level+edu+smoke+alcohol.user+PA_level+BMI_level,,EtP_binary_U,PCCP_urine.rds,angina,Angina,binary_above_detection_threshold,2145,45,2100,30,4,2013-2014|2015-2016,WTSB2YR,ok,,0.9928708266125654
survey_weighted,odds_ratio,0.997023921769815,0.596590448916285,1.6662296595377621,0.2514570957854723,30,0.990621387340334,age+sex+eth+marital+PIR_level+edu+smoke+alcohol.user+PA_level+BMI_level,,HIBP_ln_U,Phthalates_urine.rds,angina,Angina,natural_log_transformed,2042,43,1999,30,4,2013-2014|2015-2016,WTSB2YR|WTSSBH2Y,ok,,0.9928708266125654
survey_weighted,odds_ratio,0.9977183841741007,0.5944942683041462,1.6744349393957578,0.25352150239657817,30,0.9928708266125654,age+sex+eth+marital+PIR_level+edu+smoke+alcohol.user+PA_level+BMI_level,,MEOHP_ln_U,Phthalates_urine.rds,angina,Angina,natural_log_transformed,2143,45,2098,30,4,2013-2014|2015-2016,WTSB2YR,ok,,0.9928708266125654
