method,effect_scale,estimate,conf_low,conf_high,std_error_link_scale,reference_df,p_value,covariates_used,covariates_dropped_no_variation,exposure,module_rds,outcome_code,outcome,transform,n,events,non_events,n_strata,n_psu,cycles,weight_variables,status,error,p_fdr_bh
same_sample_unweighted,odds_ratio,1.6968544855021612,1.2447541633795394,2.3131596821908915,0.1579935272286925,2124,8.174364061260832e-4,age+sex+eth+marital+PIR_level+edu+smoke+alcohol.user+PA_level+BMI_level,,X3_HPMA_ln_U,VOC_urine.rds,heart.attack,Myocardial infarction,natural_log_transformed,2147,65,2082,30,4,2013-2014|2015-2016,WTSA2YR,ok,,0.08481094289569038
same_sample_unweighted,odds_ratio,1.6370690355316917,1.2163359486206728,2.2033345558320314,0.15148297018892806,2202,0.0011384019180629582,age+sex+eth+marital+PIR_level+edu+smoke+alcohol.user+PA_level+BMI_level,,X2_FL_ln_U,PAH_urine.rds,heart.attack,Myocardial infarction,natural_log_transformed,2225,68,2157,30,4,2013-2014|2015-2016,WTSA2YR,ok,,0.08481094289569038
same_sample_unweighted,odds_ratio,1.5330484830448217,1.1628652164849944,2.021074857213563,0.14093078978604057,2201,0.0024319019066438917,age+sex+eth+marital+PIR_level+edu+smoke+alcohol.user+PA_level+BMI_level,,X3_FL_ln_U,PAH_urine.rds,heart.attack,Myocardial infarction,natural_log_transformed,2224,68,2156,30,4,2013-2014|2015-2016,WTSA2YR,ok,,0.12078446136331328
same_sample_unweighted,odds_ratio,1.289243213264849,1.0827974625044836,1.5350498320387322,0.08898629861082741,2166,0.004303757921471156,age+sex+eth+marital+PIR_level+edu+smoke+alcohol.user+PA_level+BMI_level,,CEMA_CYM_ln_U,VOC_urine.rds,heart.attack,Myocardial infarction,natural_log_transformed,2189,66,2123,30,4,2013-2014|2015-2016,WTSA2YR,ok,,0.1288560060723609
same_sample_unweighted,odds_ratio,2.600759106768359,1.3465032106915873,5.023343336823142,0.3354734000995591,1026,0.004384059097824039,age+sex+eth+marital+PIR_level+edu+smoke+alcohol.user+PA_level+BMI_level,,IPM1_Cys_ln_U,VOC_urine.rds,heart.attack,Myocardial infarction,natural_log_transformed,1049,38,1011,15,2,2015-2016,WTSA2YR,ok,,0.1288560060723609
same_sample_unweighted,odds_ratio,1.5457125662781952,1.1387606064268865,2.098094475753823,0.15580463548527576,2137,0.0051888324592897,age+sex+eth+marital+PIR_level+edu+smoke+alcohol.user+PA_level+BMI_level,,MB3_Cys_ln_U,VOC_urine.rds,heart.attack,Myocardial infarction,natural_log_transformed,2160,67,2093,30,4,2013-2014|2015-2016,WTSA2YR,ok,,0.1288560060723609
same_sample_unweighted,odds_ratio,1.679175545306658,1.1405193485999103,2.472233825245719,0.19712754064252244,1026,0.008556660894232314,age+sex+eth+marital+PIR_level+edu+smoke+alcohol.user+PA_level+BMI_level,,IPM3_Cys_ln_U,VOC_urine.rds,heart.attack,Myocardial infarction,natural_log_transformed,1049,38,1011,15,2,2015-2016,WTSA2YR,ok,,0.18213463903437352
same_sample_unweighted,odds_ratio,1.5586072110759392,1.1008926443768936,2.2066242796933926,0.1772882511562247,2184,0.012306683410940654,age+sex+eth+marital+PIR_level+edu+smoke+alcohol.user+PA_level+BMI_level,,CEMA_CEM_ln_U,VOC_urine.rds,heart.attack,Myocardial infarction,natural_log_transformed,2207,68,2139,30,4,2013-2014|2015-2016,WTSA2YR,ok,,0.2075818161407219
same_sample_unweighted,odds_ratio,1.482367564973871,1.0881085410248175,2.0194801482000737,0.15766968820174626,2167,0.012538498961520114,age+sex+eth+marital+PIR_level+edu+smoke+alcohol.user+PA_level+BMI_level,,PMM_Cys_ln_U,VOC_urine.rds,heart.attack,Myocardial infarction,natural_log_transformed,2190,66,2124,30,4,2013-2014|2015-2016,WTSA2YR,ok,,0.2075818161407219
same_sample_unweighted,odds_ratio,1.464705017377461,1.0686662332200023,2.007512468571701,0.16075260239587003,2203,0.01758849110859368,age+sex+eth+marital+PIR_level+edu+smoke+alcohol.user+PA_level+BMI_level,,X23_OH_PH_ln_U,PAH_urine.rds,heart.attack,Myocardial infarction,natural_log_transformed,2226,68,2158,30,4,2013-2014|2015-2016,WTSA2YR,ok,,0.23139862530144367
same_sample_unweighted,odds_ratio,2.0131991133822744,1.1255587570401546,3.6008521498967694,0.29648817668112615,2074,0.018272782064120377,age+sex+eth+marital+PIR_level+edu+smoke+alcohol.user+PA_level+BMI_level,,DHB_Cys_ln_U,VOC_urine.rds,heart.attack,Myocardial infarction,natural_log_transformed,2097,64,2033,30,4,2013-2014|2015-2016,WTSA2YR,ok,,0.23139862530144367
same_sample_unweighted,odds_ratio,1.5541210969009946,1.0731652843833677,2.250624781643546,0.1888226904513536,2114,0.019540877623449686,age+sex+eth+marital+PIR_level+edu+smoke+alcohol.user+PA_level+BMI_level,,EO_ln_S,gas_serum.rds,heart.attack,Myocardial infarction,natural_log_transformed,2137,67,2070,30,4,2013-2014|2015-2016,WTSA2YR,ok,,0.23139862530144367
same_sample_unweighted,odds_ratio,1.3628607233475898,1.0441270274104286,1.778892129485513,0.13584833376156982,2194,0.022672487063807242,age+sex+eth+marital+PIR_level+edu+smoke+alcohol.user+PA_level+BMI_level,,Thiocyanate_ln_U,PERNT_urine.rds,heart.attack,Myocardial infarction,natural_log_transformed,2217,68,2149,30,4,2013-2014|2015-2016,WTSA2YR,ok,,0.23139862530144367
same_sample_unweighted,odds_ratio,1.2535449407797994,1.0315614822123629,1.5232973949207023,0.09938516397321473,2135,0.022981946000643412,age+sex+eth+marital+PIR_level+edu+smoke+alcohol.user+PA_level+BMI_level,,X1_NP_ln_U,PAH_urine.rds,heart.attack,Myocardial infarction,natural_log_transformed,2158,64,2094,30,4,2013-2014|2015-2016,WTSA2YR,ok,,0.23139862530144367
same_sample_unweighted,odds_ratio,0.3744729568293449,0.1602233169917844,0.8752159050839201,0.4329778220972179,3113,0.023295163620950705,age+sex+eth+marital+PIR_level+edu+smoke+alcohol.user+PA_level+BMI_level,,BDCM_binary_S,VOC_serum.rds,heart.attack,Myocardial infarction,binary_above_detection_threshold,3136,98,3038,30,4,2013-2014|2015-2016,WTSVOC2Y,ok,,0.23139862530144367
same_sample_unweighted,odds_ratio,0.14755704118112098,0.027026703641569345,0.8056136142566126,0.8657066023343288,3232,0.027078808787343207,age+sex+eth+marital+PIR_level+edu+smoke+alcohol.user+PA_level+BMI_level,,Se_ln_S,HM_serum.rds,heart.attack,Myocardial infarction,natural_log_transformed,3255,103,3152,30,4,2013-2014|2015-2016,WTSH2YR,ok,,0.2392580067960709
same_sample_unweighted,odds_ratio,2.8342257552232133,1.123386720966366,7.1505524158773595,0.4719798624103424,3135,0.027297893392840302,age+sex+eth+marital+PIR_level+edu+smoke+alcohol.user+PA_level+BMI_level,,X25_DMF_binary_S,VOC_serum.rds,heart.attack,Myocardial infarction,binary_above_detection_threshold,3158,97,3061,30,4,2013-2014|2015-2016,WTSVOC2Y,ok,,0.2392580067960709
same_sample_unweighted,odds_ratio,1.4514178533412452,1.0363682227269972,2.0326885163022195,0.17175486453542288,2203,0.03008064738053235,age+sex+eth+marital+PIR_level+edu+smoke+alcohol.user+PA_level+BMI_level,,X1_PH_ln_U,PAH_urine.rds,heart.attack,Myocardial infarction,natural_log_transformed,2226,68,2158,30,4,2013-2014|2015-2016,WTSA2YR,ok,,0.24900091442774003
same_sample_unweighted,odds_ratio,1.4906341178060885,1.009415410343929,2.201264266819997,0.1987876109395283,2208,0.04462400328817852,age+sex+eth+marital+PIR_level+edu+smoke+alcohol.user+PA_level+BMI_level,,Cd_ln_U,HM_urine.rds,heart.attack,Myocardial infarction,natural_log_transformed,2231,68,2163,30,4,2013-2014|2015-2016,WTSA2YR,ok,,0.3499461310494
same_sample_unweighted,odds_ratio,0.4216553545867093,0.1790228130707429,0.9931317411562878,0.4369184911862723,3137,0.04809879827984647,age+sex+eth+marital+PIR_level+edu+smoke+alcohol.user+PA_level+BMI_level,,DBCM_binary_S,VOC_serum.rds,heart.attack,Myocardial infarction,binary_above_detection_threshold,3160,98,3062,30,4,2013-2014|2015-2016,WTSVOC2Y,ok,,0.35833604718485623
same_sample_unweighted,odds_ratio,1.4556106738979515,0.9962605248193082,2.1267553829355386,0.19335261133377862,2208,0.052177968117414604,age+sex+eth+marital+PIR_level+edu+smoke+alcohol.user+PA_level+BMI_level,,Co_ln_U,HM_urine.rds,heart.attack,Myocardial infarction,natural_log_transformed,2231,68,2163,30,4,2013-2014|2015-2016,WTSA2YR,ok,,0.359099689737421
same_sample_unweighted,odds_ratio,1.50497549409293,0.9924682629031728,2.2821397141655826,0.21230152809093752,2158,0.05417270996036556,age+sex+eth+marital+PIR_level+edu+smoke+alcohol.user+PA_level+BMI_level,,MA_ln_U,VOC_urine.rds,heart.attack,Myocardial infarction,natural_log_transformed,2181,67,2114,30,4,2013-2014|2015-2016,WTSA2YR,ok,,0.359099689737421
same_sample_unweighted,odds_ratio,0.6196409206907032,0.3794789058215407,1.0117950291945517,0.2498671240187686,972,0.05543149573127975,age+sex+eth+marital+PIR_level+edu+smoke+alcohol.user+PA_level+BMI_level,,n_PFOA_ln_S,PFC_serum.rds,heart.attack,Myocardial infarction,natural_log_transformed,995,43,952,15,2,2015-2016,WTSB2YR,ok,,0.359099689737421
same_sample_unweighted,odds_ratio,0.6079795585429795,0.3566620027257537,1.0363849829283358,0.2719748244087999,2212,0.0673048882535672,age+sex+eth+marital+PIR_level+edu+smoke+alcohol.user+PA_level+BMI_level,,Hg_binary_U,HM_urine.rds,heart.attack,Myocardial infarction,binary_above_detection_threshold,2235,69,2166,30,4,2013-2014|2015-2016,WTSA2YR,ok,,0.4178511812408964
same_sample_unweighted,odds_ratio,1.3203147927109808,0.9643760034305916,1.8076260148015029,0.16019115936068937,2169,0.08280879997838317,age+sex+eth+marital+PIR_level+edu+smoke+alcohol.user+PA_level+BMI_level,,X2_NP_ln_U,PAH_urine.rds,heart.attack,Myocardial infarction,natural_log_transformed,2192,66,2126,30,4,2013-2014|2015-2016,WTSA2YR,ok,,0.4598304232956564
same_sample_unweighted,odds_ratio,1.4877010473912977,0.9492319181382733,2.3316266173918967,0.22913013761260081,2199,0.0829797814984018,age+sex+eth+marital+PIR_level+edu+smoke+alcohol.user+PA_level+BMI_level,,Nitrate_ln_U,PERNT_urine.rds,heart.attack,Myocardial infarction,natural_log_transformed,2222,68,2154,30,4,2013-2014|2015-2016,WTSA2YR,ok,,0.4598304232956564
same_sample_unweighted,odds_ratio,0.7802253476503583,0.58906302283674306,1.0334235379171577,0.14331054630779166,2048,0.08332497603344109,age+sex+eth+marital+PIR_level+edu+smoke+alcohol.user+PA_level+BMI_level,,PFHS_ln_S,PFC_serum.rds,heart.attack,Myocardial infarction,natural_log_transformed,2071,81,1990,30,4,2013-2014|2015-2016,WTSB2YR,ok,,0.4598304232956564
same_sample_unweighted,odds_ratio,2.007628499202312,0.8972054209684238,4.492362726095454,0.4105052191651005,1148,0.08954624571281258,age+sex+eth+marital+PIR_level+edu+smoke+alcohol.user+PA_level+BMI_level,,TTCA_binary_U,VOC_urine.rds,heart.attack,Myocardial infarction,binary_above_detection_threshold,1171,30,1141,15,2,2013-2014,WTSA2YR,ok,,0.4653215501815884
same_sample_unweighted,odds_ratio,1.5213273326409662,0.9353005260327816,2.4745381710170853,0.24791908740971416,1055,0.09056593929708767,age+sex+eth+marital+PIR_level+edu+smoke+alcohol.user+PA_level+BMI_level,,o_TLD_ln_U,AA_urine.rds,heart.attack,Myocardial infarction,natural_log_transformed,1078,27,1051,15,2,2013-2014,WTSA2YR,ok,,0.4653215501815884
same_sample_unweighted,odds_ratio,3.0188950036664015,0.8128592088379064,11.211937988856993,0.6686561176531822,1027,0.09845196834352295,age+sex+eth+marital+PIR_level+edu+smoke+alcohol.user+PA_level+BMI_level,,CYHA_Cys_binary_U,VOC_urine.rds,heart.attack,Myocardial infarction,binary_above_detection_threshold,1050,38,1012,15,2,2015-2016,WTSA2YR,ok,,0.47102995727507463
same_sample_unweighted,odds_ratio,1.2760349346945863,0.9553696459483306,1.7043300061566733,0.1475788350406359,2119,0.09859351009615248,age+sex+eth+marital+PIR_level+edu+smoke+alcohol.user+PA_level+BMI_level,,MEOHP_ln_U,Phthalates_urine.rds,heart.attack,Myocardial infarction,natural_log_transformed,2142,83,2059,30,4,2013-2014|2015-2016,WTSB2YR,ok,,0.47102995727507463
same_sample_unweighted,odds_ratio,1.3064209306572023,0.9488827329784728,1.7986792137126508,0.16305686402342984,2202,0.10116079619330462,age+sex+eth+marital+PIR_level+edu+smoke+alcohol.user+PA_level+BMI_level,,X1_PY_ln_U,PAH_urine.rds,heart.attack,Myocardial infarction,natural_log_transformed,2225,67,2158,30,4,2013-2014|2015-2016,WTSA2YR,ok,,0.47102995727507463
same_sample_unweighted,odds_ratio,1.3435658646128164,0.936124504692134,1.9283431034063743,0.18428843294670444,3233,0.10903914232734588,age+sex+eth+marital+PIR_level+edu+smoke+alcohol.user+PA_level+BMI_level,,Cd_ln_S,HM_serum.rds,heart.attack,Myocardial infarction,natural_log_transformed,3256,103,3153,30,4,2013-2014|2015-2016,WTSH2YR,ok,,0.49232824869013747
same_sample_unweighted,odds_ratio,1.2377852895529415,0.9436691011159171,1.6235695554955547,0.13834563019111223,2175,0.12308279066920105,age+sex+eth+marital+PIR_level+edu+smoke+alcohol.user+PA_level+BMI_level,,X2_HPMA_ln_U,VOC_urine.rds,heart.attack,Myocardial infarction,natural_log_transformed,2198,67,2131,30,4,2013-2014|2015-2016,WTSA2YR,ok,,0.5393922296973811
same_sample_unweighted,odds_ratio,1.4629314903099402,0.8878862371619786,2.410408513799306,0.25462653281645686,2048,0.1351445678605826,age+sex+eth+marital+PIR_level+edu+smoke+alcohol.user+PA_level+BMI_level,,MeFOSAA_binary_S,PFC_serum.rds,heart.attack,Myocardial infarction,binary_above_detection_threshold,2071,81,1990,30,4,2013-2014|2015-2016,WTSB2YR,ok,,0.554821560585306
same_sample_unweighted,odds_ratio,1.2098633961615977,0.9408522845961496,1.555790915680225,0.12823637299325277,2207,0.13738598331852306,age+sex+eth+marital+PIR_level+edu+smoke+alcohol.user+PA_level+BMI_level,,Sn_ln_U,HM_urine.rds,heart.attack,Myocardial infarction,natural_log_transformed,2230,68,2162,30,4,2013-2014|2015-2016,WTSA2YR,ok,,0.554821560585306
same_sample_unweighted,odds_ratio,1.3196627081353955,0.9071070070210693,1.919850304058776,0.19115940266175144,2208,0.14677419886471627,age+sex+eth+marital+PIR_level+edu+smoke+alcohol.user+PA_level+BMI_level,,Sb_ln_U,HM_urine.rds,heart.attack,Myocardial infarction,natural_log_transformed,2231,68,2163,30,4,2013-2014|2015-2016,WTSA2YR,ok,,0.554821560585306
same_sample_unweighted,odds_ratio,1.468943661851675,0.8730225226075461,2.4716378166846122,0.2653344159289702,2160,0.14725973780319238,age+sex+eth+marital+PIR_level+edu+smoke+alcohol.user+PA_level+BMI_level,,PMA_binary_U,VOC_urine.rds,heart.attack,Myocardial infarction,binary_above_detection_threshold,2183,67,2116,30,4,2013-2014|2015-2016,WTSA2YR,ok,,0.554821560585306
same_sample_unweighted,odds_ratio,1.2844780764917476,0.9131399641774607,1.8068247954453773,0.1738865064565992,1014,0.14993916391065779,age+sex+eth+marital+PIR_level+edu+smoke+alcohol.user+PA_level+BMI_level,,DEP_ln_U,pesticides_urine.rds,heart.attack,Myocardial infarction,natural_log_transformed,1037,47,990,15,2,2015-2016,WTSB2YR,ok,,0.554821560585306
same_sample_unweighted,odds_ratio,0.3940810165451596,0.11007262365074537,1.410885308721491,0.6499554430803157,1011,0.15194024567239262,age+sex+eth+marital+PIR_level+edu+smoke+alcohol.user+PA_level+BMI_level,,MDA_binary_U,pesticides_urine.rds,heart.attack,Myocardial infarction,binary_above_detection_threshold,1034,47,987,15,2,2015-2016,WTSB2YR,ok,,0.554821560585306
same_sample_unweighted,odds_ratio,0.7778193830041387,0.5490748460066643,1.1018588758473118,0.177581711675781,2048,0.15709687110650522,age+sex+eth+marital+PIR_level+edu+smoke+alcohol.user+PA_level+BMI_level,,PFNA_ln_S,PFC_serum.rds,heart.attack,Myocardial infarction,natural_log_transformed,2071,81,1990,30,4,2013-2014|2015-2016,WTSB2YR,ok,,0.554821560585306
same_sample_unweighted,odds_ratio,1.3891711256143313,0.8800165755145767,2.19290916777581,0.2327958809128604,2208,0.15795062784364564,age+sex+eth+marital+PIR_level+edu+smoke+alcohol.user+PA_level+BMI_level,,Tl_ln_U,HM_urine.rds,heart.attack,Myocardial infarction,natural_log_transformed,2231,68,2163,30,4,2013-2014|2015-2016,WTSA2YR,ok,,0.554821560585306
same_sample_unweighted,odds_ratio,1.4442017186011695,0.8609557724045622,2.4225618444782255,0.2636313095734713,1116,0.1632549812775662,age+sex+eth+marital+PIR_level+edu+smoke+alcohol.user+PA_level+BMI_level,,Norharman_ln_U,AA_urine.rds,heart.attack,Myocardial infarction,natural_log_transformed,1139,28,1111,15,2,2013-2014,WTSA2YR,ok,,0.554821560585306
same_sample_unweighted,odds_ratio,0.8155659846926661,0.6109949551987146,1.0886307157338004,0.14726451301897617,2178,0.16623610205473813,age+sex+eth+marital+PIR_level+edu+smoke+alcohol.user+PA_level+BMI_level,,X24D_ln_U,pesticides_urine.rds,heart.attack,Myocardial infarction,natural_log_transformed,2201,84,2117,30,4,2013-2014|2015-2016,WTSB2YR|WTSC2YR,ok,,0.554821560585306
same_sample_unweighted,odds_ratio,1.6306730197980646,0.8135864470053515,3.2683613490427876,0.3543233742284531,1008,0.16756355856603203,age+sex+eth+marital+PIR_level+edu+smoke+alcohol.user+PA_level+BMI_level,,MCOCH_binary_U,Phthalates_urine.rds,heart.attack,Myocardial infarction,binary_above_detection_threshold,1031,46,985,15,2,2015-2016,WTSB2YR,ok,,0.554821560585306
same_sample_unweighted,odds_ratio,0.6292242374226299,0.32134668078018697,1.23207477979496,0.34243582946061335,1010,0.17610049900971383,age+sex+eth+marital+PIR_level+edu+smoke+alcohol.user+PA_level+BMI_level,,DMDTP_binary_U,pesticides_urine.rds,heart.attack,Myocardial infarction,binary_above_detection_threshold,1033,46,987,15,2,2015-2016,WTSB2YR,ok,,0.5704124859227687
same_sample_unweighted,odds_ratio,0.8208385005845609,0.613413378561093,1.0984042206943898,0.14852957099106198,2018,0.1837744589603287,age+sex+eth+marital+PIR_level+edu+smoke+alcohol.user+PA_level+BMI_level,,HIBP_ln_U,Phthalates_urine.rds,heart.attack,Myocardial infarction,natural_log_transformed,2041,80,1961,30,4,2013-2014|2015-2016,WTSB2YR|WTSSBH2Y,ok,,0.5826041358529569
same_sample_unweighted,odds_ratio,1.2240216064982248,0.9028001584975855,1.6595354786687289,0.15521817191927847,2119,0.19281118563895805,age+sex+eth+marital+PIR_level+edu+smoke+alcohol.user+PA_level+BMI_level,,MECPP_ln_U,Phthalates_urine.rds,heart.attack,Myocardial infarction,natural_log_transformed,2142,83,2059,30,4,2013-2014|2015-2016,WTSB2YR,ok,,0.5985180554209323
same_sample_unweighted,odds_ratio,0.71875333002969,0.4322231266187049,1.195230698251147,0.25938189301348247,3123,0.20295798477812174,age+sex+eth+marital+PIR_level+edu+smoke+alcohol.user+PA_level+BMI_level,,m_p_Xylene_binary_S,VOC_serum.rds,heart.attack,Myocardial infarction,binary_above_detection_threshold,3146,97,3049,30,4,2013-2014|2015-2016,WTSVOC2Y,ok,,0.617157953713064
same_sample_unweighted,odds_ratio,1.3202625938626966,0.8566792344697571,2.0347094298742348,0.22055507699210725,2160,0.20778182514622237,age+sex+eth+marital+PIR_level+edu+smoke+alcohol.user+PA_level+BMI_level,,PGA_ln_U,VOC_urine.rds,heart.attack,Myocardial infarction,natural_log_transformed,2183,67,2116,30,4,2013-2014|2015-2016,WTSA2YR,ok,,0.6191898389357426
same_sample_unweighted,odds_ratio,1.9437418638867963,0.6796755879460193,5.558729047255675,0.5354754615161877,1024,0.21454375999011793,age+sex+eth+marital+PIR_level+edu+smoke+alcohol.user+PA_level+BMI_level,,DPCP_binary_U,BFR_urine.rds,heart.attack,Myocardial infarction,binary_above_detection_threshold,1047,35,1012,15,2,2013-2014,WTSSCH2Y,ok,,0.6268043184025014
same_sample_unweighted,odds_ratio,0.4959595136523614,0.15559308049401052,1.5808918905732159,0.59064595529772,874,0.2351179610397001,age+sex+eth+marital+PIR_level+edu+smoke+alcohol.user+PA_level+BMI_level,,IPPPP_binary_U,BFR_urine.rds,heart.attack,Myocardial infarction,binary_above_detection_threshold,897,45,852,15,2,2015-2016,WTSSBI2Y,ok,,0.673703388363756
same_sample_unweighted,odds_ratio,0.7724794901824752,0.49965677912615464,1.1942689215508755,0.22220370282101568,3052,0.24532849226784184,age+sex+eth+marital+PIR_level+edu+smoke+alcohol.user+PA_level+BMI_level,,Chloroform_binary_S,VOC_serum.rds,heart.attack,Myocardial infarction,binary_above_detection_threshold,3075,96,2979,30,4,2013-2014|2015-2016,WTSVOC2Y,ok,,0.6896970820360082
same_sample_unweighted,odds_ratio,0.7580168763187702,0.47174241370212516,1.21801552731886,0.2418420839542495,2120,0.2519686773572973,age+sex+eth+marital+PIR_level+edu+smoke+alcohol.user+PA_level+BMI_level,,BPF_binary_U,PCCP_urine.rds,heart.attack,Myocardial infarction,binary_above_detection_threshold,2143,83,2060,30,4,2013-2014|2015-2016,WTSB2YR,ok,,0.6952469060414314
same_sample_unweighted,odds_ratio,1.3739064984707239,0.7901746479030837,2.3888631096294106,0.282074743858944,2209,0.260102531175782,age+sex+eth+marital+PIR_level+edu+smoke+alcohol.user+PA_level+BMI_level,,Mn_binary_U,HM_urine.rds,heart.attack,Myocardial infarction,binary_above_detection_threshold,2232,68,2164,30,4,2013-2014|2015-2016,WTSA2YR,ok,,0.7046414026398459
same_sample_unweighted,odds_ratio,0.8891538289378229,0.7217424538596876,1.0953970177130372,0.10637067174200918,2118,0.2693819462808507,age+sex+eth+marital+PIR_level+edu+smoke+alcohol.user+PA_level+BMI_level,,BPS_ln_U,PCCP_urine.rds,heart.attack,Myocardial infarction,natural_log_transformed,2141,83,2058,30,4,2013-2014|2015-2016,WTSB2YR,ok,,0.7167483927829778
same_sample_unweighted,odds_ratio,1.3270513855233084,0.7960554357442874,2.212239626468715,0.26057814091411,1920,0.2775271857947846,age+sex+eth+marital+PIR_level+edu+smoke+alcohol.user+PA_level+BMI_level,,DBUP_binary_U,BFR_urine.rds,heart.attack,Myocardial infarction,binary_above_detection_threshold,1943,80,1863,30,4,2013-2014|2015-2016,WTSSBI2Y|WTSSCH2Y,ok,,0.7254658014635598
same_sample_unweighted,odds_ratio,0.8659101992477474,0.654791519034184,1.1450980218363664,0.14250500956385703,2119,0.31234734414396054,age+sex+eth+marital+PIR_level+edu+smoke+alcohol.user+PA_level+BMI_level,,MnBP_ln_U,Phthalates_urine.rds,heart.attack,Myocardial infarction,natural_log_transformed,2142,83,2059,30,4,2013-2014|2015-2016,WTSB2YR,ok,,0.7488226159669117
same_sample_unweighted,odds_ratio,1.4563092935096513,0.6974120005267168,3.0410098431928745,0.37551730327622723,3139,0.31681067247879485,age+sex+eth+marital+PIR_level+edu+smoke+alcohol.user+PA_level+BMI_level,,Furan_binary_S,VOC_serum.rds,heart.attack,Myocardial infarction,binary_above_detection_threshold,3162,98,3064,30,4,2013-2014|2015-2016,WTSVOC2Y,ok,,0.7488226159669117
same_sample_unweighted,odds_ratio,0.8739035355369598,0.6692978357836381,1.1410576108165986,0.13601515236415143,2069,0.32170617065489704,age+sex+eth+marital+PIR_level+edu+smoke+alcohol.user+PA_level+BMI_level,,X2_MHA_ln_U,VOC_urine.rds,heart.attack,Myocardial infarction,natural_log_transformed,2092,63,2029,30,4,2013-2014|2015-2016,WTSA2YR,ok,,0.7488226159669117
same_sample_unweighted,odds_ratio,1.2490233096011096,0.7998940248728555,1.950332393312831,0.22728189103606797,3107,0.32789982255331634,age+sex+eth+marital+PIR_level+edu+smoke+alcohol.user+PA_level+BMI_level,,X14_DCB_binary_S,VOC_serum.rds,heart.attack,Myocardial infarction,binary_above_detection_threshold,3130,95,3035,30,4,2013-2014|2015-2016,WTSVOC2Y,ok,,0.7488226159669117
same_sample_unweighted,odds_ratio,0.8622447577822774,0.6396833340935426,1.1622407255248255,0.15224231712727623,2048,0.330278068117835,age+sex+eth+marital+PIR_level+edu+smoke+alcohol.user+PA_level+BMI_level,,PFDA_ln_S,PFC_serum.rds,heart.attack,Myocardial infarction,natural_log_transformed,2071,81,1990,30,4,2013-2014|2015-2016,WTSB2YR,ok,,0.7488226159669117
same_sample_unweighted,odds_ratio,1.7170116154675312,0.570784527429882,5.165046959007809,0.5612601057761152,1042,0.33546539055737723,age+sex+eth+marital+PIR_level+edu+smoke+alcohol.user+PA_level+BMI_level,,X26_DMA_binary_U,AA_urine.rds,heart.attack,Myocardial infarction,binary_above_detection_threshold,1065,27,1038,15,2,2013-2014,WTSA2YR,ok,,0.7488226159669117
same_sample_unweighted,odds_ratio,0.9333073445843737,0.8094268340881106,1.0761474203365922,0.07261775972071226,2155,0.34187548455618905,age+sex+eth+marital+PIR_level+edu+smoke+alcohol.user+PA_level+BMI_level,,DEA_ln_U,pesticides_urine.rds,heart.attack,Myocardial infarction,natural_log_transformed,2178,83,2095,30,4,2013-2014|2015-2016,WTSB2YR|WTSC2YR,ok,,0.7488226159669117
same_sample_unweighted,odds_ratio,0.6683722547384675,0.2904326688447895,1.538124043280117,0.4247943207807594,1131,0.3428838611750933,age+sex+eth+marital+PIR_level+edu+smoke+alcohol.user+PA_level+BMI_level,,PhIP_binary_U,AA_urine.rds,heart.attack,Myocardial infarction,binary_above_detection_threshold,1154,30,1124,15,2,2013-2014,WTSA2YR,ok,,0.7488226159669117
same_sample_unweighted,odds_ratio,1.2892956565432225,0.7619978845673134,2.1814801899681338,0.2681755234863502,2171,0.3433845157101565,age+sex+eth+marital+PIR_level+edu+smoke+alcohol.user+PA_level+BMI_level,,OXY_binary_U,pesticides_urine.rds,heart.attack,Myocardial infarction,binary_above_detection_threshold,2194,83,2111,30,4,2013-2014|2015-2016,WTSB2YR|WTSC2YR,ok,,0.7488226159669117
same_sample_unweighted,odds_ratio,1.2729690385085957,0.772182171856222,2.0985335223502437,0.2548883489597511,1922,0.34369329687646966,age+sex+eth+marital+PIR_level+edu+smoke+alcohol.user+PA_level+BMI_level,,BCPP_binary_U,BFR_urine.rds,heart.attack,Myocardial infarction,binary_above_detection_threshold,1945,80,1865,30,4,2013-2014|2015-2016,WTSSBI2Y|WTSSCH2Y,ok,,0.7488226159669117
same_sample_unweighted,odds_ratio,0.7744227208815416,0.4526049523541137,1.3250640486769283,0.2738846485860156,2210,0.3506257813609804,age+sex+eth+marital+PIR_level+edu+smoke+alcohol.user+PA_level+BMI_level,,As_III_binary_U,HM_urine.rds,heart.attack,Myocardial infarction,binary_above_detection_threshold,2233,69,2164,30,4,2013-2014|2015-2016,WTSA2YR,ok,,0.7488226159669117
same_sample_unweighted,odds_ratio,1.1297137551661718,0.8739404605194445,1.4603433829497787,0.1309239564337063,3074,0.3515609391849452,age+sex+eth+marital+PIR_level+edu+smoke+alcohol.user+PA_level+BMI_level,,Toluene_ln_S,VOC_serum.rds,heart.attack,Myocardial infarction,natural_log_transformed,3097,93,3004,30,4,2013-2014|2015-2016,WTSVOC2Y,ok,,0.7488226159669117
same_sample_unweighted,odds_ratio,1.2036849349112038,0.8145904989477737,1.7786328522168047,0.19910356480285815,2133,0.351795859850227,age+sex+eth+marital+PIR_level+edu+smoke+alcohol.user+PA_level+BMI_level,,CEMA_AAM_ln_U,VOC_urine.rds,heart.attack,Myocardial infarction,natural_log_transformed,2156,64,2092,30,4,2013-2014|2015-2016,WTSA2YR,ok,,0.7488226159669117
same_sample_unweighted,odds_ratio,1.5923349829684896,0.5754404739880143,4.40624323904973,0.5187507107835776,1132,0.3698402118703437,age+sex+eth+marital+PIR_level+edu+smoke+alcohol.user+PA_level+BMI_level,,A_a_C_binary_U,AA_urine.rds,heart.attack,Myocardial infarction,binary_above_detection_threshold,1155,30,1125,15,2,2013-2014,WTSA2YR,ok,,0.76859850591585
same_sample_unweighted,odds_ratio,1.2274828606324035,0.7815312292030161,1.9279001488946437,0.2300897769404813,1097,0.3730326402621197,age+sex+eth+marital+PIR_level+edu+smoke+alcohol.user+PA_level+BMI_level,,X4_ABP_ln_U,AA_urine.rds,heart.attack,Myocardial infarction,natural_log_transformed,1120,27,1093,15,2,2013-2014,WTSA2YR,ok,,0.76859850591585
same_sample_unweighted,odds_ratio,0.6296393485624541,0.22476332658525783,1.763836277390968,0.5248737539777599,913,0.37811748087100927,age+sex+eth+marital+PIR_level+edu+smoke+alcohol.user+PA_level+BMI_level,,PPDA_binary_U,AA_urine.rds,heart.attack,Myocardial infarction,binary_above_detection_threshold,936,36,900,15,2,2015-2016,WTSA2YR,ok,,0.76859850591585
same_sample_unweighted,odds_ratio,1.2816592724975573,0.7322710201033361,2.243227501406735,0.2854385137377136,2179,0.3846373839000858,age+sex+eth+marital+PIR_level+edu+smoke+alcohol.user+PA_level+BMI_level,,HEMA_binary_U,VOC_urine.rds,heart.attack,Myocardial infarction,binary_above_detection_threshold,2202,67,2135,30,4,2013-2014|2015-2016,WTSA2YR,ok,,0.76859850591585
same_sample_unweighted,odds_ratio,1.1307497135582192,0.8558934400373124,1.4938716140367365,0.14201084799247518,2187,0.3868784425750923,age+sex+eth+marital+PIR_level+edu+smoke+alcohol.user+PA_level+BMI_level,,BMA_ln_U,VOC_urine.rds,heart.attack,Myocardial infarction,natural_log_transformed,2210,68,2142,30,4,2013-2014|2015-2016,WTSA2YR,ok,,0.76859850591585
same_sample_unweighted,odds_ratio,0.5763537818758693,0.15670330725442846,2.1198255971922353,0.663672186749628,989,0.40638061325703656,age+sex+eth+marital+PIR_level+edu+smoke+alcohol.user+PA_level+BMI_level,,PFBA_binary_U,PFC_urine.rds,heart.attack,Myocardial infarction,binary_above_detection_threshold,1012,34,978,15,2,2013-2014,WTSSBH2Y,ok,,0.7967198865170848
same_sample_unweighted,odds_ratio,1.2578711359804582,0.7204556747520269,2.1961653578165765,0.2841822066729605,2210,0.41949280877942013,age+sex+eth+marital+PIR_level+edu+smoke+alcohol.user+PA_level+BMI_level,,MMA_binary_U,HM_urine.rds,heart.attack,Myocardial infarction,binary_above_detection_threshold,2233,69,2164,30,4,2013-2014|2015-2016,WTSA2YR,ok,,0.8117458247809559
same_sample_unweighted,odds_ratio,1.2189295014101347,0.7487929643960736,1.9842455792921314,0.24846761414919122,2120,0.4255811735078147,age+sex+eth+marital+PIR_level+edu+smoke+alcohol.user+PA_level+BMI_level,,MEHP_binary_U,Phthalates_urine.rds,heart.attack,Myocardial infarction,binary_above_detection_threshold,2143,83,2060,30,4,2013-2014|2015-2016,WTSB2YR,ok,,0.8117800830804704
same_sample_unweighted,odds_ratio,1.4785987780307086,0.5586854823530257,3.9132113066300174,0.49600135160546194,1053,0.43040688968696084,age+sex+eth+marital+PIR_level+edu+smoke+alcohol.user+PA_level+BMI_level,,PFHpA_binary_S,PFC_serum.rds,heart.attack,Myocardial infarction,binary_above_detection_threshold,1076,38,1038,15,2,2013-2014,WTSB2YR,ok,,0.8117800830804704
same_sample_unweighted,odds_ratio,1.1843665856742203,0.7724611585205882,1.8159155237631588,0.21782272552558152,1132,0.4372675347771245,age+sex+eth+marital+PIR_level+edu+smoke+alcohol.user+PA_level+BMI_level,,Harman_ln_U,AA_urine.rds,heart.attack,Myocardial infarction,natural_log_transformed,1155,30,1125,15,2,2013-2014,WTSA2YR,ok,,0.8144107835223944
same_sample_unweighted,odds_ratio,1.1029697561058074,0.8529637799834202,1.4262531556823563,0.13107564696595614,2207,0.45463625687673814,age+sex+eth+marital+PIR_level+edu+smoke+alcohol.user+PA_level+BMI_level,,Total_As_ln_U,HM_urine.rds,heart.attack,Myocardial infarction,natural_log_transformed,2230,68,2162,30,4,2013-2014|2015-2016,WTSA2YR,ok,,0.8363062009214072
same_sample_unweighted,odds_ratio,0.8932228635919907,0.6615976293817984,1.20594005874687,0.15306847617787353,2139,0.4606945997848379,age+sex+eth+marital+PIR_level+edu+smoke+alcohol.user+PA_level+BMI_level,,PNP_ln_U,pesticides_urine.rds,heart.attack,Myocardial infarction,natural_log_transformed,2162,84,2078,30,4,2013-2014|2015-2016,WTSB2YR|WTSC2YR,ok,,0.8371157971700104
same_sample_unweighted,odds_ratio,0.9049823045427521,0.6801055676845709,1.2042144785313018,0.14566391169455717,2018,0.49308356055587793,age+sex+eth+marital+PIR_level+edu+smoke+alcohol.user+PA_level+BMI_level,,MHBP_ln_U,Phthalates_urine.rds,heart.attack,Myocardial infarction,natural_log_transformed,2041,80,1961,30,4,2013-2014|2015-2016,WTSB2YR|WTSSBH2Y,ok,,0.8728204701797675
same_sample_unweighted,odds_ratio,1.2867682251777004,0.6239222699417747,2.653812093422291,0.3688709857596745,985,0.494272961988493,age+sex+eth+marital+PIR_level+edu+smoke+alcohol.user+PA_level+BMI_level,,X4_MDA_binary_U,AA_urine.rds,heart.attack,Myocardial infarction,binary_above_detection_threshold,1008,38,970,15,2,2015-2016,WTSA2YR,ok,,0.8728204701797675
same_sample_unweighted,odds_ratio,1.475695948456117,0.44576489222858956,4.885262545918666,0.6101195014507413,1131,0.5236086921176659,age+sex+eth+marital+PIR_level+edu+smoke+alcohol.user+PA_level+BMI_level,,MeA_a_C_binary_U,AA_urine.rds,heart.attack,Myocardial infarction,binary_above_detection_threshold,1154,30,1124,15,2,2013-2014,WTSA2YR,ok,,0.8728204701797675
same_sample_unweighted,odds_ratio,1.057876722005171,0.8895109878294399,1.2581105509345198,0.0883935689647984,2119,0.5244409971261168,age+sex+eth+marital+PIR_level+edu+smoke+alcohol.user+PA_level+BMI_level,,X24_DCP_ln_U,PCCP_urine.rds,heart.attack,Myocardial infarction,natural_log_transformed,2142,83,2059,30,4,2013-2014|2015-2016,WTSB2YR,ok,,0.8728204701797675
same_sample_unweighted,odds_ratio,0.8491514138716725,0.5109235040454204,1.411283916224295,0.2590442493728217,2048,0.5278869609086103,age+sex+eth+marital+PIR_level+edu+smoke+alcohol.user+PA_level+BMI_level,,PFUnDA_binary_S,PFC_serum.rds,heart.attack,Myocardial infarction,binary_above_detection_threshold,2071,81,1990,30,4,2013-2014|2015-2016,WTSB2YR,ok,,0.8728204701797675
same_sample_unweighted,odds_ratio,1.3764830099048988,0.4964080267411889,3.816830861892343,0.5196411845915515,875,0.5386152492209413,age+sex+eth+marital+PIR_level+edu+smoke+alcohol.user+PA_level+BMI_level,,TBPPP_binary_U,BFR_urine.rds,heart.attack,Myocardial infarction,binary_above_detection_threshold,898,45,853,15,2,2015-2016,WTSSBI2Y,ok,,0.8728204701797675
same_sample_unweighted,odds_ratio,1.0829234045452858,0.8382899887713945,1.3989468033976002,0.13056830407789333,2119,0.5417726468234526,age+sex+eth+marital+PIR_level+edu+smoke+alcohol.user+PA_level+BMI_level,,BPA_ln_U,PCCP_urine.rds,heart.attack,Myocardial infarction,natural_log_transformed,2142,83,2059,30,4,2013-2014|2015-2016,WTSB2YR,ok,,0.8728204701797675
same_sample_unweighted,odds_ratio,1.089509934383423,0.8263738181475574,1.4364345421556108,0.140960824620852,2119,0.5430754401322845,age+sex+eth+marital+PIR_level+edu+smoke+alcohol.user+PA_level+BMI_level,,MEHHP_ln_U,Phthalates_urine.rds,heart.attack,Myocardial infarction,natural_log_transformed,2142,83,2059,30,4,2013-2014|2015-2016,WTSB2YR,ok,,0.8728204701797675
same_sample_unweighted,odds_ratio,0.8583863552458045,0.5224181120259402,1.4104165187052127,0.253220300761074,2121,0.5464846720701328,age+sex+eth+marital+PIR_level+edu+smoke+alcohol.user+PA_level+BMI_level,,EtP_binary_U,PCCP_urine.rds,heart.attack,Myocardial infarction,binary_above_detection_threshold,2144,83,2061,30,4,2013-2014|2015-2016,WTSB2YR,ok,,0.8728204701797675
same_sample_unweighted,odds_ratio,1.0345340094388815,0.9254945918038887,1.1564201737793354,0.05679413815580256,2119,0.5499785945466602,age+sex+eth+marital+PIR_level+edu+smoke+alcohol.user+PA_level+BMI_level,,BP3_ln_U,PCCP_urine.rds,heart.attack,Myocardial infarction,natural_log_transformed,2142,83,2059,30,4,2013-2014|2015-2016,WTSB2YR,ok,,0.8728204701797675
same_sample_unweighted,odds_ratio,0.9043686682641823,0.6476678194846953,1.2628119902400947,0.1702317729480685,1915,0.5548699709413665,age+sex+eth+marital+PIR_level+edu+smoke+alcohol.user+PA_level+BMI_level,,GLYP_ln_U,GYLP_urine.rds,heart.attack,Myocardial infarction,natural_log_transformed,1938,78,1860,30,4,2013-2014|2015-2016,WTSSCH2Y|WTSSGL2Y,ok,,0.8728204701797675
same_sample_unweighted,odds_ratio,1.1745837035852646,0.6822639396044397,2.0221600419450034,0.27702195630638143,2196,0.5613279602650599,age+sex+eth+marital+PIR_level+edu+smoke+alcohol.user+PA_level+BMI_level,,GAM_Cys_binary_U,VOC_urine.rds,heart.attack,Myocardial infarction,binary_above_detection_threshold,2219,68,2151,30,4,2013-2014|2015-2016,WTSA2YR,ok,,0.8728204701797675
same_sample_unweighted,odds_ratio,0.9112288437948382,0.6633969142400831,1.2516458668108583,0.16186142335125328,2158,0.5657472650524735,age+sex+eth+marital+PIR_level+edu+smoke+alcohol.user+PA_level+BMI_level,,TCPY_ln_U,pesticides_urine.rds,heart.attack,Myocardial infarction,natural_log_transformed,2181,83,2098,30,4,2013-2014|2015-2016,WTSB2YR|WTSC2YR,ok,,0.8728204701797675
same_sample_unweighted,odds_ratio,0.9214636663441791,0.6937079468231552,1.2239953315813952,0.14477402491540026,2142,0.5720990999514153,age+sex+eth+marital+PIR_level+edu+smoke+alcohol.user+PA_level+BMI_level,,ATCA_ln_U,VOC_urine.rds,heart.attack,Myocardial infarction,natural_log_transformed,2165,67,2098,30,4,2013-2014|2015-2016,WTSA2YR,ok,,0.8728204701797675
same_sample_unweighted,odds_ratio,1.079358930897013,0.8269546924997835,1.4088023349688505,0.13583190293970196,2193,0.5739667888839202,age+sex+eth+marital+PIR_level+edu+smoke+alcohol.user+PA_level+BMI_level,,X34_MHA_ln_U,VOC_urine.rds,heart.attack,Myocardial infarction,natural_log_transformed,2216,68,2148,30,4,2013-2014|2015-2016,WTSA2YR,ok,,0.8728204701797675
same_sample_unweighted,odds_ratio,1.0871759507235095,0.8047795772211662,1.4686649379358536,0.1533694111730986,2119,0.5857663692981185,age+sex+eth+marital+PIR_level+edu+smoke+alcohol.user+PA_level+BMI_level,,MiBP_ln_U,Phthalates_urine.rds,heart.attack,Myocardial infarction,natural_log_transformed,2142,83,2059,30,4,2013-2014|2015-2016,WTSB2YR,ok,,0.8728204701797675
same_sample_unweighted,odds_ratio,1.1700239968515187,0.6646778458253504,2.0595784285671934,0.288355850027984,2208,0.5860628588313801,age+sex+eth+marital+PIR_level+edu+smoke+alcohol.user+PA_level+BMI_level,,Cs_ln_U,HM_urine.rds,heart.attack,Myocardial infarction,natural_log_transformed,2231,68,2163,30,4,2013-2014|2015-2016,WTSA2YR,ok,,0.8728204701797675
same_sample_unweighted,odds_ratio,1.1913583878877554,0.6313629624448811,2.2480488923428434,0.3238481610547489,3232,0.5887368197574636,age+sex+eth+marital+PIR_level+edu+smoke+alcohol.user+PA_level+BMI_level,,Mn_ln_S,HM_serum.rds,heart.attack,Myocardial infarction,natural_log_transformed,3255,103,3152,30,4,2013-2014|2015-2016,WTSH2YR,ok,,0.8728204701797675
same_sample_unweighted,odds_ratio,1.157991801757717,0.6773721928618791,1.9796280790220044,0.27343768547136665,2210,0.591643405960782,age+sex+eth+marital+PIR_level+edu+smoke+alcohol.user+PA_level+BMI_level,,AsB_binary_U,HM_urine.rds,heart.attack,Myocardial infarction,binary_above_detection_threshold,2233,69,2164,30,4,2013-2014|2015-2016,WTSA2YR,ok,,0.8728204701797675
same_sample_unweighted,odds_ratio,1.1063495999264386,0.7466134277483915,1.6394152472568195,0.2005435293337833,2208,0.6142893806033075,age+sex+eth+marital+PIR_level+edu+smoke+alcohol.user+PA_level+BMI_level,,Pb_ln_U,HM_urine.rds,heart.attack,Myocardial infarction,natural_log_transformed,2231,68,2163,30,4,2013-2014|2015-2016,WTSA2YR,ok,,0.894228744081525
same_sample_unweighted,odds_ratio,0.936513394090321,0.7235108232226727,1.2122242116627515,0.13158755312079415,2208,0.618158125103336,age+sex+eth+marital+PIR_level+edu+smoke+alcohol.user+PA_level+BMI_level,,Ba_ln_U,HM_urine.rds,heart.attack,Myocardial infarction,natural_log_transformed,2231,68,2163,30,4,2013-2014|2015-2016,WTSA2YR,ok,,0.894228744081525
same_sample_unweighted,odds_ratio,1.133194070990723,0.6779552186743005,1.8941203890126572,0.261954307796853,2120,0.6331227835293689,age+sex+eth+marital+PIR_level+edu+smoke+alcohol.user+PA_level+BMI_level,,MHNCH_binary_U,Phthalates_urine.rds,heart.attack,Myocardial infarction,binary_above_detection_threshold,2143,83,2060,30,4,2013-2014|2015-2016,WTSB2YR,ok,,0.8997247622963713
same_sample_unweighted,odds_ratio,1.1495130814572432,0.6419464094484121,2.0583966278068493,0.2971270078921246,3057,0.6391036077064702,age+sex+eth+marital+PIR_level+edu+smoke+alcohol.user+PA_level+BMI_level,,Benzene_binary_S,VOC_serum.rds,heart.attack,Myocardial infarction,binary_above_detection_threshold,3080,95,2985,30,4,2013-2014|2015-2016,WTSVOC2Y,ok,,0.8997247622963713
same_sample_unweighted,odds_ratio,1.1476106291242365,0.6439612526947801,2.0451698771745086,0.294684529050814,3071,0.6403435505405064,age+sex+eth+marital+PIR_level+edu+smoke+alcohol.user+PA_level+BMI_level,,Ethylbenzene_binary_S,VOC_serum.rds,heart.attack,Myocardial infarction,binary_above_detection_threshold,3094,97,2997,30,4,2013-2014|2015-2016,WTSVOC2Y,ok,,0.8997247622963713
same_sample_unweighted,odds_ratio,1.0788888283422038,0.7798746016082206,1.492549060478781,0.16540715914465529,1086,0.646191781732921,age+sex+eth+marital+PIR_level+edu+smoke+alcohol.user+PA_level+BMI_level,,X1_AN_ln_U,AA_urine.rds,heart.attack,Myocardial infarction,natural_log_transformed,1109,27,1082,15,2,2013-2014,WTSA2YR,ok,,0.8997247622963713
same_sample_unweighted,odds_ratio,0.8823909488701779,0.5044418925311455,1.5435153149972363,0.28514170281008133,2148,0.6608067416432529,age+sex+eth+marital+PIR_level+edu+smoke+alcohol.user+PA_level+BMI_level,,PHE_Cys_binary_U,VOC_urine.rds,heart.attack,Myocardial infarction,binary_above_detection_threshold,2171,68,2103,30,4,2013-2014|2015-2016,WTSA2YR,ok,,0.8997247622963713
same_sample_unweighted,odds_ratio,0.9485304822632837,0.7476118867523378,1.2034453862029957,0.12137671521793338,2119,0.6633083983308528,age+sex+eth+marital+PIR_level+edu+smoke+alcohol.user+PA_level+BMI_level,,MCPP_ln_U,Phthalates_urine.rds,heart.attack,Myocardial infarction,natural_log_transformed,2142,83,2059,30,4,2013-2014|2015-2016,WTSB2YR,ok,,0.8997247622963713
same_sample_unweighted,odds_ratio,0.821341914540654,0.336204075674918,2.006526956066984,0.4551757187114131,989,0.6654542073988902,age+sex+eth+marital+PIR_level+edu+smoke+alcohol.user+PA_level+BMI_level,,PFHxA_binary_U,PFC_urine.rds,heart.attack,Myocardial infarction,binary_above_detection_threshold,1012,34,978,15,2,2013-2014,WTSSBH2Y,ok,,0.8997247622963713
same_sample_unweighted,odds_ratio,1.0448912939671764,0.8535604295412181,1.2791101583694935,0.1031339496396008,2167,0.6702647558046793,age+sex+eth+marital+PIR_level+edu+smoke+alcohol.user+PA_level+BMI_level,,NPMA_ln_U,VOC_urine.rds,heart.attack,Myocardial infarction,natural_log_transformed,2190,68,2122,30,4,2013-2014|2015-2016,WTSA2YR,ok,,0.8997247622963713
same_sample_unweighted,odds_ratio,1.0620549228557448,0.7997777778192434,1.4103425857089147,0.14463098951826242,2208,0.6772119572000821,age+sex+eth+marital+PIR_level+edu+smoke+alcohol.user+PA_level+BMI_level,,U_ln_U,HM_urine.rds,heart.attack,Myocardial infarction,natural_log_transformed,2231,68,2163,30,4,2013-2014|2015-2016,WTSA2YR,ok,,0.9009337644893949
same_sample_unweighted,odds_ratio,0.9181793573162076,0.6006088671203371,1.4036644784211805,0.2162898443394352,972,0.6930884378094219,age+sex+eth+marital+PIR_level+edu+smoke+alcohol.user+PA_level+BMI_level,,Sm_PFOS_ln_S,PFC_serum.rds,heart.attack,Myocardial infarction,natural_log_transformed,995,43,952,15,2,2015-2016,WTSB2YR,ok,,0.9138953737487068
same_sample_unweighted,odds_ratio,0.955576899624159,0.7564900454293292,1.207057801503647,0.11915443600999918,3233,0.7029404851680916,age+sex+eth+marital+PIR_level+edu+smoke+alcohol.user+PA_level+BMI_level,,THg_ln_S,HM_serum.rds,heart.attack,Myocardial infarction,natural_log_transformed,3256,103,3153,30,4,2013-2014|2015-2016,WTSH2YR,ok,,0.9187555464039092
same_sample_unweighted,odds_ratio,0.9442237199751534,0.6875095340673644,1.2967942831122385,0.16168955132438498,1006,0.7226249961249567,age+sex+eth+marital+PIR_level+edu+smoke+alcohol.user+PA_level+BMI_level,,DMP_ln_U,pesticides_urine.rds,heart.attack,Myocardial infarction,natural_log_transformed,1029,47,982,15,2,2015-2016,WTSB2YR,ok,,0.9361592805099666
same_sample_unweighted,odds_ratio,1.0259568751477104,0.8847169576074448,1.189744924195174,0.07552619393807987,2119,0.7343869716174218,age+sex+eth+marital+PIR_level+edu+smoke+alcohol.user+PA_level+BMI_level,,MeP_ln_U,PCCP_urine.rds,heart.attack,Myocardial infarction,natural_log_transformed,2142,83,2059,30,4,2013-2014|2015-2016,WTSB2YR,ok,,0.9361592805099666
same_sample_unweighted,odds_ratio,1.0435824126044424,0.8149605362094465,1.3363398637224524,0.12608346424872596,1919,0.7351049383870207,age+sex+eth+marital+PIR_level+edu+smoke+alcohol.user+PA_level+BMI_level,,DPHP_ln_U,BFR_urine.rds,heart.attack,Myocardial infarction,natural_log_transformed,1942,80,1862,30,4,2013-2014|2015-2016,WTSSBI2Y|WTSSCH2Y,ok,,0.9361592805099666
same_sample_unweighted,odds_ratio,0.9556535968141451,0.7109302054125031,1.284618082268573,0.15084920400898816,2207,0.7636461889464685,age+sex+eth+marital+PIR_level+edu+smoke+alcohol.user+PA_level+BMI_level,,W_ln_U,HM_urine.rds,heart.attack,Myocardial infarction,natural_log_transformed,2230,68,2162,30,4,2013-2014|2015-2016,WTSA2YR,ok,,0.9623477614694358
same_sample_unweighted,odds_ratio,0.9512920303135319,0.6819825268693012,1.3269497256657319,0.16971465731746202,2208,0.7685864672138447,age+sex+eth+marital+PIR_level+edu+smoke+alcohol.user+PA_level+BMI_level,,Sr_ln_U,HM_urine.rds,heart.attack,Myocardial infarction,natural_log_transformed,2231,68,2163,30,4,2013-2014|2015-2016,WTSA2YR,ok,,0.9623477614694358
same_sample_unweighted,odds_ratio,1.074957760165762,0.6416402319087103,1.800906689880064,0.26317283825587606,3129,0.7835823809898514,age+sex+eth+marital+PIR_level+edu+smoke+alcohol.user+PA_level+BMI_level,,o_Xylene_binary_S,VOC_serum.rds,heart.attack,Myocardial infarction,binary_above_detection_threshold,3152,98,3054,30,4,2013-2014|2015-2016,WTSVOC2Y,ok,,0.9729481230623989
same_sample_unweighted,odds_ratio,1.0671546926213564,0.6556218382856559,1.7370061085237913,0.24841939380496875,2152,0.7936005833099288,age+sex+eth+marital+PIR_level+edu+smoke+alcohol.user+PA_level+BMI_level,,DCVDMPCA_binary_U,pesticides_urine.rds,heart.attack,Myocardial infarction,binary_above_detection_threshold,2175,84,2091,30,4,2013-2014|2015-2016,WTSB2YR|WTSC2YR,ok,,0.9772436934973502
same_sample_unweighted,odds_ratio,0.9726667577600827,0.7690339943186028,1.2302195073831288,0.11977647607269651,1911,0.8170204841252281,age+sex+eth+marital+PIR_level+edu+smoke+alcohol.user+PA_level+BMI_level,,BDCPP_ln_U,BFR_urine.rds,heart.attack,Myocardial infarction,natural_log_transformed,1934,77,1857,30,4,2013-2014|2015-2016,WTSSBI2Y|WTSSCH2Y,ok,,0.9843737101323143
same_sample_unweighted,odds_ratio,1.0126625467057124,0.9043649955581698,1.1339287107940021,0.05767487934090559,2119,0.8272950558614119,age+sex+eth+marital+PIR_level+edu+smoke+alcohol.user+PA_level+BMI_level,,PrP_ln_U,PCCP_urine.rds,heart.attack,Myocardial infarction,natural_log_transformed,2142,83,2059,30,4,2013-2014|2015-2016,WTSB2YR,ok,,0.9843737101323143
same_sample_unweighted,odds_ratio,0.842218887192911,0.17988178856177867,3.9433266681182233,0.7871462984573584,1943,0.8273128621558267,age+sex+eth+marital+PIR_level+edu+smoke+alcohol.user+PA_level+BMI_level,,FA_ln_S,gas_serum.rds,heart.attack,Myocardial infarction,natural_log_transformed,1966,60,1906,30,4,2013-2014|2015-2016,WTSA2YR,ok,,0.9843737101323143
same_sample_unweighted,odds_ratio,0.9487434004622853,0.5725152744374711,1.5722096511838113,0.25761165592623647,3228,0.8381589727780372,age+sex+eth+marital+PIR_level+edu+smoke+alcohol.user+PA_level+BMI_level,,IHg_binary_S,HM_serum.rds,heart.attack,Myocardial infarction,binary_above_detection_threshold,3251,103,3148,30,4,2013-2014|2015-2016,WTSH2YR,ok,,0.9843737101323143
same_sample_unweighted,odds_ratio,1.0402492048434389,0.7002190337785206,1.5453998762902539,0.20184325652828028,2209,0.845001739966986,age+sex+eth+marital+PIR_level+edu+smoke+alcohol.user+PA_level+BMI_level,,DMA_ln_U,HM_urine.rds,heart.attack,Myocardial infarction,natural_log_transformed,2232,69,2163,30,4,2013-2014|2015-2016,WTSA2YR,ok,,0.9843737101323143
same_sample_unweighted,odds_ratio,1.020460281884116,0.8087095828092642,1.2876553079606714,0.11859215376565883,2119,0.8643926829614279,age+sex+eth+marital+PIR_level+edu+smoke+alcohol.user+PA_level+BMI_level,,MBzP_ln_U,Phthalates_urine.rds,heart.attack,Myocardial infarction,natural_log_transformed,2142,83,2059,30,4,2013-2014|2015-2016,WTSB2YR,ok,,0.9843737101323143
same_sample_unweighted,odds_ratio,1.009883164184818,0.8982918456046984,1.135337040288286,0.05970927574241541,2119,0.8691731640818117,age+sex+eth+marital+PIR_level+edu+smoke+alcohol.user+PA_level+BMI_level,,X25_DCP_ln_U,PCCP_urine.rds,heart.attack,Myocardial infarction,natural_log_transformed,2142,83,2059,30,4,2013-2014|2015-2016,WTSB2YR,ok,,0.9843737101323143
same_sample_unweighted,odds_ratio,0.9760410331957603,0.730409366370899,1.3042769470703806,0.1478261281096892,2119,0.8696929812309707,age+sex+eth+marital+PIR_level+edu+smoke+alcohol.user+PA_level+BMI_level,,MCNP_ln_U,Phthalates_urine.rds,heart.attack,Myocardial infarction,natural_log_transformed,2142,83,2059,30,4,2013-2014|2015-2016,WTSB2YR,ok,,0.9843737101323143
same_sample_unweighted,odds_ratio,0.9418398267945004,0.45919436475929426,1.931779497776034,0.3663143814279264,2181,0.8700653416217002,age+sex+eth+marital+PIR_level+edu+smoke+alcohol.user+PA_level+BMI_level,,X4FPBA_binary_U,pesticides_urine.rds,heart.attack,Myocardial infarction,binary_above_detection_threshold,2204,84,2120,30,4,2013-2014|2015-2016,WTSB2YR|WTSC2YR,ok,,0.9843737101323143
same_sample_unweighted,odds_ratio,0.9841408326938798,0.8098698175880701,1.1959121793918182,0.09938258348327315,2160,0.872206939365577,age+sex+eth+marital+PIR_level+edu+smoke+alcohol.user+PA_level+BMI_level,,X3PBA_ln_U,pesticides_urine.rds,heart.attack,Myocardial infarction,natural_log_transformed,2183,83,2100,30,4,2013-2014|2015-2016,WTSB2YR|WTSC2YR,ok,,0.9843737101323143
same_sample_unweighted,odds_ratio,1.0326311605461558,0.6905323514793826,1.5442102190381417,0.2050555288554733,972,0.8755663524226449,age+sex+eth+marital+PIR_level+edu+smoke+alcohol.user+PA_level+BMI_level,,n_PFOS_ln_S,PFC_serum.rds,heart.attack,Myocardial infarction,natural_log_transformed,995,43,952,15,2,2015-2016,WTSB2YR,ok,,0.9843737101323143
same_sample_unweighted,odds_ratio,0.9837985113558935,0.7975831835859556,1.21349036798212,0.10699947674368751,2119,0.8786691506550188,age+sex+eth+marital+PIR_level+edu+smoke+alcohol.user+PA_level+BMI_level,,MCOP_ln_U,Phthalates_urine.rds,heart.attack,Myocardial infarction,natural_log_transformed,2142,83,2059,30,4,2013-2014|2015-2016,WTSB2YR,ok,,0.9843737101323143
same_sample_unweighted,odds_ratio,1.0371993364559462,0.6046299254842324,1.7792411824192942,0.2750383380054482,1093,0.8943543043707711,age+sex+eth+marital+PIR_level+edu+smoke+alcohol.user+PA_level+BMI_level,,X2_AN_ln_U,AA_urine.rds,heart.attack,Myocardial infarction,natural_log_transformed,1116,24,1092,15,2,2013-2014,WTSA2YR,ok,,0.994024796634402
same_sample_unweighted,odds_ratio,1.0316535883643168,0.6323886666520587,1.6829984193416225,0.24956313190553164,2121,0.9006264935949281,age+sex+eth+marital+PIR_level+edu+smoke+alcohol.user+PA_level+BMI_level,,TCC_binary_U,PCCP_urine.rds,heart.attack,Myocardial infarction,binary_above_detection_threshold,2144,83,2061,30,4,2013-2014|2015-2016,WTSB2YR,ok,,0.994024796634402
same_sample_unweighted,odds_ratio,1.0301887528534395,0.57027800436166,1.8610026309776357,0.3015544607123308,2121,0.9214327758199258,age+sex+eth+marital+PIR_level+edu+smoke+alcohol.user+PA_level+BMI_level,,BuP_binary_U,PCCP_urine.rds,heart.attack,Myocardial infarction,binary_above_detection_threshold,2144,83,2061,30,4,2013-2014|2015-2016,WTSB2YR,ok,,0.9958677346196129
same_sample_unweighted,odds_ratio,1.0225576875784648,0.6377297187313039,1.6396040418282156,0.24061168046940093,1025,0.9261342276982081,age+sex+eth+marital+PIR_level+edu+smoke+alcohol.user+PA_level+BMI_level,,o_ANS_ln_U,AA_urine.rds,heart.attack,Myocardial infarction,natural_log_transformed,1048,27,1021,15,2,2013-2014,WTSA2YR,ok,,0.9958677346196129
same_sample_unweighted,odds_ratio,1.014281743684651,0.7069802866083298,1.4551572017762888,0.18408404191200056,3233,0.9385965394849065,age+sex+eth+marital+PIR_level+edu+smoke+alcohol.user+PA_level+BMI_level,,Pb_ln_S,HM_serum.rds,heart.attack,Myocardial infarction,natural_log_transformed,3256,103,3153,30,4,2013-2014|2015-2016,WTSH2YR,ok,,0.9958677346196129
same_sample_unweighted,odds_ratio,1.0322533251074362,0.4136492363154347,2.5759673502281264,0.46589016141604234,818,0.9456770057836433,age+sex+eth+marital+PIR_level+edu+smoke+alcohol.user+PA_level+BMI_level,,X5OHIMI_binary_U,pesticides_urine.rds,heart.attack,Myocardial infarction,binary_above_detection_threshold,841,38,803,15,2,2015-2016,WTSSBI2Y,ok,,0.9958677346196129
same_sample_unweighted,odds_ratio,0.989099650200755,0.7070187226325401,1.3837230708467654,0.17120368667038705,2198,0.94895553952097,age+sex+eth+marital+PIR_level+edu+smoke+alcohol.user+PA_level+BMI_level,,Perchlorate_ln_U,PERNT_urine.rds,heart.attack,Myocardial infarction,natural_log_transformed,2221,68,2153,30,4,2013-2014|2015-2016,WTSA2YR,ok,,0.9958677346196129
same_sample_unweighted,odds_ratio,0.9796752809817396,0.5098990665209097,1.882262038083753,0.33299119001149496,2210,0.9508291191665564,age+sex+eth+marital+PIR_level+edu+smoke+alcohol.user+PA_level+BMI_level,,AsC_binary_U,HM_urine.rds,heart.attack,Myocardial infarction,binary_above_detection_threshold,2233,69,2164,30,4,2013-2014|2015-2016,WTSA2YR,ok,,0.9958677346196129
same_sample_unweighted,odds_ratio,1.0138734795854483,0.47447890796504866,2.1664597000008805,0.3868719069856372,866,0.9715900054732565,age+sex+eth+marital+PIR_level+edu+smoke+alcohol.user+PA_level+BMI_level,,NDMA_binary_U,pesticides_urine.rds,heart.attack,Myocardial infarction,binary_above_detection_threshold,889,45,844,15,2,2015-2016,WTSSBI2Y,ok,,0.9958677346196129
same_sample_unweighted,odds_ratio,1.0075590722400676,0.5905647423674546,1.7189906732048266,0.2724038142467787,2120,0.9779451670814802,age+sex+eth+marital+PIR_level+edu+smoke+alcohol.user+PA_level+BMI_level,,MINP_binary_U,Phthalates_urine.rds,heart.attack,Myocardial infarction,binary_above_detection_threshold,2143,83,2060,30,4,2013-2014|2015-2016,WTSB2YR,ok,,0.9958677346196129
same_sample_unweighted,odds_ratio,1.0018613835636612,0.8529413792759452,1.176782198945663,0.08205874859186017,2119,0.9819195184992489,age+sex+eth+marital+PIR_level+edu+smoke+alcohol.user+PA_level+BMI_level,,MEP_ln_U,Phthalates_urine.rds,heart.attack,Myocardial infarction,natural_log_transformed,2142,83,2059,30,4,2013-2014|2015-2016,WTSB2YR,ok,,0.9958677346196129
same_sample_unweighted,odds_ratio,1.0018869632871463,0.8118805307280457,1.2363610768010564,0.10722365074386599,1917,0.9859724727626213,age+sex+eth+marital+PIR_level+edu+smoke+alcohol.user+PA_level+BMI_level,,BCETP_ln_U,BFR_urine.rds,heart.attack,Myocardial infarction,natural_log_transformed,1940,80,1860,30,4,2013-2014|2015-2016,WTSSBI2Y|WTSSCH2Y,ok,,0.9958677346196129
same_sample_unweighted,odds_ratio,0.9968389772430055,0.6714905465997261,1.4798241785870088,0.20146933400986955,2207,0.9874620027106087,age+sex+eth+marital+PIR_level+edu+smoke+alcohol.user+PA_level+BMI_level,,Mo_ln_U,HM_urine.rds,heart.attack,Myocardial infarction,natural_log_transformed,2230,68,2162,30,4,2013-2014|2015-2016,WTSA2YR,ok,,0.9958677346196129
same_sample_unweighted,odds_ratio,1.0027222650803593,0.6966229476387508,1.4433230261735306,0.18573130629075932,2173,0.988321706378015,age+sex+eth+marital+PIR_level+edu+smoke+alcohol.user+PA_level+BMI_level,,CMAC_ln_U,VOC_urine.rds,heart.attack,Myocardial infarction,natural_log_transformed,2196,67,2129,30,4,2013-2014|2015-2016,WTSA2YR,ok,,0.9958677346196129
same_sample_unweighted,odds_ratio,1.0016265838882619,0.7916489405583506,1.2672988772574778,0.11989081965722169,1014,0.9891840585483402,age+sex+eth+marital+PIR_level+edu+smoke+alcohol.user+PA_level+BMI_level,,DMTP_ln_U,pesticides_urine.rds,heart.attack,Myocardial infarction,natural_log_transformed,1037,46,991,15,2,2015-2016,WTSB2YR,ok,,0.9958677346196129
same_sample_unweighted,odds_ratio,0.9989249685885072,0.48207009633566555,2.069929457260394,0.3712910201751151,1010,0.9976885755272916,age+sex+eth+marital+PIR_level+edu+smoke+alcohol.user+PA_level+BMI_level,,DETP_binary_U,pesticides_urine.rds,heart.attack,Myocardial infarction,binary_above_detection_threshold,1033,46,987,15,2,2015-2016,WTSB2YR,ok,,0.9976885755272916
survey_weighted,odds_ratio,2.1152452796946086,1.3650445413484245,3.2777410976278745,0.2144590046154195,30,0.0015032836458197417,age+sex+eth+marital+PIR_level+edu+smoke+alcohol.user+PA_level+BMI_level,,Co_ln_U,HM_urine.rds,heart.attack,Myocardial infarction,natural_log_transformed,2231,68,2163,30,4,2013-2014|2015-2016,WTSA2YR,ok,,0.11825955739475161
survey_weighted,odds_ratio,2.1738724462016874,1.3525823626586502,3.4938511271624013,0.23233652621800122,30,0.0022387106871337103,age+sex+eth+marital+PIR_level+edu+smoke+alcohol.user+PA_level+BMI_level,,Cd_ln_U,HM_urine.rds,heart.attack,Myocardial infarction,natural_log_transformed,2231,68,2163,30,4,2013-2014|2015-2016,WTSA2YR,ok,,0.11825955739475161
survey_weighted,odds_ratio,0.5663380972658951,0.3926362904306855,0.8168853675317017,0.17936271431875445,30,0.003499262292336055,age+sex+eth+marital+PIR_level+edu+smoke+alcohol.user+PA_level+BMI_level,,PFNA_ln_S,PFC_serum.rds,heart.attack,Myocardial infarction,natural_log_transformed,2071,81,1990,30,4,2013-2014|2015-2016,WTSB2YR,ok,,0.11825955739475161
survey_weighted,odds_ratio,2.3781086687712767,1.3896490618257795,4.069661179819595,0.2520605069603573,15,0.0036692028106087506,age+sex+eth+marital+PIR_level+edu+smoke+alcohol.user+PA_level+BMI_level,,IPM3_Cys_ln_U,VOC_urine.rds,heart.attack,Myocardial infarction,natural_log_transformed,1049,38,1011,15,2,2015-2016,WTSA2YR,ok,,0.11825955739475161
survey_weighted,odds_ratio,1.8664308096226383,1.2406777351167717,2.8077911519712617,0.199958706271973,30,0.003968441523313812,age+sex+eth+marital+PIR_level+edu+smoke+alcohol.user+PA_level+BMI_level,,X1_PH_ln_U,PAH_urine.rds,heart.attack,Myocardial infarction,natural_log_transformed,2226,68,2158,30,4,2013-2014|2015-2016,WTSA2YR,ok,,0.11825955739475161
survey_weighted,odds_ratio,1.812783521209226,1.1873304250342624,2.7677081505537036,0.2071986394097483,30,0.007435481129813485,age+sex+eth+marital+PIR_level+edu+smoke+alcohol.user+PA_level+BMI_level,,X23_OH_PH_ln_U,PAH_urine.rds,heart.attack,Myocardial infarction,natural_log_transformed,2226,68,2158,30,4,2013-2014|2015-2016,WTSA2YR,ok,,0.18464778139036822
survey_weighted,odds_ratio,1.3807905365620587,1.0885627973976368,1.7514676327514527,0.11643789019785739,30,0.00950091995846041,age+sex+eth+marital+PIR_level+edu+smoke+alcohol.user+PA_level+BMI_level,,CEMA_CYM_ln_U,VOC_urine.rds,heart.attack,Myocardial infarction,natural_log_transformed,2189,66,2123,30,4,2013-2014|2015-2016,WTSA2YR,ok,,0.20223386768722873
survey_weighted,odds_ratio,4.9035012290922,1.5179570754273548,15.839923732322566,0.5501345727054503,15,0.011217359184109824,age+sex+eth+marital+PIR_level+edu+smoke+alcohol.user+PA_level+BMI_level,,IPM1_Cys_ln_U,VOC_urine.rds,heart.attack,Myocardial infarction,natural_log_transformed,1049,38,1011,15,2,2015-2016,WTSA2YR,ok,,0.20348464174842693
survey_weighted,odds_ratio,1.5438391047358428,1.1067208747590531,2.153604613114823,0.16299037970750435,30,0.012291018629099612,age+sex+eth+marital+PIR_level+edu+smoke+alcohol.user+PA_level+BMI_level,,MB3_Cys_ln_U,VOC_urine.rds,heart.attack,Myocardial infarction,natural_log_transformed,2160,67,2093,30,4,2013-2014|2015-2016,WTSA2YR,ok,,0.20348464174842693
survey_weighted,odds_ratio,1.3809209681984889,1.0732167226632934,1.7768477513823913,0.12343613730638407,30,0.013836142698134006,age+sex+eth+marital+PIR_level+edu+smoke+alcohol.user+PA_level+BMI_level,,Sn_ln_U,HM_urine.rds,heart.attack,Myocardial infarction,natural_log_transformed,2230,68,2162,30,4,2013-2014|2015-2016,WTSA2YR,ok,,0.2061585262021967
survey_weighted,odds_ratio,0.4631743589092035,0.24911080245105202,0.8611850013734547,0.30368415298847806,30,0.016719764129873728,age+sex+eth+marital+PIR_level+edu+smoke+alcohol.user+PA_level+BMI_level,,Chloroform_binary_S,VOC_serum.rds,heart.attack,Myocardial infarction,binary_above_detection_threshold,3075,96,2979,30,4,2013-2014|2015-2016,WTSVOC2Y,ok,,0.20854921845997315
survey_weighted,odds_ratio,1.7851845798813355,1.1187025003159075,2.8487323335258163,0.22883934151498234,30,0.016795910211541462,age+sex+eth+marital+PIR_level+edu+smoke+alcohol.user+PA_level+BMI_level,,X2_FL_ln_U,PAH_urine.rds,heart.attack,Myocardial infarction,natural_log_transformed,2225,68,2157,30,4,2013-2014|2015-2016,WTSA2YR,ok,,0.20854921845997315
survey_weighted,odds_ratio,1.625394318383679,1.087477198128177,2.4293904228808962,0.1967856570995692,30,0.019491222745080125,age+sex+eth+marital+PIR_level+edu+smoke+alcohol.user+PA_level+BMI_level,,X3_FL_ln_U,PAH_urine.rds,heart.attack,Myocardial infarction,natural_log_transformed,2224,68,2156,30,4,2013-2014|2015-2016,WTSA2YR,ok,,0.22339939915514914
survey_weighted,odds_ratio,0.7633428216255829,0.606320118927678,0.961030724756158,0.11276612066086825,30,0.023080315208423463,age+sex+eth+marital+PIR_level+edu+smoke+alcohol.user+PA_level+BMI_level,,BPS_ln_U,PCCP_urine.rds,heart.attack,Myocardial infarction,natural_log_transformed,2141,83,2058,30,4,2013-2014|2015-2016,WTSB2YR,ok,,0.23708155850042403
survey_weighted,odds_ratio,2.003702515115834,1.1036545449545148,3.6377540304035834,0.29201282037745396,30,0.023867270989975573,age+sex+eth+marital+PIR_level+edu+smoke+alcohol.user+PA_level+BMI_level,,MeFOSAA_binary_S,PFC_serum.rds,heart.attack,Myocardial infarction,binary_above_detection_threshold,2071,81,1990,30,4,2013-2014|2015-2016,WTSB2YR,ok,,0.23708155850042403
survey_weighted,odds_ratio,1.759152530768808,1.058020134135165,2.924913739037556,0.24895444840272068,30,0.03063595949249183,age+sex+eth+marital+PIR_level+edu+smoke+alcohol.user+PA_level+BMI_level,,X3_HPMA_ln_U,VOC_urine.rds,heart.attack,Myocardial infarction,natural_log_transformed,2147,65,2082,30,4,2013-2014|2015-2016,WTSA2YR,ok,,0.2570486837801764
survey_weighted,odds_ratio,1.9936484688818747,1.0652436306942012,3.7311973551861017,0.30689481484559217,30,0.032065358137535124,age+sex+eth+marital+PIR_level+edu+smoke+alcohol.user+PA_level+BMI_level,,DBUP_binary_U,BFR_urine.rds,heart.attack,Myocardial infarction,binary_above_detection_threshold,1943,80,1863,30,4,2013-2014|2015-2016,WTSSBI2Y|WTSSCH2Y,ok,,0.2570486837801764
survey_weighted,odds_ratio,1.7220700170731706,1.0500977718169215,2.8240466966912225,0.2422026444725682,30,0.03235815232479531,age+sex+eth+marital+PIR_level+edu+smoke+alcohol.user+PA_level+BMI_level,,X1_PY_ln_U,PAH_urine.rds,heart.attack,Myocardial infarction,natural_log_transformed,2225,67,2158,30,4,2013-2014|2015-2016,WTSA2YR,ok,,0.2570486837801764
survey_weighted,odds_ratio,1.3710857658492588,1.0280196182477428,1.828638426685566,0.14100405855894807,30,0.03277802007935136,age+sex+eth+marital+PIR_level+edu+smoke+alcohol.user+PA_level+BMI_level,,U_ln_U,HM_urine.rds,heart.attack,Myocardial infarction,natural_log_transformed,2231,68,2163,30,4,2013-2014|2015-2016,WTSA2YR,ok,,0.2570486837801764
survey_weighted,odds_ratio,0.36590352817196076,0.1416040627161202,0.9454911770228988,0.46484240589554515,30,0.03864925774414168,age+sex+eth+marital+PIR_level+edu+smoke+alcohol.user+PA_level+BMI_level,,DBCM_binary_S,VOC_serum.rds,heart.attack,Myocardial infarction,binary_above_detection_threshold,3160,98,3062,30,4,2013-2014|2015-2016,WTSVOC2Y,ok,,0.2756838626185239
survey_weighted,odds_ratio,3.4071512365990944,1.0636929755913784,10.913562292356678,0.5700168611487044,30,0.03968764211713298,age+sex+eth+marital+PIR_level+edu+smoke+alcohol.user+PA_level+BMI_level,,Mn_ln_S,HM_serum.rds,heart.attack,Myocardial infarction,natural_log_transformed,3255,103,3152,30,4,2013-2014|2015-2016,WTSH2YR,ok,,0.2756838626185239
survey_weighted,odds_ratio,1.5619966690185167,1.02022195688381,2.391473323586592,0.20856409691014285,30,0.040757691841789706,age+sex+eth+marital+PIR_level+edu+smoke+alcohol.user+PA_level+BMI_level,,EO_ln_S,gas_serum.rds,heart.attack,Myocardial infarction,natural_log_transformed,2137,67,2070,30,4,2013-2014|2015-2016,WTSA2YR,ok,,0.2756838626185239
survey_weighted,odds_ratio,1.4625085822528743,1.013716158569975,2.1099903903876323,0.17947175643205787,30,0.04255522711561107,age+sex+eth+marital+PIR_level+edu+smoke+alcohol.user+PA_level+BMI_level,,X2_NP_ln_U,PAH_urine.rds,heart.attack,Myocardial infarction,natural_log_transformed,2192,66,2126,30,4,2013-2014|2015-2016,WTSA2YR,ok,,0.2756838626185239
survey_weighted,odds_ratio,3.894405207306317,0.9890499453297118,15.334303379025673,0.64301377041161345,15,0.05164275791454928,age+sex+eth+marital+PIR_level+edu+smoke+alcohol.user+PA_level+BMI_level,,CYHA_Cys_binary_U,VOC_urine.rds,heart.attack,Myocardial infarction,binary_above_detection_threshold,1050,38,1012,15,2,2015-2016,WTSA2YR,ok,,0.3198684151094013
survey_weighted,odds_ratio,1.2766093263702427,0.99589862727128875,1.63644303501137,0.12158877484973897,30,0.053669197166006925,age+sex+eth+marital+PIR_level+edu+smoke+alcohol.user+PA_level+BMI_level,,X1_NP_ln_U,PAH_urine.rds,heart.attack,Myocardial infarction,natural_log_transformed,2158,64,2094,30,4,2013-2014|2015-2016,WTSA2YR,ok,,0.3198684151094013
survey_weighted,odds_ratio,0.3932093691333924,0.1493569837659956,1.0351950345791705,0.4739832377752696,30,0.058215473013020144,age+sex+eth+marital+PIR_level+edu+smoke+alcohol.user+PA_level+BMI_level,,BDCM_binary_S,VOC_serum.rds,heart.attack,Myocardial infarction,binary_above_detection_threshold,3136,98,3038,30,4,2013-2014|2015-2016,WTSVOC2Y,ok,,0.33289819658020714
survey_weighted,odds_ratio,0.09819225606834041,0.008627113250830733,1.1176066514325746,1.1908388611310332,30,0.060712547771154236,age+sex+eth+marital+PIR_level+edu+smoke+alcohol.user+PA_level+BMI_level,,Se_ln_S,HM_serum.rds,heart.attack,Myocardial infarction,natural_log_transformed,3255,103,3152,30,4,2013-2014|2015-2016,WTSH2YR,ok,,0.33289819658020714
survey_weighted,odds_ratio,2.355126737245152,0.9527006734336514,5.821998559627634,0.44315784256356006,30,0.06273235499547555,age+sex+eth+marital+PIR_level+edu+smoke+alcohol.user+PA_level+BMI_level,,X25_DMF_binary_S,VOC_serum.rds,heart.attack,Myocardial infarction,binary_above_detection_threshold,3158,97,3061,30,4,2013-2014|2015-2016,WTSVOC2Y,ok,,0.33289819658020714
survey_weighted,odds_ratio,2.2709549940965306,0.9445685554868624,5.459885950314915,0.411563791353764,15,0.06479226644849669,age+sex+eth+marital+PIR_level+edu+smoke+alcohol.user+PA_level+BMI_level,,MCOCH_binary_U,Phthalates_urine.rds,heart.attack,Myocardial infarction,binary_above_detection_threshold,1031,46,985,15,2,2015-2016,WTSB2YR,ok,,0.33289819658020714
survey_weighted,odds_ratio,0.6641137172084436,0.42619786677438476,1.0348410064142637,0.21718438197143267,30,0.06920773838372,age+sex+eth+marital+PIR_level+edu+smoke+alcohol.user+PA_level+BMI_level,,X24D_ln_U,pesticides_urine.rds,heart.attack,Myocardial infarction,natural_log_transformed,2201,84,2117,30,4,2013-2014|2015-2016,WTSB2YR|WTSC2YR,ok,,0.34373176730580934
survey_weighted,odds_ratio,1.4671369486203434,0.963513449461742,2.234001847311505,0.20588912052863903,30,0.07246189197671701,age+sex+eth+marital+PIR_level+edu+smoke+alcohol.user+PA_level+BMI_level,,Thiocyanate_ln_U,PERNT_urine.rds,heart.attack,Myocardial infarction,natural_log_transformed,2217,68,2149,30,4,2013-2014|2015-2016,WTSA2YR,ok,,0.3454435019780353
survey_weighted,odds_ratio,0.5703874794427529,0.30689881602644037,1.0600949228719985,0.3034843919529761,30,0.07418920847850423,age+sex+eth+marital+PIR_level+edu+smoke+alcohol.user+PA_level+BMI_level,,m_p_Xylene_binary_S,VOC_serum.rds,heart.attack,Myocardial infarction,binary_above_detection_threshold,3146,97,3049,30,4,2013-2014|2015-2016,WTSVOC2Y,ok,,0.3454435019780353
survey_weighted,odds_ratio,1.4786566582115521,0.9462445569956343,2.3106347050654077,0.20942941839314463,15,0.0814791252654058,age+sex+eth+marital+PIR_level+edu+smoke+alcohol.user+PA_level+BMI_level,,DEP_ln_U,pesticides_urine.rds,heart.attack,Myocardial infarction,natural_log_transformed,1037,47,990,15,2,2015-2016,WTSB2YR,ok,,0.3495469693123556
survey_weighted,odds_ratio,1.5306962030999927,0.9401672270536843,2.4921426728810503,0.22868014213537968,15,0.08236241730037534,age+sex+eth+marital+PIR_level+edu+smoke+alcohol.user+PA_level+BMI_level,,o_TLD_ln_U,AA_urine.rds,heart.attack,Myocardial infarction,natural_log_transformed,1078,27,1051,15,2,2013-2014,WTSA2YR,ok,,0.3495469693123556
survey_weighted,odds_ratio,1.906962625918302,0.9144562737680257,3.976687088235467,0.35986254059683864,30,0.08293548467778687,age+sex+eth+marital+PIR_level+edu+smoke+alcohol.user+PA_level+BMI_level,,Tl_ln_U,HM_urine.rds,heart.attack,Myocardial infarction,natural_log_transformed,2231,68,2163,30,4,2013-2014|2015-2016,WTSA2YR,ok,,0.3495469693123556
survey_weighted,odds_ratio,1.6974257308440532,0.926427528342039,3.1100696207590492,0.29649926617525746,30,0.0844543013103678,age+sex+eth+marital+PIR_level+edu+smoke+alcohol.user+PA_level+BMI_level,,BCPP_binary_U,BFR_urine.rds,heart.attack,Myocardial infarction,binary_above_detection_threshold,1945,80,1865,30,4,2013-2014|2015-2016,WTSSBI2Y|WTSSCH2Y,ok,,0.3495469693123556
survey_weighted,odds_ratio,0.5294626124744926,0.2513426116703058,1.1153327967166724,0.36481202888374237,30,0.09156417665602597,age+sex+eth+marital+PIR_level+edu+smoke+alcohol.user+PA_level+BMI_level,,Hg_binary_U,HM_urine.rds,heart.attack,Myocardial infarction,binary_above_detection_threshold,2235,69,2166,30,4,2013-2014|2015-2016,WTSA2YR,ok,,0.3687314141012938
survey_weighted,odds_ratio,1.5265056125453784,0.9256996243946828,2.517252166604558,0.24491672746489637,30,0.09444498718925663,age+sex+eth+marital+PIR_level+edu+smoke+alcohol.user+PA_level+BMI_level,,MMA_binary_U,HM_urine.rds,heart.attack,Myocardial infarction,binary_above_detection_threshold,2233,69,2164,30,4,2013-2014|2015-2016,WTSA2YR,ok,,0.37032376555787466
survey_weighted,odds_ratio,0.7086525210616709,0.4696725792125678,1.0692308170279148,0.20140774847570198,30,0.09760711421742203,age+sex+eth+marital+PIR_level+edu+smoke+alcohol.user+PA_level+BMI_level,,PFDA_ln_S,PFC_serum.rds,heart.attack,Myocardial infarction,natural_log_transformed,2071,81,1990,30,4,2013-2014|2015-2016,WTSB2YR,ok,,0.37290923124092007
survey_weighted,odds_ratio,1.5417544793370617,0.9007076414718842,2.639043753055683,0.26318505882428156,30,0.1104237764945775,age+sex+eth+marital+PIR_level+edu+smoke+alcohol.user+PA_level+BMI_level,,DCVDMPCA_binary_U,pesticides_urine.rds,heart.attack,Myocardial infarction,binary_above_detection_threshold,2175,84,2091,30,4,2013-2014|2015-2016,WTSB2YR|WTSC2YR,ok,,0.40705463708239187
survey_weighted,odds_ratio,0.8792284099901979,0.7488228796461378,1.0323437196512997,0.07860960752228527,30,0.11200832295555749,age+sex+eth+marital+PIR_level+edu+smoke+alcohol.user+PA_level+BMI_level,,MeP_ln_U,PCCP_urine.rds,heart.attack,Myocardial infarction,natural_log_transformed,2142,83,2059,30,4,2013-2014|2015-2016,WTSB2YR,ok,,0.40705463708239187
survey_weighted,odds_ratio,1.6629140439197765,0.869744080281289,3.179421602468725,0.3173561787597591,30,0.1195178304402439,age+sex+eth+marital+PIR_level+edu+smoke+alcohol.user+PA_level+BMI_level,,OXY_binary_U,pesticides_urine.rds,heart.attack,Myocardial infarction,binary_above_detection_threshold,2194,83,2111,30,4,2013-2014|2015-2016,WTSB2YR|WTSC2YR,ok,,0.41511367575005614
survey_weighted,odds_ratio,1.9395972484161652,0.8332212104635431,4.515052472044775,0.4137236725180424,30,0.11979790642451285,age+sex+eth+marital+PIR_level+edu+smoke+alcohol.user+PA_level+BMI_level,,Furan_binary_S,VOC_serum.rds,heart.attack,Myocardial infarction,binary_above_detection_threshold,3162,98,3064,30,4,2013-2014|2015-2016,WTSVOC2Y,ok,,0.41511367575005614
survey_weighted,odds_ratio,1.7775231949857875,0.8454273479069854,3.737268159747421,0.3638760204763907,30,0.12440737558907135,age+sex+eth+marital+PIR_level+edu+smoke+alcohol.user+PA_level+BMI_level,,Nitrate_ln_U,PERNT_urine.rds,heart.attack,Myocardial infarction,natural_log_transformed,2222,68,2154,30,4,2013-2014|2015-2016,WTSA2YR,ok,,0.4212886127902643
survey_weighted,odds_ratio,1.8108783083816742,0.831286450369244,3.944825813425289,0.38123846616689927,30,0.1298192405678191,age+sex+eth+marital+PIR_level+edu+smoke+alcohol.user+PA_level+BMI_level,,Mn_binary_U,HM_urine.rds,heart.attack,Myocardial infarction,binary_above_detection_threshold,2232,68,2164,30,4,2013-2014|2015-2016,WTSA2YR,ok,,0.4298459298801121
survey_weighted,odds_ratio,1.2549471981823206,0.9170476836591462,1.7173506877435414,0.15359816757974779,30,0.14970017479008418,age+sex+eth+marital+PIR_level+edu+smoke+alcohol.user+PA_level+BMI_level,,BPA_ln_U,PCCP_urine.rds,heart.attack,Myocardial infarction,natural_log_transformed,2142,83,2059,30,4,2013-2014|2015-2016,WTSB2YR,ok,,0.48489839225483794
survey_weighted,odds_ratio,1.9993407129601477,0.7493602684950714,5.3343677995202965,0.4604157281236843,15,0.1531483742443734,age+sex+eth+marital+PIR_level+edu+smoke+alcohol.user+PA_level+BMI_level,,X26_DMA_binary_U,AA_urine.rds,heart.attack,Myocardial infarction,binary_above_detection_threshold,1065,27,1038,15,2,2013-2014,WTSA2YR,ok,,0.48551293111514116
survey_weighted,odds_ratio,0.5550831417974439,0.24185267546981876,1.2739875368720979,0.4067964307498518,30,0.1582641072862146,age+sex+eth+marital+PIR_level+edu+smoke+alcohol.user+PA_level+BMI_level,,PFUnDA_binary_S,PFC_serum.rds,heart.attack,Myocardial infarction,binary_above_detection_threshold,2071,81,1990,30,4,2013-2014|2015-2016,WTSB2YR,ok,,0.49127816636762445
survey_weighted,odds_ratio,1.3840191418203758,0.8655356479710092,2.2130908061563384,0.22984122610155863,30,0.16766108117417666,age+sex+eth+marital+PIR_level+edu+smoke+alcohol.user+PA_level+BMI_level,,Sb_ln_U,HM_urine.rds,heart.attack,Myocardial infarction,natural_log_transformed,2231,68,2163,30,4,2013-2014|2015-2016,WTSA2YR,ok,,0.5042958996542575
survey_weighted,odds_ratio,1.7495725940020437,0.7663249726822859,3.9943945072922933,0.3873047244837996,15,0.16922681196451594,age+sex+eth+marital+PIR_level+edu+smoke+alcohol.user+PA_level+BMI_level,,TTCA_binary_U,VOC_urine.rds,heart.attack,Myocardial infarction,binary_above_detection_threshold,1171,30,1141,15,2,2013-2014,WTSA2YR,ok,,0.5042958996542575
survey_weighted,odds_ratio,1.6493806626049816,0.7779161102529771,3.497107894179696,0.3679902978610386,30,0.18402028612254878,age+sex+eth+marital+PIR_level+edu+smoke+alcohol.user+PA_level+BMI_level,,MEHP_binary_U,Phthalates_urine.rds,heart.attack,Myocardial infarction,binary_above_detection_threshold,2143,83,2060,30,4,2013-2014|2015-2016,WTSB2YR,ok,,0.5376278947501915
survey_weighted,odds_ratio,1.5725672150476646,0.7731557604783745,3.1985374387079113,0.3476442136721368,30,0.20275061318879353,age+sex+eth+marital+PIR_level+edu+smoke+alcohol.user+PA_level+BMI_level,,Benzene_binary_S,VOC_serum.rds,heart.attack,Myocardial infarction,binary_above_detection_threshold,3080,95,2985,30,4,2013-2014|2015-2016,WTSVOC2Y,ok,,0.580958487790966
survey_weighted,odds_ratio,0.91160763612409,0.7839576213068707,1.0600426090053345,0.07386610393443958,30,0.21992630984877176,age+sex+eth+marital+PIR_level+edu+smoke+alcohol.user+PA_level+BMI_level,,PrP_ln_U,PCCP_urine.rds,heart.attack,Myocardial infarction,natural_log_transformed,2142,83,2059,30,4,2013-2014|2015-2016,WTSB2YR,ok,,0.617309084437303
survey_weighted,odds_ratio,0.8111133064220839,0.5749439389540423,1.1442938194145476,0.16850602705317133,30,0.22372275543365347,age+sex+eth+marital+PIR_level+edu+smoke+alcohol.user+PA_level+BMI_level,,HIBP_ln_U,Phthalates_urine.rds,heart.attack,Myocardial infarction,natural_log_transformed,2041,80,1961,30,4,2013-2014|2015-2016,WTSB2YR|WTSSBH2Y,ok,,0.617309084437303
survey_weighted,odds_ratio,0.5750036425399138,0.22100760711466994,1.496008183838766,0.4486051548170665,15,0.2363496317891234,age+sex+eth+marital+PIR_level+edu+smoke+alcohol.user+PA_level+BMI_level,,n_PFOA_ln_S,PFC_serum.rds,heart.attack,Myocardial infarction,natural_log_transformed,995,43,952,15,2,2015-2016,WTSB2YR,ok,,0.6286177242595277
survey_weighted,odds_ratio,2.758230876748755,0.4774371891589325,15.934740196616012,0.8228729410554512,15,0.23655622285435848,age+sex+eth+marital+PIR_level+edu+smoke+alcohol.user+PA_level+BMI_level,,DPCP_binary_U,BFR_urine.rds,heart.attack,Myocardial infarction,binary_above_detection_threshold,1047,35,1012,15,2,2013-2014,WTSSCH2Y,ok,,0.6286177242595277
survey_weighted,odds_ratio,0.763496045911262,0.4818862082631351,1.209676064860158,0.2253371926894951,30,0.24047792136102736,age+sex+eth+marital+PIR_level+edu+smoke+alcohol.user+PA_level+BMI_level,,PFHS_ln_S,PFC_serum.rds,heart.attack,Myocardial infarction,natural_log_transformed,2071,81,1990,30,4,2013-2014|2015-2016,WTSB2YR,ok,,0.6286177242595277
survey_weighted,odds_ratio,1.2830846361195298,0.8280366967491463,1.9882043753729128,0.2144497690782938,30,0.25425442666127157,age+sex+eth+marital+PIR_level+edu+smoke+alcohol.user+PA_level+BMI_level,,MiBP_ln_U,Phthalates_urine.rds,heart.attack,Myocardial infarction,natural_log_transformed,2142,83,2059,30,4,2013-2014|2015-2016,WTSB2YR,ok,,0.6531708546987839
survey_weighted,odds_ratio,0.39909197650336836,0.07420725331902413,2.146345519953813,0.7892891541159281,15,0.2626891469071319,age+sex+eth+marital+PIR_level+edu+smoke+alcohol.user+PA_level+BMI_level,,MDA_binary_U,pesticides_urine.rds,heart.attack,Myocardial infarction,binary_above_detection_threshold,1034,47,987,15,2,2015-2016,WTSB2YR,ok,,0.6634014049010619
survey_weighted,odds_ratio,1.6658688307128602,0.6553745277039904,4.234401618968713,0.45679273274283005,30,0.2727600128618029,age+sex+eth+marital+PIR_level+edu+smoke+alcohol.user+PA_level+BMI_level,,AsC_binary_U,HM_urine.rds,heart.attack,Myocardial infarction,binary_above_detection_threshold,2233,69,2164,30,4,2013-2014|2015-2016,WTSA2YR,ok,,0.6773540319401439
survey_weighted,odds_ratio,1.6761760221770579,0.6259764372134864,4.488293632629362,0.4621069133852122,15,0.28126133920712204,age+sex+eth+marital+PIR_level+edu+smoke+alcohol.user+PA_level+BMI_level,,NDMA_binary_U,pesticides_urine.rds,heart.attack,Myocardial infarction,binary_above_detection_threshold,889,45,844,15,2,2015-2016,WTSSBI2Y,ok,,0.6870154023255931
survey_weighted,odds_ratio,1.2841851501843355,0.8009762626541,2.0589018387254487,0.2311387779679586,30,0.28781244531780237,age+sex+eth+marital+PIR_level+edu+smoke+alcohol.user+PA_level+BMI_level,,X2_HPMA_ln_U,VOC_urine.rds,heart.attack,Myocardial infarction,natural_log_transformed,2198,67,2131,30,4,2013-2014|2015-2016,WTSA2YR,ok,,0.6916782960056863
survey_weighted,odds_ratio,0.7945067002560272,0.5051273849998987,1.249666748421979,0.21248955913257359,15,0.2960977053319124,age+sex+eth+marital+PIR_level+edu+smoke+alcohol.user+PA_level+BMI_level,,Harman_ln_U,AA_urine.rds,heart.attack,Myocardial infarction,natural_log_transformed,1155,30,1125,15,2,2013-2014,WTSA2YR,ok,,0.7002945729278562
survey_weighted,odds_ratio,1.094620614752728,0.9160483947986487,1.3080032638504957,0.08720379844164398,30,0.3081409130320679,age+sex+eth+marital+PIR_level+edu+smoke+alcohol.user+PA_level+BMI_level,,BP3_ln_U,PCCP_urine.rds,heart.attack,Myocardial infarction,natural_log_transformed,2142,83,2059,30,4,2013-2014|2015-2016,WTSB2YR,ok,,0.7147965662982401
survey_weighted,odds_ratio,1.70864373570363,0.5739569194341797,5.0865549603223394,0.5118117197762893,15,0.3118240054321182,age+sex+eth+marital+PIR_level+edu+smoke+alcohol.user+PA_level+BMI_level,,TBPPP_binary_U,BFR_urine.rds,heart.attack,Myocardial infarction,binary_above_detection_threshold,898,45,853,15,2,2015-2016,WTSSBI2Y,ok,,0.7147965662982401
survey_weighted,odds_ratio,1.2573394244298999,0.7823842095254158,2.020621593557808,0.23229381645366598,30,0.3321100665924883,age+sex+eth+marital+PIR_level+edu+smoke+alcohol.user+PA_level+BMI_level,,Sr_ln_U,HM_urine.rds,heart.attack,Myocardial infarction,natural_log_transformed,2231,68,2163,30,4,2013-2014|2015-2016,WTSA2YR,ok,,0.7406823641544098
survey_weighted,odds_ratio,0.8051831100040758,0.5135123019526824,1.2625205631306866,0.2202427643097444,30,0.3330585127405735,age+sex+eth+marital+PIR_level+edu+smoke+alcohol.user+PA_level+BMI_level,,X2_MHA_ln_U,VOC_urine.rds,heart.attack,Myocardial infarction,natural_log_transformed,2092,63,2029,30,4,2013-2014|2015-2016,WTSA2YR,ok,,0.7406823641544098
survey_weighted,odds_ratio,0.5858617529956152,0.18206659697370675,1.885211232199081,0.5483176039545463,15,0.34496877244703694,age+sex+eth+marital+PIR_level+edu+smoke+alcohol.user+PA_level+BMI_level,,PFBA_binary_U,PFC_urine.rds,heart.attack,Myocardial infarction,binary_above_detection_threshold,1012,34,978,15,2,2013-2014,WTSSBH2Y,ok,,0.7558874572736546
survey_weighted,odds_ratio,0.6383430602314885,0.22337632532628326,1.824194493084697,0.49263091698635103,15,0.37660731858616103,age+sex+eth+marital+PIR_level+edu+smoke+alcohol.user+PA_level+BMI_level,,DMDTP_binary_U,pesticides_urine.rds,heart.attack,Myocardial infarction,binary_above_detection_threshold,1033,46,987,15,2,2015-2016,WTSB2YR,ok,,0.8132534850628694
survey_weighted,odds_ratio,0.7507617348987137,0.3836082430653261,1.4693197885535052,0.328783999456992,30,0.3901873923915633,age+sex+eth+marital+PIR_level+edu+smoke+alcohol.user+PA_level+BMI_level,,CMAC_ln_U,VOC_urine.rds,heart.attack,Myocardial infarction,natural_log_transformed,2196,67,2129,30,4,2013-2014|2015-2016,WTSA2YR,ok,,0.8155949472613067
survey_weighted,odds_ratio,1.3527093896864861,0.6533105798232707,2.800846564341538,0.3563736939785059,30,0.40329997216793834,age+sex+eth+marital+PIR_level+edu+smoke+alcohol.user+PA_level+BMI_level,,MINP_binary_U,Phthalates_urine.rds,heart.attack,Myocardial infarction,binary_above_detection_threshold,2143,83,2060,30,4,2013-2014|2015-2016,WTSB2YR,ok,,0.8155949472613067
survey_weighted,odds_ratio,0.8812306539663425,0.6492139483838001,1.1961657130491272,0.14961621750880197,30,0.40476237181497177,age+sex+eth+marital+PIR_level+edu+smoke+alcohol.user+PA_level+BMI_level,,PNP_ln_U,pesticides_urine.rds,heart.attack,Myocardial infarction,natural_log_transformed,2162,84,2078,30,4,2013-2014|2015-2016,WTSB2YR|WTSC2YR,ok,,0.8155949472613067
survey_weighted,odds_ratio,1.427020740269584,0.5977547768053628,3.406728431419341,0.42607613457573973,30,0.410558610729023,age+sex+eth+marital+PIR_level+edu+smoke+alcohol.user+PA_level+BMI_level,,Ethylbenzene_binary_S,VOC_serum.rds,heart.attack,Myocardial infarction,binary_above_detection_threshold,3094,97,2997,30,4,2013-2014|2015-2016,WTSVOC2Y,ok,,0.8155949472613067
survey_weighted,odds_ratio,1.276608099050713,0.6946574533868829,2.346089040887629,0.29797349708215826,30,0.4189317367725687,age+sex+eth+marital+PIR_level+edu+smoke+alcohol.user+PA_level+BMI_level,,PMM_Cys_ln_U,VOC_urine.rds,heart.attack,Myocardial infarction,natural_log_transformed,2190,66,2124,30,4,2013-2014|2015-2016,WTSA2YR,ok,,0.8155949472613067
survey_weighted,odds_ratio,0.891791294344086,0.6683080361766965,1.1900077054551983,0.14125584963648508,30,0.42389480525714607,age+sex+eth+marital+PIR_level+edu+smoke+alcohol.user+PA_level+BMI_level,,DEA_ln_U,pesticides_urine.rds,heart.attack,Myocardial infarction,natural_log_transformed,2178,83,2095,30,4,2013-2014|2015-2016,WTSB2YR|WTSC2YR,ok,,0.8155949472613067
survey_weighted,odds_ratio,0.8793325611167044,0.633433255650737,1.2206901771295766,0.16060958433372113,30,0.4296295348222643,age+sex+eth+marital+PIR_level+edu+smoke+alcohol.user+PA_level+BMI_level,,BDCPP_ln_U,BFR_urine.rds,heart.attack,Myocardial infarction,natural_log_transformed,1934,77,1857,30,4,2013-2014|2015-2016,WTSSBI2Y|WTSSCH2Y,ok,,0.8155949472613067
survey_weighted,odds_ratio,0.6355948724914853,0.19180618672023492,2.1061929692951287,0.5620944450228172,15,0.4326907508195298,age+sex+eth+marital+PIR_level+edu+smoke+alcohol.user+PA_level+BMI_level,,A_a_C_binary_U,AA_urine.rds,heart.attack,Myocardial infarction,binary_above_detection_threshold,1155,30,1125,15,2,2013-2014,WTSA2YR,ok,,0.8155949472613067
survey_weighted,odds_ratio,1.2519717570724833,0.7029772956423477,2.229706834379216,0.2826020575611706,30,0.43275496193243124,age+sex+eth+marital+PIR_level+edu+smoke+alcohol.user+PA_level+BMI_level,,DMA_ln_U,HM_urine.rds,heart.attack,Myocardial infarction,natural_log_transformed,2232,69,2163,30,4,2013-2014|2015-2016,WTSA2YR,ok,,0.8155949472613067
survey_weighted,odds_ratio,1.3642107582962637,0.613060788042613,3.0357038475634925,0.39165550268602944,30,0.4340148215740848,age+sex+eth+marital+PIR_level+edu+smoke+alcohol.user+PA_level+BMI_level,,MHNCH_binary_U,Phthalates_urine.rds,heart.attack,Myocardial infarction,binary_above_detection_threshold,2143,83,2060,30,4,2013-2014|2015-2016,WTSB2YR,ok,,0.8155949472613067
survey_weighted,odds_ratio,0.8964587432378773,0.6748764591603253,1.1907931702455785,0.13902289121217842,30,0.43790332738862103,age+sex+eth+marital+PIR_level+edu+smoke+alcohol.user+PA_level+BMI_level,,X3PBA_ln_U,pesticides_urine.rds,heart.attack,Myocardial infarction,natural_log_transformed,2183,83,2100,30,4,2013-2014|2015-2016,WTSB2YR|WTSC2YR,ok,,0.8155949472613067
survey_weighted,odds_ratio,0.8118437019971786,0.4621121253001389,1.4262560110155273,0.2759182681916098,30,0.45585909802678404,age+sex+eth+marital+PIR_level+edu+smoke+alcohol.user+PA_level+BMI_level,,GAM_Cys_binary_U,VOC_urine.rds,heart.attack,Myocardial infarction,binary_above_detection_threshold,2219,68,2151,30,4,2013-2014|2015-2016,WTSA2YR,ok,,0.8232374408147682
survey_weighted,odds_ratio,1.2514053103664124,0.6814813076155135,2.2979577477960564,0.2975869467157294,30,0.45695237288178836,age+sex+eth+marital+PIR_level+edu+smoke+alcohol.user+PA_level+BMI_level,,As_III_binary_U,HM_urine.rds,heart.attack,Myocardial infarction,binary_above_detection_threshold,2233,69,2164,30,4,2013-2014|2015-2016,WTSA2YR,ok,,0.8232374408147682
survey_weighted,odds_ratio,0.7961465080263045,0.4127556107402162,1.5356526858732789,0.3082069426988915,15,0.4709176187129889,age+sex+eth+marital+PIR_level+edu+smoke+alcohol.user+PA_level+BMI_level,,o_ANS_ln_U,AA_urine.rds,heart.attack,Myocardial infarction,natural_log_transformed,1048,27,1021,15,2,2013-2014,WTSA2YR,ok,,0.8232374408147682
survey_weighted,odds_ratio,0.8210132588600018,0.46316747138854975,1.4553327097931088,0.268573357607075,15,0.47408337489679275,age+sex+eth+marital+PIR_level+edu+smoke+alcohol.user+PA_level+BMI_level,,X4_ABP_ln_U,AA_urine.rds,heart.attack,Myocardial infarction,natural_log_transformed,1120,27,1093,15,2,2013-2014,WTSA2YR,ok,,0.8232374408147682
survey_weighted,odds_ratio,0.8916993089116036,0.6450947256407149,1.23257504039225,0.15851548584866745,30,0.4752044580500844,age+sex+eth+marital+PIR_level+edu+smoke+alcohol.user+PA_level+BMI_level,,THg_ln_S,HM_serum.rds,heart.attack,Myocardial infarction,natural_log_transformed,3256,103,3153,30,4,2013-2014|2015-2016,WTSH2YR,ok,,0.8232374408147682
survey_weighted,odds_ratio,1.1129994845183913,0.8124648388247304,1.5247033389532798,0.1476653532851176,15,0.4796051008907173,age+sex+eth+marital+PIR_level+edu+smoke+alcohol.user+PA_level+BMI_level,,DMTP_ln_U,pesticides_urine.rds,heart.attack,Myocardial infarction,natural_log_transformed,1037,46,991,15,2,2015-2016,WTSB2YR,ok,,0.8232374408147682
survey_weighted,odds_ratio,1.1167080376648129,0.806584567088772,1.5460707931545992,0.15263398368057865,15,0.4806822640998982,age+sex+eth+marital+PIR_level+edu+smoke+alcohol.user+PA_level+BMI_level,,DMP_ln_U,pesticides_urine.rds,heart.attack,Myocardial infarction,natural_log_transformed,1029,47,982,15,2,2015-2016,WTSB2YR,ok,,0.8232374408147682
survey_weighted,odds_ratio,1.2515856483355463,0.6456219662658617,2.4262907970427574,0.3241254133747224,30,0.4940363751950878,age+sex+eth+marital+PIR_level+edu+smoke+alcohol.user+PA_level+BMI_level,,PMA_binary_U,VOC_urine.rds,heart.attack,Myocardial infarction,binary_above_detection_threshold,2183,67,2116,30,4,2013-2014|2015-2016,WTSA2YR,ok,,0.8350255635501916
survey_weighted,odds_ratio,1.1138903608554112,0.8074756438331122,1.536581004619174,0.1575211491028838,30,0.49877365876487956,age+sex+eth+marital+PIR_level+edu+smoke+alcohol.user+PA_level+BMI_level,,Toluene_ln_S,VOC_serum.rds,heart.attack,Myocardial infarction,natural_log_transformed,3097,93,3004,30,4,2013-2014|2015-2016,WTSVOC2Y,ok,,0.8350255635501916
survey_weighted,odds_ratio,1.2832076059832764,0.59988592200798585,2.744891486270636,0.3723198904985438,30,0.5081370063878716,age+sex+eth+marital+PIR_level+edu+smoke+alcohol.user+PA_level+BMI_level,,o_Xylene_binary_S,VOC_serum.rds,heart.attack,Myocardial infarction,binary_above_detection_threshold,3152,98,3054,30,4,2013-2014|2015-2016,WTSVOC2Y,ok,,0.8412490439088096
survey_weighted,odds_ratio,0.8941344660130789,0.6264418349665194,1.276218155760977,0.17421781476044734,30,0.5255604688747959,age+sex+eth+marital+PIR_level+edu+smoke+alcohol.user+PA_level+BMI_level,,MEHHP_ln_U,Phthalates_urine.rds,heart.attack,Myocardial infarction,natural_log_transformed,2142,83,2059,30,4,2013-2014|2015-2016,WTSB2YR,ok,,0.86053307541038
survey_weighted,odds_ratio,0.8698737127884285,0.5526806988091777,1.3691092846750237,0.2220896655632846,30,0.5349451303998998,age+sex+eth+marital+PIR_level+edu+smoke+alcohol.user+PA_level+BMI_level,,Perchlorate_ln_U,PERNT_urine.rds,heart.attack,Myocardial infarction,natural_log_transformed,2221,68,2153,30,4,2013-2014|2015-2016,WTSA2YR,ok,,0.8641054323324848
survey_weighted,odds_ratio,1.0379059061648772,0.9169872653293573,1.1747694987509079,0.060651469506916404,30,0.5442186551983117,age+sex+eth+marital+PIR_level+edu+smoke+alcohol.user+PA_level+BMI_level,,X24_DCP_ln_U,PCCP_urine.rds,heart.attack,Myocardial infarction,natural_log_transformed,2142,83,2059,30,4,2013-2014|2015-2016,WTSB2YR,ok,,0.8641054323324848
survey_weighted,odds_ratio,1.1144330824248618,0.7722656391110106,1.6082045248480246,0.17959039904438306,30,0.5508474350758359,age+sex+eth+marital+PIR_level+edu+smoke+alcohol.user+PA_level+BMI_level,,MnBP_ln_U,Phthalates_urine.rds,heart.attack,Myocardial infarction,natural_log_transformed,2142,83,2059,30,4,2013-2014|2015-2016,WTSB2YR,ok,,0.8641054323324848
survey_weighted,odds_ratio,0.9125454337106135,0.6693859266400989,1.244034473156501,0.15173152285079466,30,0.5509397051784299,age+sex+eth+marital+PIR_level+edu+smoke+alcohol.user+PA_level+BMI_level,,MCPP_ln_U,Phthalates_urine.rds,heart.attack,Myocardial infarction,natural_log_transformed,2142,83,2059,30,4,2013-2014|2015-2016,WTSB2YR,ok,,0.8641054323324848
survey_weighted,odds_ratio,0.8047741892181249,0.377646568194707,1.7149937274096163,0.3704711249430363,30,0.5620842691343955,age+sex+eth+marital+PIR_level+edu+smoke+alcohol.user+PA_level+BMI_level,,IHg_binary_S,HM_serum.rds,heart.attack,Myocardial infarction,binary_above_detection_threshold,3251,103,3148,30,4,2013-2014|2015-2016,WTSH2YR,ok,,0.8672169189266239
survey_weighted,odds_ratio,0.8751981423941365,0.5483794641197454,1.3967915258819539,0.22890325315979887,30,0.5646732578195467,age+sex+eth+marital+PIR_level+edu+smoke+alcohol.user+PA_level+BMI_level,,MHBP_ln_U,Phthalates_urine.rds,heart.attack,Myocardial infarction,natural_log_transformed,2041,80,1961,30,4,2013-2014|2015-2016,WTSB2YR|WTSSBH2Y,ok,,0.8672169189266239
survey_weighted,odds_ratio,0.8761607745397494,0.5390910510216008,1.4239852458825817,0.2278567302784609,15,0.5703842822470412,age+sex+eth+marital+PIR_level+edu+smoke+alcohol.user+PA_level+BMI_level,,X1_AN_ln_U,AA_urine.rds,heart.attack,Myocardial infarction,natural_log_transformed,1109,27,1082,15,2,2013-2014,WTSA2YR,ok,,0.8672169189266239
survey_weighted,odds_ratio,0.8146525389766491,0.3544356522216076,1.8724379308381605,0.39045488035801057,15,0.6072480979255774,age+sex+eth+marital+PIR_level+edu+smoke+alcohol.user+PA_level+BMI_level,,X4_MDA_binary_U,AA_urine.rds,heart.attack,Myocardial infarction,binary_above_detection_threshold,1008,38,970,15,2,2015-2016,WTSA2YR,ok,,0.9014964314638756
survey_weighted,odds_ratio,0.6266035952548656,0.09525628831464768,4.12184930289739,0.9223759932371786,30,0.6160144003679103,age+sex+eth+marital+PIR_level+edu+smoke+alcohol.user+PA_level+BMI_level,,FA_ln_S,gas_serum.rds,heart.attack,Myocardial infarction,natural_log_transformed,1966,60,1906,30,4,2013-2014|2015-2016,WTSA2YR,ok,,0.9014964314638756
survey_weighted,odds_ratio,1.1953512248948945,0.5801907627160677,2.462749569070576,0.35393827121288557,30,0.6178346189023309,age+sex+eth+marital+PIR_level+edu+smoke+alcohol.user+PA_level+BMI_level,,X14_DCB_binary_S,VOC_serum.rds,heart.attack,Myocardial infarction,binary_above_detection_threshold,3130,95,3035,30,4,2013-2014|2015-2016,WTSVOC2Y,ok,,0.9014964314638756
survey_weighted,odds_ratio,1.260478610022442,0.4725600741966363,3.3621256070460825,0.4602885858030598,15,0.6223194101148082,age+sex+eth+marital+PIR_level+edu+smoke+alcohol.user+PA_level+BMI_level,,DETP_binary_U,pesticides_urine.rds,heart.attack,Myocardial infarction,binary_above_detection_threshold,1033,46,987,15,2,2015-2016,WTSB2YR,ok,,0.9014964314638756
survey_weighted,odds_ratio,0.8284240959106548,0.38192436921570816,1.7969172380769873,0.3791377645722672,30,0.6231820969179811,age+sex+eth+marital+PIR_level+edu+smoke+alcohol.user+PA_level+BMI_level,,X4FPBA_binary_U,pesticides_urine.rds,heart.attack,Myocardial infarction,binary_above_detection_threshold,2204,84,2120,30,4,2013-2014|2015-2016,WTSB2YR|WTSC2YR,ok,,0.9014964314638756
survey_weighted,odds_ratio,1.1440777117989775,0.633863389805896,2.064977772317794,0.27705119411800916,15,0.6341104858639115,age+sex+eth+marital+PIR_level+edu+smoke+alcohol.user+PA_level+BMI_level,,n_PFOS_ln_S,PFC_serum.rds,heart.attack,Myocardial infarction,natural_log_transformed,995,43,952,15,2,2015-2016,WTSB2YR,ok,,0.9015814811063831
survey_weighted,odds_ratio,1.076420035027427,0.7821973200733243,1.4813143206625035,0.15634005860160632,30,0.6410270321114149,age+sex+eth+marital+PIR_level+edu+smoke+alcohol.user+PA_level+BMI_level,,MEOHP_ln_U,Phthalates_urine.rds,heart.attack,Myocardial infarction,natural_log_transformed,2142,83,2059,30,4,2013-2014|2015-2016,WTSB2YR,ok,,0.9015814811063831
survey_weighted,odds_ratio,1.0838470966591942,0.7628965596375782,1.5398215054143505,0.17194065597054578,30,0.6429670454938621,age+sex+eth+marital+PIR_level+edu+smoke+alcohol.user+PA_level+BMI_level,,BCETP_ln_U,BFR_urine.rds,heart.attack,Myocardial infarction,natural_log_transformed,1940,80,1860,30,4,2013-2014|2015-2016,WTSSBI2Y|WTSSCH2Y,ok,,0.9015814811063831
survey_weighted,odds_ratio,0.9052978035305251,0.5819897831896322,1.4082104819529986,0.21633306563044713,30,0.6489046393715087,age+sex+eth+marital+PIR_level+edu+smoke+alcohol.user+PA_level+BMI_level,,Mo_ln_U,HM_urine.rds,heart.attack,Myocardial infarction,natural_log_transformed,2230,68,2162,30,4,2013-2014|2015-2016,WTSA2YR,ok,,0.9015814811063831
survey_weighted,odds_ratio,1.1894113412919234,0.5440848740145072,2.600144584714427,0.3829599410321993,30,0.6538496946138579,age+sex+eth+marital+PIR_level+edu+smoke+alcohol.user+PA_level+BMI_level,,AsB_binary_U,HM_urine.rds,heart.attack,Myocardial infarction,binary_above_detection_threshold,2233,69,2164,30,4,2013-2014|2015-2016,WTSA2YR,ok,,0.9015814811063831
survey_weighted,odds_ratio,0.9268972037253744,0.6529664901120085,1.3157465800833723,0.1715328705828206,30,0.6612626321556114,age+sex+eth+marital+PIR_level+edu+smoke+alcohol.user+PA_level+BMI_level,,DPHP_ln_U,BFR_urine.rds,heart.attack,Myocardial infarction,natural_log_transformed,1942,80,1862,30,4,2013-2014|2015-2016,WTSSBI2Y|WTSSCH2Y,ok,,0.9015814811063831
survey_weighted,odds_ratio,1.2030990498521639,0.5065176291846791,2.8576445129561954,0.4235952537304884,30,0.6655970665886051,age+sex+eth+marital+PIR_level+edu+smoke+alcohol.user+PA_level+BMI_level,,BuP_binary_U,PCCP_urine.rds,heart.attack,Myocardial infarction,binary_above_detection_threshold,2144,83,2061,30,4,2013-2014|2015-2016,WTSB2YR,ok,,0.9015814811063831
survey_weighted,odds_ratio,1.1074205506605923,0.6727751103218933,1.8228680835690256,0.24403093057058653,30,0.6788394407337681,age+sex+eth+marital+PIR_level+edu+smoke+alcohol.user+PA_level+BMI_level,,Cd_ln_S,HM_serum.rds,heart.attack,Myocardial infarction,natural_log_transformed,3256,103,3153,30,4,2013-2014|2015-2016,WTSH2YR,ok,,0.911234924948932
survey_weighted,odds_ratio,1.175324515683054,0.49725540778671845,2.778024523281016,0.4211954072482239,30,0.7040258453118402,age+sex+eth+marital+PIR_level+edu+smoke+alcohol.user+PA_level+BMI_level,,HEMA_binary_U,VOC_urine.rds,heart.attack,Myocardial infarction,binary_above_detection_threshold,2202,67,2135,30,4,2013-2014|2015-2016,WTSA2YR,ok,,0.9120466883555495
survey_weighted,odds_ratio,0.9197353982122289,0.5851238897079538,1.4456993084777623,0.22145057803240312,30,0.7082217261922172,age+sex+eth+marital+PIR_level+edu+smoke+alcohol.user+PA_level+BMI_level,,MCNP_ln_U,Phthalates_urine.rds,heart.attack,Myocardial infarction,natural_log_transformed,2142,83,2059,30,4,2013-2014|2015-2016,WTSB2YR,ok,,0.9120466883555495
survey_weighted,odds_ratio,1.1452632103751563,0.5490901368271375,2.3887295237498165,0.35995547688571655,30,0.7089677090880597,age+sex+eth+marital+PIR_level+edu+smoke+alcohol.user+PA_level+BMI_level,,TCC_binary_U,PCCP_urine.rds,heart.attack,Myocardial infarction,binary_above_detection_threshold,2144,83,2061,30,4,2013-2014|2015-2016,WTSB2YR,ok,,0.9120466883555495
survey_weighted,odds_ratio,0.9278062774667303,0.6077789871824146,1.4163446033192808,0.20712792213490014,30,0.720060899191461,age+sex+eth+marital+PIR_level+edu+smoke+alcohol.user+PA_level+BMI_level,,TCPY_ln_U,pesticides_urine.rds,heart.attack,Myocardial infarction,natural_log_transformed,2181,83,2098,30,4,2013-2014|2015-2016,WTSB2YR|WTSC2YR,ok,,0.9120466883555495
survey_weighted,odds_ratio,1.085285825382187,0.6833000788821303,1.723759968976491,0.226543988367899,30,0.7204300356760979,age+sex+eth+marital+PIR_level+edu+smoke+alcohol.user+PA_level+BMI_level,,Pb_ln_U,HM_urine.rds,heart.attack,Myocardial infarction,natural_log_transformed,2231,68,2163,30,4,2013-2014|2015-2016,WTSA2YR,ok,,0.9120466883555495
survey_weighted,odds_ratio,1.0495004962606904,0.7980016505317207,1.3802619216608412,0.1341441713550707,30,0.7212454865699376,age+sex+eth+marital+PIR_level+edu+smoke+alcohol.user+PA_level+BMI_level,,Ba_ln_U,HM_urine.rds,heart.attack,Myocardial infarction,natural_log_transformed,2231,68,2163,30,4,2013-2014|2015-2016,WTSA2YR,ok,,0.9120466883555495
survey_weighted,odds_ratio,1.131256133678304,0.5517005414728722,2.319628754701361,0.351607599211124,30,0.728222224457848,age+sex+eth+marital+PIR_level+edu+smoke+alcohol.user+PA_level+BMI_level,,CEMA_CEM_ln_U,VOC_urine.rds,heart.attack,Myocardial infarction,natural_log_transformed,2207,68,2139,30,4,2013-2014|2015-2016,WTSA2YR,ok,,0.9120466883555495
survey_weighted,odds_ratio,1.2311002621057485,0.3518230140767636,4.307870135596516,0.5876448377272083,15,0.7284131269416805,age+sex+eth+marital+PIR_level+edu+smoke+alcohol.user+PA_level+BMI_level,,MeA_a_C_binary_U,AA_urine.rds,heart.attack,Myocardial infarction,binary_above_detection_threshold,1154,30,1124,15,2,2013-2014,WTSA2YR,ok,,0.9120466883555495
survey_weighted,odds_ratio,1.2132011135899277,0.3655502084408791,4.0264152721824695,0.5873917806885328,30,0.7444281052572521,age+sex+eth+marital+PIR_level+edu+smoke+alcohol.user+PA_level+BMI_level,,MA_ln_U,VOC_urine.rds,heart.attack,Myocardial infarction,natural_log_transformed,2181,67,2114,30,4,2013-2014|2015-2016,WTSA2YR,ok,,0.9177877111044815
survey_weighted,odds_ratio,1.0586606912467276,0.7422154212876308,1.5100231375503448,0.17388491044976717,30,0.7453175372056529,age+sex+eth+marital+PIR_level+edu+smoke+alcohol.user+PA_level+BMI_level,,MECPP_ln_U,Phthalates_urine.rds,heart.attack,Myocardial infarction,natural_log_transformed,2142,83,2059,30,4,2013-2014|2015-2016,WTSB2YR,ok,,0.9177877111044815
survey_weighted,odds_ratio,0.8463108439853303,0.2711699750993033,2.6413029111533164,0.533975051729093,15,0.7589609952035227,age+sex+eth+marital+PIR_level+edu+smoke+alcohol.user+PA_level+BMI_level,,PFHxA_binary_U,PFC_urine.rds,heart.attack,Myocardial infarction,binary_above_detection_threshold,1012,34,978,15,2,2013-2014,WTSSBH2Y,ok,,0.9269277728305317
survey_weighted,odds_ratio,1.094643185828014,0.5757618013450745,2.0811448440664333,0.30143321804689877,15,0.7682982890542367,age+sex+eth+marital+PIR_level+edu+smoke+alcohol.user+PA_level+BMI_level,,Sm_PFOS_ln_S,PFC_serum.rds,heart.attack,Myocardial infarction,natural_log_transformed,995,43,952,15,2,2015-2016,WTSB2YR,ok,,0.9307028054396851
survey_weighted,odds_ratio,1.1422292719934826,0.41070869863647624,3.176674158911734,0.47988606392288036,15,0.7854770367461845,age+sex+eth+marital+PIR_level+edu+smoke+alcohol.user+PA_level+BMI_level,,PhIP_binary_U,AA_urine.rds,heart.attack,Myocardial infarction,binary_above_detection_threshold,1154,30,1124,15,2,2013-2014,WTSA2YR,ok,,0.9318366225774156
survey_weighted,odds_ratio,1.042479996882365,0.7631995330911254,1.4239586068642118,0.15269180002300603,30,0.7871345530446593,age+sex+eth+marital+PIR_level+edu+smoke+alcohol.user+PA_level+BMI_level,,MBzP_ln_U,Phthalates_urine.rds,heart.attack,Myocardial infarction,natural_log_transformed,2142,83,2059,30,4,2013-2014|2015-2016,WTSB2YR,ok,,0.9318366225774156
survey_weighted,odds_ratio,1.098466522990553,0.5216667773097958,2.3130257754834744,0.36461412749270755,30,0.7984942924783666,age+sex+eth+marital+PIR_level+edu+smoke+alcohol.user+PA_level+BMI_level,,BPF_binary_U,PCCP_urine.rds,heart.attack,Myocardial infarction,binary_above_detection_threshold,2143,83,2060,30,4,2013-2014|2015-2016,WTSB2YR,ok,,0.9318366225774156
survey_weighted,odds_ratio,1.0338896884707305,0.7883748793461863,1.3558624404833721,0.13274901315629034,30,0.8034787184067774,age+sex+eth+marital+PIR_level+edu+smoke+alcohol.user+PA_level+BMI_level,,MEP_ln_U,Phthalates_urine.rds,heart.attack,Myocardial infarction,natural_log_transformed,2142,83,2059,30,4,2013-2014|2015-2016,WTSB2YR,ok,,0.9318366225774156
survey_weighted,odds_ratio,1.18147411385825,0.26852878238259176,5.198254985301083,0.725446831101901,30,0.8197482431200663,age+sex+eth+marital+PIR_level+edu+smoke+alcohol.user+PA_level+BMI_level,,DHB_Cys_ln_U,VOC_urine.rds,heart.attack,Myocardial infarction,natural_log_transformed,2097,64,2033,30,4,2013-2014|2015-2016,WTSA2YR,ok,,0.9318366225774156
survey_weighted,odds_ratio,0.8472732400669588,0.1765870962449003,4.0652570804946,0.7357476631679353,15,0.8248197252041547,age+sex+eth+marital+PIR_level+edu+smoke+alcohol.user+PA_level+BMI_level,,PPDA_binary_U,AA_urine.rds,heart.attack,Myocardial infarction,binary_above_detection_threshold,936,36,900,15,2,2015-2016,WTSA2YR,ok,,0.9318366225774156
survey_weighted,odds_ratio,0.9759649085554778,0.7774664100559786,1.2251429649071532,0.11133979214989656,30,0.8285129094884474,age+sex+eth+marital+PIR_level+edu+smoke+alcohol.user+PA_level+BMI_level,,NPMA_ln_U,VOC_urine.rds,heart.attack,Myocardial infarction,natural_log_transformed,2190,68,2122,30,4,2013-2014|2015-2016,WTSA2YR,ok,,0.9318366225774156
survey_weighted,odds_ratio,0.8527127703293862,0.18117248389556903,4.013407847860277,0.7267229186873716,15,0.8294123647401819,age+sex+eth+marital+PIR_level+edu+smoke+alcohol.user+PA_level+BMI_level,,PFHpA_binary_S,PFC_serum.rds,heart.attack,Myocardial infarction,binary_above_detection_threshold,1076,38,1038,15,2,2013-2014,WTSB2YR,ok,,0.9318366225774156
survey_weighted,odds_ratio,1.0152262759157005,0.8806378017798645,1.1703839980824544,0.06963829846912997,30,0.8296772684999003,age+sex+eth+marital+PIR_level+edu+smoke+alcohol.user+PA_level+BMI_level,,X25_DCP_ln_U,PCCP_urine.rds,heart.attack,Myocardial infarction,natural_log_transformed,2142,83,2059,30,4,2013-2014|2015-2016,WTSB2YR,ok,,0.9318366225774156
survey_weighted,odds_ratio,1.1731954283543282,0.242855986690612,5.667504976374966,0.7389421078969901,15,0.8317736295489683,age+sex+eth+marital+PIR_level+edu+smoke+alcohol.user+PA_level+BMI_level,,X5OHIMI_binary_U,pesticides_urine.rds,heart.attack,Myocardial infarction,binary_above_detection_threshold,841,38,803,15,2,2015-2016,WTSSBI2Y,ok,,0.9318366225774156
survey_weighted,odds_ratio,0.9439386622009246,0.5273606962216595,1.6895840065091978,0.2850630621169389,30,0.8409776659091908,age+sex+eth+marital+PIR_level+edu+smoke+alcohol.user+PA_level+BMI_level,,Cs_ln_U,HM_urine.rds,heart.attack,Myocardial infarction,natural_log_transformed,2231,68,2163,30,4,2013-2014|2015-2016,WTSA2YR,ok,,0.9324332856148221
survey_weighted,odds_ratio,0.9350183387505699,0.46576482849058926,1.8770401720393963,0.3412303259208129,30,0.8452316894351788,age+sex+eth+marital+PIR_level+edu+smoke+alcohol.user+PA_level+BMI_level,,PHE_Cys_binary_U,VOC_urine.rds,heart.attack,Myocardial infarction,binary_above_detection_threshold,2171,68,2103,30,4,2013-2014|2015-2016,WTSA2YR,ok,,0.9324332856148221
survey_weighted,odds_ratio,0.9036278228912137,0.2749762707617564,2.9695043868370012,0.55818012298378,15,0.8583662808834249,age+sex+eth+marital+PIR_level+edu+smoke+alcohol.user+PA_level+BMI_level,,IPPPP_binary_U,BFR_urine.rds,heart.attack,Myocardial infarction,binary_above_detection_threshold,897,45,852,15,2,2015-2016,WTSSBI2Y,ok,,0.9324332856148221
survey_weighted,odds_ratio,0.981182230636983,0.7855174720785646,1.2255851765719579,0.108905891082645,30,0.8626949182017942,age+sex+eth+marital+PIR_level+edu+smoke+alcohol.user+PA_level+BMI_level,,MCOP_ln_U,Phthalates_urine.rds,heart.attack,Myocardial infarction,natural_log_transformed,2142,83,2059,30,4,2013-2014|2015-2016,WTSB2YR,ok,,0.9324332856148221
survey_weighted,odds_ratio,0.9264290960747644,0.37640870711131946,2.280156791909915,0.441009705233575,30,0.8635959289586943,age+sex+eth+marital+PIR_level+edu+smoke+alcohol.user+PA_level+BMI_level,,PGA_ln_U,VOC_urine.rds,heart.attack,Myocardial infarction,natural_log_transformed,2183,67,2116,30,4,2013-2014|2015-2016,WTSA2YR,ok,,0.9324332856148221
survey_weighted,odds_ratio,0.9669976252717226,0.6182495222697217,1.5124708933834077,0.219022640497378,30,0.8792486554927855,age+sex+eth+marital+PIR_level+edu+smoke+alcohol.user+PA_level+BMI_level,,X34_MHA_ln_U,VOC_urine.rds,heart.attack,Myocardial infarction,natural_log_transformed,2216,68,2148,30,4,2013-2014|2015-2016,WTSA2YR,ok,,0.9404699057583368
survey_weighted,odds_ratio,1.043268372767472,0.568388826620541,1.9149019942707564,0.2973687424027653,30,0.887681531024336,age+sex+eth+marital+PIR_level+edu+smoke+alcohol.user+PA_level+BMI_level,,EtP_binary_U,PCCP_urine.rds,heart.attack,Myocardial infarction,binary_above_detection_threshold,2144,83,2061,30,4,2013-2014|2015-2016,WTSB2YR,ok,,0.9404699057583368
survey_weighted,odds_ratio,1.0221144097018138,0.7420669518748917,1.4078485288699674,0.15678086420190446,30,0.8899748772612448,age+sex+eth+marital+PIR_level+edu+smoke+alcohol.user+PA_level+BMI_level,,Total_As_ln_U,HM_urine.rds,heart.attack,Myocardial infarction,natural_log_transformed,2230,68,2162,30,4,2013-2014|2015-2016,WTSA2YR,ok,,0.9404699057583368
survey_weighted,odds_ratio,0.9698117825539426,0.5866782460198546,1.6031528354106137,0.23581392222454362,15,0.8983021295089999,age+sex+eth+marital+PIR_level+edu+smoke+alcohol.user+PA_level+BMI_level,,X2_AN_ln_U,AA_urine.rds,heart.attack,Myocardial infarction,natural_log_transformed,1116,24,1092,15,2,2013-2014,WTSA2YR,ok,,0.9425846288509928
survey_weighted,odds_ratio,0.9872413256230749,0.721348276858583,1.351144053830021,0.1536486697161787,30,0.9339517056728655,age+sex+eth+marital+PIR_level+edu+smoke+alcohol.user+PA_level+BMI_level,,W_ln_U,HM_urine.rds,heart.attack,Myocardial infarction,natural_log_transformed,2230,68,2162,30,4,2013-2014|2015-2016,WTSA2YR,ok,,0.9731384905262723
survey_weighted,odds_ratio,0.9891362776617539,0.7341274527475421,1.3327257714240628,0.14598907198359806,30,0.9408532134703149,age+sex+eth+marital+PIR_level+edu+smoke+alcohol.user+PA_level+BMI_level,,ATCA_ln_U,VOC_urine.rds,heart.attack,Myocardial infarction,natural_log_transformed,2165,67,2098,30,4,2013-2014|2015-2016,WTSA2YR,ok,,0.9735217278269231
survey_weighted,odds_ratio,1.0145313113758643,0.5750507064048545,1.7898835186151192,0.27798631809716345,30,0.9589545427171755,age+sex+eth+marital+PIR_level+edu+smoke+alcohol.user+PA_level+BMI_level,,Pb_ln_S,HM_serum.rds,heart.attack,Myocardial infarction,natural_log_transformed,3256,103,3153,30,4,2013-2014|2015-2016,WTSH2YR,ok,,0.9853439465331847
survey_weighted,odds_ratio,1.0154266638124048,0.48349469622264674,2.1325803936148624,0.3481310725127636,15,0.9655048066701003,age+sex+eth+marital+PIR_level+edu+smoke+alcohol.user+PA_level+BMI_level,,Norharman_ln_U,AA_urine.rds,heart.attack,Myocardial infarction,natural_log_transformed,1139,28,1111,15,2,2013-2014,WTSA2YR,ok,,0.9853439465331847
survey_weighted,odds_ratio,1.0099916989261963,0.5506659495191107,1.8524538021474712,0.29700690814252967,30,0.9735180534431327,age+sex+eth+marital+PIR_level+edu+smoke+alcohol.user+PA_level+BMI_level,,BMA_ln_U,VOC_urine.rds,heart.attack,Myocardial infarction,natural_log_transformed,2210,68,2142,30,4,2013-2014|2015-2016,WTSA2YR,ok,,0.986763197027393
survey_weighted,odds_ratio,1.0064435015067863,0.47513328617798467,2.1318828867439064,0.3675233147324168,30,0.986172605277305,age+sex+eth+marital+PIR_level+edu+smoke+alcohol.user+PA_level+BMI_level,,CEMA_AAM_ln_U,VOC_urine.rds,heart.attack,Myocardial infarction,natural_log_transformed,2156,64,2092,30,4,2013-2014|2015-2016,WTSA2YR,ok,,0.9920685611451974
survey_weighted,odds_ratio,1.0022113017586394,0.6390172448748845,1.5718315920713637,0.2203587952845535,30,0.9920685611451974,age+sex+eth+marital+PIR_level+edu+smoke+alcohol.user+PA_level+BMI_level,,GLYP_ln_U,GYLP_urine.rds,heart.attack,Myocardial infarction,natural_log_transformed,1938,78,1860,30,4,2013-2014|2015-2016,WTSSCH2Y|WTSSGL2Y,ok,,0.9920685611451974
