method,effect_scale,estimate,conf_low,conf_high,std_error_link_scale,reference_df,p_value,covariates_used,covariates_dropped_no_variation,exposure,module_rds,outcome_code,outcome,transform,n,events,non_events,n_strata,n_psu,cycles,weight_variables,status,error,p_fdr_bh
same_sample_unweighted,odds_ratio,4.966909929152338,1.9366671875916308,12.738478971697278,0.4799660309164605,1024,8.395999006353908e-4,age+sex+eth+marital+PIR_level+edu+smoke+alcohol.user+PA_level+BMI_level,,IPM1_Cys_ln_U,VOC_urine.rds,angina,Angina,natural_log_transformed,1047,19,1028,15,2,2015-2016,WTSA2YR,ok,,0.12510038519467323
same_sample_unweighted,odds_ratio,1.8430805182516683,1.188107449437978,2.8591233885165255,0.22393892231416587,3231,0.006326134930949088,age+sex+eth+marital+PIR_level+edu+smoke+alcohol.user+PA_level+BMI_level,,Cd_ln_S,HM_serum.rds,angina,Angina,natural_log_transformed,3254,64,3190,30,4,2013-2014|2015-2016,WTSH2YR,ok,,0.3123488686108845
same_sample_unweighted,odds_ratio,0.4546569303798333,0.2580112110343874,0.8011780709593357,0.2886971865764344,974,0.0063288540785149255,age+sex+eth+marital+PIR_level+edu+smoke+alcohol.user+PA_level+BMI_level,,n_PFOA_ln_S,PFC_serum.rds,angina,Angina,natural_log_transformed,997,22,975,15,2,2015-2016,WTSB2YR,ok,,0.3123488686108845
same_sample_unweighted,odds_ratio,1.4213314133304384,1.0859142503625512,1.8603522201181435,0.13725971767325126,2206,0.010421407054933003,age+sex+eth+marital+PIR_level+edu+smoke+alcohol.user+PA_level+BMI_level,,U_ln_U,HM_urine.rds,angina,Angina,natural_log_transformed,2229,46,2183,30,4,2013-2014|2015-2016,WTSA2YR,ok,,0.3123488686108845
same_sample_unweighted,odds_ratio,1.6170586955321702,1.1189280955626402,2.3369498318668476,0.18777262071446799,2121,0.010481505658083373,age+sex+eth+marital+PIR_level+edu+smoke+alcohol.user+PA_level+BMI_level,,X3_HPMA_ln_U,VOC_urine.rds,angina,Angina,natural_log_transformed,2144,44,2100,30,4,2013-2014|2015-2016,WTSA2YR,ok,,0.3123488686108845
same_sample_unweighted,odds_ratio,0.6633262130189178,0.4785996079416892,0.9193523303755546,0.16644077778112218,2140,0.013652726230843418,age+sex+eth+marital+PIR_level+edu+smoke+alcohol.user+PA_level+BMI_level,,ATCA_ln_U,VOC_urine.rds,angina,Angina,natural_log_transformed,2163,44,2119,30,4,2013-2014|2015-2016,WTSA2YR,ok,,0.3169278835109024
same_sample_unweighted,odds_ratio,2.623891384380262,1.2067379092144184,5.70530348342744,0.3961535237931898,3230,0.01488922942668669,age+sex+eth+marital+PIR_level+edu+smoke+alcohol.user+PA_level+BMI_level,,Mn_ln_S,HM_serum.rds,angina,Angina,natural_log_transformed,3253,63,3190,30,4,2013-2014|2015-2016,WTSH2YR,ok,,0.3169278835109024
same_sample_unweighted,odds_ratio,0.6626995700323671,0.469610811501147,0.9351801733806795,0.17562262020986036,2049,0.01914406410481016,age+sex+eth+marital+PIR_level+edu+smoke+alcohol.user+PA_level+BMI_level,,PFHS_ln_S,PFC_serum.rds,angina,Angina,natural_log_transformed,2072,45,2027,30,4,2013-2014|2015-2016,WTSB2YR,ok,,0.33327598928052493
same_sample_unweighted,odds_ratio,1.2860170165493634,1.0352481022800968,1.5975298705807843,0.11060786289573869,2164,0.022950999913423534,age+sex+eth+marital+PIR_level+edu+smoke+alcohol.user+PA_level+BMI_level,,CEMA_CYM_ln_U,VOC_urine.rds,angina,Angina,natural_log_transformed,2187,45,2142,30,4,2013-2014|2015-2016,WTSA2YR,ok,,0.33327598928052493
same_sample_unweighted,odds_ratio,1.3946624869588007,1.0391610149196333,1.8717825482324661,0.1500388707074469,2120,0.026615684655548876,age+sex+eth+marital+PIR_level+edu+smoke+alcohol.user+PA_level+BMI_level,,MBzP_ln_U,Phthalates_urine.rds,angina,Angina,natural_log_transformed,2143,45,2098,30,4,2013-2014|2015-2016,WTSB2YR,ok,,0.33327598928052493
same_sample_unweighted,odds_ratio,1.3408807549127053,1.033213871737985,1.740163627372606,0.13290451917895815,1919,0.02731069316037655,age+sex+eth+marital+PIR_level+edu+smoke+alcohol.user+PA_level+BMI_level,,BCETP_ln_U,BFR_urine.rds,angina,Angina,natural_log_transformed,1942,40,1902,30,4,2013-2014|2015-2016,WTSSBI2Y|WTSSCH2Y,ok,,0.33327598928052493
same_sample_unweighted,odds_ratio,0.6280877748658352,0.4108356149921926,0.9602240860822473,0.21645092050702916,2049,0.03166285756286486,age+sex+eth+marital+PIR_level+edu+smoke+alcohol.user+PA_level+BMI_level,,PFDA_ln_S,PFC_serum.rds,angina,Angina,natural_log_transformed,2072,45,2027,30,4,2013-2014|2015-2016,WTSB2YR,ok,,0.33327598928052493
same_sample_unweighted,odds_ratio,1.3518186821233336,1.0244943292841056,1.7837226591723778,0.1414045593712352,3231,0.033020605787557646,age+sex+eth+marital+PIR_level+edu+smoke+alcohol.user+PA_level+BMI_level,,THg_ln_S,HM_serum.rds,angina,Angina,natural_log_transformed,3254,64,3190,30,4,2013-2014|2015-2016,WTSH2YR,ok,,0.33327598928052493
same_sample_unweighted,odds_ratio,1.4822876292763294,1.0320108753091477,2.1290246725815347,0.18463347623936865,2165,0.033029998221766714,age+sex+eth+marital+PIR_level+edu+smoke+alcohol.user+PA_level+BMI_level,,PMM_Cys_ln_U,VOC_urine.rds,angina,Angina,natural_log_transformed,2188,45,2143,30,4,2013-2014|2015-2016,WTSA2YR,ok,,0.33327598928052493
same_sample_unweighted,odds_ratio,1.979101050398367,1.0530858311837645,3.719393853476343,0.32172622995429395,2206,0.033853489048185616,age+sex+eth+marital+PIR_level+edu+smoke+alcohol.user+PA_level+BMI_level,,Cs_ln_U,HM_urine.rds,angina,Angina,natural_log_transformed,2229,46,2183,30,4,2013-2014|2015-2016,WTSA2YR,ok,,0.33327598928052493
same_sample_unweighted,odds_ratio,1.5053156218743549,1.0217494987946076,2.2177403797430033,0.19758782190863225,2120,0.03845433487073642,age+sex+eth+marital+PIR_level+edu+smoke+alcohol.user+PA_level+BMI_level,,MiBP_ln_U,Phthalates_urine.rds,angina,Angina,natural_log_transformed,2143,45,2098,30,4,2013-2014|2015-2016,WTSB2YR,ok,,0.33327598928052493
same_sample_unweighted,odds_ratio,1.4865217144259308,1.019197159033699,2.1681249676508814,0.19245673720840087,2120,0.03940942424321952,age+sex+eth+marital+PIR_level+edu+smoke+alcohol.user+PA_level+BMI_level,,MECPP_ln_U,Phthalates_urine.rds,angina,Angina,natural_log_transformed,2143,45,2098,30,4,2013-2014|2015-2016,WTSB2YR,ok,,0.33327598928052493
same_sample_unweighted,odds_ratio,1.3721557074217543,1.0124107981834065,1.8597305449413122,0.15503194406157503,1921,0.04127467409490046,age+sex+eth+marital+PIR_level+edu+smoke+alcohol.user+PA_level+BMI_level,,DPHP_ln_U,BFR_urine.rds,angina,Angina,natural_log_transformed,1944,40,1904,30,4,2013-2014|2015-2016,WTSSBI2Y|WTSSCH2Y,ok,,0.33327598928052493
same_sample_unweighted,odds_ratio,1.6697947532840796,1.0080292146019771,2.766005665020308,0.2573619893066832,2156,0.04635586831012023,age+sex+eth+marital+PIR_level+edu+smoke+alcohol.user+PA_level+BMI_level,,MA_ln_U,VOC_urine.rds,angina,Angina,natural_log_transformed,2179,45,2134,30,4,2013-2014|2015-2016,WTSA2YR,ok,,0.33327598928052493
same_sample_unweighted,odds_ratio,1.720663127252351,1.0042886479858746,2.948038498118603,0.27438966841276435,1024,0.04794227930745125,age+sex+eth+marital+PIR_level+edu+smoke+alcohol.user+PA_level+BMI_level,,IPM3_Cys_ln_U,VOC_urine.rds,angina,Angina,natural_log_transformed,1047,19,1028,15,2,2015-2016,WTSA2YR,ok,,0.33327598928052493
same_sample_unweighted,odds_ratio,1.5494126529935812,1.0032371061870977,2.3929333897752536,0.2216382312824163,2182,0.04819629599915716,age+sex+eth+marital+PIR_level+edu+smoke+alcohol.user+PA_level+BMI_level,,CEMA_CEM_ln_U,VOC_urine.rds,angina,Angina,natural_log_transformed,2205,45,2160,30,4,2013-2014|2015-2016,WTSA2YR,ok,,0.33327598928052493
same_sample_unweighted,odds_ratio,2.32023994264438,1.0020338612899728,5.372586296147621,0.4279433596243498,1148,0.04920853533001039,age+sex+eth+marital+PIR_level+edu+smoke+alcohol.user+PA_level+BMI_level,,TTCA_binary_U,VOC_urine.rds,angina,Angina,binary_above_detection_threshold,1171,26,1145,15,2,2013-2014,WTSA2YR,ok,,0.33327598928052493
same_sample_unweighted,odds_ratio,1.4267095377632355,0.9963719271510978,2.042911938481287,0.18306863430165096,2200,0.05223538922066617,age+sex+eth+marital+PIR_level+edu+smoke+alcohol.user+PA_level+BMI_level,,X2_FL_ln_U,PAH_urine.rds,angina,Angina,natural_log_transformed,2223,46,2177,30,4,2013-2014|2015-2016,WTSA2YR,ok,,0.3383944779947504
same_sample_unweighted,odds_ratio,1.545726024730418,0.978718914542795,2.441220771384641,0.2330419196497662,2206,0.061659616066492944,age+sex+eth+marital+PIR_level+edu+smoke+alcohol.user+PA_level+BMI_level,,Cd_ln_U,HM_urine.rds,angina,Angina,natural_log_transformed,2229,46,2183,30,4,2013-2014|2015-2016,WTSA2YR,ok,,0.38280344974614366
same_sample_unweighted,odds_ratio,1.9590053763502078,0.9506210357349087,4.03704727783786,0.368708045618406,2073,0.06818758493479184,age+sex+eth+marital+PIR_level+edu+smoke+alcohol.user+PA_level+BMI_level,,DHB_Cys_ln_U,VOC_urine.rds,angina,Angina,natural_log_transformed,2096,42,2054,30,4,2013-2014|2015-2016,WTSA2YR,ok,,0.40639800621135935
same_sample_unweighted,odds_ratio,1.3909420332067794,0.9651250869743637,2.0046310740991036,0.18636648981160492,2135,0.07662658793793978,age+sex+eth+marital+PIR_level+edu+smoke+alcohol.user+PA_level+BMI_level,,MB3_Cys_ln_U,VOC_urine.rds,angina,Angina,natural_log_transformed,2158,44,2114,30,4,2013-2014|2015-2016,WTSA2YR,ok,,0.4364152480634311
same_sample_unweighted,odds_ratio,1.3424885560985207,0.9649884396751438,1.8676654031857765,0.16836148880781535,2199,0.08022863717004734,age+sex+eth+marital+PIR_level+edu+smoke+alcohol.user+PA_level+BMI_level,,X3_FL_ln_U,PAH_urine.rds,angina,Angina,natural_log_transformed,2222,46,2176,30,4,2013-2014|2015-2016,WTSA2YR,ok,,0.4364152480634311
same_sample_unweighted,odds_ratio,0.6430103788709886,0.38722937812637254,1.0677452969513035,0.2584299726147292,974,0.08749569202657356,age+sex+eth+marital+PIR_level+edu+smoke+alcohol.user+PA_level+BMI_level,,n_PFOS_ln_S,PFC_serum.rds,angina,Angina,natural_log_transformed,997,22,975,15,2,2015-2016,WTSB2YR,ok,,0.4364152480634311
same_sample_unweighted,odds_ratio,0.6476326573144731,0.389162116721175,1.0777720667007151,0.25954289401624697,974,0.09416329656360363,age+sex+eth+marital+PIR_level+edu+smoke+alcohol.user+PA_level+BMI_level,,Sm_PFOS_ln_S,PFC_serum.rds,angina,Angina,natural_log_transformed,997,22,975,15,2,2015-2016,WTSB2YR,ok,,0.4364152480634311
same_sample_unweighted,odds_ratio,0.5621975597156836,0.2858851556926905,1.1055701559056177,0.3448417509173336,2122,0.09491004803920246,age+sex+eth+marital+PIR_level+edu+smoke+alcohol.user+PA_level+BMI_level,,TCC_binary_U,PCCP_urine.rds,angina,Angina,binary_above_detection_threshold,2145,45,2100,30,4,2013-2014|2015-2016,WTSB2YR,ok,,0.4364152480634311
same_sample_unweighted,odds_ratio,1.8187785705942316,0.8963034736038801,3.6906645865736576,0.36082102924593923,1924,0.09736004696636001,age+sex+eth+marital+PIR_level+edu+smoke+alcohol.user+PA_level+BMI_level,,BCPP_binary_U,BFR_urine.rds,angina,Angina,binary_above_detection_threshold,1947,40,1907,30,4,2013-2014|2015-2016,WTSSBI2Y|WTSSCH2Y,ok,,0.4364152480634311
same_sample_unweighted,odds_ratio,1.444109829041653,0.934837177456931,2.2308197070294535,0.22173949898013523,1917,0.09745498722194061,age+sex+eth+marital+PIR_level+edu+smoke+alcohol.user+PA_level+BMI_level,,GLYP_ln_U,GYLP_urine.rds,angina,Angina,natural_log_transformed,1940,40,1900,30,4,2013-2014|2015-2016,WTSSCH2Y|WTSSGL2Y,ok,,0.4364152480634311
same_sample_unweighted,odds_ratio,1.5319469307105043,0.9244466620532925,2.53866609599813,0.2575665127595947,2197,0.09771451867217355,age+sex+eth+marital+PIR_level+edu+smoke+alcohol.user+PA_level+BMI_level,,Nitrate_ln_U,PERNT_urine.rds,angina,Angina,natural_log_transformed,2220,45,2175,30,4,2013-2014|2015-2016,WTSA2YR,ok,,0.4364152480634311
same_sample_unweighted,odds_ratio,1.265706257181464,0.9513613941275441,1.6839156385334009,0.1455816731502848,2205,0.10554551764684578,age+sex+eth+marital+PIR_level+edu+smoke+alcohol.user+PA_level+BMI_level,,Sn_ln_U,HM_urine.rds,angina,Angina,natural_log_transformed,2228,46,2182,30,4,2013-2014|2015-2016,WTSA2YR,ok,,0.4364152480634311
same_sample_unweighted,odds_ratio,0.4389554375402497,0.15995775431778067,1.204579777754068,0.5144372221777979,1010,0.10948744581538324,age+sex+eth+marital+PIR_level+edu+smoke+alcohol.user+PA_level+BMI_level,,MCOCH_binary_U,Phthalates_urine.rds,angina,Angina,binary_above_detection_threshold,1033,22,1011,15,2,2015-2016,WTSB2YR,ok,,0.4364152480634311
same_sample_unweighted,odds_ratio,1.3593263331436187,0.9327154600657878,1.9810629919732932,0.19206333064136719,2201,0.10995953615890032,age+sex+eth+marital+PIR_level+edu+smoke+alcohol.user+PA_level+BMI_level,,X23_OH_PH_ln_U,PAH_urine.rds,angina,Angina,natural_log_transformed,2224,46,2178,30,4,2013-2014|2015-2016,WTSA2YR,ok,,0.4364152480634311
same_sample_unweighted,odds_ratio,1.7128817199730408,0.8849730766691356,3.315314176178856,0.33674005519415745,2121,0.10999899419572844,age+sex+eth+marital+PIR_level+edu+smoke+alcohol.user+PA_level+BMI_level,,MINP_binary_U,Phthalates_urine.rds,angina,Angina,binary_above_detection_threshold,2144,45,2099,30,4,2013-2014|2015-2016,WTSB2YR,ok,,0.4364152480634311
same_sample_unweighted,odds_ratio,0.5381037943581104,0.25085060842975676,1.1542953605539168,0.3891695864687453,2121,0.11130053306315693,age+sex+eth+marital+PIR_level+edu+smoke+alcohol.user+PA_level+BMI_level,,MHNCH_binary_U,Phthalates_urine.rds,angina,Angina,binary_above_detection_threshold,2144,45,2099,30,4,2013-2014|2015-2016,WTSB2YR,ok,,0.4364152480634311
same_sample_unweighted,odds_ratio,1.4042574894203401,0.9077780405128759,2.172270101928233,0.22246572602783704,2207,0.12698077449350875,age+sex+eth+marital+PIR_level+edu+smoke+alcohol.user+PA_level+BMI_level,,DMA_ln_U,HM_urine.rds,angina,Angina,natural_log_transformed,2230,46,2184,30,4,2013-2014|2015-2016,WTSA2YR,ok,,0.4654373989029637
same_sample_unweighted,odds_ratio,1.2178157046818177,0.9450165710050668,1.569364110718563,0.12932220896617233,2120,0.12756318939296593,age+sex+eth+marital+PIR_level+edu+smoke+alcohol.user+PA_level+BMI_level,,MCOP_ln_U,Phthalates_urine.rds,angina,Angina,natural_log_transformed,2143,45,2098,30,4,2013-2014|2015-2016,WTSB2YR,ok,,0.4654373989029637
same_sample_unweighted,odds_ratio,4.302316967216187,0.6554598641960403,28.239610535268703,0.9588697200970264,1025,0.12807337822162088,age+sex+eth+marital+PIR_level+edu+smoke+alcohol.user+PA_level+BMI_level,,CYHA_Cys_binary_U,VOC_urine.rds,angina,Angina,binary_above_detection_threshold,1048,19,1029,15,2,2015-2016,WTSA2YR,ok,,0.4654373989029637
same_sample_unweighted,odds_ratio,1.4165052104328926,0.899162898487753,2.231505564295547,0.23175446308860975,2171,0.1329884758782308,age+sex+eth+marital+PIR_level+edu+smoke+alcohol.user+PA_level+BMI_level,,CMAC_ln_U,VOC_urine.rds,angina,Angina,natural_log_transformed,2194,45,2149,30,4,2013-2014|2015-2016,WTSA2YR,ok,,0.4707253076762569
same_sample_unweighted,odds_ratio,1.5383661823325092,0.8731687198521293,2.710324427729244,0.28879600258541194,2158,0.13584690087301374,age+sex+eth+marital+PIR_level+edu+smoke+alcohol.user+PA_level+BMI_level,,PGA_ln_U,VOC_urine.rds,angina,Angina,natural_log_transformed,2181,44,2137,30,4,2013-2014|2015-2016,WTSA2YR,ok,,0.4707253076762569
same_sample_unweighted,odds_ratio,0.3635691041185673,0.09310600596952578,1.4196988915284563,0.694176993874336,988,0.14496930257870475,age+sex+eth+marital+PIR_level+edu+smoke+alcohol.user+PA_level+BMI_level,,PFHxA_binary_U,PFC_urine.rds,angina,Angina,binary_above_detection_threshold,1011,21,990,15,2,2013-2014,WTSSBH2Y,ok,,0.4909187746415229
same_sample_unweighted,odds_ratio,2.1875440352060056,0.7384065248868614,6.480642768830603,0.5534502820366981,1013,0.15725541785644986,age+sex+eth+marital+PIR_level+edu+smoke+alcohol.user+PA_level+BMI_level,,MDA_binary_U,pesticides_urine.rds,angina,Angina,binary_above_detection_threshold,1036,22,1014,15,2,2015-2016,WTSB2YR,ok,,0.5163837025933661
same_sample_unweighted,odds_ratio,1.2550389298926816,0.9144342829281913,1.7225105674104073,0.16145190179706004,2173,0.1594204719415761,age+sex+eth+marital+PIR_level+edu+smoke+alcohol.user+PA_level+BMI_level,,X2_HPMA_ln_U,VOC_urine.rds,angina,Angina,natural_log_transformed,2196,45,2151,30,4,2013-2014|2015-2016,WTSA2YR,ok,,0.5163837025933661
same_sample_unweighted,odds_ratio,1.3766981080942926,0.8768573702063577,2.161466328764927,0.23002476274975392,2111,0.16459022345372648,age+sex+eth+marital+PIR_level+edu+smoke+alcohol.user+PA_level+BMI_level,,EO_ln_S,gas_serum.rds,angina,Angina,natural_log_transformed,2134,45,2089,30,4,2013-2014|2015-2016,WTSA2YR,ok,,0.5217860275447924
same_sample_unweighted,odds_ratio,0.7335478781161477,0.469463520429539,1.1461859464530304,0.22757491621507123,2049,0.17332914463186583,age+sex+eth+marital+PIR_level+edu+smoke+alcohol.user+PA_level+BMI_level,,PFNA_ln_S,PFC_serum.rds,angina,Angina,natural_log_transformed,2072,45,2027,30,4,2013-2014|2015-2016,WTSB2YR,ok,,0.5244379853171987
same_sample_unweighted,odds_ratio,1.3240890575385544,0.8816210842511345,1.9886228489902196,0.2073987017517138,2201,0.1758796700963827,age+sex+eth+marital+PIR_level+edu+smoke+alcohol.user+PA_level+BMI_level,,X1_PH_ln_U,PAH_urine.rds,angina,Angina,natural_log_transformed,2224,46,2178,30,4,2013-2014|2015-2016,WTSA2YR,ok,,0.5244379853171987
same_sample_unweighted,odds_ratio,1.4605106884002343,0.8393234414821383,2.5414415534070613,0.2823061007484353,1055,0.17967482817586472,age+sex+eth+marital+PIR_level+edu+smoke+alcohol.user+PA_level+BMI_level,,o_TLD_ln_U,AA_urine.rds,angina,Angina,natural_log_transformed,1078,22,1056,15,2,2013-2014,WTSA2YR,ok,,0.5244379853171987
same_sample_unweighted,odds_ratio,1.293026085208842,0.8881258084937576,1.8825220943258454,0.19154060637364284,2120,0.17970134442245206,age+sex+eth+marital+PIR_level+edu+smoke+alcohol.user+PA_level+BMI_level,,MEOHP_ln_U,Phthalates_urine.rds,angina,Angina,natural_log_transformed,2143,45,2098,30,4,2013-2014|2015-2016,WTSB2YR,ok,,0.5244379853171987
same_sample_unweighted,odds_ratio,0.7270515504794616,0.4546501290241782,1.1626609634734715,0.23939802643083238,2205,0.18302533715768007,age+sex+eth+marital+PIR_level+edu+smoke+alcohol.user+PA_level+BMI_level,,Mo_ln_U,HM_urine.rds,angina,Angina,natural_log_transformed,2228,46,2182,30,4,2013-2014|2015-2016,WTSA2YR,ok,,0.5244379853171987
same_sample_unweighted,odds_ratio,0.8245551383408982,0.6176378835002769,1.1007925425676597,0.14733940109395968,2162,0.1904332403324843,age+sex+eth+marital+PIR_level+edu+smoke+alcohol.user+PA_level+BMI_level,,X3PBA_ln_U,pesticides_urine.rds,angina,Angina,natural_log_transformed,2185,40,2145,30,4,2013-2014|2015-2016,WTSB2YR|WTSC2YR,ok,,0.5280814078230659
same_sample_unweighted,odds_ratio,1.408094682809716,0.8386129437423513,2.364297678150497,0.26426973842911794,2206,0.19530953809210858,age+sex+eth+marital+PIR_level+edu+smoke+alcohol.user+PA_level+BMI_level,,Tl_ln_U,HM_urine.rds,angina,Angina,natural_log_transformed,2229,46,2183,30,4,2013-2014|2015-2016,WTSA2YR,ok,,0.5280814078230659
same_sample_unweighted,odds_ratio,0.8955728851469879,0.7569667133571069,1.0595588662722664,0.0857405197872976,2120,0.1983235734286381,age+sex+eth+marital+PIR_level+edu+smoke+alcohol.user+PA_level+BMI_level,,X25_DCP_ln_U,PCCP_urine.rds,angina,Angina,natural_log_transformed,2143,45,2098,30,4,2013-2014|2015-2016,WTSB2YR,ok,,0.5280814078230659
same_sample_unweighted,odds_ratio,0.36618221788774075,0.07901503912006143,1.697011330886507,0.781253849851425,820,0.1984735492489375,age+sex+eth+marital+PIR_level+edu+smoke+alcohol.user+PA_level+BMI_level,,X5OHIMI_binary_U,pesticides_urine.rds,angina,Angina,binary_above_detection_threshold,843,21,822,15,2,2015-2016,WTSSBI2Y,ok,,0.5280814078230659
same_sample_unweighted,odds_ratio,0.8811563332901935,0.7241389177024571,1.0722203498755332,0.10007314827610335,2120,0.20613048102771317,age+sex+eth+marital+PIR_level+edu+smoke+alcohol.user+PA_level+BMI_level,,MeP_ln_U,PCCP_urine.rds,angina,Angina,natural_log_transformed,2143,45,2098,30,4,2013-2014|2015-2016,WTSB2YR,ok,,0.5312407672358759
same_sample_unweighted,odds_ratio,2.2234345055006806,0.6421551022517085,7.69854663291808,0.6329450864164815,1052,0.206791708051549,age+sex+eth+marital+PIR_level+edu+smoke+alcohol.user+PA_level+BMI_level,,PFHpA_binary_S,PFC_serum.rds,angina,Angina,binary_above_detection_threshold,1075,23,1052,15,2,2013-2014,WTSB2YR,ok,,0.5312407672358759
same_sample_unweighted,odds_ratio,1.251035476704941,0.8714935194272551,1.7958708000524601,0.18434626566836185,2120,0.22438496692973134,age+sex+eth+marital+PIR_level+edu+smoke+alcohol.user+PA_level+BMI_level,,MEHHP_ln_U,Phthalates_urine.rds,angina,Angina,natural_log_transformed,2143,45,2098,30,4,2013-2014|2015-2016,WTSB2YR,ok,,0.5666671198733892
same_sample_unweighted,odds_ratio,1.2163325779230643,0.8792731003868597,1.682600024345152,0.16546973389465255,2120,0.23659472748382962,age+sex+eth+marital+PIR_level+edu+smoke+alcohol.user+PA_level+BMI_level,,BPA_ln_U,PCCP_urine.rds,angina,Angina,natural_log_transformed,2143,45,2098,30,4,2013-2014|2015-2016,WTSB2YR,ok,,0.5875435732515102
same_sample_unweighted,odds_ratio,1.2610120878147901,0.8524079357089963,1.8654817945733881,0.19969207056854127,2200,0.2454949998659542,age+sex+eth+marital+PIR_level+edu+smoke+alcohol.user+PA_level+BMI_level,,X1_PY_ln_U,PAH_urine.rds,angina,Angina,natural_log_transformed,2223,45,2178,30,4,2013-2014|2015-2016,WTSA2YR,ok,,0.590822290326976
same_sample_unweighted,odds_ratio,0.6026693133988742,0.25413439269845084,1.4292056161939726,0.4404006735145088,3111,0.25021321493424653,age+sex+eth+marital+PIR_level+edu+smoke+alcohol.user+PA_level+BMI_level,,BDCM_binary_S,VOC_serum.rds,angina,Angina,binary_above_detection_threshold,3134,62,3072,30,4,2013-2014|2015-2016,WTSVOC2Y,ok,,0.590822290326976
same_sample_unweighted,odds_ratio,0.8918744399624291,0.733053684082125,1.085104725521279,0.0999999913162458,2157,0.25249953922216273,age+sex+eth+marital+PIR_level+edu+smoke+alcohol.user+PA_level+BMI_level,,DEA_ln_U,pesticides_urine.rds,angina,Angina,natural_log_transformed,2180,42,2138,30,4,2013-2014|2015-2016,WTSB2YR|WTSC2YR,ok,,0.590822290326976
same_sample_unweighted,odds_ratio,0.8321561125207374,0.6068517986929768,1.1411085821893938,0.16099814657954567,2067,0.2537760173216541,age+sex+eth+marital+PIR_level+edu+smoke+alcohol.user+PA_level+BMI_level,,X2_MHA_ln_U,VOC_urine.rds,angina,Angina,natural_log_transformed,2090,44,2046,30,4,2013-2014|2015-2016,WTSA2YR,ok,,0.590822290326976
same_sample_unweighted,odds_ratio,0.54273740518105,0.1831021264529265,1.6087409616096857,0.5537957664611912,1132,0.26979751460640167,age+sex+eth+marital+PIR_level+edu+smoke+alcohol.user+PA_level+BMI_level,,A_a_C_binary_U,AA_urine.rds,angina,Angina,binary_above_detection_threshold,1155,26,1129,15,2,2013-2014,WTSA2YR,ok,,0.6184589180977514
same_sample_unweighted,odds_ratio,0.7089271946173058,0.36988083259930077,1.3587559099403668,0.33174439647351317,2158,0.2997590289795089,age+sex+eth+marital+PIR_level+edu+smoke+alcohol.user+PA_level+BMI_level,,PMA_binary_U,VOC_urine.rds,angina,Angina,binary_above_detection_threshold,2181,45,2136,30,4,2013-2014|2015-2016,WTSA2YR,ok,,0.6569258694925377
same_sample_unweighted,odds_ratio,1.404006499876944,0.7387087088990463,2.6684865467940497,0.32747005675426727,2208,0.3001010666103022,age+sex+eth+marital+PIR_level+edu+smoke+alcohol.user+PA_level+BMI_level,,As_III_binary_U,HM_urine.rds,angina,Angina,binary_above_detection_threshold,2231,46,2185,30,4,2013-2014|2015-2016,WTSA2YR,ok,,0.6569258694925377
same_sample_unweighted,odds_ratio,1.2491039529105343,0.8185568616816259,1.9061115460828901,0.21538141194363414,1025,0.30173980913350745,age+sex+eth+marital+PIR_level+edu+smoke+alcohol.user+PA_level+BMI_level,,o_ANS_ln_U,AA_urine.rds,angina,Angina,natural_log_transformed,1048,23,1025,15,2,2013-2014,WTSA2YR,ok,,0.6569258694925377
same_sample_unweighted,odds_ratio,0.6412289207947194,0.27445600634108414,1.49814367098444,0.43250152770730677,1131,0.3042139932549336,age+sex+eth+marital+PIR_level+edu+smoke+alcohol.user+PA_level+BMI_level,,PhIP_binary_U,AA_urine.rds,angina,Angina,binary_above_detection_threshold,1154,26,1128,15,2,2013-2014,WTSA2YR,ok,,0.6569258694925377
same_sample_unweighted,odds_ratio,0.4377599631837733,0.08575468556072363,2.234674223497222,0.8307208612466004,988,0.3200189570150788,age+sex+eth+marital+PIR_level+edu+smoke+alcohol.user+PA_level+BMI_level,,PFBA_binary_U,PFC_urine.rds,angina,Angina,binary_above_detection_threshold,1011,21,990,15,2,2013-2014,WTSSBH2Y,ok,,0.6811832085035249
same_sample_unweighted,odds_ratio,1.1928976969465006,0.8383958854995059,1.6972947267417184,0.17982418398672156,2120,0.32665345417812025,age+sex+eth+marital+PIR_level+edu+smoke+alcohol.user+PA_level+BMI_level,,MCNP_ln_U,Phthalates_urine.rds,angina,Angina,natural_log_transformed,2143,45,2098,30,4,2013-2014|2015-2016,WTSB2YR,ok,,0.6855121784864777
same_sample_unweighted,odds_ratio,0.8444503191824991,0.5982676975562365,1.1919352231120492,0.17577456021101462,3072,0.3361232073636341,age+sex+eth+marital+PIR_level+edu+smoke+alcohol.user+PA_level+BMI_level,,Toluene_ln_S,VOC_serum.rds,angina,Angina,natural_log_transformed,3095,61,3034,30,4,2013-2014|2015-2016,WTSVOC2Y,ok,,0.691484754210288
same_sample_unweighted,odds_ratio,0.7339096469286809,0.38922601137119694,1.3838318974558637,0.32341312718894893,2208,0.3387811211902753,age+sex+eth+marital+PIR_level+edu+smoke+alcohol.user+PA_level+BMI_level,,AsB_binary_U,HM_urine.rds,angina,Angina,binary_above_detection_threshold,2231,46,2185,30,4,2013-2014|2015-2016,WTSA2YR,ok,,0.691484754210288
same_sample_unweighted,odds_ratio,0.8317772148127728,0.567486760019046,1.2191532628152835,0.19497166190439125,2206,0.34480965868834496,age+sex+eth+marital+PIR_level+edu+smoke+alcohol.user+PA_level+BMI_level,,Sr_ln_U,HM_urine.rds,angina,Angina,natural_log_transformed,2229,46,2183,30,4,2013-2014|2015-2016,WTSA2YR,ok,,0.6942789073589649
same_sample_unweighted,odds_ratio,1.7168692075408514,0.5444892985837388,5.413586425792028,0.5851563202646299,912,0.355648307407536,age+sex+eth+marital+PIR_level+edu+smoke+alcohol.user+PA_level+BMI_level,,PPDA_binary_U,AA_urine.rds,angina,Angina,binary_above_detection_threshold,935,18,917,15,2,2015-2016,WTSA2YR,ok,,0.6992915095755611
same_sample_unweighted,odds_ratio,1.2511697143880298,0.7765112584743423,2.0159729007374714,0.2431150356039573,1097,0.35668560219961504,age+sex+eth+marital+PIR_level+edu+smoke+alcohol.user+PA_level+BMI_level,,X4_ABP_ln_U,AA_urine.rds,angina,Angina,natural_log_transformed,1120,23,1097,15,2,2013-2014,WTSA2YR,ok,,0.6992915095755611
same_sample_unweighted,odds_ratio,0.6954958362548425,0.3139056513480175,1.5409549212337799,0.4056599025682701,2122,0.37070191177387385,age+sex+eth+marital+PIR_level+edu+smoke+alcohol.user+PA_level+BMI_level,,BuP_binary_U,PCCP_urine.rds,angina,Angina,binary_above_detection_threshold,2145,45,2100,30,4,2013-2014|2015-2016,WTSB2YR,ok,,0.7017621846085516
same_sample_unweighted,odds_ratio,1.2309882322763461,0.778562831999888,1.9463195078429605,0.23361220795617685,2206,0.37369020823834,age+sex+eth+marital+PIR_level+edu+smoke+alcohol.user+PA_level+BMI_level,,Pb_ln_U,HM_urine.rds,angina,Angina,natural_log_transformed,2229,46,2183,30,4,2013-2014|2015-2016,WTSA2YR,ok,,0.7017621846085516
same_sample_unweighted,odds_ratio,0.8372965271057073,0.566042093599681,1.2385394694675997,0.19964206807596277,2168,0.3737468602593485,age+sex+eth+marital+PIR_level+edu+smoke+alcohol.user+PA_level+BMI_level,,X2_NP_ln_U,PAH_urine.rds,angina,Angina,natural_log_transformed,2191,43,2148,30,4,2013-2014|2015-2016,WTSA2YR,ok,,0.7017621846085516
same_sample_unweighted,odds_ratio,1.1525705837371722,0.8410849725326329,1.579411110504302,0.16065744325101558,2185,0.37678506556163843,age+sex+eth+marital+PIR_level+edu+smoke+alcohol.user+PA_level+BMI_level,,BMA_ln_U,VOC_urine.rds,angina,Angina,natural_log_transformed,2208,45,2163,30,4,2013-2014|2015-2016,WTSA2YR,ok,,0.7017621846085516
same_sample_unweighted,odds_ratio,0.752390714115763,0.39620495383231985,1.428785231512291,0.32708529897629596,3121,0.3844084911582767,age+sex+eth+marital+PIR_level+edu+smoke+alcohol.user+PA_level+BMI_level,,m_p_Xylene_binary_S,VOC_serum.rds,angina,Angina,binary_above_detection_threshold,3144,61,3083,30,4,2013-2014|2015-2016,WTSVOC2Y,ok,,0.7071217923775707
same_sample_unweighted,odds_ratio,0.7575638421036665,0.4019824112687226,1.4276818059067231,0.3231449278046367,2210,0.3902278905604109,age+sex+eth+marital+PIR_level+edu+smoke+alcohol.user+PA_level+BMI_level,,Hg_binary_U,HM_urine.rds,angina,Angina,binary_above_detection_threshold,2233,46,2187,30,4,2013-2014|2015-2016,WTSA2YR,ok,,0.7090726304085515
same_sample_unweighted,odds_ratio,0.7591074303028804,0.39041879305433386,1.4759640186194818,0.3390656706934858,2194,0.4162999392859686,age+sex+eth+marital+PIR_level+edu+smoke+alcohol.user+PA_level+BMI_level,,GAM_Cys_binary_U,VOC_urine.rds,angina,Angina,binary_above_detection_threshold,2217,45,2172,30,4,2013-2014|2015-2016,WTSA2YR,ok,,0.7425808863325801
same_sample_unweighted,odds_ratio,0.7303200720713124,0.340902571485957,1.564574316190567,0.38857127113795814,3069,0.4186362043754143,age+sex+eth+marital+PIR_level+edu+smoke+alcohol.user+PA_level+BMI_level,,Ethylbenzene_binary_S,VOC_serum.rds,angina,Angina,binary_above_detection_threshold,3092,60,3032,30,4,2013-2014|2015-2016,WTSVOC2Y,ok,,0.7425808863325801
same_sample_unweighted,odds_ratio,0.8826044791743265,0.6370106121620053,1.2228849124109575,0.16628407575663015,2192,0.4526571209000294,age+sex+eth+marital+PIR_level+edu+smoke+alcohol.user+PA_level+BMI_level,,Thiocyanate_ln_U,PERNT_urine.rds,angina,Angina,natural_log_transformed,2215,45,2170,30,4,2013-2014|2015-2016,WTSA2YR,ok,,0.7884954160990999
same_sample_unweighted,odds_ratio,1.1782428066362503,0.7616734448898035,1.8226395060824483,0.22250312935142932,3231,0.46101473943621735,age+sex+eth+marital+PIR_level+edu+smoke+alcohol.user+PA_level+BMI_level,,Pb_ln_S,HM_serum.rds,angina,Angina,natural_log_transformed,3254,64,3190,30,4,2013-2014|2015-2016,WTSH2YR,ok,,0.7884954160990999
same_sample_unweighted,odds_ratio,0.9015967552526879,0.6843871185123394,1.1877440224899838,0.1405567656836974,2119,0.46113282471538186,age+sex+eth+marital+PIR_level+edu+smoke+alcohol.user+PA_level+BMI_level,,BPS_ln_U,PCCP_urine.rds,angina,Angina,natural_log_transformed,2142,45,2097,30,4,2013-2014|2015-2016,WTSB2YR,ok,,0.7884954160990999
same_sample_unweighted,odds_ratio,0.6897271745332644,0.25393402788061176,1.873414048759561,0.5091885949788091,983,0.465688567897455,age+sex+eth+marital+PIR_level+edu+smoke+alcohol.user+PA_level+BMI_level,,X4_MDA_binary_U,AA_urine.rds,angina,Angina,binary_above_detection_threshold,1006,19,987,15,2,2015-2016,WTSA2YR,ok,,0.7884954160990999
same_sample_unweighted,odds_ratio,0.9172587976359514,0.7152264682334132,1.1763598513330933,0.12686375128293717,2120,0.49601409972336064,age+sex+eth+marital+PIR_level+edu+smoke+alcohol.user+PA_level+BMI_level,,X24_DCP_ln_U,PCCP_urine.rds,angina,Angina,natural_log_transformed,2143,45,2098,30,4,2013-2014|2015-2016,WTSB2YR,ok,,0.8304056276267499
same_sample_unweighted,odds_ratio,1.3988295068623768,0.5152541079898085,3.797590274248804,0.5089740595791057,1042,0.5096158279841392,age+sex+eth+marital+PIR_level+edu+smoke+alcohol.user+PA_level+BMI_level,,X26_DMA_binary_U,AA_urine.rds,angina,Angina,binary_above_detection_threshold,1065,24,1041,15,2,2013-2014,WTSA2YR,ok,,0.8345077067118674
same_sample_unweighted,odds_ratio,1.0925922584747507,0.8396053282311002,1.4218083224816984,0.13430195032625458,2133,0.5096657806092613,age+sex+eth+marital+PIR_level+edu+smoke+alcohol.user+PA_level+BMI_level,,X1_NP_ln_U,PAH_urine.rds,angina,Angina,natural_log_transformed,2156,42,2114,30,4,2013-2014|2015-2016,WTSA2YR,ok,,0.8345077067118674
same_sample_unweighted,odds_ratio,0.8954127376207919,0.6351383836516353,1.262345327145773,0.17513247801574805,2205,0.5281827274002067,age+sex+eth+marital+PIR_level+edu+smoke+alcohol.user+PA_level+BMI_level,,W_ln_U,HM_urine.rds,angina,Angina,natural_log_transformed,2228,46,2182,30,4,2013-2014|2015-2016,WTSA2YR,ok,,0.8554263737242478
same_sample_unweighted,odds_ratio,1.1196721768431726,0.7635182638460366,1.6419591291525806,0.195220251902844,2019,0.5625773616084015,age+sex+eth+marital+PIR_level+edu+smoke+alcohol.user+PA_level+BMI_level,,HIBP_ln_U,Phthalates_urine.rds,angina,Angina,natural_log_transformed,2042,43,1999,30,4,2013-2014|2015-2016,WTSB2YR|WTSSBH2Y,ok,,0.8671019509733005
same_sample_unweighted,odds_ratio,0.7958960964043785,0.36611977540263685,1.7301731259260618,0.3960278718117589,3054,0.5643172555052638,age+sex+eth+marital+PIR_level+edu+smoke+alcohol.user+PA_level+BMI_level,,Benzene_binary_S,VOC_serum.rds,angina,Angina,binary_above_detection_threshold,3077,61,3016,30,4,2013-2014|2015-2016,WTSVOC2Y,ok,,0.8671019509733005
same_sample_unweighted,odds_ratio,0.8231614614035683,0.42212280936334606,1.6052077180146225,0.34055697467693785,2146,0.5677113041723669,age+sex+eth+marital+PIR_level+edu+smoke+alcohol.user+PA_level+BMI_level,,PHE_Cys_binary_U,VOC_urine.rds,angina,Angina,binary_above_detection_threshold,2169,45,2124,30,4,2013-2014|2015-2016,WTSA2YR,ok,,0.8671019509733005
same_sample_unweighted,odds_ratio,0.9121323495787851,0.6651193806082499,1.25088134161309,0.16104642789246748,2205,0.5679463190297795,age+sex+eth+marital+PIR_level+edu+smoke+alcohol.user+PA_level+BMI_level,,Total_As_ln_U,HM_urine.rds,angina,Angina,natural_log_transformed,2228,46,2182,30,4,2013-2014|2015-2016,WTSA2YR,ok,,0.8671019509733005
same_sample_unweighted,odds_ratio,0.7691681602468462,0.3089097762460925,1.9151859352816507,0.4648908481968038,1012,0.5723922761728353,age+sex+eth+marital+PIR_level+edu+smoke+alcohol.user+PA_level+BMI_level,,DMDTP_binary_U,pesticides_urine.rds,angina,Angina,binary_above_detection_threshold,1035,22,1013,15,2,2015-2016,WTSB2YR,ok,,0.8671019509733005
same_sample_unweighted,odds_ratio,0.8897541237088487,0.5927121667805929,1.3356607895480481,0.2071529699966587,2196,0.5728334917283298,age+sex+eth+marital+PIR_level+edu+smoke+alcohol.user+PA_level+BMI_level,,Perchlorate_ln_U,PERNT_urine.rds,angina,Angina,natural_log_transformed,2219,45,2174,30,4,2013-2014|2015-2016,WTSA2YR,ok,,0.8671019509733005
same_sample_unweighted,odds_ratio,0.8538188761140277,0.4779981530090939,1.5251244562753614,0.29565330128495804,1093,0.5929734081364446,age+sex+eth+marital+PIR_level+edu+smoke+alcohol.user+PA_level+BMI_level,,X2_AN_ln_U,AA_urine.rds,angina,Angina,natural_log_transformed,1116,21,1095,15,2,2013-2014,WTSA2YR,ok,,0.8671019509733005
same_sample_unweighted,odds_ratio,1.103638132351172,0.7633917843640253,1.5955334497008,0.18794990758036842,2019,0.5998109975085966,age+sex+eth+marital+PIR_level+edu+smoke+alcohol.user+PA_level+BMI_level,,MHBP_ln_U,Phthalates_urine.rds,angina,Angina,natural_log_transformed,2042,43,1999,30,4,2013-2014|2015-2016,WTSB2YR|WTSSBH2Y,ok,,0.8671019509733005
same_sample_unweighted,odds_ratio,0.921953975194731,0.6762123838643701,1.2570002452777522,0.15807332323914472,2206,0.6072064926700635,age+sex+eth+marital+PIR_level+edu+smoke+alcohol.user+PA_level+BMI_level,,Ba_ln_U,HM_urine.rds,angina,Angina,natural_log_transformed,2229,46,2183,30,4,2013-2014|2015-2016,WTSA2YR,ok,,0.8671019509733005
same_sample_unweighted,odds_ratio,1.0652798376630406,0.8367928130854656,1.35615544826087,0.12310498270128,2165,0.6074703097373215,age+sex+eth+marital+PIR_level+edu+smoke+alcohol.user+PA_level+BMI_level,,NPMA_ln_U,VOC_urine.rds,angina,Angina,natural_log_transformed,2188,45,2143,30,4,2013-2014|2015-2016,WTSA2YR,ok,,0.8671019509733005
same_sample_unweighted,odds_ratio,0.6694808916580968,0.143861196291584,3.115535501226335,0.7834476542238444,876,0.6085371550776826,age+sex+eth+marital+PIR_level+edu+smoke+alcohol.user+PA_level+BMI_level,,IPPPP_binary_U,BFR_urine.rds,angina,Angina,binary_above_detection_threshold,899,21,878,15,2,2015-2016,WTSSBI2Y,ok,,0.8671019509733005
same_sample_unweighted,odds_ratio,0.8485722122059968,0.4521219517085757,1.5926561331671811,0.32104229184550404,2049,0.6090294231742285,age+sex+eth+marital+PIR_level+edu+smoke+alcohol.user+PA_level+BMI_level,,MeFOSAA_binary_S,PFC_serum.rds,angina,Angina,binary_above_detection_threshold,2072,45,2027,30,4,2013-2014|2015-2016,WTSB2YR,ok,,0.8671019509733005
same_sample_unweighted,odds_ratio,1.0545234486584836,0.8546568986038642,1.3011299687478513,0.10715715295401701,2120,0.6202960353610545,age+sex+eth+marital+PIR_level+edu+smoke+alcohol.user+PA_level+BMI_level,,MEP_ln_U,Phthalates_urine.rds,angina,Angina,natural_log_transformed,2143,45,2098,30,4,2013-2014|2015-2016,WTSB2YR,ok,,0.8671019509733005
same_sample_unweighted,odds_ratio,1.1882581618642176,0.591369417018889,2.387606491987105,0.35580422155663305,1922,0.6278289523008687,age+sex+eth+marital+PIR_level+edu+smoke+alcohol.user+PA_level+BMI_level,,DBUP_binary_U,BFR_urine.rds,angina,Angina,binary_above_detection_threshold,1945,40,1905,30,4,2013-2014|2015-2016,WTSSBI2Y|WTSSCH2Y,ok,,0.8671019509733005
same_sample_unweighted,odds_ratio,1.078847697318563,0.7900512952067553,1.4732111206842229,0.15885690469840688,1913,0.6328297726485597,age+sex+eth+marital+PIR_level+edu+smoke+alcohol.user+PA_level+BMI_level,,BDCPP_ln_U,BFR_urine.rds,angina,Angina,natural_log_transformed,1936,38,1898,30,4,2013-2014|2015-2016,WTSSBI2Y|WTSSCH2Y,ok,,0.8671019509733005
same_sample_unweighted,odds_ratio,0.6050919663254677,0.07086496838954856,5.166675383229553,1.0929126237608364,1024,0.6457559461418909,age+sex+eth+marital+PIR_level+edu+smoke+alcohol.user+PA_level+BMI_level,,DPCP_binary_U,BFR_urine.rds,angina,Angina,binary_above_detection_threshold,1047,19,1028,15,2,2013-2014,WTSSCH2Y,ok,,0.8671019509733005
same_sample_unweighted,odds_ratio,1.1142107528322251,0.7009668660714103,1.7710760120300473,0.23631951921696226,2131,0.6472200874880645,age+sex+eth+marital+PIR_level+edu+smoke+alcohol.user+PA_level+BMI_level,,CEMA_AAM_ln_U,VOC_urine.rds,angina,Angina,natural_log_transformed,2154,44,2110,30,4,2013-2014|2015-2016,WTSA2YR,ok,,0.8671019509733005
same_sample_unweighted,odds_ratio,1.1232725731557438,0.680250620572556,1.854818261748793,0.25561511310256485,1116,0.6492739267701988,age+sex+eth+marital+PIR_level+edu+smoke+alcohol.user+PA_level+BMI_level,,Norharman_ln_U,AA_urine.rds,angina,Angina,natural_log_transformed,1139,26,1113,15,2,2013-2014,WTSA2YR,ok,,0.8671019509733005
same_sample_unweighted,odds_ratio,1.6699939572382236,0.18204423696593677,15.31979184671484,1.1300939965174575,1941,0.6499833874021379,age+sex+eth+marital+PIR_level+edu+smoke+alcohol.user+PA_level+BMI_level,,FA_ln_S,gas_serum.rds,angina,Angina,natural_log_transformed,1964,43,1921,30,4,2013-2014|2015-2016,WTSA2YR,ok,,0.8671019509733005
same_sample_unweighted,odds_ratio,1.1113100276850498,0.7023179111248119,1.758477119934746,0.23386243441888327,1016,0.6517813322752326,age+sex+eth+marital+PIR_level+edu+smoke+alcohol.user+PA_level+BMI_level,,DEP_ln_U,pesticides_urine.rds,angina,Angina,natural_log_transformed,1039,22,1017,15,2,2015-2016,WTSB2YR,ok,,0.8671019509733005
same_sample_unweighted,odds_ratio,0.9672617962298242,0.8327029773985672,1.123564353484868,0.07638235292439684,2120,0.6629945692631947,age+sex+eth+marital+PIR_level+edu+smoke+alcohol.user+PA_level+BMI_level,,PrP_ln_U,PCCP_urine.rds,angina,Angina,natural_log_transformed,2143,45,2098,30,4,2013-2014|2015-2016,WTSB2YR,ok,,0.872740119789093
same_sample_unweighted,odds_ratio,0.870466952915938,0.4603887521675232,1.6458106601245688,0.32479945744707733,2122,0.6692983405920738,age+sex+eth+marital+PIR_level+edu+smoke+alcohol.user+PA_level+BMI_level,,EtP_binary_U,PCCP_urine.rds,angina,Angina,binary_above_detection_threshold,2145,45,2100,30,4,2013-2014|2015-2016,WTSB2YR,ok,,0.872740119789093
same_sample_unweighted,odds_ratio,1.114201285683234,0.6694041930597117,1.8545514322875374,0.25981369843817465,2206,0.6772542220658435,age+sex+eth+marital+PIR_level+edu+smoke+alcohol.user+PA_level+BMI_level,,Co_ln_U,HM_urine.rds,angina,Angina,natural_log_transformed,2229,46,2183,30,4,2013-2014|2015-2016,WTSA2YR,ok,,0.872740119789093
same_sample_unweighted,odds_ratio,0.8205858245778418,0.32085535659063574,2.098643770991196,0.4785317626069418,1012,0.6794486838626496,age+sex+eth+marital+PIR_level+edu+smoke+alcohol.user+PA_level+BMI_level,,DETP_binary_U,pesticides_urine.rds,angina,Angina,binary_above_detection_threshold,1035,22,1013,15,2,2015-2016,WTSB2YR,ok,,0.872740119789093
same_sample_unweighted,odds_ratio,0.9140044400513634,0.5848817177272773,1.428330021461099,0.22749895376026077,1008,0.6926555145157863,age+sex+eth+marital+PIR_level+edu+smoke+alcohol.user+PA_level+BMI_level,,DMP_ln_U,pesticides_urine.rds,angina,Angina,natural_log_transformed,1031,22,1009,15,2,2015-2016,WTSB2YR,ok,,0.8813362538494021
same_sample_unweighted,odds_ratio,1.4787156132591763,0.1940157712774779,11.270217109150503,1.035849978113871,3230,0.705701275857401,age+sex+eth+marital+PIR_level+edu+smoke+alcohol.user+PA_level+BMI_level,,Se_ln_S,HM_serum.rds,angina,Angina,natural_log_transformed,3253,63,3190,30,4,2013-2014|2015-2016,WTSH2YR,ok,,0.8813362538494021
same_sample_unweighted,odds_ratio,0.8761890707002247,0.43579093299269234,1.7616412584412275,0.3561474937086619,2207,0.710548323909888,age+sex+eth+marital+PIR_level+edu+smoke+alcohol.user+PA_level+BMI_level,,Mn_binary_U,HM_urine.rds,angina,Angina,binary_above_detection_threshold,2230,46,2184,30,4,2013-2014|2015-2016,WTSA2YR,ok,,0.8813362538494021
same_sample_unweighted,odds_ratio,1.056388854192076,0.788120807256747,1.4159725272900965,0.14938692135141451,2120,0.7134624842757276,age+sex+eth+marital+PIR_level+edu+smoke+alcohol.user+PA_level+BMI_level,,MCPP_ln_U,Phthalates_urine.rds,angina,Angina,natural_log_transformed,2143,45,2098,30,4,2013-2014|2015-2016,WTSB2YR,ok,,0.8813362538494021
same_sample_unweighted,odds_ratio,0.8801547328950631,0.4426149702752664,1.7502172449246438,0.35052445112030345,2177,0.7157160182266957,age+sex+eth+marital+PIR_level+edu+smoke+alcohol.user+PA_level+BMI_level,,HEMA_binary_U,VOC_urine.rds,angina,Angina,binary_above_detection_threshold,2200,45,2155,30,4,2013-2014|2015-2016,WTSA2YR,ok,,0.8813362538494021
same_sample_unweighted,odds_ratio,1.1212437757049223,0.5926219887443391,2.121398848565825,0.32520511563598625,3127,0.724915789140018,age+sex+eth+marital+PIR_level+edu+smoke+alcohol.user+PA_level+BMI_level,,o_Xylene_binary_S,VOC_serum.rds,angina,Angina,binary_above_detection_threshold,3150,62,3088,30,4,2013-2014|2015-2016,WTSVOC2Y,ok,,0.8853479719824809
same_sample_unweighted,odds_ratio,1.1429482293169069,0.5256886726353441,2.484989163547792,0.3960437420027009,2208,0.7358421594363711,age+sex+eth+marital+PIR_level+edu+smoke+alcohol.user+PA_level+BMI_level,,AsC_binary_U,HM_urine.rds,angina,Angina,binary_above_detection_threshold,2231,46,2185,30,4,2013-2014|2015-2016,WTSA2YR,ok,,0.8913860305367423
same_sample_unweighted,odds_ratio,1.0541321881217303,0.7589616302471806,1.4640986128276474,0.16752370665398017,2191,0.7529978413643015,age+sex+eth+marital+PIR_level+edu+smoke+alcohol.user+PA_level+BMI_level,,X34_MHA_ln_U,VOC_urine.rds,angina,Angina,natural_log_transformed,2214,45,2169,30,4,2013-2014|2015-2016,WTSA2YR,ok,,0.8941936344136725
same_sample_unweighted,odds_ratio,0.8780284604622216,0.38986661186420024,1.9774301105071126,0.4140692928362347,3135,0.7534137143438706,age+sex+eth+marital+PIR_level+edu+smoke+alcohol.user+PA_level+BMI_level,,DBCM_binary_S,VOC_serum.rds,angina,Angina,binary_above_detection_threshold,3158,62,3096,30,4,2013-2014|2015-2016,WTSVOC2Y,ok,,0.8941936344136725
same_sample_unweighted,odds_ratio,0.8706486707992264,0.3630741663328044,2.087807886804119,0.44607653493293775,3137,0.7561637445377365,age+sex+eth+marital+PIR_level+edu+smoke+alcohol.user+PA_level+BMI_level,,Furan_binary_S,VOC_serum.rds,angina,Angina,binary_above_detection_threshold,3160,62,3098,30,4,2013-2014|2015-2016,WTSVOC2Y,ok,,0.8941936344136725
same_sample_unweighted,odds_ratio,1.2180259828951263,0.3234063232405523,4.58737875048947,0.6756487314850097,877,0.7703521779447899,age+sex+eth+marital+PIR_level+edu+smoke+alcohol.user+PA_level+BMI_level,,TBPPP_binary_U,BFR_urine.rds,angina,Angina,binary_above_detection_threshold,900,21,879,15,2,2015-2016,WTSSBI2Y,ok,,0.8998025711424322
same_sample_unweighted,odds_ratio,0.9248952494736058,0.5440322088079869,1.5723907677693458,0.2706486022658825,3051,0.7729847591022236,age+sex+eth+marital+PIR_level+edu+smoke+alcohol.user+PA_level+BMI_level,,Chloroform_binary_S,VOC_serum.rds,angina,Angina,binary_above_detection_threshold,3074,61,3013,30,4,2013-2014|2015-2016,WTSVOC2Y,ok,,0.8998025711424322
same_sample_unweighted,odds_ratio,0.8597773421557475,0.2837535533162056,2.6051376958816173,0.5648173063430766,868,0.789093484886976,age+sex+eth+marital+PIR_level+edu+smoke+alcohol.user+PA_level+BMI_level,,NDMA_binary_U,pesticides_urine.rds,angina,Angina,binary_above_detection_threshold,891,21,870,15,2,2015-2016,WTSSBI2Y,ok,,0.9053694141845813
same_sample_unweighted,odds_ratio,1.0189751252320944,0.8823982148409814,1.1766913037430364,0.07338247918832934,2120,0.7978305859258208,age+sex+eth+marital+PIR_level+edu+smoke+alcohol.user+PA_level+BMI_level,,BP3_ln_U,PCCP_urine.rds,angina,Angina,natural_log_transformed,2143,45,2098,30,4,2013-2014|2015-2016,WTSB2YR,ok,,0.9053694141845813
same_sample_unweighted,odds_ratio,0.923226104158087,0.4793262435455135,1.7782177606096088,0.33424364709421145,2049,0.8111128296305288,age+sex+eth+marital+PIR_level+edu+smoke+alcohol.user+PA_level+BMI_level,,PFUnDA_binary_S,PFC_serum.rds,angina,Angina,binary_above_detection_threshold,2072,45,2027,30,4,2013-2014|2015-2016,WTSB2YR,ok,,0.9053694141845813
same_sample_unweighted,odds_ratio,0.9295292088545436,0.4996017679462823,1.7294265263822175,0.31659388637677977,2121,0.8174525640024656,age+sex+eth+marital+PIR_level+edu+smoke+alcohol.user+PA_level+BMI_level,,BPF_binary_U,PCCP_urine.rds,angina,Angina,binary_above_detection_threshold,2144,45,2099,30,4,2013-2014|2015-2016,WTSB2YR,ok,,0.9053694141845813
same_sample_unweighted,odds_ratio,1.0654774505269988,0.62024436788906,1.8303143992184838,0.27595090435628505,3105,0.8182204569952097,age+sex+eth+marital+PIR_level+edu+smoke+alcohol.user+PA_level+BMI_level,,X14_DCB_binary_S,VOC_serum.rds,angina,Angina,binary_above_detection_threshold,3128,61,3067,30,4,2013-2014|2015-2016,WTSVOC2Y,ok,,0.9053694141845813
same_sample_unweighted,odds_ratio,0.9281011661419966,0.4901489694239595,1.7573673073442317,0.3256140679637668,3226,0.818752158019619,age+sex+eth+marital+PIR_level+edu+smoke+alcohol.user+PA_level+BMI_level,,IHg_binary_S,HM_serum.rds,angina,Angina,binary_above_detection_threshold,3249,64,3185,30,4,2013-2014|2015-2016,WTSH2YR,ok,,0.9053694141845813
same_sample_unweighted,odds_ratio,1.0400148143689085,0.7410625842937618,1.4595674333465334,0.17272125930280402,1086,0.8203011470799898,age+sex+eth+marital+PIR_level+edu+smoke+alcohol.user+PA_level+BMI_level,,X1_AN_ln_U,AA_urine.rds,angina,Angina,natural_log_transformed,1109,23,1086,15,2,2013-2014,WTSA2YR,ok,,0.9053694141845813
same_sample_unweighted,odds_ratio,0.9529612534548454,0.6169888627668463,1.4718825661029882,0.22167737728289777,2160,0.8279375074906299,age+sex+eth+marital+PIR_level+edu+smoke+alcohol.user+PA_level+BMI_level,,TCPY_ln_U,pesticides_urine.rds,angina,Angina,natural_log_transformed,2183,41,2142,30,4,2013-2014|2015-2016,WTSB2YR|WTSC2YR,ok,,0.9070785927654696
same_sample_unweighted,odds_ratio,0.9445916443548761,0.48161096903338874,1.8526433822216188,0.34349484777205314,2154,0.8681972213599305,age+sex+eth+marital+PIR_level+edu+smoke+alcohol.user+PA_level+BMI_level,,DCVDMPCA_binary_U,pesticides_urine.rds,angina,Angina,binary_above_detection_threshold,2177,42,2135,30,4,2013-2014|2015-2016,WTSB2YR|WTSC2YR,ok,,0.9307084755436953
same_sample_unweighted,odds_ratio,1.0514662620050177,0.5615004890996539,1.968976557629656,0.3198886727647355,2121,0.875335738865272,age+sex+eth+marital+PIR_level+edu+smoke+alcohol.user+PA_level+BMI_level,,MEHP_binary_U,Phthalates_urine.rds,angina,Angina,binary_above_detection_threshold,2144,45,2099,30,4,2013-2014|2015-2016,WTSB2YR,ok,,0.9307084755436953
same_sample_unweighted,odds_ratio,0.9713845754951027,0.6712018625575675,1.4058184968592387,0.188494013922106,2120,0.8775898674672733,age+sex+eth+marital+PIR_level+edu+smoke+alcohol.user+PA_level+BMI_level,,MnBP_ln_U,Phthalates_urine.rds,angina,Angina,natural_log_transformed,2143,45,2098,30,4,2013-2014|2015-2016,WTSB2YR,ok,,0.9307084755436953
same_sample_unweighted,odds_ratio,1.024903493670736,0.745639308205324,1.4087604553289295,0.16211154641697373,1016,0.8793937119386185,age+sex+eth+marital+PIR_level+edu+smoke+alcohol.user+PA_level+BMI_level,,DMTP_ln_U,pesticides_urine.rds,angina,Angina,natural_log_transformed,1039,22,1017,15,2,2015-2016,WTSB2YR,ok,,0.9307084755436953
same_sample_unweighted,odds_ratio,0.9099539017673919,0.26199847559119926,3.160385194888187,0.6349985352233505,3133,0.8818685822848848,age+sex+eth+marital+PIR_level+edu+smoke+alcohol.user+PA_level+BMI_level,,X25_DMF_binary_S,VOC_serum.rds,angina,Angina,binary_above_detection_threshold,3156,62,3094,30,4,2013-2014|2015-2016,WTSVOC2Y,ok,,0.9307084755436953
same_sample_unweighted,odds_ratio,1.033715517531583,0.654014531733448,1.6338593706066107,0.2333184968861419,1132,0.8869839162899646,age+sex+eth+marital+PIR_level+edu+smoke+alcohol.user+PA_level+BMI_level,,Harman_ln_U,AA_urine.rds,angina,Angina,natural_log_transformed,1155,26,1129,15,2,2013-2014,WTSA2YR,ok,,0.9307084755436953
same_sample_unweighted,odds_ratio,0.9554725657212797,0.4484005706004249,2.035964902148901,0.3857712259751637,2173,0.9060096899088348,age+sex+eth+marital+PIR_level+edu+smoke+alcohol.user+PA_level+BMI_level,,OXY_binary_U,pesticides_urine.rds,angina,Angina,binary_above_detection_threshold,2196,42,2154,30,4,2013-2014|2015-2016,WTSB2YR|WTSC2YR,ok,,0.9440240824924222
same_sample_unweighted,odds_ratio,1.0702475278221841,0.28933151044193756,3.958883597088743,0.6666817774503921,1131,0.9188895284159228,age+sex+eth+marital+PIR_level+edu+smoke+alcohol.user+PA_level+BMI_level,,MeA_a_C_binary_U,AA_urine.rds,angina,Angina,binary_above_detection_threshold,1154,26,1128,15,2,2013-2014,WTSA2YR,ok,,0.9507954148192534
same_sample_unweighted,odds_ratio,0.9621347226668546,0.36232051946600236,2.5549290609473383,0.4980110731910921,2183,0.9382179074613383,age+sex+eth+marital+PIR_level+edu+smoke+alcohol.user+PA_level+BMI_level,,X4FPBA_binary_U,pesticides_urine.rds,angina,Angina,binary_above_detection_threshold,2206,42,2164,30,4,2013-2014|2015-2016,WTSB2YR|WTSC2YR,ok,,0.9619370230291584
same_sample_unweighted,odds_ratio,1.0222231261862937,0.5397452778096548,1.935987516093815,0.32566295820957436,2208,0.9461896720869981,age+sex+eth+marital+PIR_level+edu+smoke+alcohol.user+PA_level+BMI_level,,MMA_binary_U,HM_urine.rds,angina,Angina,binary_above_detection_threshold,2231,46,2185,30,4,2013-2014|2015-2016,WTSA2YR,ok,,0.9619370230291584
same_sample_unweighted,odds_ratio,0.9868906678884264,0.6583745899053824,1.4793298606880236,0.2064101053442916,2141,0.9490251166797737,age+sex+eth+marital+PIR_level+edu+smoke+alcohol.user+PA_level+BMI_level,,PNP_ln_U,pesticides_urine.rds,angina,Angina,natural_log_transformed,2164,41,2123,30,4,2013-2014|2015-2016,WTSB2YR|WTSC2YR,ok,,0.9619370230291584
same_sample_unweighted,odds_ratio,1.0094188402504414,0.6420118596229988,1.587083446793146,0.2307567803863394,2206,0.9675939367542885,age+sex+eth+marital+PIR_level+edu+smoke+alcohol.user+PA_level+BMI_level,,Sb_ln_U,HM_urine.rds,angina,Angina,natural_log_transformed,2229,46,2183,30,4,2013-2014|2015-2016,WTSA2YR,ok,,0.97413173362425
same_sample_unweighted,odds_ratio,0.9952380420878133,0.6962247436993392,1.4226710115986994,0.18220286331915145,2180,0.9790994918979675,age+sex+eth+marital+PIR_level+edu+smoke+alcohol.user+PA_level+BMI_level,,X24D_ln_U,pesticides_urine.rds,angina,Angina,natural_log_transformed,2203,42,2161,30,4,2013-2014|2015-2016,WTSB2YR|WTSC2YR,ok,,0.9790994918979675
survey_weighted,odds_ratio,5.30545802142138,2.0522182688293835,13.71583385870571,0.46507742520688955,30,0.0011678333925058742,age+sex+eth+marital+PIR_level+edu+smoke+alcohol.user+PA_level+BMI_level,,Mn_ln_S,HM_serum.rds,angina,Angina,natural_log_transformed,3253,63,3190,30,4,2013-2014|2015-2016,WTSH2YR,ok,,0.10229450199162843
survey_weighted,odds_ratio,1.8211351171041974,1.2430661256425046,2.6680262991125265,0.18698728794684022,30,0.0031898262147060197,age+sex+eth+marital+PIR_level+edu+smoke+alcohol.user+PA_level+BMI_level,,X3_HPMA_ln_U,VOC_urine.rds,angina,Angina,natural_log_transformed,2144,44,2100,30,4,2013-2014|2015-2016,WTSA2YR,ok,,0.10229450199162843
survey_weighted,odds_ratio,1.889652543744904,1.2461442831435998,2.8654681358997225,0.20386053823096192,30,0.003959093934943853,age+sex+eth+marital+PIR_level+edu+smoke+alcohol.user+PA_level+BMI_level,,EO_ln_S,gas_serum.rds,angina,Angina,natural_log_transformed,2134,45,2089,30,4,2013-2014|2015-2016,WTSA2YR,ok,,0.10229450199162843
survey_weighted,odds_ratio,2.5383592691028776,1.3777382160179907,4.676699611093866,0.299213130303334,30,0.004045751596030263,age+sex+eth+marital+PIR_level+edu+smoke+alcohol.user+PA_level+BMI_level,,Cd_ln_S,HM_serum.rds,angina,Angina,natural_log_transformed,3254,64,3190,30,4,2013-2014|2015-2016,WTSH2YR,ok,,0.10229450199162843
survey_weighted,odds_ratio,0.6824958750638267,0.5311755317053702,0.8769240894505406,0.12273776087281563,30,0.00405514066205221,age+sex+eth+marital+PIR_level+edu+smoke+alcohol.user+PA_level+BMI_level,,ATCA_ln_U,VOC_urine.rds,angina,Angina,natural_log_transformed,2163,44,2119,30,4,2013-2014|2015-2016,WTSA2YR,ok,,0.10229450199162843
survey_weighted,odds_ratio,1.4434488605058584,1.1322736704048113,1.840142244189738,0.11889088669073794,30,0.004323492510958596,age+sex+eth+marital+PIR_level+edu+smoke+alcohol.user+PA_level+BMI_level,,CEMA_CYM_ln_U,VOC_urine.rds,angina,Angina,natural_log_transformed,2187,45,2142,30,4,2013-2014|2015-2016,WTSA2YR,ok,,0.10229450199162843
survey_weighted,odds_ratio,0.5484610719602397,0.36662222558778435,0.8204891205750133,0.1972236095678796,30,0.004805781972761067,age+sex+eth+marital+PIR_level+edu+smoke+alcohol.user+PA_level+BMI_level,,Mo_ln_U,HM_urine.rds,angina,Angina,natural_log_transformed,2228,46,2182,30,4,2013-2014|2015-2016,WTSA2YR,ok,,0.10229450199162843
survey_weighted,odds_ratio,1.6094994972315553,1.1267562802548778,2.2990673999195703,0.17459977092154808,30,0.010603656372955808,age+sex+eth+marital+PIR_level+edu+smoke+alcohol.user+PA_level+BMI_level,,MB3_Cys_ln_U,VOC_urine.rds,angina,Angina,natural_log_transformed,2158,44,2114,30,4,2013-2014|2015-2016,WTSA2YR,ok,,0.1607691367414915
survey_weighted,odds_ratio,1.5772852775161985,1.1159926273176888,2.229252045014759,0.16939998961988062,30,0.01155604034082011,age+sex+eth+marital+PIR_level+edu+smoke+alcohol.user+PA_level+BMI_level,,PMM_Cys_ln_U,VOC_urine.rds,angina,Angina,natural_log_transformed,2188,45,2143,30,4,2013-2014|2015-2016,WTSA2YR,ok,,0.1607691367414915
survey_weighted,odds_ratio,0.5216847639454544,0.31606892797480995,0.8610621571586898,0.24536549328871493,30,0.012663132073374956,age+sex+eth+marital+PIR_level+edu+smoke+alcohol.user+PA_level+BMI_level,,PFDA_ln_S,PFC_serum.rds,angina,Angina,natural_log_transformed,2072,45,2027,30,4,2013-2014|2015-2016,WTSB2YR,ok,,0.1607691367414915
survey_weighted,odds_ratio,0.15362303977471034,0.037399794550914016,0.6310205345511845,0.6628524704359398,15,0.012770123720256581,age+sex+eth+marital+PIR_level+edu+smoke+alcohol.user+PA_level+BMI_level,,PFHxA_binary_U,PFC_urine.rds,angina,Angina,binary_above_detection_threshold,1011,21,990,15,2,2013-2014,WTSSBH2Y,ok,,0.1607691367414915
survey_weighted,odds_ratio,0.38276981740023786,0.1837574342518425,0.797315949197535,0.34428082770906865,15,0.013751839918733728,age+sex+eth+marital+PIR_level+edu+smoke+alcohol.user+PA_level+BMI_level,,n_PFOA_ln_S,PFC_serum.rds,angina,Angina,natural_log_transformed,997,22,975,15,2,2015-2016,WTSB2YR,ok,,0.1607691367414915
survey_weighted,odds_ratio,0.27513948323173887,0.10019298719882523,0.7555592197566092,0.49463526746753206,30,0.014026837433821404,age+sex+eth+marital+PIR_level+edu+smoke+alcohol.user+PA_level+BMI_level,,MHNCH_binary_U,Phthalates_urine.rds,angina,Angina,binary_above_detection_threshold,2144,45,2099,30,4,2013-2014|2015-2016,WTSB2YR,ok,,0.1607691367414915
survey_weighted,odds_ratio,1.716718647701344,1.1143137755595194,2.64478729421228,0.21161522152073983,30,0.015977381518910424,age+sex+eth+marital+PIR_level+edu+smoke+alcohol.user+PA_level+BMI_level,,X23_OH_PH_ln_U,PAH_urine.rds,angina,Angina,natural_log_transformed,2224,46,2178,30,4,2013-2014|2015-2016,WTSA2YR,ok,,0.1679696915728611
survey_weighted,odds_ratio,2.058034256374546,1.147137288573751,3.6922389696504267,0.28619186257026136,30,0.017214084588593248,age+sex+eth+marital+PIR_level+edu+smoke+alcohol.user+PA_level+BMI_level,,Cd_ln_U,HM_urine.rds,angina,Angina,natural_log_transformed,2229,46,2183,30,4,2013-2014|2015-2016,WTSA2YR,ok,,0.1679696915728611
survey_weighted,odds_ratio,1.6711136873840733,1.0989213936878086,2.5412381378715314,0.20524251501659177,30,0.018037013860173003,age+sex+eth+marital+PIR_level+edu+smoke+alcohol.user+PA_level+BMI_level,,X1_PH_ln_U,PAH_urine.rds,angina,Angina,natural_log_transformed,2224,46,2178,30,4,2013-2014|2015-2016,WTSA2YR,ok,,0.1679696915728611
survey_weighted,odds_ratio,1.683355573990655,1.0823696977317814,2.6180389144519585,0.21624752534953218,30,0.02237844985055323,age+sex+eth+marital+PIR_level+edu+smoke+alcohol.user+PA_level+BMI_level,,X2_HPMA_ln_U,VOC_urine.rds,angina,Angina,natural_log_transformed,2196,45,2151,30,4,2013-2014|2015-2016,WTSA2YR,ok,,0.1961405310430842
survey_weighted,odds_ratio,1.6820834827879647,1.0771683044216647,2.6267063665479893,0.2182360803586765,30,0.023712079167465722,age+sex+eth+marital+PIR_level+edu+smoke+alcohol.user+PA_level+BMI_level,,X2_FL_ln_U,PAH_urine.rds,angina,Angina,natural_log_transformed,2223,46,2177,30,4,2013-2014|2015-2016,WTSA2YR,ok,,0.19628332199735515
survey_weighted,odds_ratio,1.5650365459023932,1.0570443867953145,2.317158504039606,0.1921548103597591,30,0.02666435217677812,age+sex+eth+marital+PIR_level+edu+smoke+alcohol.user+PA_level+BMI_level,,CEMA_CEM_ln_U,VOC_urine.rds,angina,Angina,natural_log_transformed,2205,45,2160,30,4,2013-2014|2015-2016,WTSA2YR,ok,,0.1963642989804062
survey_weighted,odds_ratio,1.6115952574066243,1.0551645811198809,2.461454184653344,0.20738064327101835,30,0.02850481081273151,age+sex+eth+marital+PIR_level+edu+smoke+alcohol.user+PA_level+BMI_level,,X3_FL_ln_U,PAH_urine.rds,angina,Angina,natural_log_transformed,2222,46,2176,30,4,2013-2014|2015-2016,WTSA2YR,ok,,0.1963642989804062
survey_weighted,odds_ratio,6.798803616946699,1.230272983802926,37.571930157260105,0.8020413050682295,15,0.03042306233943208,age+sex+eth+marital+PIR_level+edu+smoke+alcohol.user+PA_level+BMI_level,,IPM1_Cys_ln_U,VOC_urine.rds,angina,Angina,natural_log_transformed,1047,19,1028,15,2,2015-2016,WTSA2YR,ok,,0.1963642989804062
survey_weighted,odds_ratio,2.038507293648308,1.0791683451202407,3.8506614885876242,0.2984012119190291,15,0.03060510290166167,age+sex+eth+marital+PIR_level+edu+smoke+alcohol.user+PA_level+BMI_level,,TTCA_binary_U,VOC_urine.rds,angina,Angina,binary_above_detection_threshold,1171,26,1145,15,2,2013-2014,WTSA2YR,ok,,0.1963642989804062
survey_weighted,odds_ratio,2.435073575330953,1.089121779571669,5.444371261776679,0.39397549757247846,30,0.031312264877513867,age+sex+eth+marital+PIR_level+edu+smoke+alcohol.user+PA_level+BMI_level,,DHB_Cys_ln_U,VOC_urine.rds,angina,Angina,natural_log_transformed,2096,42,2054,30,4,2013-2014|2015-2016,WTSA2YR,ok,,0.1963642989804062
survey_weighted,odds_ratio,2.046894069269028,1.0643014131432402,3.9366435852367263,0.320233923849174,30,0.032877734674465864,age+sex+eth+marital+PIR_level+edu+smoke+alcohol.user+PA_level+BMI_level,,MA_ln_U,VOC_urine.rds,angina,Angina,natural_log_transformed,2179,45,2134,30,4,2013-2014|2015-2016,WTSA2YR,ok,,0.1963642989804062
survey_weighted,odds_ratio,1.7389206506717192,1.049083505917755,2.8823682883921116,0.24744380798952384,30,0.0329470300302695,age+sex+eth+marital+PIR_level+edu+smoke+alcohol.user+PA_level+BMI_level,,CMAC_ln_U,VOC_urine.rds,angina,Angina,natural_log_transformed,2194,45,2149,30,4,2013-2014|2015-2016,WTSA2YR,ok,,0.1963642989804062
survey_weighted,odds_ratio,2.248043115696645,1.0595014469927058,4.769882914625102,0.35293429700835716,15,0.0365607649174368,age+sex+eth+marital+PIR_level+edu+smoke+alcohol.user+PA_level+BMI_level,,IPM3_Cys_ln_U,VOC_urine.rds,angina,Angina,natural_log_transformed,1047,19,1028,15,2,2015-2016,WTSA2YR,ok,,0.20952130664223398
survey_weighted,odds_ratio,1.5671401829193696,1.02659132837244,2.3923135575421126,0.20712637695490638,30,0.03813945716718483,age+sex+eth+marital+PIR_level+edu+smoke+alcohol.user+PA_level+BMI_level,,X1_PY_ln_U,PAH_urine.rds,angina,Angina,natural_log_transformed,2223,45,2178,30,4,2013-2014|2015-2016,WTSA2YR,ok,,0.21047330066335332
survey_weighted,odds_ratio,0.3318092244223148,0.11470459338808693,0.9598339365472404,0.49834635327210663,15,0.04276078787702663,age+sex+eth+marital+PIR_level+edu+smoke+alcohol.user+PA_level+BMI_level,,MCOCH_binary_U,Phthalates_urine.rds,angina,Angina,binary_above_detection_threshold,1033,22,1011,15,2,2015-2016,WTSB2YR,ok,,0.22754847834560601
survey_weighted,odds_ratio,3.266252020771871,1.0199268809970323,10.459967730988131,0.5460660420182399,15,0.04669070108469075,age+sex+eth+marital+PIR_level+edu+smoke+alcohol.user+PA_level+BMI_level,,CYHA_Cys_binary_U,VOC_urine.rds,angina,Angina,binary_above_detection_threshold,1048,19,1029,15,2,2015-2016,WTSA2YR,ok,,0.2398936021247904
survey_weighted,odds_ratio,1.7109534891706726,1.0009717885064484,2.9245198273501996,0.2624916635594888,30,0.049612039152053505,age+sex+eth+marital+PIR_level+edu+smoke+alcohol.user+PA_level+BMI_level,,Nitrate_ln_U,PERNT_urine.rds,angina,Angina,natural_log_transformed,2220,45,2175,30,4,2013-2014|2015-2016,WTSA2YR,ok,,0.24640646112186576
survey_weighted,odds_ratio,1.721538136208173,0.9727342674670146,3.0467658573769825,0.27952318271091625,30,0.06140520820338516,age+sex+eth+marital+PIR_level+edu+smoke+alcohol.user+PA_level+BMI_level,,o_Xylene_binary_S,VOC_serum.rds,angina,Angina,binary_above_detection_threshold,3150,62,3088,30,4,2013-2014|2015-2016,WTSVOC2Y,ok,,0.295141162009819
survey_weighted,odds_ratio,0.4962706138370085,0.23340874571961512,1.0551640702187453,0.3693582498894625,30,0.06750622344089248,age+sex+eth+marital+PIR_level+edu+smoke+alcohol.user+PA_level+BMI_level,,GAM_Cys_binary_U,VOC_urine.rds,angina,Angina,binary_above_detection_threshold,2217,45,2172,30,4,2013-2014|2015-2016,WTSA2YR,ok,,0.2992146080091805
survey_weighted,odds_ratio,0.7073286568231383,0.4858419984017575,1.0297871127014018,0.18391863092819496,30,0.06947397145307048,age+sex+eth+marital+PIR_level+edu+smoke+alcohol.user+PA_level+BMI_level,,W_ln_U,HM_urine.rds,angina,Angina,natural_log_transformed,2228,46,2182,30,4,2013-2014|2015-2016,WTSA2YR,ok,,0.2992146080091805
survey_weighted,odds_ratio,1.3429312467464216,0.9747759615592672,1.8501321376483761,0.1568852083674881,30,0.06993071652903739,age+sex+eth+marital+PIR_level+edu+smoke+alcohol.user+PA_level+BMI_level,,MECPP_ln_U,Phthalates_urine.rds,angina,Angina,natural_log_transformed,2143,45,2098,30,4,2013-2014|2015-2016,WTSB2YR,ok,,0.2992146080091805
survey_weighted,odds_ratio,1.631601148329942,0.9577873301191938,2.7794503263060406,0.26083265721551147,30,0.07028531060618333,age+sex+eth+marital+PIR_level+edu+smoke+alcohol.user+PA_level+BMI_level,,GLYP_ln_U,GYLP_urine.rds,angina,Angina,natural_log_transformed,1940,40,1900,30,4,2013-2014|2015-2016,WTSSCH2Y|WTSSGL2Y,ok,,0.2992146080091805
survey_weighted,odds_ratio,0.767854772520698,0.5735821826169224,1.0279275918104815,0.1428307910956496,30,0.07427138988654416,age+sex+eth+marital+PIR_level+edu+smoke+alcohol.user+PA_level+BMI_level,,BPS_ln_U,PCCP_urine.rds,angina,Angina,natural_log_transformed,2142,45,2097,30,4,2013-2014|2015-2016,WTSB2YR,ok,,0.30740103036375227
survey_weighted,odds_ratio,1.3020389686506988,0.9682926350171844,1.7508193438390542,0.13894412949361962,15,0.07689379987956078,age+sex+eth+marital+PIR_level+edu+smoke+alcohol.user+PA_level+BMI_level,,o_ANS_ln_U,AA_urine.rds,angina,Angina,natural_log_transformed,1048,23,1025,15,2,2013-2014,WTSA2YR,ok,,0.30965341032579885
survey_weighted,odds_ratio,0.6224498115047926,0.36193990240297164,1.0704643651337042,0.26548113927930883,30,0.08424715462725045,age+sex+eth+marital+PIR_level+edu+smoke+alcohol.user+PA_level+BMI_level,,PFHS_ln_S,PFC_serum.rds,angina,Angina,natural_log_transformed,2072,45,2027,30,4,2013-2014|2015-2016,WTSB2YR,ok,,0.3303375273542189
survey_weighted,odds_ratio,1.2293691587336015,0.9680554447144616,1.5612210402795184,0.11701037917318821,30,0.08777551650849146,age+sex+eth+marital+PIR_level+edu+smoke+alcohol.user+PA_level+BMI_level,,MCNP_ln_U,Phthalates_urine.rds,angina,Angina,natural_log_transformed,2143,45,2098,30,4,2013-2014|2015-2016,WTSB2YR,ok,,0.3348311536225111
survey_weighted,odds_ratio,1.2745970743402384,0.9593870963804241,1.693370390373164,0.13910521455877706,30,0.09136026969682617,age+sex+eth+marital+PIR_level+edu+smoke+alcohol.user+PA_level+BMI_level,,U_ln_U,HM_urine.rds,angina,Angina,natural_log_transformed,2229,46,2183,30,4,2013-2014|2015-2016,WTSA2YR,ok,,0.3348311536225111
survey_weighted,odds_ratio,1.2308714943041652,0.9645390920877431,1.5707446674983976,0.11939022446202119,30,0.09213474696995272,age+sex+eth+marital+PIR_level+edu+smoke+alcohol.user+PA_level+BMI_level,,BMA_ln_U,VOC_urine.rds,angina,Angina,natural_log_transformed,2208,45,2163,30,4,2013-2014|2015-2016,WTSA2YR,ok,,0.3348311536225111
survey_weighted,odds_ratio,0.6992489674425315,0.4527380944553108,1.0799822777398513,0.21284772936419205,30,0.10319186026493588,age+sex+eth+marital+PIR_level+edu+smoke+alcohol.user+PA_level+BMI_level,,X3PBA_ln_U,pesticides_urine.rds,angina,Angina,natural_log_transformed,2185,40,2145,30,4,2013-2014|2015-2016,WTSB2YR|WTSC2YR,ok,,0.3655366092905335
survey_weighted,odds_ratio,0.5847787935292562,0.303215224472155,1.1278003535503083,0.32159802078811045,30,0.10566237048321912,age+sex+eth+marital+PIR_level+edu+smoke+alcohol.user+PA_level+BMI_level,,PFNA_ln_S,PFC_serum.rds,angina,Angina,natural_log_transformed,2072,45,2027,30,4,2013-2014|2015-2016,WTSB2YR,ok,,0.3655366092905335
survey_weighted,odds_ratio,0.4437349789687951,0.1597814109159632,1.232313136000512,0.47921415393196365,15,0.11062355139320927,age+sex+eth+marital+PIR_level+edu+smoke+alcohol.user+PA_level+BMI_level,,X4_MDA_binary_U,AA_urine.rds,angina,Angina,binary_above_detection_threshold,1006,19,987,15,2,2015-2016,WTSA2YR,ok,,0.3655366092905335
survey_weighted,odds_ratio,0.2799548478045852,0.05618381807099379,1.3949695748739304,0.7534776297717102,15,0.11176218562695932,age+sex+eth+marital+PIR_level+edu+smoke+alcohol.user+PA_level+BMI_level,,PFBA_binary_U,PFC_urine.rds,angina,Angina,binary_above_detection_threshold,1011,21,990,15,2,2013-2014,WTSSBH2Y,ok,,0.3655366092905335
survey_weighted,odds_ratio,0.22145697245910262,0.03286007991217932,1.4924854346618401,0.8951512715005242,15,0.11285022837157409,age+sex+eth+marital+PIR_level+edu+smoke+alcohol.user+PA_level+BMI_level,,X5OHIMI_binary_U,pesticides_urine.rds,angina,Angina,binary_above_detection_threshold,843,21,822,15,2,2015-2016,WTSSBI2Y,ok,,0.3655366092905335
survey_weighted,odds_ratio,1.5864809073785595,0.8692523639232579,2.895501667797482,0.29459344872609966,30,0.1276904453978335,age+sex+eth+marital+PIR_level+edu+smoke+alcohol.user+PA_level+BMI_level,,PGA_ln_U,VOC_urine.rds,angina,Angina,natural_log_transformed,2181,44,2137,30,4,2013-2014|2015-2016,WTSA2YR,ok,,0.40480588009100404
survey_weighted,odds_ratio,1.4477140092599317,0.8887720489755296,2.3581703036491093,0.23890066907202948,30,0.13193950743563887,age+sex+eth+marital+PIR_level+edu+smoke+alcohol.user+PA_level+BMI_level,,BCETP_ln_U,BFR_urine.rds,angina,Angina,natural_log_transformed,1942,40,1902,30,4,2013-2014|2015-2016,WTSSBI2Y|WTSSCH2Y,ok,,0.40956222099812895
survey_weighted,odds_ratio,1.2093068426072364,0.9367285449587326,1.5612025996721495,0.12506121922993269,30,0.13907302206145383,age+sex+eth+marital+PIR_level+edu+smoke+alcohol.user+PA_level+BMI_level,,MCOP_ln_U,Phthalates_urine.rds,angina,Angina,natural_log_transformed,2143,45,2098,30,4,2013-2014|2015-2016,WTSB2YR,ok,,0.42289551606442083
survey_weighted,odds_ratio,0.4706141315924446,0.16511773433188737,1.3413317579160802,0.5128501540711247,30,0.15206323506536437,age+sex+eth+marital+PIR_level+edu+smoke+alcohol.user+PA_level+BMI_level,,Hg_binary_U,HM_urine.rds,angina,Angina,binary_above_detection_threshold,2233,46,2187,30,4,2013-2014|2015-2016,WTSA2YR,ok,,0.4531484404947858
survey_weighted,odds_ratio,1.3795971338624635,0.856108220140826,2.22318651659301,0.2336368042011263,30,0.17860498448369677,age+sex+eth+marital+PIR_level+edu+smoke+alcohol.user+PA_level+BMI_level,,DMA_ln_U,HM_urine.rds,angina,Angina,natural_log_transformed,2230,46,2184,30,4,2013-2014|2015-2016,WTSA2YR,ok,,0.5218067193739376
survey_weighted,odds_ratio,1.4517349366263286,0.8310506377395712,2.5359878574353423,0.27313882511584653,30,0.1824889143638418,age+sex+eth+marital+PIR_level+edu+smoke+alcohol.user+PA_level+BMI_level,,Tl_ln_U,HM_urine.rds,angina,Angina,natural_log_transformed,2229,46,2183,30,4,2013-2014|2015-2016,WTSA2YR,ok,,0.5229009276963928
survey_weighted,odds_ratio,1.3275649296261909,0.8632127650519477,2.0417082713869865,0.21076544410377637,30,0.18890736093107824,age+sex+eth+marital+PIR_level+edu+smoke+alcohol.user+PA_level+BMI_level,,CEMA_AAM_ln_U,VOC_urine.rds,angina,Angina,natural_log_transformed,2154,44,2110,30,4,2013-2014|2015-2016,WTSA2YR,ok,,0.531079184504352
survey_weighted,odds_ratio,1.2841563585656326,0.8713298636900377,1.8925755009255283,0.1899044501668315,30,0.1978142652906607,age+sex+eth+marital+PIR_level+edu+smoke+alcohol.user+PA_level+BMI_level,,X34_MHA_ln_U,VOC_urine.rds,angina,Angina,natural_log_transformed,2214,45,2169,30,4,2013-2014|2015-2016,WTSA2YR,ok,,0.5445715709845126
survey_weighted,odds_ratio,0.5971898504677725,0.26691590121047487,1.3361351492524893,0.3943163586195865,30,0.20101635170569257,age+sex+eth+marital+PIR_level+edu+smoke+alcohol.user+PA_level+BMI_level,,AsB_binary_U,HM_urine.rds,angina,Angina,binary_above_detection_threshold,2231,46,2185,30,4,2013-2014|2015-2016,WTSA2YR,ok,,0.5445715709845126
survey_weighted,odds_ratio,1.5761012516175714,0.7495246726877216,3.314227330826555,0.3639427619695787,30,0.22093750756941383,age+sex+eth+marital+PIR_level+edu+smoke+alcohol.user+PA_level+BMI_level,,MINP_binary_U,Phthalates_urine.rds,angina,Angina,binary_above_detection_threshold,2144,45,2099,30,4,2013-2014|2015-2016,WTSB2YR,ok,,0.5767757702873074
survey_weighted,odds_ratio,0.652183586386369,0.32339437105551067,1.3152468577716094,0.3434671769020832,30,0.2229674193021572,age+sex+eth+marital+PIR_level+edu+smoke+alcohol.user+PA_level+BMI_level,,PFUnDA_binary_S,PFC_serum.rds,angina,Angina,binary_above_detection_threshold,2072,45,2027,30,4,2013-2014|2015-2016,WTSB2YR,ok,,0.5767757702873074
survey_weighted,odds_ratio,1.694967276654794,0.7108743025433212,4.041381238078292,0.42546874029298415,30,0.22451674279640155,age+sex+eth+marital+PIR_level+edu+smoke+alcohol.user+PA_level+BMI_level,,Cs_ln_U,HM_urine.rds,angina,Angina,natural_log_transformed,2229,46,2183,30,4,2013-2014|2015-2016,WTSA2YR,ok,,0.5767757702873074
survey_weighted,odds_ratio,1.4406631006835258,0.7766992227498355,2.6722186772930057,0.3025089020524524,30,0.2368944179492029,age+sex+eth+marital+PIR_level+edu+smoke+alcohol.user+PA_level+BMI_level,,Pb_ln_S,HM_serum.rds,angina,Angina,natural_log_transformed,3254,64,3190,30,4,2013-2014|2015-2016,WTSH2YR,ok,,0.5982587843123938
survey_weighted,odds_ratio,1.7870587960176658,0.6522137621416358,4.896522161595521,0.49354533933489503,30,0.24871407246851068,age+sex+eth+marital+PIR_level+edu+smoke+alcohol.user+PA_level+BMI_level,,BCPP_binary_U,BFR_urine.rds,angina,Angina,binary_above_detection_threshold,1947,40,1907,30,4,2013-2014|2015-2016,WTSSBI2Y|WTSSCH2Y,ok,,0.5987255739370722
survey_weighted,odds_ratio,0.5705951323404017,0.21051755412588802,1.5465636887262457,0.46780880545765813,15,0.24898770365038075,age+sex+eth+marital+PIR_level+edu+smoke+alcohol.user+PA_level+BMI_level,,n_PFOS_ln_S,PFC_serum.rds,angina,Angina,natural_log_transformed,997,22,975,15,2,2015-2016,WTSB2YR,ok,,0.5987255739370722
survey_weighted,odds_ratio,1.3074547258995401,0.8205591019974897,2.083259884773384,0.22810454492408025,30,0.2491341314369025,age+sex+eth+marital+PIR_level+edu+smoke+alcohol.user+PA_level+BMI_level,,Co_ln_U,HM_urine.rds,angina,Angina,natural_log_transformed,2229,46,2183,30,4,2013-2014|2015-2016,WTSA2YR,ok,,0.5987255739370722
survey_weighted,odds_ratio,0.6893850155869407,0.34982970249758055,1.3585230079744108,0.3182592091089486,15,0.2607561874528538,age+sex+eth+marital+PIR_level+edu+smoke+alcohol.user+PA_level+BMI_level,,DMP_ln_U,pesticides_urine.rds,angina,Angina,natural_log_transformed,1031,22,1009,15,2,2015-2016,WTSB2YR,ok,,0.6167090782615113
survey_weighted,odds_ratio,1.5202036896140818,0.7156643680134017,3.229194244127844,0.36889706442556053,30,0.2651992526281576,age+sex+eth+marital+PIR_level+edu+smoke+alcohol.user+PA_level+BMI_level,,As_III_binary_U,HM_urine.rds,angina,Angina,binary_above_detection_threshold,2231,46,2185,30,4,2013-2014|2015-2016,WTSA2YR,ok,,0.6174170100249293
survey_weighted,odds_ratio,1.6225269132787976,0.6505980657444471,4.046420859400614,0.4287448402801792,15,0.2766958628162056,age+sex+eth+marital+PIR_level+edu+smoke+alcohol.user+PA_level+BMI_level,,PPDA_binary_U,AA_urine.rds,angina,Angina,binary_above_detection_threshold,935,18,917,15,2,2015-2016,WTSA2YR,ok,,0.6326554380527506
survey_weighted,odds_ratio,0.6260023503581628,0.25675534575677167,1.5262737431966729,0.4181334988950269,15,0.28023663698980894,age+sex+eth+marital+PIR_level+edu+smoke+alcohol.user+PA_level+BMI_level,,Sm_PFOS_ln_S,PFC_serum.rds,angina,Angina,natural_log_transformed,997,22,975,15,2,2015-2016,WTSB2YR,ok,,0.6326554380527506
survey_weighted,odds_ratio,0.8248340304604719,0.5748537176951176,1.1835205320295088,0.17679648244782495,30,0.2847225547809604,age+sex+eth+marital+PIR_level+edu+smoke+alcohol.user+PA_level+BMI_level,,Total_As_ln_U,HM_urine.rds,angina,Angina,natural_log_transformed,2228,46,2182,30,4,2013-2014|2015-2016,WTSA2YR,ok,,0.6331889651098971
survey_weighted,odds_ratio,1.1880093460480372,0.8477578274453805,1.6648223827675794,0.1652273925210582,30,0.3054270790201149,age+sex+eth+marital+PIR_level+edu+smoke+alcohol.user+PA_level+BMI_level,,X1_NP_ln_U,PAH_urine.rds,angina,Angina,natural_log_transformed,2156,42,2114,30,4,2013-2014|2015-2016,WTSA2YR,ok,,0.6656969586614453
survey_weighted,odds_ratio,0.6764358023732775,0.31310927897780605,1.461360060060095,0.3771706758793358,30,0.3082757728029512,age+sex+eth+marital+PIR_level+edu+smoke+alcohol.user+PA_level+BMI_level,,PMA_binary_U,VOC_urine.rds,angina,Angina,binary_above_detection_threshold,2181,45,2136,30,4,2013-2014|2015-2016,WTSA2YR,ok,,0.6656969586614453
survey_weighted,odds_ratio,2.6697709434060166,0.37122433266053206,19.200457144529345,0.9660520086476757,30,0.31751920896168734,age+sex+eth+marital+PIR_level+edu+smoke+alcohol.user+PA_level+BMI_level,,FA_ln_S,gas_serum.rds,angina,Angina,natural_log_transformed,1964,43,1921,30,4,2013-2014|2015-2016,WTSA2YR,ok,,0.6758623162184487
survey_weighted,odds_ratio,1.8660716521934682,0.5026912435247852,6.9271614653625235,0.6153627377957609,15,0.32676729290765016,age+sex+eth+marital+PIR_level+edu+smoke+alcohol.user+PA_level+BMI_level,,MDA_binary_U,pesticides_urine.rds,angina,Angina,binary_above_detection_threshold,1036,22,1014,15,2,2015-2016,WTSB2YR,ok,,0.6857510794822517
survey_weighted,odds_ratio,1.2751751845074975,0.7609190451512692,2.136983903275112,0.25281243623321176,30,0.34397844738779537,age+sex+eth+marital+PIR_level+edu+smoke+alcohol.user+PA_level+BMI_level,,Pb_ln_U,HM_urine.rds,angina,Angina,natural_log_transformed,2229,46,2183,30,4,2013-2014|2015-2016,WTSA2YR,ok,,0.7083251786012442
survey_weighted,odds_ratio,1.1502387892360304,0.8524208307222281,1.5521080956482411,0.14672112138352544,30,0.3477160136037568,age+sex+eth+marital+PIR_level+edu+smoke+alcohol.user+PA_level+BMI_level,,MBzP_ln_U,Phthalates_urine.rds,angina,Angina,natural_log_transformed,2143,45,2098,30,4,2013-2014|2015-2016,WTSB2YR,ok,,0.7083251786012442
survey_weighted,odds_ratio,1.314574749597159,0.716235985342102,2.4127617260853245,0.2849041433400245,15,0.3522662654830607,age+sex+eth+marital+PIR_level+edu+smoke+alcohol.user+PA_level+BMI_level,,X4_ABP_ln_U,AA_urine.rds,angina,Angina,natural_log_transformed,1120,23,1097,15,2,2013-2014,WTSA2YR,ok,,0.7083251786012442
survey_weighted,odds_ratio,1.1901573408153059,0.8138836985219361,1.740389319099236,0.18607865766359882,30,0.35697622130066164,age+sex+eth+marital+PIR_level+edu+smoke+alcohol.user+PA_level+BMI_level,,DPHP_ln_U,BFR_urine.rds,angina,Angina,natural_log_transformed,1944,40,1904,30,4,2013-2014|2015-2016,WTSSBI2Y|WTSSCH2Y,ok,,0.7083251786012442
survey_weighted,odds_ratio,2.1992650604060726,0.3694192440626055,13.092893463620532,0.8369639159096911,15,0.36129337968922526,age+sex+eth+marital+PIR_level+edu+smoke+alcohol.user+PA_level+BMI_level,,PFHpA_binary_S,PFC_serum.rds,angina,Angina,binary_above_detection_threshold,1075,23,1052,15,2,2013-2014,WTSB2YR,ok,,0.7083251786012442
survey_weighted,odds_ratio,0.6285667580306716,0.21038032601077658,1.8780091123204663,0.5135121653523002,15,0.38018705976966416,age+sex+eth+marital+PIR_level+edu+smoke+alcohol.user+PA_level+BMI_level,,DETP_binary_U,pesticides_urine.rds,angina,Angina,binary_above_detection_threshold,1035,22,1013,15,2,2015-2016,WTSB2YR,ok,,0.7331052457032401
survey_weighted,odds_ratio,1.2537586890359773,0.7430164006309843,2.115580287323826,0.25617696114622485,30,0.3843784563335755,age+sex+eth+marital+PIR_level+edu+smoke+alcohol.user+PA_level+BMI_level,,MiBP_ln_U,Phthalates_urine.rds,angina,Angina,natural_log_transformed,2143,45,2098,30,4,2013-2014|2015-2016,WTSB2YR,ok,,0.7331052457032401
survey_weighted,odds_ratio,0.5548175670702733,0.13485266282686295,2.282658171348013,0.6636124972793127,15,0.3886933853057447,age+sex+eth+marital+PIR_level+edu+smoke+alcohol.user+PA_level+BMI_level,,NDMA_binary_U,pesticides_urine.rds,angina,Angina,binary_above_detection_threshold,891,21,870,15,2,2015-2016,WTSSBI2Y,ok,,0.7331052457032401
survey_weighted,odds_ratio,1.586247670733153,0.5208489219226146,4.830924221976591,0.5453075198632291,30,0.40420906529078515,age+sex+eth+marital+PIR_level+edu+smoke+alcohol.user+PA_level+BMI_level,,AsC_binary_U,HM_urine.rds,angina,Angina,binary_above_detection_threshold,2231,46,2185,30,4,2013-2014|2015-2016,WTSA2YR,ok,,0.7388039552852826
survey_weighted,odds_ratio,1.1886448345975043,0.782355846037099,1.8059257177817911,0.2048010089513766,30,0.405452051449973,age+sex+eth+marital+PIR_level+edu+smoke+alcohol.user+PA_level+BMI_level,,THg_ln_S,HM_serum.rds,angina,Angina,natural_log_transformed,3254,64,3190,30,4,2013-2014|2015-2016,WTSH2YR,ok,,0.7388039552852826
survey_weighted,odds_ratio,0.7618950020625992,0.39386306915609787,1.4738218422248355,0.32307415345536056,30,0.4065900961972696,age+sex+eth+marital+PIR_level+edu+smoke+alcohol.user+PA_level+BMI_level,,MEHP_binary_U,Phthalates_urine.rds,angina,Angina,binary_above_detection_threshold,2144,45,2099,30,4,2013-2014|2015-2016,WTSB2YR,ok,,0.7388039552852826
survey_weighted,odds_ratio,0.7055208843499251,0.2912807831044514,1.708865627690266,0.4331687860573471,30,0.4269990882018666,age+sex+eth+marital+PIR_level+edu+smoke+alcohol.user+PA_level+BMI_level,,TCC_binary_U,PCCP_urine.rds,angina,Angina,binary_above_detection_threshold,2145,45,2100,30,4,2013-2014|2015-2016,WTSB2YR,ok,,0.760178102398301
survey_weighted,odds_ratio,1.15621382931641,0.7960283266225399,1.6793754372718617,0.1827724959085755,30,0.43333938424297724,age+sex+eth+marital+PIR_level+edu+smoke+alcohol.user+PA_level+BMI_level,,Toluene_ln_S,VOC_serum.rds,angina,Angina,natural_log_transformed,3095,61,3034,30,4,2013-2014|2015-2016,WTSVOC2Y,ok,,0.760178102398301
survey_weighted,odds_ratio,0.616711225131898,0.17777683695470745,2.1393829574129763,0.6090626356825062,30,0.43365864901916495,age+sex+eth+marital+PIR_level+edu+smoke+alcohol.user+PA_level+BMI_level,,BDCM_binary_S,VOC_serum.rds,angina,Angina,binary_above_detection_threshold,3134,62,3072,30,4,2013-2014|2015-2016,WTSVOC2Y,ok,,0.760178102398301
survey_weighted,odds_ratio,1.2912091919735358,0.6349815995713028,2.6256212440841553,0.3475238540378606,30,0.4677892625478769,age+sex+eth+marital+PIR_level+edu+smoke+alcohol.user+PA_level+BMI_level,,X14_DCB_binary_S,VOC_serum.rds,angina,Angina,binary_above_detection_threshold,3128,61,3067,30,4,2013-2014|2015-2016,WTSVOC2Y,ok,,0.8037305117298568
survey_weighted,odds_ratio,0.8173452026357427,0.45806897315487216,1.4584117663996332,0.2716657132654664,15,0.4692923122181043,age+sex+eth+marital+PIR_level+edu+smoke+alcohol.user+PA_level+BMI_level,,A_a_C_binary_U,AA_urine.rds,angina,Angina,binary_above_detection_threshold,1155,26,1129,15,2,2013-2014,WTSA2YR,ok,,0.8037305117298568
survey_weighted,odds_ratio,0.7813127392805258,0.36773027425369725,1.6600471576645048,0.36901334234233224,30,0.5087650630805931,age+sex+eth+marital+PIR_level+edu+smoke+alcohol.user+PA_level+BMI_level,,HEMA_binary_U,VOC_urine.rds,angina,Angina,binary_above_detection_threshold,2200,45,2155,30,4,2013-2014|2015-2016,WTSA2YR,ok,,0.8524836300624886
survey_weighted,odds_ratio,0.3310999750152889,0.01059120468622572,10.350776583300235,1.6855716035179291,30,0.5169748266347071,age+sex+eth+marital+PIR_level+edu+smoke+alcohol.user+PA_level+BMI_level,,Se_ln_S,HM_serum.rds,angina,Angina,natural_log_transformed,3253,63,3190,30,4,2013-2014|2015-2016,WTSH2YR,ok,,0.8524836300624886
survey_weighted,odds_ratio,0.445682066277597,0.030879718184460492,6.432458451043302,1.2524369852125898,15,0.5285048108848185,age+sex+eth+marital+PIR_level+edu+smoke+alcohol.user+PA_level+BMI_level,,DPCP_binary_U,BFR_urine.rds,angina,Angina,binary_above_detection_threshold,1047,19,1028,15,2,2013-2014,WTSSCH2Y,ok,,0.8524836300624886
survey_weighted,odds_ratio,0.94059571090886,0.7722860453322922,1.1455862717284688,0.09653873678841271,30,0.5306435809371716,age+sex+eth+marital+PIR_level+edu+smoke+alcohol.user+PA_level+BMI_level,,X25_DCP_ln_U,PCCP_urine.rds,angina,Angina,natural_log_transformed,2143,45,2098,30,4,2013-2014|2015-2016,WTSB2YR,ok,,0.8524836300624886
survey_weighted,odds_ratio,0.7276210443589318,0.2506891559015048,2.111907801875544,0.49992580048360413,15,0.5343328561725342,age+sex+eth+marital+PIR_level+edu+smoke+alcohol.user+PA_level+BMI_level,,X2_AN_ln_U,AA_urine.rds,angina,Angina,natural_log_transformed,1116,21,1095,15,2,2013-2014,WTSA2YR,ok,,0.8524836300624886
survey_weighted,odds_ratio,0.8032883926563003,0.3837121409327905,1.6816570885865343,0.3466284982229373,15,0.5369520896456296,age+sex+eth+marital+PIR_level+edu+smoke+alcohol.user+PA_level+BMI_level,,Harman_ln_U,AA_urine.rds,angina,Angina,natural_log_transformed,1155,26,1129,15,2,2013-2014,WTSA2YR,ok,,0.8524836300624886
survey_weighted,odds_ratio,0.798003985885141,0.38098807674533414,1.6714705796796858,0.3620209977343348,30,0.5378084646031808,age+sex+eth+marital+PIR_level+edu+smoke+alcohol.user+PA_level+BMI_level,,DCVDMPCA_binary_U,pesticides_urine.rds,angina,Angina,binary_above_detection_threshold,2177,42,2135,30,4,2013-2014|2015-2016,WTSB2YR|WTSC2YR,ok,,0.8524836300624886
survey_weighted,odds_ratio,1.183129527312101,0.671808050365601,2.0836241507317164,0.2771156641699671,30,0.5485268366501379,age+sex+eth+marital+PIR_level+edu+smoke+alcohol.user+PA_level+BMI_level,,Sr_ln_U,HM_urine.rds,angina,Angina,natural_log_transformed,2229,46,2183,30,4,2013-2014|2015-2016,WTSA2YR,ok,,0.8594958116285234
survey_weighted,odds_ratio,0.7173198061999918,0.21686918652530932,2.3726178560029982,0.5612271858393201,15,0.5626832329129019,age+sex+eth+marital+PIR_level+edu+smoke+alcohol.user+PA_level+BMI_level,,PhIP_binary_U,AA_urine.rds,angina,Angina,binary_above_detection_threshold,1154,26,1128,15,2,2013-2014,WTSA2YR,ok,,0.8594958116285234
survey_weighted,odds_ratio,0.6618909723052223,0.14744176409091675,2.9713403249096224,0.7045287902794726,15,0.566774685681027,age+sex+eth+marital+PIR_level+edu+smoke+alcohol.user+PA_level+BMI_level,,DMDTP_binary_U,pesticides_urine.rds,angina,Angina,binary_above_detection_threshold,1035,22,1013,15,2,2015-2016,WTSB2YR,ok,,0.8594958116285234
survey_weighted,odds_ratio,0.8411621550408266,0.45584586477183603,1.5521776673943914,0.2999745284479098,30,0.568498963263764,age+sex+eth+marital+PIR_level+edu+smoke+alcohol.user+PA_level+BMI_level,,PHE_Cys_binary_U,VOC_urine.rds,angina,Angina,binary_above_detection_threshold,2169,45,2124,30,4,2013-2014|2015-2016,WTSA2YR,ok,,0.8594958116285234
survey_weighted,odds_ratio,0.816920494167146,0.397230744092391,1.6800288087345887,0.3530500753306318,30,0.5710743983303612,age+sex+eth+marital+PIR_level+edu+smoke+alcohol.user+PA_level+BMI_level,,Benzene_binary_S,VOC_serum.rds,angina,Angina,binary_above_detection_threshold,3077,61,3016,30,4,2013-2014|2015-2016,WTSVOC2Y,ok,,0.8594958116285234
survey_weighted,odds_ratio,0.746319505522059,0.23898233441849484,2.3306860972715686,0.5575965939076115,30,0.60361021537616,age+sex+eth+marital+PIR_level+edu+smoke+alcohol.user+PA_level+BMI_level,,Mn_binary_U,HM_urine.rds,angina,Angina,binary_above_detection_threshold,2230,46,2184,30,4,2013-2014|2015-2016,WTSA2YR,ok,,0.8985273010555264
survey_weighted,odds_ratio,0.8099753678015571,0.3513727053747188,1.867134488279667,0.40893482929635905,30,0.6100738343631253,age+sex+eth+marital+PIR_level+edu+smoke+alcohol.user+PA_level+BMI_level,,Perchlorate_ln_U,PERNT_urine.rds,angina,Angina,natural_log_transformed,2219,45,2174,30,4,2013-2014|2015-2016,WTSA2YR,ok,,0.8985273010555264
survey_weighted,odds_ratio,0.9440203157348741,0.7447081781024906,1.1966759365942177,0.11612321935329362,30,0.62344598960667,age+sex+eth+marital+PIR_level+edu+smoke+alcohol.user+PA_level+BMI_level,,X24_DCP_ln_U,PCCP_urine.rds,angina,Angina,natural_log_transformed,2143,45,2098,30,4,2013-2014|2015-2016,WTSB2YR,ok,,0.8985273010555264
survey_weighted,odds_ratio,1.283007415142665,0.4591819378466415,3.5848710317974946,0.5031236800403208,30,0.6239835371985192,age+sex+eth+marital+PIR_level+edu+smoke+alcohol.user+PA_level+BMI_level,,DBUP_binary_U,BFR_urine.rds,angina,Angina,binary_above_detection_threshold,1945,40,1905,30,4,2013-2014|2015-2016,WTSSBI2Y|WTSSCH2Y,ok,,0.8985273010555264
survey_weighted,odds_ratio,1.2827548778372746,0.4532279586905313,3.63053524184473,0.5094178645301911,30,0.6285287105561173,age+sex+eth+marital+PIR_level+edu+smoke+alcohol.user+PA_level+BMI_level,,Furan_binary_S,VOC_serum.rds,angina,Angina,binary_above_detection_threshold,3160,62,3098,30,4,2013-2014|2015-2016,WTSVOC2Y,ok,,0.8985273010555264
survey_weighted,odds_ratio,0.8298870370040843,0.3767133302805916,1.8282137605123687,0.38672856211250783,30,0.6331903799384582,age+sex+eth+marital+PIR_level+edu+smoke+alcohol.user+PA_level+BMI_level,,IHg_binary_S,HM_serum.rds,angina,Angina,binary_above_detection_threshold,3249,64,3185,30,4,2013-2014|2015-2016,WTSH2YR,ok,,0.8985273010555264
survey_weighted,odds_ratio,0.9084724140058618,0.5822248093286017,1.4175317055990215,0.20873488678132854,15,0.6522051892678742,age+sex+eth+marital+PIR_level+edu+smoke+alcohol.user+PA_level+BMI_level,,DMTP_ln_U,pesticides_urine.rds,angina,Angina,natural_log_transformed,1039,22,1017,15,2,2015-2016,WTSB2YR,ok,,0.9081762953102505
survey_weighted,odds_ratio,1.0737928052515948,0.7769001743342219,1.4841430426994036,0.15847076150161973,30,0.6564618826048215,age+sex+eth+marital+PIR_level+edu+smoke+alcohol.user+PA_level+BMI_level,,BPA_ln_U,PCCP_urine.rds,angina,Angina,natural_log_transformed,2143,45,2098,30,4,2013-2014|2015-2016,WTSB2YR,ok,,0.9081762953102505
survey_weighted,odds_ratio,1.0677845299633337,0.7880246135214433,1.446863185318503,0.14876170045493414,30,0.6624612306602742,age+sex+eth+marital+PIR_level+edu+smoke+alcohol.user+PA_level+BMI_level,,MEP_ln_U,Phthalates_urine.rds,angina,Angina,natural_log_transformed,2143,45,2098,30,4,2013-2014|2015-2016,WTSB2YR,ok,,0.9081762953102505
survey_weighted,odds_ratio,0.9504874220808905,0.7501819898485967,1.2042762313132953,0.1158802773519703,30,0.6643705784484383,age+sex+eth+marital+PIR_level+edu+smoke+alcohol.user+PA_level+BMI_level,,DEA_ln_U,pesticides_urine.rds,angina,Angina,natural_log_transformed,2180,42,2138,30,4,2013-2014|2015-2016,WTSB2YR|WTSC2YR,ok,,0.9081762953102505
survey_weighted,odds_ratio,1.056811268890977,0.8042943806037112,1.3886085555100338,0.13369718047910728,30,0.68233120700679,age+sex+eth+marital+PIR_level+edu+smoke+alcohol.user+PA_level+BMI_level,,X24D_ln_U,pesticides_urine.rds,angina,Angina,natural_log_transformed,2203,42,2161,30,4,2013-2014|2015-2016,WTSB2YR|WTSC2YR,ok,,0.9180576020385748
survey_weighted,odds_ratio,1.0858340965713755,0.7044242965221967,1.673757834728268,0.21188301950911437,30,0.7002793939519514,age+sex+eth+marital+PIR_level+edu+smoke+alcohol.user+PA_level+BMI_level,,Ba_ln_U,HM_urine.rds,angina,Angina,natural_log_transformed,2229,46,2183,30,4,2013-2014|2015-2016,WTSA2YR,ok,,0.9180576020385748
survey_weighted,odds_ratio,1.0982657000093885,0.6687632700905725,1.8036091420716853,0.2428948378373083,30,0.7022963544687857,age+sex+eth+marital+PIR_level+edu+smoke+alcohol.user+PA_level+BMI_level,,Sb_ln_U,HM_urine.rds,angina,Angina,natural_log_transformed,2229,46,2183,30,4,2013-2014|2015-2016,WTSA2YR,ok,,0.9180576020385748
survey_weighted,odds_ratio,0.9357532589924628,0.6522664244771182,1.3424486204651065,0.17671428876421647,30,0.7097340130071721,age+sex+eth+marital+PIR_level+edu+smoke+alcohol.user+PA_level+BMI_level,,X2_MHA_ln_U,VOC_urine.rds,angina,Angina,natural_log_transformed,2090,44,2046,30,4,2013-2014|2015-2016,WTSA2YR,ok,,0.9180576020385748
survey_weighted,odds_ratio,1.3928376563834481,0.2161368261889184,8.975780625852469,0.8741406836096414,15,0.7099624291800885,age+sex+eth+marital+PIR_level+edu+smoke+alcohol.user+PA_level+BMI_level,,MeA_a_C_binary_U,AA_urine.rds,angina,Angina,binary_above_detection_threshold,1154,26,1128,15,2,2013-2014,WTSA2YR,ok,,0.9180576020385748
survey_weighted,odds_ratio,1.0770544577840224,0.7072527485230286,1.6402146297133307,0.20594565750782381,30,0.7210475399561194,age+sex+eth+marital+PIR_level+edu+smoke+alcohol.user+PA_level+BMI_level,,Sn_ln_U,HM_urine.rds,angina,Angina,natural_log_transformed,2228,46,2182,30,4,2013-2014|2015-2016,WTSA2YR,ok,,0.9180576020385748
survey_weighted,odds_ratio,1.1473600583494143,0.5108546958419511,2.5769266960068276,0.379616672356682,15,0.7223192679377717,age+sex+eth+marital+PIR_level+edu+smoke+alcohol.user+PA_level+BMI_level,,o_TLD_ln_U,AA_urine.rds,angina,Angina,natural_log_transformed,1078,22,1056,15,2,2013-2014,WTSA2YR,ok,,0.9180576020385748
survey_weighted,odds_ratio,1.0628560844446757,0.7422531728782475,1.5219376588995293,0.1757966198558356,30,0.7311902676669889,age+sex+eth+marital+PIR_level+edu+smoke+alcohol.user+PA_level+BMI_level,,NPMA_ln_U,VOC_urine.rds,angina,Angina,natural_log_transformed,2188,45,2143,30,4,2013-2014|2015-2016,WTSA2YR,ok,,0.9180576020385748
survey_weighted,odds_ratio,1.2361114082374864,0.33806407881640194,4.519768615832984,0.6082669481711733,15,0.7323205901313876,age+sex+eth+marital+PIR_level+edu+smoke+alcohol.user+PA_level+BMI_level,,TBPPP_binary_U,BFR_urine.rds,angina,Angina,binary_above_detection_threshold,900,21,879,15,2,2015-2016,WTSSBI2Y,ok,,0.9180576020385748
survey_weighted,odds_ratio,1.0765095346892548,0.6846996583431816,1.6925271747339354,0.21229631622674913,15,0.7332137895475865,age+sex+eth+marital+PIR_level+edu+smoke+alcohol.user+PA_level+BMI_level,,X1_AN_ln_U,AA_urine.rds,angina,Angina,natural_log_transformed,1109,23,1086,15,2,2013-2014,WTSA2YR,ok,,0.9180576020385748
survey_weighted,odds_ratio,0.9605602971489579,0.7385707963788498,1.2492723635739418,0.12868008564735192,30,0.7566705146067836,age+sex+eth+marital+PIR_level+edu+smoke+alcohol.user+PA_level+BMI_level,,MeP_ln_U,PCCP_urine.rds,angina,Angina,natural_log_transformed,2143,45,2098,30,4,2013-2014|2015-2016,WTSB2YR,ok,,0.9333190994287779
survey_weighted,odds_ratio,0.9445017220498617,0.6406182149848195,1.3925353386592256,0.19009404839900793,30,0.7659697371675351,age+sex+eth+marital+PIR_level+edu+smoke+alcohol.user+PA_level+BMI_level,,BDCPP_ln_U,BFR_urine.rds,angina,Angina,natural_log_transformed,1936,38,1898,30,4,2013-2014|2015-2016,WTSSBI2Y|WTSSCH2Y,ok,,0.9333190994287779
survey_weighted,odds_ratio,0.8891089624260398,0.3972864861480331,1.9897851415256924,0.394444015003925,30,0.7677742278890284,age+sex+eth+marital+PIR_level+edu+smoke+alcohol.user+PA_level+BMI_level,,m_p_Xylene_binary_S,VOC_serum.rds,angina,Angina,binary_above_detection_threshold,3144,61,3083,30,4,2013-2014|2015-2016,WTSVOC2Y,ok,,0.9333190994287779
survey_weighted,odds_ratio,0.7237044977415998,0.06783178315561578,7.721280138690566,1.1106771438710807,15,0.7749249337771744,age+sex+eth+marital+PIR_level+edu+smoke+alcohol.user+PA_level+BMI_level,,IPPPP_binary_U,BFR_urine.rds,angina,Angina,binary_above_detection_threshold,899,21,878,15,2,2015-2016,WTSSBI2Y,ok,,0.9333190994287779
survey_weighted,odds_ratio,0.8463319747395585,0.25153650372763187,2.8476097936153186,0.5941046509087007,30,0.7807670202649707,age+sex+eth+marital+PIR_level+edu+smoke+alcohol.user+PA_level+BMI_level,,DBCM_binary_S,VOC_serum.rds,angina,Angina,binary_above_detection_threshold,3158,62,3096,30,4,2013-2014|2015-2016,WTSVOC2Y,ok,,0.9333190994287779
survey_weighted,odds_ratio,1.055064610921578,0.7080361085132316,1.572181587682824,0.19530312533268007,30,0.7856157839029512,age+sex+eth+marital+PIR_level+edu+smoke+alcohol.user+PA_level+BMI_level,,X2_NP_ln_U,PAH_urine.rds,angina,Angina,natural_log_transformed,2191,43,2148,30,4,2013-2014|2015-2016,WTSA2YR,ok,,0.9333190994287779
survey_weighted,odds_ratio,1.0411516473614661,0.7669817310227481,1.4133279959067815,0.1496469040761414,30,0.78940215632719,age+sex+eth+marital+PIR_level+edu+smoke+alcohol.user+PA_level+BMI_level,,MCPP_ln_U,Phthalates_urine.rds,angina,Angina,natural_log_transformed,2143,45,2098,30,4,2013-2014|2015-2016,WTSB2YR,ok,,0.9333190994287779
survey_weighted,odds_ratio,0.9477004537820058,0.6174705968097929,1.4545407582788656,0.2097697704890859,30,0.79964070273964,age+sex+eth+marital+PIR_level+edu+smoke+alcohol.user+PA_level+BMI_level,,MnBP_ln_U,Phthalates_urine.rds,angina,Angina,natural_log_transformed,2143,45,2098,30,4,2013-2014|2015-2016,WTSB2YR,ok,,0.9333190994287779
survey_weighted,odds_ratio,1.0906560065160427,0.48034190817813244,2.4764246140030544,0.4015313791580273,30,0.8303562636871351,age+sex+eth+marital+PIR_level+edu+smoke+alcohol.user+PA_level+BMI_level,,MMA_binary_U,HM_urine.rds,angina,Angina,binary_above_detection_threshold,2231,46,2185,30,4,2013-2014|2015-2016,WTSA2YR,ok,,0.9333190994287779
survey_weighted,odds_ratio,0.983272908168001,0.837815809883188,1.1539834896072887,0.07838740120857261,30,0.8310716490653081,age+sex+eth+marital+PIR_level+edu+smoke+alcohol.user+PA_level+BMI_level,,BP3_ln_U,PCCP_urine.rds,angina,Angina,natural_log_transformed,2143,45,2098,30,4,2013-2014|2015-2016,WTSB2YR,ok,,0.9333190994287779
survey_weighted,odds_ratio,1.0985656851201764,0.44728020200486296,2.698189097380262,0.4399880310784857,30,0.8322619554078062,age+sex+eth+marital+PIR_level+edu+smoke+alcohol.user+PA_level+BMI_level,,BPF_binary_U,PCCP_urine.rds,angina,Angina,binary_above_detection_threshold,2144,45,2099,30,4,2013-2014|2015-2016,WTSB2YR,ok,,0.9333190994287779
survey_weighted,odds_ratio,0.9468295486419712,0.548644859540384,1.6340008998399655,0.2671865540380949,30,0.839353903465252,age+sex+eth+marital+PIR_level+edu+smoke+alcohol.user+PA_level+BMI_level,,Thiocyanate_ln_U,PERNT_urine.rds,angina,Angina,natural_log_transformed,2215,45,2170,30,4,2013-2014|2015-2016,WTSA2YR,ok,,0.9333190994287779
survey_weighted,odds_ratio,0.9074599988739372,0.3000332566418346,2.7446412400186744,0.5192504627249181,15,0.8541576132429034,age+sex+eth+marital+PIR_level+edu+smoke+alcohol.user+PA_level+BMI_level,,X26_DMA_binary_U,AA_urine.rds,angina,Angina,binary_above_detection_threshold,1065,24,1041,15,2,2013-2014,WTSA2YR,ok,,0.9333190994287779
survey_weighted,odds_ratio,1.1069221535280036,0.35761128368849804,3.426280740734027,0.5532523380968096,30,0.8555538692032345,age+sex+eth+marital+PIR_level+edu+smoke+alcohol.user+PA_level+BMI_level,,X25_DMF_binary_S,VOC_serum.rds,angina,Angina,binary_above_detection_threshold,3156,62,3094,30,4,2013-2014|2015-2016,WTSVOC2Y,ok,,0.9333190994287779
survey_weighted,odds_ratio,1.052185771732279,0.5942486149758844,1.863016371154317,0.27975072058377365,30,0.8569319146412753,age+sex+eth+marital+PIR_level+edu+smoke+alcohol.user+PA_level+BMI_level,,Chloroform_binary_S,VOC_serum.rds,angina,Angina,binary_above_detection_threshold,3074,61,3013,30,4,2013-2014|2015-2016,WTSVOC2Y,ok,,0.9333190994287779
survey_weighted,odds_ratio,0.9312041806216268,0.40782977981764973,2.1262332201314837,0.40426960805291634,30,0.8612353484876297,age+sex+eth+marital+PIR_level+edu+smoke+alcohol.user+PA_level+BMI_level,,Ethylbenzene_binary_S,VOC_serum.rds,angina,Angina,binary_above_detection_threshold,3092,60,3032,30,4,2013-2014|2015-2016,WTSVOC2Y,ok,,0.9333190994287779
survey_weighted,odds_ratio,0.9821108174515465,0.7918792528181811,1.2180413293095935,0.10541944510066788,30,0.8651914957775059,age+sex+eth+marital+PIR_level+edu+smoke+alcohol.user+PA_level+BMI_level,,PrP_ln_U,PCCP_urine.rds,angina,Angina,natural_log_transformed,2143,45,2098,30,4,2013-2014|2015-2016,WTSB2YR,ok,,0.9333190994287779
survey_weighted,odds_ratio,1.0424959663908515,0.6215309583489141,1.7485819899112578,0.25324111916749154,30,0.8705652754470775,age+sex+eth+marital+PIR_level+edu+smoke+alcohol.user+PA_level+BMI_level,,TCPY_ln_U,pesticides_urine.rds,angina,Angina,natural_log_transformed,2183,41,2142,30,4,2013-2014|2015-2016,WTSB2YR|WTSC2YR,ok,,0.9333190994287779
survey_weighted,odds_ratio,0.9342856120719636,0.39599177013031645,2.204312490225303,0.42031059803261334,30,0.8726097586670287,age+sex+eth+marital+PIR_level+edu+smoke+alcohol.user+PA_level+BMI_level,,BuP_binary_U,PCCP_urine.rds,angina,Angina,binary_above_detection_threshold,2145,45,2100,30,4,2013-2014|2015-2016,WTSB2YR,ok,,0.9333190994287779
survey_weighted,odds_ratio,0.9161001804113418,0.29956547472269995,2.801522910230411,0.5473279118131172,30,0.8738720814993737,age+sex+eth+marital+PIR_level+edu+smoke+alcohol.user+PA_level+BMI_level,,X4FPBA_binary_U,pesticides_urine.rds,angina,Angina,binary_above_detection_threshold,2206,42,2164,30,4,2013-2014|2015-2016,WTSB2YR|WTSC2YR,ok,,0.9333190994287779
survey_weighted,odds_ratio,1.0880467755039582,0.34731620069972513,3.4085533104977843,0.5357404846075191,15,0.8769441202686503,age+sex+eth+marital+PIR_level+edu+smoke+alcohol.user+PA_level+BMI_level,,Norharman_ln_U,AA_urine.rds,angina,Angina,natural_log_transformed,1139,26,1113,15,2,2013-2014,WTSA2YR,ok,,0.9333190994287779
survey_weighted,odds_ratio,1.0293988821476188,0.6667246211711992,1.5893549224345669,0.21268132031029036,30,0.8925442056401653,age+sex+eth+marital+PIR_level+edu+smoke+alcohol.user+PA_level+BMI_level,,PNP_ln_U,pesticides_urine.rds,angina,Angina,natural_log_transformed,2164,41,2123,30,4,2013-2014|2015-2016,WTSB2YR|WTSC2YR,ok,,0.9347379402681466
survey_weighted,odds_ratio,0.971926760843915,0.6289627195871783,1.5019040064323104,0.2131001011865845,30,0.8945939680526418,age+sex+eth+marital+PIR_level+edu+smoke+alcohol.user+PA_level+BMI_level,,MEHHP_ln_U,Phthalates_urine.rds,angina,Angina,natural_log_transformed,2143,45,2098,30,4,2013-2014|2015-2016,WTSB2YR,ok,,0.9347379402681466
survey_weighted,odds_ratio,0.9603903347103442,0.49765373091829446,1.8533963229876396,0.3219136030133499,30,0.9009276340023111,age+sex+eth+marital+PIR_level+edu+smoke+alcohol.user+PA_level+BMI_level,,MeFOSAA_binary_S,PFC_serum.rds,angina,Angina,binary_above_detection_threshold,2072,45,2027,30,4,2013-2014|2015-2016,WTSB2YR,ok,,0.9347379402681466
survey_weighted,odds_ratio,0.9744278372521322,0.6230792193326936,1.523898696266544,0.20979938162113856,15,0.9033708952927053,age+sex+eth+marital+PIR_level+edu+smoke+alcohol.user+PA_level+BMI_level,,DEP_ln_U,pesticides_urine.rds,angina,Angina,natural_log_transformed,1039,22,1017,15,2,2015-2016,WTSB2YR,ok,,0.9347379402681466
survey_weighted,odds_ratio,1.0240554636790165,0.6319734459435868,1.6593886965061773,0.23634387715523106,30,0.9205556488073611,age+sex+eth+marital+PIR_level+edu+smoke+alcohol.user+PA_level+BMI_level,,MHBP_ln_U,Phthalates_urine.rds,angina,Angina,natural_log_transformed,2042,43,1999,30,4,2013-2014|2015-2016,WTSB2YR|WTSSBH2Y,ok,,0.9459502873951504
survey_weighted,odds_ratio,0.9712336390123801,0.3755332508639576,2.5118808504415306,0.4652758426682925,30,0.9503951093926107,age+sex+eth+marital+PIR_level+edu+smoke+alcohol.user+PA_level+BMI_level,,OXY_binary_U,pesticides_urine.rds,angina,Angina,binary_above_detection_threshold,2196,42,2154,30,4,2013-2014|2015-2016,WTSB2YR|WTSC2YR,ok,,0.9699237760239658
survey_weighted,odds_ratio,0.9891982338659433,0.35991306215204455,2.7187486334411797,0.4950525767734797,30,0.9826425765622936,age+sex+eth+marital+PIR_level+edu+smoke+alcohol.user+PA_level+BMI_level,,EtP_binary_U,PCCP_urine.rds,angina,Angina,binary_above_detection_threshold,2145,45,2100,30,4,2013-2014|2015-2016,WTSB2YR,ok,,0.9928708266125654
survey_weighted,odds_ratio,0.997023921769815,0.596590448916285,1.6662296595377621,0.2514570957854723,30,0.990621387340334,age+sex+eth+marital+PIR_level+edu+smoke+alcohol.user+PA_level+BMI_level,,HIBP_ln_U,Phthalates_urine.rds,angina,Angina,natural_log_transformed,2042,43,1999,30,4,2013-2014|2015-2016,WTSB2YR|WTSSBH2Y,ok,,0.9928708266125654
survey_weighted,odds_ratio,0.9977183841741007,0.5944942683041462,1.6744349393957578,0.25352150239657817,30,0.9928708266125654,age+sex+eth+marital+PIR_level+edu+smoke+alcohol.user+PA_level+BMI_level,,MEOHP_ln_U,Phthalates_urine.rds,angina,Angina,natural_log_transformed,2143,45,2098,30,4,2013-2014|2015-2016,WTSB2YR,ok,,0.9928708266125654
same_sample_unweighted,odds_ratio,1.6968544855021612,1.2447541633795394,2.3131596821908915,0.1579935272286925,2124,8.174364061260832e-4,age+sex+eth+marital+PIR_level+edu+smoke+alcohol.user+PA_level+BMI_level,,X3_HPMA_ln_U,VOC_urine.rds,heart.attack,Myocardial infarction,natural_log_transformed,2147,65,2082,30,4,2013-2014|2015-2016,WTSA2YR,ok,,0.08481094289569038
same_sample_unweighted,odds_ratio,1.6370690355316917,1.2163359486206728,2.2033345558320314,0.15148297018892806,2202,0.0011384019180629582,age+sex+eth+marital+PIR_level+edu+smoke+alcohol.user+PA_level+BMI_level,,X2_FL_ln_U,PAH_urine.rds,heart.attack,Myocardial infarction,natural_log_transformed,2225,68,2157,30,4,2013-2014|2015-2016,WTSA2YR,ok,,0.08481094289569038
same_sample_unweighted,odds_ratio,1.5330484830448217,1.1628652164849944,2.021074857213563,0.14093078978604057,2201,0.0024319019066438917,age+sex+eth+marital+PIR_level+edu+smoke+alcohol.user+PA_level+BMI_level,,X3_FL_ln_U,PAH_urine.rds,heart.attack,Myocardial infarction,natural_log_transformed,2224,68,2156,30,4,2013-2014|2015-2016,WTSA2YR,ok,,0.12078446136331328
same_sample_unweighted,odds_ratio,1.289243213264849,1.0827974625044836,1.5350498320387322,0.08898629861082741,2166,0.004303757921471156,age+sex+eth+marital+PIR_level+edu+smoke+alcohol.user+PA_level+BMI_level,,CEMA_CYM_ln_U,VOC_urine.rds,heart.attack,Myocardial infarction,natural_log_transformed,2189,66,2123,30,4,2013-2014|2015-2016,WTSA2YR,ok,,0.1288560060723609
same_sample_unweighted,odds_ratio,2.600759106768359,1.3465032106915873,5.023343336823142,0.3354734000995591,1026,0.004384059097824039,age+sex+eth+marital+PIR_level+edu+smoke+alcohol.user+PA_level+BMI_level,,IPM1_Cys_ln_U,VOC_urine.rds,heart.attack,Myocardial infarction,natural_log_transformed,1049,38,1011,15,2,2015-2016,WTSA2YR,ok,,0.1288560060723609
same_sample_unweighted,odds_ratio,1.5457125662781952,1.1387606064268865,2.098094475753823,0.15580463548527576,2137,0.0051888324592897,age+sex+eth+marital+PIR_level+edu+smoke+alcohol.user+PA_level+BMI_level,,MB3_Cys_ln_U,VOC_urine.rds,heart.attack,Myocardial infarction,natural_log_transformed,2160,67,2093,30,4,2013-2014|2015-2016,WTSA2YR,ok,,0.1288560060723609
same_sample_unweighted,odds_ratio,1.679175545306658,1.1405193485999103,2.472233825245719,0.19712754064252244,1026,0.008556660894232314,age+sex+eth+marital+PIR_level+edu+smoke+alcohol.user+PA_level+BMI_level,,IPM3_Cys_ln_U,VOC_urine.rds,heart.attack,Myocardial infarction,natural_log_transformed,1049,38,1011,15,2,2015-2016,WTSA2YR,ok,,0.18213463903437352
same_sample_unweighted,odds_ratio,1.5586072110759392,1.1008926443768936,2.2066242796933926,0.1772882511562247,2184,0.012306683410940654,age+sex+eth+marital+PIR_level+edu+smoke+alcohol.user+PA_level+BMI_level,,CEMA_CEM_ln_U,VOC_urine.rds,heart.attack,Myocardial infarction,natural_log_transformed,2207,68,2139,30,4,2013-2014|2015-2016,WTSA2YR,ok,,0.2075818161407219
same_sample_unweighted,odds_ratio,1.482367564973871,1.0881085410248175,2.0194801482000737,0.15766968820174626,2167,0.012538498961520114,age+sex+eth+marital+PIR_level+edu+smoke+alcohol.user+PA_level+BMI_level,,PMM_Cys_ln_U,VOC_urine.rds,heart.attack,Myocardial infarction,natural_log_transformed,2190,66,2124,30,4,2013-2014|2015-2016,WTSA2YR,ok,,0.2075818161407219
same_sample_unweighted,odds_ratio,1.464705017377461,1.0686662332200023,2.007512468571701,0.16075260239587003,2203,0.01758849110859368,age+sex+eth+marital+PIR_level+edu+smoke+alcohol.user+PA_level+BMI_level,,X23_OH_PH_ln_U,PAH_urine.rds,heart.attack,Myocardial infarction,natural_log_transformed,2226,68,2158,30,4,2013-2014|2015-2016,WTSA2YR,ok,,0.23139862530144367
same_sample_unweighted,odds_ratio,2.0131991133822744,1.1255587570401546,3.6008521498967694,0.29648817668112615,2074,0.018272782064120377,age+sex+eth+marital+PIR_level+edu+smoke+alcohol.user+PA_level+BMI_level,,DHB_Cys_ln_U,VOC_urine.rds,heart.attack,Myocardial infarction,natural_log_transformed,2097,64,2033,30,4,2013-2014|2015-2016,WTSA2YR,ok,,0.23139862530144367
same_sample_unweighted,odds_ratio,1.5541210969009946,1.0731652843833677,2.250624781643546,0.1888226904513536,2114,0.019540877623449686,age+sex+eth+marital+PIR_level+edu+smoke+alcohol.user+PA_level+BMI_level,,EO_ln_S,gas_serum.rds,heart.attack,Myocardial infarction,natural_log_transformed,2137,67,2070,30,4,2013-2014|2015-2016,WTSA2YR,ok,,0.23139862530144367
same_sample_unweighted,odds_ratio,1.3628607233475898,1.0441270274104286,1.778892129485513,0.13584833376156982,2194,0.022672487063807242,age+sex+eth+marital+PIR_level+edu+smoke+alcohol.user+PA_level+BMI_level,,Thiocyanate_ln_U,PERNT_urine.rds,heart.attack,Myocardial infarction,natural_log_transformed,2217,68,2149,30,4,2013-2014|2015-2016,WTSA2YR,ok,,0.23139862530144367
same_sample_unweighted,odds_ratio,1.2535449407797994,1.0315614822123629,1.5232973949207023,0.09938516397321473,2135,0.022981946000643412,age+sex+eth+marital+PIR_level+edu+smoke+alcohol.user+PA_level+BMI_level,,X1_NP_ln_U,PAH_urine.rds,heart.attack,Myocardial infarction,natural_log_transformed,2158,64,2094,30,4,2013-2014|2015-2016,WTSA2YR,ok,,0.23139862530144367
same_sample_unweighted,odds_ratio,0.3744729568293449,0.1602233169917844,0.8752159050839201,0.4329778220972179,3113,0.023295163620950705,age+sex+eth+marital+PIR_level+edu+smoke+alcohol.user+PA_level+BMI_level,,BDCM_binary_S,VOC_serum.rds,heart.attack,Myocardial infarction,binary_above_detection_threshold,3136,98,3038,30,4,2013-2014|2015-2016,WTSVOC2Y,ok,,0.23139862530144367
same_sample_unweighted,odds_ratio,0.14755704118112098,0.027026703641569345,0.8056136142566126,0.8657066023343288,3232,0.027078808787343207,age+sex+eth+marital+PIR_level+edu+smoke+alcohol.user+PA_level+BMI_level,,Se_ln_S,HM_serum.rds,heart.attack,Myocardial infarction,natural_log_transformed,3255,103,3152,30,4,2013-2014|2015-2016,WTSH2YR,ok,,0.2392580067960709
same_sample_unweighted,odds_ratio,2.8342257552232133,1.123386720966366,7.1505524158773595,0.4719798624103424,3135,0.027297893392840302,age+sex+eth+marital+PIR_level+edu+smoke+alcohol.user+PA_level+BMI_level,,X25_DMF_binary_S,VOC_serum.rds,heart.attack,Myocardial infarction,binary_above_detection_threshold,3158,97,3061,30,4,2013-2014|2015-2016,WTSVOC2Y,ok,,0.2392580067960709
same_sample_unweighted,odds_ratio,1.4514178533412452,1.0363682227269972,2.0326885163022195,0.17175486453542288,2203,0.03008064738053235,age+sex+eth+marital+PIR_level+edu+smoke+alcohol.user+PA_level+BMI_level,,X1_PH_ln_U,PAH_urine.rds,heart.attack,Myocardial infarction,natural_log_transformed,2226,68,2158,30,4,2013-2014|2015-2016,WTSA2YR,ok,,0.24900091442774003
same_sample_unweighted,odds_ratio,1.4906341178060885,1.009415410343929,2.201264266819997,0.1987876109395283,2208,0.04462400328817852,age+sex+eth+marital+PIR_level+edu+smoke+alcohol.user+PA_level+BMI_level,,Cd_ln_U,HM_urine.rds,heart.attack,Myocardial infarction,natural_log_transformed,2231,68,2163,30,4,2013-2014|2015-2016,WTSA2YR,ok,,0.3499461310494
same_sample_unweighted,odds_ratio,0.4216553545867093,0.1790228130707429,0.9931317411562878,0.4369184911862723,3137,0.04809879827984647,age+sex+eth+marital+PIR_level+edu+smoke+alcohol.user+PA_level+BMI_level,,DBCM_binary_S,VOC_serum.rds,heart.attack,Myocardial infarction,binary_above_detection_threshold,3160,98,3062,30,4,2013-2014|2015-2016,WTSVOC2Y,ok,,0.35833604718485623
same_sample_unweighted,odds_ratio,1.4556106738979515,0.9962605248193082,2.1267553829355386,0.19335261133377862,2208,0.052177968117414604,age+sex+eth+marital+PIR_level+edu+smoke+alcohol.user+PA_level+BMI_level,,Co_ln_U,HM_urine.rds,heart.attack,Myocardial infarction,natural_log_transformed,2231,68,2163,30,4,2013-2014|2015-2016,WTSA2YR,ok,,0.359099689737421
same_sample_unweighted,odds_ratio,1.50497549409293,0.9924682629031728,2.2821397141655826,0.21230152809093752,2158,0.05417270996036556,age+sex+eth+marital+PIR_level+edu+smoke+alcohol.user+PA_level+BMI_level,,MA_ln_U,VOC_urine.rds,heart.attack,Myocardial infarction,natural_log_transformed,2181,67,2114,30,4,2013-2014|2015-2016,WTSA2YR,ok,,0.359099689737421
same_sample_unweighted,odds_ratio,0.6196409206907032,0.3794789058215407,1.0117950291945517,0.2498671240187686,972,0.05543149573127975,age+sex+eth+marital+PIR_level+edu+smoke+alcohol.user+PA_level+BMI_level,,n_PFOA_ln_S,PFC_serum.rds,heart.attack,Myocardial infarction,natural_log_transformed,995,43,952,15,2,2015-2016,WTSB2YR,ok,,0.359099689737421
same_sample_unweighted,odds_ratio,0.6079795585429795,0.3566620027257537,1.0363849829283358,0.2719748244087999,2212,0.0673048882535672,age+sex+eth+marital+PIR_level+edu+smoke+alcohol.user+PA_level+BMI_level,,Hg_binary_U,HM_urine.rds,heart.attack,Myocardial infarction,binary_above_detection_threshold,2235,69,2166,30,4,2013-2014|2015-2016,WTSA2YR,ok,,0.4178511812408964
same_sample_unweighted,odds_ratio,1.3203147927109808,0.9643760034305916,1.8076260148015029,0.16019115936068937,2169,0.08280879997838317,age+sex+eth+marital+PIR_level+edu+smoke+alcohol.user+PA_level+BMI_level,,X2_NP_ln_U,PAH_urine.rds,heart.attack,Myocardial infarction,natural_log_transformed,2192,66,2126,30,4,2013-2014|2015-2016,WTSA2YR,ok,,0.4598304232956564
same_sample_unweighted,odds_ratio,1.4877010473912977,0.9492319181382733,2.3316266173918967,0.22913013761260081,2199,0.0829797814984018,age+sex+eth+marital+PIR_level+edu+smoke+alcohol.user+PA_level+BMI_level,,Nitrate_ln_U,PERNT_urine.rds,heart.attack,Myocardial infarction,natural_log_transformed,2222,68,2154,30,4,2013-2014|2015-2016,WTSA2YR,ok,,0.4598304232956564
same_sample_unweighted,odds_ratio,0.7802253476503583,0.58906302283674306,1.0334235379171577,0.14331054630779166,2048,0.08332497603344109,age+sex+eth+marital+PIR_level+edu+smoke+alcohol.user+PA_level+BMI_level,,PFHS_ln_S,PFC_serum.rds,heart.attack,Myocardial infarction,natural_log_transformed,2071,81,1990,30,4,2013-2014|2015-2016,WTSB2YR,ok,,0.4598304232956564
same_sample_unweighted,odds_ratio,2.007628499202312,0.8972054209684238,4.492362726095454,0.4105052191651005,1148,0.08954624571281258,age+sex+eth+marital+PIR_level+edu+smoke+alcohol.user+PA_level+BMI_level,,TTCA_binary_U,VOC_urine.rds,heart.attack,Myocardial infarction,binary_above_detection_threshold,1171,30,1141,15,2,2013-2014,WTSA2YR,ok,,0.4653215501815884
same_sample_unweighted,odds_ratio,1.5213273326409662,0.9353005260327816,2.4745381710170853,0.24791908740971416,1055,0.09056593929708767,age+sex+eth+marital+PIR_level+edu+smoke+alcohol.user+PA_level+BMI_level,,o_TLD_ln_U,AA_urine.rds,heart.attack,Myocardial infarction,natural_log_transformed,1078,27,1051,15,2,2013-2014,WTSA2YR,ok,,0.4653215501815884
same_sample_unweighted,odds_ratio,3.0188950036664015,0.8128592088379064,11.211937988856993,0.6686561176531822,1027,0.09845196834352295,age+sex+eth+marital+PIR_level+edu+smoke+alcohol.user+PA_level+BMI_level,,CYHA_Cys_binary_U,VOC_urine.rds,heart.attack,Myocardial infarction,binary_above_detection_threshold,1050,38,1012,15,2,2015-2016,WTSA2YR,ok,,0.47102995727507463
same_sample_unweighted,odds_ratio,1.2760349346945863,0.9553696459483306,1.7043300061566733,0.1475788350406359,2119,0.09859351009615248,age+sex+eth+marital+PIR_level+edu+smoke+alcohol.user+PA_level+BMI_level,,MEOHP_ln_U,Phthalates_urine.rds,heart.attack,Myocardial infarction,natural_log_transformed,2142,83,2059,30,4,2013-2014|2015-2016,WTSB2YR,ok,,0.47102995727507463
same_sample_unweighted,odds_ratio,1.3064209306572023,0.9488827329784728,1.7986792137126508,0.16305686402342984,2202,0.10116079619330462,age+sex+eth+marital+PIR_level+edu+smoke+alcohol.user+PA_level+BMI_level,,X1_PY_ln_U,PAH_urine.rds,heart.attack,Myocardial infarction,natural_log_transformed,2225,67,2158,30,4,2013-2014|2015-2016,WTSA2YR,ok,,0.47102995727507463
same_sample_unweighted,odds_ratio,1.3435658646128164,0.936124504692134,1.9283431034063743,0.18428843294670444,3233,0.10903914232734588,age+sex+eth+marital+PIR_level+edu+smoke+alcohol.user+PA_level+BMI_level,,Cd_ln_S,HM_serum.rds,heart.attack,Myocardial infarction,natural_log_transformed,3256,103,3153,30,4,2013-2014|2015-2016,WTSH2YR,ok,,0.49232824869013747
same_sample_unweighted,odds_ratio,1.2377852895529415,0.9436691011159171,1.6235695554955547,0.13834563019111223,2175,0.12308279066920105,age+sex+eth+marital+PIR_level+edu+smoke+alcohol.user+PA_level+BMI_level,,X2_HPMA_ln_U,VOC_urine.rds,heart.attack,Myocardial infarction,natural_log_transformed,2198,67,2131,30,4,2013-2014|2015-2016,WTSA2YR,ok,,0.5393922296973811
same_sample_unweighted,odds_ratio,1.4629314903099402,0.8878862371619786,2.410408513799306,0.25462653281645686,2048,0.1351445678605826,age+sex+eth+marital+PIR_level+edu+smoke+alcohol.user+PA_level+BMI_level,,MeFOSAA_binary_S,PFC_serum.rds,heart.attack,Myocardial infarction,binary_above_detection_threshold,2071,81,1990,30,4,2013-2014|2015-2016,WTSB2YR,ok,,0.554821560585306
same_sample_unweighted,odds_ratio,1.2098633961615977,0.9408522845961496,1.555790915680225,0.12823637299325277,2207,0.13738598331852306,age+sex+eth+marital+PIR_level+edu+smoke+alcohol.user+PA_level+BMI_level,,Sn_ln_U,HM_urine.rds,heart.attack,Myocardial infarction,natural_log_transformed,2230,68,2162,30,4,2013-2014|2015-2016,WTSA2YR,ok,,0.554821560585306
same_sample_unweighted,odds_ratio,1.3196627081353955,0.9071070070210693,1.919850304058776,0.19115940266175144,2208,0.14677419886471627,age+sex+eth+marital+PIR_level+edu+smoke+alcohol.user+PA_level+BMI_level,,Sb_ln_U,HM_urine.rds,heart.attack,Myocardial infarction,natural_log_transformed,2231,68,2163,30,4,2013-2014|2015-2016,WTSA2YR,ok,,0.554821560585306
same_sample_unweighted,odds_ratio,1.468943661851675,0.8730225226075461,2.4716378166846122,0.2653344159289702,2160,0.14725973780319238,age+sex+eth+marital+PIR_level+edu+smoke+alcohol.user+PA_level+BMI_level,,PMA_binary_U,VOC_urine.rds,heart.attack,Myocardial infarction,binary_above_detection_threshold,2183,67,2116,30,4,2013-2014|2015-2016,WTSA2YR,ok,,0.554821560585306
same_sample_unweighted,odds_ratio,1.2844780764917476,0.9131399641774607,1.8068247954453773,0.1738865064565992,1014,0.14993916391065779,age+sex+eth+marital+PIR_level+edu+smoke+alcohol.user+PA_level+BMI_level,,DEP_ln_U,pesticides_urine.rds,heart.attack,Myocardial infarction,natural_log_transformed,1037,47,990,15,2,2015-2016,WTSB2YR,ok,,0.554821560585306
same_sample_unweighted,odds_ratio,0.3940810165451596,0.11007262365074537,1.410885308721491,0.6499554430803157,1011,0.15194024567239262,age+sex+eth+marital+PIR_level+edu+smoke+alcohol.user+PA_level+BMI_level,,MDA_binary_U,pesticides_urine.rds,heart.attack,Myocardial infarction,binary_above_detection_threshold,1034,47,987,15,2,2015-2016,WTSB2YR,ok,,0.554821560585306
same_sample_unweighted,odds_ratio,0.7778193830041387,0.5490748460066643,1.1018588758473118,0.177581711675781,2048,0.15709687110650522,age+sex+eth+marital+PIR_level+edu+smoke+alcohol.user+PA_level+BMI_level,,PFNA_ln_S,PFC_serum.rds,heart.attack,Myocardial infarction,natural_log_transformed,2071,81,1990,30,4,2013-2014|2015-2016,WTSB2YR,ok,,0.554821560585306
same_sample_unweighted,odds_ratio,1.3891711256143313,0.8800165755145767,2.19290916777581,0.2327958809128604,2208,0.15795062784364564,age+sex+eth+marital+PIR_level+edu+smoke+alcohol.user+PA_level+BMI_level,,Tl_ln_U,HM_urine.rds,heart.attack,Myocardial infarction,natural_log_transformed,2231,68,2163,30,4,2013-2014|2015-2016,WTSA2YR,ok,,0.554821560585306
same_sample_unweighted,odds_ratio,1.4442017186011695,0.8609557724045622,2.4225618444782255,0.2636313095734713,1116,0.1632549812775662,age+sex+eth+marital+PIR_level+edu+smoke+alcohol.user+PA_level+BMI_level,,Norharman_ln_U,AA_urine.rds,heart.attack,Myocardial infarction,natural_log_transformed,1139,28,1111,15,2,2013-2014,WTSA2YR,ok,,0.554821560585306
same_sample_unweighted,odds_ratio,0.8155659846926661,0.6109949551987146,1.0886307157338004,0.14726451301897617,2178,0.16623610205473813,age+sex+eth+marital+PIR_level+edu+smoke+alcohol.user+PA_level+BMI_level,,X24D_ln_U,pesticides_urine.rds,heart.attack,Myocardial infarction,natural_log_transformed,2201,84,2117,30,4,2013-2014|2015-2016,WTSB2YR|WTSC2YR,ok,,0.554821560585306
same_sample_unweighted,odds_ratio,1.6306730197980646,0.8135864470053515,3.2683613490427876,0.3543233742284531,1008,0.16756355856603203,age+sex+eth+marital+PIR_level+edu+smoke+alcohol.user+PA_level+BMI_level,,MCOCH_binary_U,Phthalates_urine.rds,heart.attack,Myocardial infarction,binary_above_detection_threshold,1031,46,985,15,2,2015-2016,WTSB2YR,ok,,0.554821560585306
same_sample_unweighted,odds_ratio,0.6292242374226299,0.32134668078018697,1.23207477979496,0.34243582946061335,1010,0.17610049900971383,age+sex+eth+marital+PIR_level+edu+smoke+alcohol.user+PA_level+BMI_level,,DMDTP_binary_U,pesticides_urine.rds,heart.attack,Myocardial infarction,binary_above_detection_threshold,1033,46,987,15,2,2015-2016,WTSB2YR,ok,,0.5704124859227687
same_sample_unweighted,odds_ratio,0.8208385005845609,0.613413378561093,1.0984042206943898,0.14852957099106198,2018,0.1837744589603287,age+sex+eth+marital+PIR_level+edu+smoke+alcohol.user+PA_level+BMI_level,,HIBP_ln_U,Phthalates_urine.rds,heart.attack,Myocardial infarction,natural_log_transformed,2041,80,1961,30,4,2013-2014|2015-2016,WTSB2YR|WTSSBH2Y,ok,,0.5826041358529569
same_sample_unweighted,odds_ratio,1.2240216064982248,0.9028001584975855,1.6595354786687289,0.15521817191927847,2119,0.19281118563895805,age+sex+eth+marital+PIR_level+edu+smoke+alcohol.user+PA_level+BMI_level,,MECPP_ln_U,Phthalates_urine.rds,heart.attack,Myocardial infarction,natural_log_transformed,2142,83,2059,30,4,2013-2014|2015-2016,WTSB2YR,ok,,0.5985180554209323
same_sample_unweighted,odds_ratio,0.71875333002969,0.4322231266187049,1.195230698251147,0.25938189301348247,3123,0.20295798477812174,age+sex+eth+marital+PIR_level+edu+smoke+alcohol.user+PA_level+BMI_level,,m_p_Xylene_binary_S,VOC_serum.rds,heart.attack,Myocardial infarction,binary_above_detection_threshold,3146,97,3049,30,4,2013-2014|2015-2016,WTSVOC2Y,ok,,0.617157953713064
same_sample_unweighted,odds_ratio,1.3202625938626966,0.8566792344697571,2.0347094298742348,0.22055507699210725,2160,0.20778182514622237,age+sex+eth+marital+PIR_level+edu+smoke+alcohol.user+PA_level+BMI_level,,PGA_ln_U,VOC_urine.rds,heart.attack,Myocardial infarction,natural_log_transformed,2183,67,2116,30,4,2013-2014|2015-2016,WTSA2YR,ok,,0.6191898389357426
same_sample_unweighted,odds_ratio,1.9437418638867963,0.6796755879460193,5.558729047255675,0.5354754615161877,1024,0.21454375999011793,age+sex+eth+marital+PIR_level+edu+smoke+alcohol.user+PA_level+BMI_level,,DPCP_binary_U,BFR_urine.rds,heart.attack,Myocardial infarction,binary_above_detection_threshold,1047,35,1012,15,2,2013-2014,WTSSCH2Y,ok,,0.6268043184025014
same_sample_unweighted,odds_ratio,0.4959595136523614,0.15559308049401052,1.5808918905732159,0.59064595529772,874,0.2351179610397001,age+sex+eth+marital+PIR_level+edu+smoke+alcohol.user+PA_level+BMI_level,,IPPPP_binary_U,BFR_urine.rds,heart.attack,Myocardial infarction,binary_above_detection_threshold,897,45,852,15,2,2015-2016,WTSSBI2Y,ok,,0.673703388363756
same_sample_unweighted,odds_ratio,0.7724794901824752,0.49965677912615464,1.1942689215508755,0.22220370282101568,3052,0.24532849226784184,age+sex+eth+marital+PIR_level+edu+smoke+alcohol.user+PA_level+BMI_level,,Chloroform_binary_S,VOC_serum.rds,heart.attack,Myocardial infarction,binary_above_detection_threshold,3075,96,2979,30,4,2013-2014|2015-2016,WTSVOC2Y,ok,,0.6896970820360082
same_sample_unweighted,odds_ratio,0.7580168763187702,0.47174241370212516,1.21801552731886,0.2418420839542495,2120,0.2519686773572973,age+sex+eth+marital+PIR_level+edu+smoke+alcohol.user+PA_level+BMI_level,,BPF_binary_U,PCCP_urine.rds,heart.attack,Myocardial infarction,binary_above_detection_threshold,2143,83,2060,30,4,2013-2014|2015-2016,WTSB2YR,ok,,0.6952469060414314
same_sample_unweighted,odds_ratio,1.3739064984707239,0.7901746479030837,2.3888631096294106,0.282074743858944,2209,0.260102531175782,age+sex+eth+marital+PIR_level+edu+smoke+alcohol.user+PA_level+BMI_level,,Mn_binary_U,HM_urine.rds,heart.attack,Myocardial infarction,binary_above_detection_threshold,2232,68,2164,30,4,2013-2014|2015-2016,WTSA2YR,ok,,0.7046414026398459
same_sample_unweighted,odds_ratio,0.8891538289378229,0.7217424538596876,1.0953970177130372,0.10637067174200918,2118,0.2693819462808507,age+sex+eth+marital+PIR_level+edu+smoke+alcohol.user+PA_level+BMI_level,,BPS_ln_U,PCCP_urine.rds,heart.attack,Myocardial infarction,natural_log_transformed,2141,83,2058,30,4,2013-2014|2015-2016,WTSB2YR,ok,,0.7167483927829778
same_sample_unweighted,odds_ratio,1.3270513855233084,0.7960554357442874,2.212239626468715,0.26057814091411,1920,0.2775271857947846,age+sex+eth+marital+PIR_level+edu+smoke+alcohol.user+PA_level+BMI_level,,DBUP_binary_U,BFR_urine.rds,heart.attack,Myocardial infarction,binary_above_detection_threshold,1943,80,1863,30,4,2013-2014|2015-2016,WTSSBI2Y|WTSSCH2Y,ok,,0.7254658014635598
same_sample_unweighted,odds_ratio,0.8659101992477474,0.654791519034184,1.1450980218363664,0.14250500956385703,2119,0.31234734414396054,age+sex+eth+marital+PIR_level+edu+smoke+alcohol.user+PA_level+BMI_level,,MnBP_ln_U,Phthalates_urine.rds,heart.attack,Myocardial infarction,natural_log_transformed,2142,83,2059,30,4,2013-2014|2015-2016,WTSB2YR,ok,,0.7488226159669117
same_sample_unweighted,odds_ratio,1.4563092935096513,0.6974120005267168,3.0410098431928745,0.37551730327622723,3139,0.31681067247879485,age+sex+eth+marital+PIR_level+edu+smoke+alcohol.user+PA_level+BMI_level,,Furan_binary_S,VOC_serum.rds,heart.attack,Myocardial infarction,binary_above_detection_threshold,3162,98,3064,30,4,2013-2014|2015-2016,WTSVOC2Y,ok,,0.7488226159669117
same_sample_unweighted,odds_ratio,0.8739035355369598,0.6692978357836381,1.1410576108165986,0.13601515236415143,2069,0.32170617065489704,age+sex+eth+marital+PIR_level+edu+smoke+alcohol.user+PA_level+BMI_level,,X2_MHA_ln_U,VOC_urine.rds,heart.attack,Myocardial infarction,natural_log_transformed,2092,63,2029,30,4,2013-2014|2015-2016,WTSA2YR,ok,,0.7488226159669117
same_sample_unweighted,odds_ratio,1.2490233096011096,0.7998940248728555,1.950332393312831,0.22728189103606797,3107,0.32789982255331634,age+sex+eth+marital+PIR_level+edu+smoke+alcohol.user+PA_level+BMI_level,,X14_DCB_binary_S,VOC_serum.rds,heart.attack,Myocardial infarction,binary_above_detection_threshold,3130,95,3035,30,4,2013-2014|2015-2016,WTSVOC2Y,ok,,0.7488226159669117
same_sample_unweighted,odds_ratio,0.8622447577822774,0.6396833340935426,1.1622407255248255,0.15224231712727623,2048,0.330278068117835,age+sex+eth+marital+PIR_level+edu+smoke+alcohol.user+PA_level+BMI_level,,PFDA_ln_S,PFC_serum.rds,heart.attack,Myocardial infarction,natural_log_transformed,2071,81,1990,30,4,2013-2014|2015-2016,WTSB2YR,ok,,0.7488226159669117
same_sample_unweighted,odds_ratio,1.7170116154675312,0.570784527429882,5.165046959007809,0.5612601057761152,1042,0.33546539055737723,age+sex+eth+marital+PIR_level+edu+smoke+alcohol.user+PA_level+BMI_level,,X26_DMA_binary_U,AA_urine.rds,heart.attack,Myocardial infarction,binary_above_detection_threshold,1065,27,1038,15,2,2013-2014,WTSA2YR,ok,,0.7488226159669117
same_sample_unweighted,odds_ratio,0.9333073445843737,0.8094268340881106,1.0761474203365922,0.07261775972071226,2155,0.34187548455618905,age+sex+eth+marital+PIR_level+edu+smoke+alcohol.user+PA_level+BMI_level,,DEA_ln_U,pesticides_urine.rds,heart.attack,Myocardial infarction,natural_log_transformed,2178,83,2095,30,4,2013-2014|2015-2016,WTSB2YR|WTSC2YR,ok,,0.7488226159669117
same_sample_unweighted,odds_ratio,0.6683722547384675,0.2904326688447895,1.538124043280117,0.4247943207807594,1131,0.3428838611750933,age+sex+eth+marital+PIR_level+edu+smoke+alcohol.user+PA_level+BMI_level,,PhIP_binary_U,AA_urine.rds,heart.attack,Myocardial infarction,binary_above_detection_threshold,1154,30,1124,15,2,2013-2014,WTSA2YR,ok,,0.7488226159669117
same_sample_unweighted,odds_ratio,1.2892956565432225,0.7619978845673134,2.1814801899681338,0.2681755234863502,2171,0.3433845157101565,age+sex+eth+marital+PIR_level+edu+smoke+alcohol.user+PA_level+BMI_level,,OXY_binary_U,pesticides_urine.rds,heart.attack,Myocardial infarction,binary_above_detection_threshold,2194,83,2111,30,4,2013-2014|2015-2016,WTSB2YR|WTSC2YR,ok,,0.7488226159669117
same_sample_unweighted,odds_ratio,1.2729690385085957,0.772182171856222,2.0985335223502437,0.2548883489597511,1922,0.34369329687646966,age+sex+eth+marital+PIR_level+edu+smoke+alcohol.user+PA_level+BMI_level,,BCPP_binary_U,BFR_urine.rds,heart.attack,Myocardial infarction,binary_above_detection_threshold,1945,80,1865,30,4,2013-2014|2015-2016,WTSSBI2Y|WTSSCH2Y,ok,,0.7488226159669117
same_sample_unweighted,odds_ratio,0.7744227208815416,0.4526049523541137,1.3250640486769283,0.2738846485860156,2210,0.3506257813609804,age+sex+eth+marital+PIR_level+edu+smoke+alcohol.user+PA_level+BMI_level,,As_III_binary_U,HM_urine.rds,heart.attack,Myocardial infarction,binary_above_detection_threshold,2233,69,2164,30,4,2013-2014|2015-2016,WTSA2YR,ok,,0.7488226159669117
same_sample_unweighted,odds_ratio,1.1297137551661718,0.8739404605194445,1.4603433829497787,0.1309239564337063,3074,0.3515609391849452,age+sex+eth+marital+PIR_level+edu+smoke+alcohol.user+PA_level+BMI_level,,Toluene_ln_S,VOC_serum.rds,heart.attack,Myocardial infarction,natural_log_transformed,3097,93,3004,30,4,2013-2014|2015-2016,WTSVOC2Y,ok,,0.7488226159669117
same_sample_unweighted,odds_ratio,1.2036849349112038,0.8145904989477737,1.7786328522168047,0.19910356480285815,2133,0.351795859850227,age+sex+eth+marital+PIR_level+edu+smoke+alcohol.user+PA_level+BMI_level,,CEMA_AAM_ln_U,VOC_urine.rds,heart.attack,Myocardial infarction,natural_log_transformed,2156,64,2092,30,4,2013-2014|2015-2016,WTSA2YR,ok,,0.7488226159669117
same_sample_unweighted,odds_ratio,1.5923349829684896,0.5754404739880143,4.40624323904973,0.5187507107835776,1132,0.3698402118703437,age+sex+eth+marital+PIR_level+edu+smoke+alcohol.user+PA_level+BMI_level,,A_a_C_binary_U,AA_urine.rds,heart.attack,Myocardial infarction,binary_above_detection_threshold,1155,30,1125,15,2,2013-2014,WTSA2YR,ok,,0.76859850591585
same_sample_unweighted,odds_ratio,1.2274828606324035,0.7815312292030161,1.9279001488946437,0.2300897769404813,1097,0.3730326402621197,age+sex+eth+marital+PIR_level+edu+smoke+alcohol.user+PA_level+BMI_level,,X4_ABP_ln_U,AA_urine.rds,heart.attack,Myocardial infarction,natural_log_transformed,1120,27,1093,15,2,2013-2014,WTSA2YR,ok,,0.76859850591585
same_sample_unweighted,odds_ratio,0.6296393485624541,0.22476332658525783,1.763836277390968,0.5248737539777599,913,0.37811748087100927,age+sex+eth+marital+PIR_level+edu+smoke+alcohol.user+PA_level+BMI_level,,PPDA_binary_U,AA_urine.rds,heart.attack,Myocardial infarction,binary_above_detection_threshold,936,36,900,15,2,2015-2016,WTSA2YR,ok,,0.76859850591585
same_sample_unweighted,odds_ratio,1.2816592724975573,0.7322710201033361,2.243227501406735,0.2854385137377136,2179,0.3846373839000858,age+sex+eth+marital+PIR_level+edu+smoke+alcohol.user+PA_level+BMI_level,,HEMA_binary_U,VOC_urine.rds,heart.attack,Myocardial infarction,binary_above_detection_threshold,2202,67,2135,30,4,2013-2014|2015-2016,WTSA2YR,ok,,0.76859850591585
same_sample_unweighted,odds_ratio,1.1307497135582192,0.8558934400373124,1.4938716140367365,0.14201084799247518,2187,0.3868784425750923,age+sex+eth+marital+PIR_level+edu+smoke+alcohol.user+PA_level+BMI_level,,BMA_ln_U,VOC_urine.rds,heart.attack,Myocardial infarction,natural_log_transformed,2210,68,2142,30,4,2013-2014|2015-2016,WTSA2YR,ok,,0.76859850591585
same_sample_unweighted,odds_ratio,0.5763537818758693,0.15670330725442846,2.1198255971922353,0.663672186749628,989,0.40638061325703656,age+sex+eth+marital+PIR_level+edu+smoke+alcohol.user+PA_level+BMI_level,,PFBA_binary_U,PFC_urine.rds,heart.attack,Myocardial infarction,binary_above_detection_threshold,1012,34,978,15,2,2013-2014,WTSSBH2Y,ok,,0.7967198865170848
same_sample_unweighted,odds_ratio,1.2578711359804582,0.7204556747520269,2.1961653578165765,0.2841822066729605,2210,0.41949280877942013,age+sex+eth+marital+PIR_level+edu+smoke+alcohol.user+PA_level+BMI_level,,MMA_binary_U,HM_urine.rds,heart.attack,Myocardial infarction,binary_above_detection_threshold,2233,69,2164,30,4,2013-2014|2015-2016,WTSA2YR,ok,,0.8117458247809559
same_sample_unweighted,odds_ratio,1.2189295014101347,0.7487929643960736,1.9842455792921314,0.24846761414919122,2120,0.4255811735078147,age+sex+eth+marital+PIR_level+edu+smoke+alcohol.user+PA_level+BMI_level,,MEHP_binary_U,Phthalates_urine.rds,heart.attack,Myocardial infarction,binary_above_detection_threshold,2143,83,2060,30,4,2013-2014|2015-2016,WTSB2YR,ok,,0.8117800830804704
same_sample_unweighted,odds_ratio,1.4785987780307086,0.5586854823530257,3.9132113066300174,0.49600135160546194,1053,0.43040688968696084,age+sex+eth+marital+PIR_level+edu+smoke+alcohol.user+PA_level+BMI_level,,PFHpA_binary_S,PFC_serum.rds,heart.attack,Myocardial infarction,binary_above_detection_threshold,1076,38,1038,15,2,2013-2014,WTSB2YR,ok,,0.8117800830804704
same_sample_unweighted,odds_ratio,1.1843665856742203,0.7724611585205882,1.8159155237631588,0.21782272552558152,1132,0.4372675347771245,age+sex+eth+marital+PIR_level+edu+smoke+alcohol.user+PA_level+BMI_level,,Harman_ln_U,AA_urine.rds,heart.attack,Myocardial infarction,natural_log_transformed,1155,30,1125,15,2,2013-2014,WTSA2YR,ok,,0.8144107835223944
same_sample_unweighted,odds_ratio,1.1029697561058074,0.8529637799834202,1.4262531556823563,0.13107564696595614,2207,0.45463625687673814,age+sex+eth+marital+PIR_level+edu+smoke+alcohol.user+PA_level+BMI_level,,Total_As_ln_U,HM_urine.rds,heart.attack,Myocardial infarction,natural_log_transformed,2230,68,2162,30,4,2013-2014|2015-2016,WTSA2YR,ok,,0.8363062009214072
same_sample_unweighted,odds_ratio,0.8932228635919907,0.6615976293817984,1.20594005874687,0.15306847617787353,2139,0.4606945997848379,age+sex+eth+marital+PIR_level+edu+smoke+alcohol.user+PA_level+BMI_level,,PNP_ln_U,pesticides_urine.rds,heart.attack,Myocardial infarction,natural_log_transformed,2162,84,2078,30,4,2013-2014|2015-2016,WTSB2YR|WTSC2YR,ok,,0.8371157971700104
same_sample_unweighted,odds_ratio,0.9049823045427521,0.6801055676845709,1.2042144785313018,0.14566391169455717,2018,0.49308356055587793,age+sex+eth+marital+PIR_level+edu+smoke+alcohol.user+PA_level+BMI_level,,MHBP_ln_U,Phthalates_urine.rds,heart.attack,Myocardial infarction,natural_log_transformed,2041,80,1961,30,4,2013-2014|2015-2016,WTSB2YR|WTSSBH2Y,ok,,0.8728204701797675
same_sample_unweighted,odds_ratio,1.2867682251777004,0.6239222699417747,2.653812093422291,0.3688709857596745,985,0.494272961988493,age+sex+eth+marital+PIR_level+edu+smoke+alcohol.user+PA_level+BMI_level,,X4_MDA_binary_U,AA_urine.rds,heart.attack,Myocardial infarction,binary_above_detection_threshold,1008,38,970,15,2,2015-2016,WTSA2YR,ok,,0.8728204701797675
same_sample_unweighted,odds_ratio,1.475695948456117,0.44576489222858956,4.885262545918666,0.6101195014507413,1131,0.5236086921176659,age+sex+eth+marital+PIR_level+edu+smoke+alcohol.user+PA_level+BMI_level,,MeA_a_C_binary_U,AA_urine.rds,heart.attack,Myocardial infarction,binary_above_detection_threshold,1154,30,1124,15,2,2013-2014,WTSA2YR,ok,,0.8728204701797675
same_sample_unweighted,odds_ratio,1.057876722005171,0.8895109878294399,1.2581105509345198,0.0883935689647984,2119,0.5244409971261168,age+sex+eth+marital+PIR_level+edu+smoke+alcohol.user+PA_level+BMI_level,,X24_DCP_ln_U,PCCP_urine.rds,heart.attack,Myocardial infarction,natural_log_transformed,2142,83,2059,30,4,2013-2014|2015-2016,WTSB2YR,ok,,0.8728204701797675
same_sample_unweighted,odds_ratio,0.8491514138716725,0.5109235040454204,1.411283916224295,0.2590442493728217,2048,0.5278869609086103,age+sex+eth+marital+PIR_level+edu+smoke+alcohol.user+PA_level+BMI_level,,PFUnDA_binary_S,PFC_serum.rds,heart.attack,Myocardial infarction,binary_above_detection_threshold,2071,81,1990,30,4,2013-2014|2015-2016,WTSB2YR,ok,,0.8728204701797675
same_sample_unweighted,odds_ratio,1.3764830099048988,0.4964080267411889,3.816830861892343,0.5196411845915515,875,0.5386152492209413,age+sex+eth+marital+PIR_level+edu+smoke+alcohol.user+PA_level+BMI_level,,TBPPP_binary_U,BFR_urine.rds,heart.attack,Myocardial infarction,binary_above_detection_threshold,898,45,853,15,2,2015-2016,WTSSBI2Y,ok,,0.8728204701797675
same_sample_unweighted,odds_ratio,1.0829234045452858,0.8382899887713945,1.3989468033976002,0.13056830407789333,2119,0.5417726468234526,age+sex+eth+marital+PIR_level+edu+smoke+alcohol.user+PA_level+BMI_level,,BPA_ln_U,PCCP_urine.rds,heart.attack,Myocardial infarction,natural_log_transformed,2142,83,2059,30,4,2013-2014|2015-2016,WTSB2YR,ok,,0.8728204701797675
same_sample_unweighted,odds_ratio,1.089509934383423,0.8263738181475574,1.4364345421556108,0.140960824620852,2119,0.5430754401322845,age+sex+eth+marital+PIR_level+edu+smoke+alcohol.user+PA_level+BMI_level,,MEHHP_ln_U,Phthalates_urine.rds,heart.attack,Myocardial infarction,natural_log_transformed,2142,83,2059,30,4,2013-2014|2015-2016,WTSB2YR,ok,,0.8728204701797675
same_sample_unweighted,odds_ratio,0.8583863552458045,0.5224181120259402,1.4104165187052127,0.253220300761074,2121,0.5464846720701328,age+sex+eth+marital+PIR_level+edu+smoke+alcohol.user+PA_level+BMI_level,,EtP_binary_U,PCCP_urine.rds,heart.attack,Myocardial infarction,binary_above_detection_threshold,2144,83,2061,30,4,2013-2014|2015-2016,WTSB2YR,ok,,0.8728204701797675
same_sample_unweighted,odds_ratio,1.0345340094388815,0.9254945918038887,1.1564201737793354,0.05679413815580256,2119,0.5499785945466602,age+sex+eth+marital+PIR_level+edu+smoke+alcohol.user+PA_level+BMI_level,,BP3_ln_U,PCCP_urine.rds,heart.attack,Myocardial infarction,natural_log_transformed,2142,83,2059,30,4,2013-2014|2015-2016,WTSB2YR,ok,,0.8728204701797675
same_sample_unweighted,odds_ratio,0.9043686682641823,0.6476678194846953,1.2628119902400947,0.1702317729480685,1915,0.5548699709413665,age+sex+eth+marital+PIR_level+edu+smoke+alcohol.user+PA_level+BMI_level,,GLYP_ln_U,GYLP_urine.rds,heart.attack,Myocardial infarction,natural_log_transformed,1938,78,1860,30,4,2013-2014|2015-2016,WTSSCH2Y|WTSSGL2Y,ok,,0.8728204701797675
same_sample_unweighted,odds_ratio,1.1745837035852646,0.6822639396044397,2.0221600419450034,0.27702195630638143,2196,0.5613279602650599,age+sex+eth+marital+PIR_level+edu+smoke+alcohol.user+PA_level+BMI_level,,GAM_Cys_binary_U,VOC_urine.rds,heart.attack,Myocardial infarction,binary_above_detection_threshold,2219,68,2151,30,4,2013-2014|2015-2016,WTSA2YR,ok,,0.8728204701797675
same_sample_unweighted,odds_ratio,0.9112288437948382,0.6633969142400831,1.2516458668108583,0.16186142335125328,2158,0.5657472650524735,age+sex+eth+marital+PIR_level+edu+smoke+alcohol.user+PA_level+BMI_level,,TCPY_ln_U,pesticides_urine.rds,heart.attack,Myocardial infarction,natural_log_transformed,2181,83,2098,30,4,2013-2014|2015-2016,WTSB2YR|WTSC2YR,ok,,0.8728204701797675
same_sample_unweighted,odds_ratio,0.9214636663441791,0.6937079468231552,1.2239953315813952,0.14477402491540026,2142,0.5720990999514153,age+sex+eth+marital+PIR_level+edu+smoke+alcohol.user+PA_level+BMI_level,,ATCA_ln_U,VOC_urine.rds,heart.attack,Myocardial infarction,natural_log_transformed,2165,67,2098,30,4,2013-2014|2015-2016,WTSA2YR,ok,,0.8728204701797675
same_sample_unweighted,odds_ratio,1.079358930897013,0.8269546924997835,1.4088023349688505,0.13583190293970196,2193,0.5739667888839202,age+sex+eth+marital+PIR_level+edu+smoke+alcohol.user+PA_level+BMI_level,,X34_MHA_ln_U,VOC_urine.rds,heart.attack,Myocardial infarction,natural_log_transformed,2216,68,2148,30,4,2013-2014|2015-2016,WTSA2YR,ok,,0.8728204701797675
same_sample_unweighted,odds_ratio,1.0871759507235095,0.8047795772211662,1.4686649379358536,0.1533694111730986,2119,0.5857663692981185,age+sex+eth+marital+PIR_level+edu+smoke+alcohol.user+PA_level+BMI_level,,MiBP_ln_U,Phthalates_urine.rds,heart.attack,Myocardial infarction,natural_log_transformed,2142,83,2059,30,4,2013-2014|2015-2016,WTSB2YR,ok,,0.8728204701797675
same_sample_unweighted,odds_ratio,1.1700239968515187,0.6646778458253504,2.0595784285671934,0.288355850027984,2208,0.5860628588313801,age+sex+eth+marital+PIR_level+edu+smoke+alcohol.user+PA_level+BMI_level,,Cs_ln_U,HM_urine.rds,heart.attack,Myocardial infarction,natural_log_transformed,2231,68,2163,30,4,2013-2014|2015-2016,WTSA2YR,ok,,0.8728204701797675
same_sample_unweighted,odds_ratio,1.1913583878877554,0.6313629624448811,2.2480488923428434,0.3238481610547489,3232,0.5887368197574636,age+sex+eth+marital+PIR_level+edu+smoke+alcohol.user+PA_level+BMI_level,,Mn_ln_S,HM_serum.rds,heart.attack,Myocardial infarction,natural_log_transformed,3255,103,3152,30,4,2013-2014|2015-2016,WTSH2YR,ok,,0.8728204701797675
same_sample_unweighted,odds_ratio,1.157991801757717,0.6773721928618791,1.9796280790220044,0.27343768547136665,2210,0.591643405960782,age+sex+eth+marital+PIR_level+edu+smoke+alcohol.user+PA_level+BMI_level,,AsB_binary_U,HM_urine.rds,heart.attack,Myocardial infarction,binary_above_detection_threshold,2233,69,2164,30,4,2013-2014|2015-2016,WTSA2YR,ok,,0.8728204701797675
same_sample_unweighted,odds_ratio,1.1063495999264386,0.7466134277483915,1.6394152472568195,0.2005435293337833,2208,0.6142893806033075,age+sex+eth+marital+PIR_level+edu+smoke+alcohol.user+PA_level+BMI_level,,Pb_ln_U,HM_urine.rds,heart.attack,Myocardial infarction,natural_log_transformed,2231,68,2163,30,4,2013-2014|2015-2016,WTSA2YR,ok,,0.894228744081525
same_sample_unweighted,odds_ratio,0.936513394090321,0.7235108232226727,1.2122242116627515,0.13158755312079415,2208,0.618158125103336,age+sex+eth+marital+PIR_level+edu+smoke+alcohol.user+PA_level+BMI_level,,Ba_ln_U,HM_urine.rds,heart.attack,Myocardial infarction,natural_log_transformed,2231,68,2163,30,4,2013-2014|2015-2016,WTSA2YR,ok,,0.894228744081525
same_sample_unweighted,odds_ratio,1.133194070990723,0.6779552186743005,1.8941203890126572,0.261954307796853,2120,0.6331227835293689,age+sex+eth+marital+PIR_level+edu+smoke+alcohol.user+PA_level+BMI_level,,MHNCH_binary_U,Phthalates_urine.rds,heart.attack,Myocardial infarction,binary_above_detection_threshold,2143,83,2060,30,4,2013-2014|2015-2016,WTSB2YR,ok,,0.8997247622963713
same_sample_unweighted,odds_ratio,1.1495130814572432,0.6419464094484121,2.0583966278068493,0.2971270078921246,3057,0.6391036077064702,age+sex+eth+marital+PIR_level+edu+smoke+alcohol.user+PA_level+BMI_level,,Benzene_binary_S,VOC_serum.rds,heart.attack,Myocardial infarction,binary_above_detection_threshold,3080,95,2985,30,4,2013-2014|2015-2016,WTSVOC2Y,ok,,0.8997247622963713
same_sample_unweighted,odds_ratio,1.1476106291242365,0.6439612526947801,2.0451698771745086,0.294684529050814,3071,0.6403435505405064,age+sex+eth+marital+PIR_level+edu+smoke+alcohol.user+PA_level+BMI_level,,Ethylbenzene_binary_S,VOC_serum.rds,heart.attack,Myocardial infarction,binary_above_detection_threshold,3094,97,2997,30,4,2013-2014|2015-2016,WTSVOC2Y,ok,,0.8997247622963713
same_sample_unweighted,odds_ratio,1.0788888283422038,0.7798746016082206,1.492549060478781,0.16540715914465529,1086,0.646191781732921,age+sex+eth+marital+PIR_level+edu+smoke+alcohol.user+PA_level+BMI_level,,X1_AN_ln_U,AA_urine.rds,heart.attack,Myocardial infarction,natural_log_transformed,1109,27,1082,15,2,2013-2014,WTSA2YR,ok,,0.8997247622963713
same_sample_unweighted,odds_ratio,0.8823909488701779,0.5044418925311455,1.5435153149972363,0.28514170281008133,2148,0.6608067416432529,age+sex+eth+marital+PIR_level+edu+smoke+alcohol.user+PA_level+BMI_level,,PHE_Cys_binary_U,VOC_urine.rds,heart.attack,Myocardial infarction,binary_above_detection_threshold,2171,68,2103,30,4,2013-2014|2015-2016,WTSA2YR,ok,,0.8997247622963713
same_sample_unweighted,odds_ratio,0.9485304822632837,0.7476118867523378,1.2034453862029957,0.12137671521793338,2119,0.6633083983308528,age+sex+eth+marital+PIR_level+edu+smoke+alcohol.user+PA_level+BMI_level,,MCPP_ln_U,Phthalates_urine.rds,heart.attack,Myocardial infarction,natural_log_transformed,2142,83,2059,30,4,2013-2014|2015-2016,WTSB2YR,ok,,0.8997247622963713
same_sample_unweighted,odds_ratio,0.821341914540654,0.336204075674918,2.006526956066984,0.4551757187114131,989,0.6654542073988902,age+sex+eth+marital+PIR_level+edu+smoke+alcohol.user+PA_level+BMI_level,,PFHxA_binary_U,PFC_urine.rds,heart.attack,Myocardial infarction,binary_above_detection_threshold,1012,34,978,15,2,2013-2014,WTSSBH2Y,ok,,0.8997247622963713
same_sample_unweighted,odds_ratio,1.0448912939671764,0.8535604295412181,1.2791101583694935,0.1031339496396008,2167,0.6702647558046793,age+sex+eth+marital+PIR_level+edu+smoke+alcohol.user+PA_level+BMI_level,,NPMA_ln_U,VOC_urine.rds,heart.attack,Myocardial infarction,natural_log_transformed,2190,68,2122,30,4,2013-2014|2015-2016,WTSA2YR,ok,,0.8997247622963713
same_sample_unweighted,odds_ratio,1.0620549228557448,0.7997777778192434,1.4103425857089147,0.14463098951826242,2208,0.6772119572000821,age+sex+eth+marital+PIR_level+edu+smoke+alcohol.user+PA_level+BMI_level,,U_ln_U,HM_urine.rds,heart.attack,Myocardial infarction,natural_log_transformed,2231,68,2163,30,4,2013-2014|2015-2016,WTSA2YR,ok,,0.9009337644893949
same_sample_unweighted,odds_ratio,0.9181793573162076,0.6006088671203371,1.4036644784211805,0.2162898443394352,972,0.6930884378094219,age+sex+eth+marital+PIR_level+edu+smoke+alcohol.user+PA_level+BMI_level,,Sm_PFOS_ln_S,PFC_serum.rds,heart.attack,Myocardial infarction,natural_log_transformed,995,43,952,15,2,2015-2016,WTSB2YR,ok,,0.9138953737487068
same_sample_unweighted,odds_ratio,0.955576899624159,0.7564900454293292,1.207057801503647,0.11915443600999918,3233,0.7029404851680916,age+sex+eth+marital+PIR_level+edu+smoke+alcohol.user+PA_level+BMI_level,,THg_ln_S,HM_serum.rds,heart.attack,Myocardial infarction,natural_log_transformed,3256,103,3153,30,4,2013-2014|2015-2016,WTSH2YR,ok,,0.9187555464039092
same_sample_unweighted,odds_ratio,0.9442237199751534,0.6875095340673644,1.2967942831122385,0.16168955132438498,1006,0.7226249961249567,age+sex+eth+marital+PIR_level+edu+smoke+alcohol.user+PA_level+BMI_level,,DMP_ln_U,pesticides_urine.rds,heart.attack,Myocardial infarction,natural_log_transformed,1029,47,982,15,2,2015-2016,WTSB2YR,ok,,0.9361592805099666
same_sample_unweighted,odds_ratio,1.0259568751477104,0.8847169576074448,1.189744924195174,0.07552619393807987,2119,0.7343869716174218,age+sex+eth+marital+PIR_level+edu+smoke+alcohol.user+PA_level+BMI_level,,MeP_ln_U,PCCP_urine.rds,heart.attack,Myocardial infarction,natural_log_transformed,2142,83,2059,30,4,2013-2014|2015-2016,WTSB2YR,ok,,0.9361592805099666
same_sample_unweighted,odds_ratio,1.0435824126044424,0.8149605362094465,1.3363398637224524,0.12608346424872596,1919,0.7351049383870207,age+sex+eth+marital+PIR_level+edu+smoke+alcohol.user+PA_level+BMI_level,,DPHP_ln_U,BFR_urine.rds,heart.attack,Myocardial infarction,natural_log_transformed,1942,80,1862,30,4,2013-2014|2015-2016,WTSSBI2Y|WTSSCH2Y,ok,,0.9361592805099666
same_sample_unweighted,odds_ratio,0.9556535968141451,0.7109302054125031,1.284618082268573,0.15084920400898816,2207,0.7636461889464685,age+sex+eth+marital+PIR_level+edu+smoke+alcohol.user+PA_level+BMI_level,,W_ln_U,HM_urine.rds,heart.attack,Myocardial infarction,natural_log_transformed,2230,68,2162,30,4,2013-2014|2015-2016,WTSA2YR,ok,,0.9623477614694358
same_sample_unweighted,odds_ratio,0.9512920303135319,0.6819825268693012,1.3269497256657319,0.16971465731746202,2208,0.7685864672138447,age+sex+eth+marital+PIR_level+edu+smoke+alcohol.user+PA_level+BMI_level,,Sr_ln_U,HM_urine.rds,heart.attack,Myocardial infarction,natural_log_transformed,2231,68,2163,30,4,2013-2014|2015-2016,WTSA2YR,ok,,0.9623477614694358
same_sample_unweighted,odds_ratio,1.074957760165762,0.6416402319087103,1.800906689880064,0.26317283825587606,3129,0.7835823809898514,age+sex+eth+marital+PIR_level+edu+smoke+alcohol.user+PA_level+BMI_level,,o_Xylene_binary_S,VOC_serum.rds,heart.attack,Myocardial infarction,binary_above_detection_threshold,3152,98,3054,30,4,2013-2014|2015-2016,WTSVOC2Y,ok,,0.9729481230623989
same_sample_unweighted,odds_ratio,1.0671546926213564,0.6556218382856559,1.7370061085237913,0.24841939380496875,2152,0.7936005833099288,age+sex+eth+marital+PIR_level+edu+smoke+alcohol.user+PA_level+BMI_level,,DCVDMPCA_binary_U,pesticides_urine.rds,heart.attack,Myocardial infarction,binary_above_detection_threshold,2175,84,2091,30,4,2013-2014|2015-2016,WTSB2YR|WTSC2YR,ok,,0.9772436934973502
same_sample_unweighted,odds_ratio,0.9726667577600827,0.7690339943186028,1.2302195073831288,0.11977647607269651,1911,0.8170204841252281,age+sex+eth+marital+PIR_level+edu+smoke+alcohol.user+PA_level+BMI_level,,BDCPP_ln_U,BFR_urine.rds,heart.attack,Myocardial infarction,natural_log_transformed,1934,77,1857,30,4,2013-2014|2015-2016,WTSSBI2Y|WTSSCH2Y,ok,,0.9843737101323143
same_sample_unweighted,odds_ratio,1.0126625467057124,0.9043649955581698,1.1339287107940021,0.05767487934090559,2119,0.8272950558614119,age+sex+eth+marital+PIR_level+edu+smoke+alcohol.user+PA_level+BMI_level,,PrP_ln_U,PCCP_urine.rds,heart.attack,Myocardial infarction,natural_log_transformed,2142,83,2059,30,4,2013-2014|2015-2016,WTSB2YR,ok,,0.9843737101323143
same_sample_unweighted,odds_ratio,0.842218887192911,0.17988178856177867,3.9433266681182233,0.7871462984573584,1943,0.8273128621558267,age+sex+eth+marital+PIR_level+edu+smoke+alcohol.user+PA_level+BMI_level,,FA_ln_S,gas_serum.rds,heart.attack,Myocardial infarction,natural_log_transformed,1966,60,1906,30,4,2013-2014|2015-2016,WTSA2YR,ok,,0.9843737101323143
same_sample_unweighted,odds_ratio,0.9487434004622853,0.5725152744374711,1.5722096511838113,0.25761165592623647,3228,0.8381589727780372,age+sex+eth+marital+PIR_level+edu+smoke+alcohol.user+PA_level+BMI_level,,IHg_binary_S,HM_serum.rds,heart.attack,Myocardial infarction,binary_above_detection_threshold,3251,103,3148,30,4,2013-2014|2015-2016,WTSH2YR,ok,,0.9843737101323143
same_sample_unweighted,odds_ratio,1.0402492048434389,0.7002190337785206,1.5453998762902539,0.20184325652828028,2209,0.845001739966986,age+sex+eth+marital+PIR_level+edu+smoke+alcohol.user+PA_level+BMI_level,,DMA_ln_U,HM_urine.rds,heart.attack,Myocardial infarction,natural_log_transformed,2232,69,2163,30,4,2013-2014|2015-2016,WTSA2YR,ok,,0.9843737101323143
same_sample_unweighted,odds_ratio,1.020460281884116,0.8087095828092642,1.2876553079606714,0.11859215376565883,2119,0.8643926829614279,age+sex+eth+marital+PIR_level+edu+smoke+alcohol.user+PA_level+BMI_level,,MBzP_ln_U,Phthalates_urine.rds,heart.attack,Myocardial infarction,natural_log_transformed,2142,83,2059,30,4,2013-2014|2015-2016,WTSB2YR,ok,,0.9843737101323143
same_sample_unweighted,odds_ratio,1.009883164184818,0.8982918456046984,1.135337040288286,0.05970927574241541,2119,0.8691731640818117,age+sex+eth+marital+PIR_level+edu+smoke+alcohol.user+PA_level+BMI_level,,X25_DCP_ln_U,PCCP_urine.rds,heart.attack,Myocardial infarction,natural_log_transformed,2142,83,2059,30,4,2013-2014|2015-2016,WTSB2YR,ok,,0.9843737101323143
same_sample_unweighted,odds_ratio,0.9760410331957603,0.730409366370899,1.3042769470703806,0.1478261281096892,2119,0.8696929812309707,age+sex+eth+marital+PIR_level+edu+smoke+alcohol.user+PA_level+BMI_level,,MCNP_ln_U,Phthalates_urine.rds,heart.attack,Myocardial infarction,natural_log_transformed,2142,83,2059,30,4,2013-2014|2015-2016,WTSB2YR,ok,,0.9843737101323143
same_sample_unweighted,odds_ratio,0.9418398267945004,0.45919436475929426,1.931779497776034,0.3663143814279264,2181,0.8700653416217002,age+sex+eth+marital+PIR_level+edu+smoke+alcohol.user+PA_level+BMI_level,,X4FPBA_binary_U,pesticides_urine.rds,heart.attack,Myocardial infarction,binary_above_detection_threshold,2204,84,2120,30,4,2013-2014|2015-2016,WTSB2YR|WTSC2YR,ok,,0.9843737101323143
same_sample_unweighted,odds_ratio,0.9841408326938798,0.8098698175880701,1.1959121793918182,0.09938258348327315,2160,0.872206939365577,age+sex+eth+marital+PIR_level+edu+smoke+alcohol.user+PA_level+BMI_level,,X3PBA_ln_U,pesticides_urine.rds,heart.attack,Myocardial infarction,natural_log_transformed,2183,83,2100,30,4,2013-2014|2015-2016,WTSB2YR|WTSC2YR,ok,,0.9843737101323143
same_sample_unweighted,odds_ratio,1.0326311605461558,0.6905323514793826,1.5442102190381417,0.2050555288554733,972,0.8755663524226449,age+sex+eth+marital+PIR_level+edu+smoke+alcohol.user+PA_level+BMI_level,,n_PFOS_ln_S,PFC_serum.rds,heart.attack,Myocardial infarction,natural_log_transformed,995,43,952,15,2,2015-2016,WTSB2YR,ok,,0.9843737101323143
same_sample_unweighted,odds_ratio,0.9837985113558935,0.7975831835859556,1.21349036798212,0.10699947674368751,2119,0.8786691506550188,age+sex+eth+marital+PIR_level+edu+smoke+alcohol.user+PA_level+BMI_level,,MCOP_ln_U,Phthalates_urine.rds,heart.attack,Myocardial infarction,natural_log_transformed,2142,83,2059,30,4,2013-2014|2015-2016,WTSB2YR,ok,,0.9843737101323143
same_sample_unweighted,odds_ratio,1.0371993364559462,0.6046299254842324,1.7792411824192942,0.2750383380054482,1093,0.8943543043707711,age+sex+eth+marital+PIR_level+edu+smoke+alcohol.user+PA_level+BMI_level,,X2_AN_ln_U,AA_urine.rds,heart.attack,Myocardial infarction,natural_log_transformed,1116,24,1092,15,2,2013-2014,WTSA2YR,ok,,0.994024796634402
same_sample_unweighted,odds_ratio,1.0316535883643168,0.6323886666520587,1.6829984193416225,0.24956313190553164,2121,0.9006264935949281,age+sex+eth+marital+PIR_level+edu+smoke+alcohol.user+PA_level+BMI_level,,TCC_binary_U,PCCP_urine.rds,heart.attack,Myocardial infarction,binary_above_detection_threshold,2144,83,2061,30,4,2013-2014|2015-2016,WTSB2YR,ok,,0.994024796634402
same_sample_unweighted,odds_ratio,1.0301887528534395,0.57027800436166,1.8610026309776357,0.3015544607123308,2121,0.9214327758199258,age+sex+eth+marital+PIR_level+edu+smoke+alcohol.user+PA_level+BMI_level,,BuP_binary_U,PCCP_urine.rds,heart.attack,Myocardial infarction,binary_above_detection_threshold,2144,83,2061,30,4,2013-2014|2015-2016,WTSB2YR,ok,,0.9958677346196129
same_sample_unweighted,odds_ratio,1.0225576875784648,0.6377297187313039,1.6396040418282156,0.24061168046940093,1025,0.9261342276982081,age+sex+eth+marital+PIR_level+edu+smoke+alcohol.user+PA_level+BMI_level,,o_ANS_ln_U,AA_urine.rds,heart.attack,Myocardial infarction,natural_log_transformed,1048,27,1021,15,2,2013-2014,WTSA2YR,ok,,0.9958677346196129
same_sample_unweighted,odds_ratio,1.014281743684651,0.7069802866083298,1.4551572017762888,0.18408404191200056,3233,0.9385965394849065,age+sex+eth+marital+PIR_level+edu+smoke+alcohol.user+PA_level+BMI_level,,Pb_ln_S,HM_serum.rds,heart.attack,Myocardial infarction,natural_log_transformed,3256,103,3153,30,4,2013-2014|2015-2016,WTSH2YR,ok,,0.9958677346196129
same_sample_unweighted,odds_ratio,1.0322533251074362,0.4136492363154347,2.5759673502281264,0.46589016141604234,818,0.9456770057836433,age+sex+eth+marital+PIR_level+edu+smoke+alcohol.user+PA_level+BMI_level,,X5OHIMI_binary_U,pesticides_urine.rds,heart.attack,Myocardial infarction,binary_above_detection_threshold,841,38,803,15,2,2015-2016,WTSSBI2Y,ok,,0.9958677346196129
same_sample_unweighted,odds_ratio,0.989099650200755,0.7070187226325401,1.3837230708467654,0.17120368667038705,2198,0.94895553952097,age+sex+eth+marital+PIR_level+edu+smoke+alcohol.user+PA_level+BMI_level,,Perchlorate_ln_U,PERNT_urine.rds,heart.attack,Myocardial infarction,natural_log_transformed,2221,68,2153,30,4,2013-2014|2015-2016,WTSA2YR,ok,,0.9958677346196129
same_sample_unweighted,odds_ratio,0.9796752809817396,0.5098990665209097,1.882262038083753,0.33299119001149496,2210,0.9508291191665564,age+sex+eth+marital+PIR_level+edu+smoke+alcohol.user+PA_level+BMI_level,,AsC_binary_U,HM_urine.rds,heart.attack,Myocardial infarction,binary_above_detection_threshold,2233,69,2164,30,4,2013-2014|2015-2016,WTSA2YR,ok,,0.9958677346196129
same_sample_unweighted,odds_ratio,1.0138734795854483,0.47447890796504866,2.1664597000008805,0.3868719069856372,866,0.9715900054732565,age+sex+eth+marital+PIR_level+edu+smoke+alcohol.user+PA_level+BMI_level,,NDMA_binary_U,pesticides_urine.rds,heart.attack,Myocardial infarction,binary_above_detection_threshold,889,45,844,15,2,2015-2016,WTSSBI2Y,ok,,0.9958677346196129
same_sample_unweighted,odds_ratio,1.0075590722400676,0.5905647423674546,1.7189906732048266,0.2724038142467787,2120,0.9779451670814802,age+sex+eth+marital+PIR_level+edu+smoke+alcohol.user+PA_level+BMI_level,,MINP_binary_U,Phthalates_urine.rds,heart.attack,Myocardial infarction,binary_above_detection_threshold,2143,83,2060,30,4,2013-2014|2015-2016,WTSB2YR,ok,,0.9958677346196129
same_sample_unweighted,odds_ratio,1.0018613835636612,0.8529413792759452,1.176782198945663,0.08205874859186017,2119,0.9819195184992489,age+sex+eth+marital+PIR_level+edu+smoke+alcohol.user+PA_level+BMI_level,,MEP_ln_U,Phthalates_urine.rds,heart.attack,Myocardial infarction,natural_log_transformed,2142,83,2059,30,4,2013-2014|2015-2016,WTSB2YR,ok,,0.9958677346196129
same_sample_unweighted,odds_ratio,1.0018869632871463,0.8118805307280457,1.2363610768010564,0.10722365074386599,1917,0.9859724727626213,age+sex+eth+marital+PIR_level+edu+smoke+alcohol.user+PA_level+BMI_level,,BCETP_ln_U,BFR_urine.rds,heart.attack,Myocardial infarction,natural_log_transformed,1940,80,1860,30,4,2013-2014|2015-2016,WTSSBI2Y|WTSSCH2Y,ok,,0.9958677346196129
same_sample_unweighted,odds_ratio,0.9968389772430055,0.6714905465997261,1.4798241785870088,0.20146933400986955,2207,0.9874620027106087,age+sex+eth+marital+PIR_level+edu+smoke+alcohol.user+PA_level+BMI_level,,Mo_ln_U,HM_urine.rds,heart.attack,Myocardial infarction,natural_log_transformed,2230,68,2162,30,4,2013-2014|2015-2016,WTSA2YR,ok,,0.9958677346196129
same_sample_unweighted,odds_ratio,1.0027222650803593,0.6966229476387508,1.4433230261735306,0.18573130629075932,2173,0.988321706378015,age+sex+eth+marital+PIR_level+edu+smoke+alcohol.user+PA_level+BMI_level,,CMAC_ln_U,VOC_urine.rds,heart.attack,Myocardial infarction,natural_log_transformed,2196,67,2129,30,4,2013-2014|2015-2016,WTSA2YR,ok,,0.9958677346196129
same_sample_unweighted,odds_ratio,1.0016265838882619,0.7916489405583506,1.2672988772574778,0.11989081965722169,1014,0.9891840585483402,age+sex+eth+marital+PIR_level+edu+smoke+alcohol.user+PA_level+BMI_level,,DMTP_ln_U,pesticides_urine.rds,heart.attack,Myocardial infarction,natural_log_transformed,1037,46,991,15,2,2015-2016,WTSB2YR,ok,,0.9958677346196129
same_sample_unweighted,odds_ratio,0.9989249685885072,0.48207009633566555,2.069929457260394,0.3712910201751151,1010,0.9976885755272916,age+sex+eth+marital+PIR_level+edu+smoke+alcohol.user+PA_level+BMI_level,,DETP_binary_U,pesticides_urine.rds,heart.attack,Myocardial infarction,binary_above_detection_threshold,1033,46,987,15,2,2015-2016,WTSB2YR,ok,,0.9976885755272916
survey_weighted,odds_ratio,2.1152452796946086,1.3650445413484245,3.2777410976278745,0.2144590046154195,30,0.0015032836458197417,age+sex+eth+marital+PIR_level+edu+smoke+alcohol.user+PA_level+BMI_level,,Co_ln_U,HM_urine.rds,heart.attack,Myocardial infarction,natural_log_transformed,2231,68,2163,30,4,2013-2014|2015-2016,WTSA2YR,ok,,0.11825955739475161
survey_weighted,odds_ratio,2.1738724462016874,1.3525823626586502,3.4938511271624013,0.23233652621800122,30,0.0022387106871337103,age+sex+eth+marital+PIR_level+edu+smoke+alcohol.user+PA_level+BMI_level,,Cd_ln_U,HM_urine.rds,heart.attack,Myocardial infarction,natural_log_transformed,2231,68,2163,30,4,2013-2014|2015-2016,WTSA2YR,ok,,0.11825955739475161
survey_weighted,odds_ratio,0.5663380972658951,0.3926362904306855,0.8168853675317017,0.17936271431875445,30,0.003499262292336055,age+sex+eth+marital+PIR_level+edu+smoke+alcohol.user+PA_level+BMI_level,,PFNA_ln_S,PFC_serum.rds,heart.attack,Myocardial infarction,natural_log_transformed,2071,81,1990,30,4,2013-2014|2015-2016,WTSB2YR,ok,,0.11825955739475161
survey_weighted,odds_ratio,2.3781086687712767,1.3896490618257795,4.069661179819595,0.2520605069603573,15,0.0036692028106087506,age+sex+eth+marital+PIR_level+edu+smoke+alcohol.user+PA_level+BMI_level,,IPM3_Cys_ln_U,VOC_urine.rds,heart.attack,Myocardial infarction,natural_log_transformed,1049,38,1011,15,2,2015-2016,WTSA2YR,ok,,0.11825955739475161
survey_weighted,odds_ratio,1.8664308096226383,1.2406777351167717,2.8077911519712617,0.199958706271973,30,0.003968441523313812,age+sex+eth+marital+PIR_level+edu+smoke+alcohol.user+PA_level+BMI_level,,X1_PH_ln_U,PAH_urine.rds,heart.attack,Myocardial infarction,natural_log_transformed,2226,68,2158,30,4,2013-2014|2015-2016,WTSA2YR,ok,,0.11825955739475161
survey_weighted,odds_ratio,1.812783521209226,1.1873304250342624,2.7677081505537036,0.2071986394097483,30,0.007435481129813485,age+sex+eth+marital+PIR_level+edu+smoke+alcohol.user+PA_level+BMI_level,,X23_OH_PH_ln_U,PAH_urine.rds,heart.attack,Myocardial infarction,natural_log_transformed,2226,68,2158,30,4,2013-2014|2015-2016,WTSA2YR,ok,,0.18464778139036822
survey_weighted,odds_ratio,1.3807905365620587,1.0885627973976368,1.7514676327514527,0.11643789019785739,30,0.00950091995846041,age+sex+eth+marital+PIR_level+edu+smoke+alcohol.user+PA_level+BMI_level,,CEMA_CYM_ln_U,VOC_urine.rds,heart.attack,Myocardial infarction,natural_log_transformed,2189,66,2123,30,4,2013-2014|2015-2016,WTSA2YR,ok,,0.20223386768722873
survey_weighted,odds_ratio,4.9035012290922,1.5179570754273548,15.839923732322566,0.5501345727054503,15,0.011217359184109824,age+sex+eth+marital+PIR_level+edu+smoke+alcohol.user+PA_level+BMI_level,,IPM1_Cys_ln_U,VOC_urine.rds,heart.attack,Myocardial infarction,natural_log_transformed,1049,38,1011,15,2,2015-2016,WTSA2YR,ok,,0.20348464174842693
survey_weighted,odds_ratio,1.5438391047358428,1.1067208747590531,2.153604613114823,0.16299037970750435,30,0.012291018629099612,age+sex+eth+marital+PIR_level+edu+smoke+alcohol.user+PA_level+BMI_level,,MB3_Cys_ln_U,VOC_urine.rds,heart.attack,Myocardial infarction,natural_log_transformed,2160,67,2093,30,4,2013-2014|2015-2016,WTSA2YR,ok,,0.20348464174842693
survey_weighted,odds_ratio,1.3809209681984889,1.0732167226632934,1.7768477513823913,0.12343613730638407,30,0.013836142698134006,age+sex+eth+marital+PIR_level+edu+smoke+alcohol.user+PA_level+BMI_level,,Sn_ln_U,HM_urine.rds,heart.attack,Myocardial infarction,natural_log_transformed,2230,68,2162,30,4,2013-2014|2015-2016,WTSA2YR,ok,,0.2061585262021967
survey_weighted,odds_ratio,0.4631743589092035,0.24911080245105202,0.8611850013734547,0.30368415298847806,30,0.016719764129873728,age+sex+eth+marital+PIR_level+edu+smoke+alcohol.user+PA_level+BMI_level,,Chloroform_binary_S,VOC_serum.rds,heart.attack,Myocardial infarction,binary_above_detection_threshold,3075,96,2979,30,4,2013-2014|2015-2016,WTSVOC2Y,ok,,0.20854921845997315
survey_weighted,odds_ratio,1.7851845798813355,1.1187025003159075,2.8487323335258163,0.22883934151498234,30,0.016795910211541462,age+sex+eth+marital+PIR_level+edu+smoke+alcohol.user+PA_level+BMI_level,,X2_FL_ln_U,PAH_urine.rds,heart.attack,Myocardial infarction,natural_log_transformed,2225,68,2157,30,4,2013-2014|2015-2016,WTSA2YR,ok,,0.20854921845997315
survey_weighted,odds_ratio,1.625394318383679,1.087477198128177,2.4293904228808962,0.1967856570995692,30,0.019491222745080125,age+sex+eth+marital+PIR_level+edu+smoke+alcohol.user+PA_level+BMI_level,,X3_FL_ln_U,PAH_urine.rds,heart.attack,Myocardial infarction,natural_log_transformed,2224,68,2156,30,4,2013-2014|2015-2016,WTSA2YR,ok,,0.22339939915514914
survey_weighted,odds_ratio,0.7633428216255829,0.606320118927678,0.961030724756158,0.11276612066086825,30,0.023080315208423463,age+sex+eth+marital+PIR_level+edu+smoke+alcohol.user+PA_level+BMI_level,,BPS_ln_U,PCCP_urine.rds,heart.attack,Myocardial infarction,natural_log_transformed,2141,83,2058,30,4,2013-2014|2015-2016,WTSB2YR,ok,,0.23708155850042403
survey_weighted,odds_ratio,2.003702515115834,1.1036545449545148,3.6377540304035834,0.29201282037745396,30,0.023867270989975573,age+sex+eth+marital+PIR_level+edu+smoke+alcohol.user+PA_level+BMI_level,,MeFOSAA_binary_S,PFC_serum.rds,heart.attack,Myocardial infarction,binary_above_detection_threshold,2071,81,1990,30,4,2013-2014|2015-2016,WTSB2YR,ok,,0.23708155850042403
survey_weighted,odds_ratio,1.759152530768808,1.058020134135165,2.924913739037556,0.24895444840272068,30,0.03063595949249183,age+sex+eth+marital+PIR_level+edu+smoke+alcohol.user+PA_level+BMI_level,,X3_HPMA_ln_U,VOC_urine.rds,heart.attack,Myocardial infarction,natural_log_transformed,2147,65,2082,30,4,2013-2014|2015-2016,WTSA2YR,ok,,0.2570486837801764
survey_weighted,odds_ratio,1.9936484688818747,1.0652436306942012,3.7311973551861017,0.30689481484559217,30,0.032065358137535124,age+sex+eth+marital+PIR_level+edu+smoke+alcohol.user+PA_level+BMI_level,,DBUP_binary_U,BFR_urine.rds,heart.attack,Myocardial infarction,binary_above_detection_threshold,1943,80,1863,30,4,2013-2014|2015-2016,WTSSBI2Y|WTSSCH2Y,ok,,0.2570486837801764
survey_weighted,odds_ratio,1.7220700170731706,1.0500977718169215,2.8240466966912225,0.2422026444725682,30,0.03235815232479531,age+sex+eth+marital+PIR_level+edu+smoke+alcohol.user+PA_level+BMI_level,,X1_PY_ln_U,PAH_urine.rds,heart.attack,Myocardial infarction,natural_log_transformed,2225,67,2158,30,4,2013-2014|2015-2016,WTSA2YR,ok,,0.2570486837801764
survey_weighted,odds_ratio,1.3710857658492588,1.0280196182477428,1.828638426685566,0.14100405855894807,30,0.03277802007935136,age+sex+eth+marital+PIR_level+edu+smoke+alcohol.user+PA_level+BMI_level,,U_ln_U,HM_urine.rds,heart.attack,Myocardial infarction,natural_log_transformed,2231,68,2163,30,4,2013-2014|2015-2016,WTSA2YR,ok,,0.2570486837801764
survey_weighted,odds_ratio,0.36590352817196076,0.1416040627161202,0.9454911770228988,0.46484240589554515,30,0.03864925774414168,age+sex+eth+marital+PIR_level+edu+smoke+alcohol.user+PA_level+BMI_level,,DBCM_binary_S,VOC_serum.rds,heart.attack,Myocardial infarction,binary_above_detection_threshold,3160,98,3062,30,4,2013-2014|2015-2016,WTSVOC2Y,ok,,0.2756838626185239
survey_weighted,odds_ratio,3.4071512365990944,1.0636929755913784,10.913562292356678,0.5700168611487044,30,0.03968764211713298,age+sex+eth+marital+PIR_level+edu+smoke+alcohol.user+PA_level+BMI_level,,Mn_ln_S,HM_serum.rds,heart.attack,Myocardial infarction,natural_log_transformed,3255,103,3152,30,4,2013-2014|2015-2016,WTSH2YR,ok,,0.2756838626185239
survey_weighted,odds_ratio,1.5619966690185167,1.02022195688381,2.391473323586592,0.20856409691014285,30,0.040757691841789706,age+sex+eth+marital+PIR_level+edu+smoke+alcohol.user+PA_level+BMI_level,,EO_ln_S,gas_serum.rds,heart.attack,Myocardial infarction,natural_log_transformed,2137,67,2070,30,4,2013-2014|2015-2016,WTSA2YR,ok,,0.2756838626185239
survey_weighted,odds_ratio,1.4625085822528743,1.013716158569975,2.1099903903876323,0.17947175643205787,30,0.04255522711561107,age+sex+eth+marital+PIR_level+edu+smoke+alcohol.user+PA_level+BMI_level,,X2_NP_ln_U,PAH_urine.rds,heart.attack,Myocardial infarction,natural_log_transformed,2192,66,2126,30,4,2013-2014|2015-2016,WTSA2YR,ok,,0.2756838626185239
survey_weighted,odds_ratio,3.894405207306317,0.9890499453297118,15.334303379025673,0.64301377041161345,15,0.05164275791454928,age+sex+eth+marital+PIR_level+edu+smoke+alcohol.user+PA_level+BMI_level,,CYHA_Cys_binary_U,VOC_urine.rds,heart.attack,Myocardial infarction,binary_above_detection_threshold,1050,38,1012,15,2,2015-2016,WTSA2YR,ok,,0.3198684151094013
survey_weighted,odds_ratio,1.2766093263702427,0.99589862727128875,1.63644303501137,0.12158877484973897,30,0.053669197166006925,age+sex+eth+marital+PIR_level+edu+smoke+alcohol.user+PA_level+BMI_level,,X1_NP_ln_U,PAH_urine.rds,heart.attack,Myocardial infarction,natural_log_transformed,2158,64,2094,30,4,2013-2014|2015-2016,WTSA2YR,ok,,0.3198684151094013
survey_weighted,odds_ratio,0.3932093691333924,0.1493569837659956,1.0351950345791705,0.4739832377752696,30,0.058215473013020144,age+sex+eth+marital+PIR_level+edu+smoke+alcohol.user+PA_level+BMI_level,,BDCM_binary_S,VOC_serum.rds,heart.attack,Myocardial infarction,binary_above_detection_threshold,3136,98,3038,30,4,2013-2014|2015-2016,WTSVOC2Y,ok,,0.33289819658020714
survey_weighted,odds_ratio,0.09819225606834041,0.008627113250830733,1.1176066514325746,1.1908388611310332,30,0.060712547771154236,age+sex+eth+marital+PIR_level+edu+smoke+alcohol.user+PA_level+BMI_level,,Se_ln_S,HM_serum.rds,heart.attack,Myocardial infarction,natural_log_transformed,3255,103,3152,30,4,2013-2014|2015-2016,WTSH2YR,ok,,0.33289819658020714
survey_weighted,odds_ratio,2.355126737245152,0.9527006734336514,5.821998559627634,0.44315784256356006,30,0.06273235499547555,age+sex+eth+marital+PIR_level+edu+smoke+alcohol.user+PA_level+BMI_level,,X25_DMF_binary_S,VOC_serum.rds,heart.attack,Myocardial infarction,binary_above_detection_threshold,3158,97,3061,30,4,2013-2014|2015-2016,WTSVOC2Y,ok,,0.33289819658020714
survey_weighted,odds_ratio,2.2709549940965306,0.9445685554868624,5.459885950314915,0.411563791353764,15,0.06479226644849669,age+sex+eth+marital+PIR_level+edu+smoke+alcohol.user+PA_level+BMI_level,,MCOCH_binary_U,Phthalates_urine.rds,heart.attack,Myocardial infarction,binary_above_detection_threshold,1031,46,985,15,2,2015-2016,WTSB2YR,ok,,0.33289819658020714
survey_weighted,odds_ratio,0.6641137172084436,0.42619786677438476,1.0348410064142637,0.21718438197143267,30,0.06920773838372,age+sex+eth+marital+PIR_level+edu+smoke+alcohol.user+PA_level+BMI_level,,X24D_ln_U,pesticides_urine.rds,heart.attack,Myocardial infarction,natural_log_transformed,2201,84,2117,30,4,2013-2014|2015-2016,WTSB2YR|WTSC2YR,ok,,0.34373176730580934
survey_weighted,odds_ratio,1.4671369486203434,0.963513449461742,2.234001847311505,0.20588912052863903,30,0.07246189197671701,age+sex+eth+marital+PIR_level+edu+smoke+alcohol.user+PA_level+BMI_level,,Thiocyanate_ln_U,PERNT_urine.rds,heart.attack,Myocardial infarction,natural_log_transformed,2217,68,2149,30,4,2013-2014|2015-2016,WTSA2YR,ok,,0.3454435019780353
survey_weighted,odds_ratio,0.5703874794427529,0.30689881602644037,1.0600949228719985,0.3034843919529761,30,0.07418920847850423,age+sex+eth+marital+PIR_level+edu+smoke+alcohol.user+PA_level+BMI_level,,m_p_Xylene_binary_S,VOC_serum.rds,heart.attack,Myocardial infarction,binary_above_detection_threshold,3146,97,3049,30,4,2013-2014|2015-2016,WTSVOC2Y,ok,,0.3454435019780353
survey_weighted,odds_ratio,1.4786566582115521,0.9462445569956343,2.3106347050654077,0.20942941839314463,15,0.0814791252654058,age+sex+eth+marital+PIR_level+edu+smoke+alcohol.user+PA_level+BMI_level,,DEP_ln_U,pesticides_urine.rds,heart.attack,Myocardial infarction,natural_log_transformed,1037,47,990,15,2,2015-2016,WTSB2YR,ok,,0.3495469693123556
survey_weighted,odds_ratio,1.5306962030999927,0.9401672270536843,2.4921426728810503,0.22868014213537968,15,0.08236241730037534,age+sex+eth+marital+PIR_level+edu+smoke+alcohol.user+PA_level+BMI_level,,o_TLD_ln_U,AA_urine.rds,heart.attack,Myocardial infarction,natural_log_transformed,1078,27,1051,15,2,2013-2014,WTSA2YR,ok,,0.3495469693123556
survey_weighted,odds_ratio,1.906962625918302,0.9144562737680257,3.976687088235467,0.35986254059683864,30,0.08293548467778687,age+sex+eth+marital+PIR_level+edu+smoke+alcohol.user+PA_level+BMI_level,,Tl_ln_U,HM_urine.rds,heart.attack,Myocardial infarction,natural_log_transformed,2231,68,2163,30,4,2013-2014|2015-2016,WTSA2YR,ok,,0.3495469693123556
survey_weighted,odds_ratio,1.6974257308440532,0.926427528342039,3.1100696207590492,0.29649926617525746,30,0.0844543013103678,age+sex+eth+marital+PIR_level+edu+smoke+alcohol.user+PA_level+BMI_level,,BCPP_binary_U,BFR_urine.rds,heart.attack,Myocardial infarction,binary_above_detection_threshold,1945,80,1865,30,4,2013-2014|2015-2016,WTSSBI2Y|WTSSCH2Y,ok,,0.3495469693123556
survey_weighted,odds_ratio,0.5294626124744926,0.2513426116703058,1.1153327967166724,0.36481202888374237,30,0.09156417665602597,age+sex+eth+marital+PIR_level+edu+smoke+alcohol.user+PA_level+BMI_level,,Hg_binary_U,HM_urine.rds,heart.attack,Myocardial infarction,binary_above_detection_threshold,2235,69,2166,30,4,2013-2014|2015-2016,WTSA2YR,ok,,0.3687314141012938
survey_weighted,odds_ratio,1.5265056125453784,0.9256996243946828,2.517252166604558,0.24491672746489637,30,0.09444498718925663,age+sex+eth+marital+PIR_level+edu+smoke+alcohol.user+PA_level+BMI_level,,MMA_binary_U,HM_urine.rds,heart.attack,Myocardial infarction,binary_above_detection_threshold,2233,69,2164,30,4,2013-2014|2015-2016,WTSA2YR,ok,,0.37032376555787466
survey_weighted,odds_ratio,0.7086525210616709,0.4696725792125678,1.0692308170279148,0.20140774847570198,30,0.09760711421742203,age+sex+eth+marital+PIR_level+edu+smoke+alcohol.user+PA_level+BMI_level,,PFDA_ln_S,PFC_serum.rds,heart.attack,Myocardial infarction,natural_log_transformed,2071,81,1990,30,4,2013-2014|2015-2016,WTSB2YR,ok,,0.37290923124092007
survey_weighted,odds_ratio,1.5417544793370617,0.9007076414718842,2.639043753055683,0.26318505882428156,30,0.1104237764945775,age+sex+eth+marital+PIR_level+edu+smoke+alcohol.user+PA_level+BMI_level,,DCVDMPCA_binary_U,pesticides_urine.rds,heart.attack,Myocardial infarction,binary_above_detection_threshold,2175,84,2091,30,4,2013-2014|2015-2016,WTSB2YR|WTSC2YR,ok,,0.40705463708239187
survey_weighted,odds_ratio,0.8792284099901979,0.7488228796461378,1.0323437196512997,0.07860960752228527,30,0.11200832295555749,age+sex+eth+marital+PIR_level+edu+smoke+alcohol.user+PA_level+BMI_level,,MeP_ln_U,PCCP_urine.rds,heart.attack,Myocardial infarction,natural_log_transformed,2142,83,2059,30,4,2013-2014|2015-2016,WTSB2YR,ok,,0.40705463708239187
survey_weighted,odds_ratio,1.6629140439197765,0.869744080281289,3.179421602468725,0.3173561787597591,30,0.1195178304402439,age+sex+eth+marital+PIR_level+edu+smoke+alcohol.user+PA_level+BMI_level,,OXY_binary_U,pesticides_urine.rds,heart.attack,Myocardial infarction,binary_above_detection_threshold,2194,83,2111,30,4,2013-2014|2015-2016,WTSB2YR|WTSC2YR,ok,,0.41511367575005614
survey_weighted,odds_ratio,1.9395972484161652,0.8332212104635431,4.515052472044775,0.4137236725180424,30,0.11979790642451285,age+sex+eth+marital+PIR_level+edu+smoke+alcohol.user+PA_level+BMI_level,,Furan_binary_S,VOC_serum.rds,heart.attack,Myocardial infarction,binary_above_detection_threshold,3162,98,3064,30,4,2013-2014|2015-2016,WTSVOC2Y,ok,,0.41511367575005614
survey_weighted,odds_ratio,1.7775231949857875,0.8454273479069854,3.737268159747421,0.3638760204763907,30,0.12440737558907135,age+sex+eth+marital+PIR_level+edu+smoke+alcohol.user+PA_level+BMI_level,,Nitrate_ln_U,PERNT_urine.rds,heart.attack,Myocardial infarction,natural_log_transformed,2222,68,2154,30,4,2013-2014|2015-2016,WTSA2YR,ok,,0.4212886127902643
survey_weighted,odds_ratio,1.8108783083816742,0.831286450369244,3.944825813425289,0.38123846616689927,30,0.1298192405678191,age+sex+eth+marital+PIR_level+edu+smoke+alcohol.user+PA_level+BMI_level,,Mn_binary_U,HM_urine.rds,heart.attack,Myocardial infarction,binary_above_detection_threshold,2232,68,2164,30,4,2013-2014|2015-2016,WTSA2YR,ok,,0.4298459298801121
survey_weighted,odds_ratio,1.2549471981823206,0.9170476836591462,1.7173506877435414,0.15359816757974779,30,0.14970017479008418,age+sex+eth+marital+PIR_level+edu+smoke+alcohol.user+PA_level+BMI_level,,BPA_ln_U,PCCP_urine.rds,heart.attack,Myocardial infarction,natural_log_transformed,2142,83,2059,30,4,2013-2014|2015-2016,WTSB2YR,ok,,0.48489839225483794
survey_weighted,odds_ratio,1.9993407129601477,0.7493602684950714,5.3343677995202965,0.4604157281236843,15,0.1531483742443734,age+sex+eth+marital+PIR_level+edu+smoke+alcohol.user+PA_level+BMI_level,,X26_DMA_binary_U,AA_urine.rds,heart.attack,Myocardial infarction,binary_above_detection_threshold,1065,27,1038,15,2,2013-2014,WTSA2YR,ok,,0.48551293111514116
survey_weighted,odds_ratio,0.5550831417974439,0.24185267546981876,1.2739875368720979,0.4067964307498518,30,0.1582641072862146,age+sex+eth+marital+PIR_level+edu+smoke+alcohol.user+PA_level+BMI_level,,PFUnDA_binary_S,PFC_serum.rds,heart.attack,Myocardial infarction,binary_above_detection_threshold,2071,81,1990,30,4,2013-2014|2015-2016,WTSB2YR,ok,,0.49127816636762445
survey_weighted,odds_ratio,1.3840191418203758,0.8655356479710092,2.2130908061563384,0.22984122610155863,30,0.16766108117417666,age+sex+eth+marital+PIR_level+edu+smoke+alcohol.user+PA_level+BMI_level,,Sb_ln_U,HM_urine.rds,heart.attack,Myocardial infarction,natural_log_transformed,2231,68,2163,30,4,2013-2014|2015-2016,WTSA2YR,ok,,0.5042958996542575
survey_weighted,odds_ratio,1.7495725940020437,0.7663249726822859,3.9943945072922933,0.3873047244837996,15,0.16922681196451594,age+sex+eth+marital+PIR_level+edu+smoke+alcohol.user+PA_level+BMI_level,,TTCA_binary_U,VOC_urine.rds,heart.attack,Myocardial infarction,binary_above_detection_threshold,1171,30,1141,15,2,2013-2014,WTSA2YR,ok,,0.5042958996542575
survey_weighted,odds_ratio,1.6493806626049816,0.7779161102529771,3.497107894179696,0.3679902978610386,30,0.18402028612254878,age+sex+eth+marital+PIR_level+edu+smoke+alcohol.user+PA_level+BMI_level,,MEHP_binary_U,Phthalates_urine.rds,heart.attack,Myocardial infarction,binary_above_detection_threshold,2143,83,2060,30,4,2013-2014|2015-2016,WTSB2YR,ok,,0.5376278947501915
survey_weighted,odds_ratio,1.5725672150476646,0.7731557604783745,3.1985374387079113,0.3476442136721368,30,0.20275061318879353,age+sex+eth+marital+PIR_level+edu+smoke+alcohol.user+PA_level+BMI_level,,Benzene_binary_S,VOC_serum.rds,heart.attack,Myocardial infarction,binary_above_detection_threshold,3080,95,2985,30,4,2013-2014|2015-2016,WTSVOC2Y,ok,,0.580958487790966
survey_weighted,odds_ratio,0.91160763612409,0.7839576213068707,1.0600426090053345,0.07386610393443958,30,0.21992630984877176,age+sex+eth+marital+PIR_level+edu+smoke+alcohol.user+PA_level+BMI_level,,PrP_ln_U,PCCP_urine.rds,heart.attack,Myocardial infarction,natural_log_transformed,2142,83,2059,30,4,2013-2014|2015-2016,WTSB2YR,ok,,0.617309084437303
survey_weighted,odds_ratio,0.8111133064220839,0.5749439389540423,1.1442938194145476,0.16850602705317133,30,0.22372275543365347,age+sex+eth+marital+PIR_level+edu+smoke+alcohol.user+PA_level+BMI_level,,HIBP_ln_U,Phthalates_urine.rds,heart.attack,Myocardial infarction,natural_log_transformed,2041,80,1961,30,4,2013-2014|2015-2016,WTSB2YR|WTSSBH2Y,ok,,0.617309084437303
survey_weighted,odds_ratio,0.5750036425399138,0.22100760711466994,1.496008183838766,0.4486051548170665,15,0.2363496317891234,age+sex+eth+marital+PIR_level+edu+smoke+alcohol.user+PA_level+BMI_level,,n_PFOA_ln_S,PFC_serum.rds,heart.attack,Myocardial infarction,natural_log_transformed,995,43,952,15,2,2015-2016,WTSB2YR,ok,,0.6286177242595277
survey_weighted,odds_ratio,2.758230876748755,0.4774371891589325,15.934740196616012,0.8228729410554512,15,0.23655622285435848,age+sex+eth+marital+PIR_level+edu+smoke+alcohol.user+PA_level+BMI_level,,DPCP_binary_U,BFR_urine.rds,heart.attack,Myocardial infarction,binary_above_detection_threshold,1047,35,1012,15,2,2013-2014,WTSSCH2Y,ok,,0.6286177242595277
survey_weighted,odds_ratio,0.763496045911262,0.4818862082631351,1.209676064860158,0.2253371926894951,30,0.24047792136102736,age+sex+eth+marital+PIR_level+edu+smoke+alcohol.user+PA_level+BMI_level,,PFHS_ln_S,PFC_serum.rds,heart.attack,Myocardial infarction,natural_log_transformed,2071,81,1990,30,4,2013-2014|2015-2016,WTSB2YR,ok,,0.6286177242595277
survey_weighted,odds_ratio,1.2830846361195298,0.8280366967491463,1.9882043753729128,0.2144497690782938,30,0.25425442666127157,age+sex+eth+marital+PIR_level+edu+smoke+alcohol.user+PA_level+BMI_level,,MiBP_ln_U,Phthalates_urine.rds,heart.attack,Myocardial infarction,natural_log_transformed,2142,83,2059,30,4,2013-2014|2015-2016,WTSB2YR,ok,,0.6531708546987839
survey_weighted,odds_ratio,0.39909197650336836,0.07420725331902413,2.146345519953813,0.7892891541159281,15,0.2626891469071319,age+sex+eth+marital+PIR_level+edu+smoke+alcohol.user+PA_level+BMI_level,,MDA_binary_U,pesticides_urine.rds,heart.attack,Myocardial infarction,binary_above_detection_threshold,1034,47,987,15,2,2015-2016,WTSB2YR,ok,,0.6634014049010619
survey_weighted,odds_ratio,1.6658688307128602,0.6553745277039904,4.234401618968713,0.45679273274283005,30,0.2727600128618029,age+sex+eth+marital+PIR_level+edu+smoke+alcohol.user+PA_level+BMI_level,,AsC_binary_U,HM_urine.rds,heart.attack,Myocardial infarction,binary_above_detection_threshold,2233,69,2164,30,4,2013-2014|2015-2016,WTSA2YR,ok,,0.6773540319401439
survey_weighted,odds_ratio,1.6761760221770579,0.6259764372134864,4.488293632629362,0.4621069133852122,15,0.28126133920712204,age+sex+eth+marital+PIR_level+edu+smoke+alcohol.user+PA_level+BMI_level,,NDMA_binary_U,pesticides_urine.rds,heart.attack,Myocardial infarction,binary_above_detection_threshold,889,45,844,15,2,2015-2016,WTSSBI2Y,ok,,0.6870154023255931
survey_weighted,odds_ratio,1.2841851501843355,0.8009762626541,2.0589018387254487,0.2311387779679586,30,0.28781244531780237,age+sex+eth+marital+PIR_level+edu+smoke+alcohol.user+PA_level+BMI_level,,X2_HPMA_ln_U,VOC_urine.rds,heart.attack,Myocardial infarction,natural_log_transformed,2198,67,2131,30,4,2013-2014|2015-2016,WTSA2YR,ok,,0.6916782960056863
survey_weighted,odds_ratio,0.7945067002560272,0.5051273849998987,1.249666748421979,0.21248955913257359,15,0.2960977053319124,age+sex+eth+marital+PIR_level+edu+smoke+alcohol.user+PA_level+BMI_level,,Harman_ln_U,AA_urine.rds,heart.attack,Myocardial infarction,natural_log_transformed,1155,30,1125,15,2,2013-2014,WTSA2YR,ok,,0.7002945729278562
survey_weighted,odds_ratio,1.094620614752728,0.9160483947986487,1.3080032638504957,0.08720379844164398,30,0.3081409130320679,age+sex+eth+marital+PIR_level+edu+smoke+alcohol.user+PA_level+BMI_level,,BP3_ln_U,PCCP_urine.rds,heart.attack,Myocardial infarction,natural_log_transformed,2142,83,2059,30,4,2013-2014|2015-2016,WTSB2YR,ok,,0.7147965662982401
survey_weighted,odds_ratio,1.70864373570363,0.5739569194341797,5.0865549603223394,0.5118117197762893,15,0.3118240054321182,age+sex+eth+marital+PIR_level+edu+smoke+alcohol.user+PA_level+BMI_level,,TBPPP_binary_U,BFR_urine.rds,heart.attack,Myocardial infarction,binary_above_detection_threshold,898,45,853,15,2,2015-2016,WTSSBI2Y,ok,,0.7147965662982401
survey_weighted,odds_ratio,1.2573394244298999,0.7823842095254158,2.020621593557808,0.23229381645366598,30,0.3321100665924883,age+sex+eth+marital+PIR_level+edu+smoke+alcohol.user+PA_level+BMI_level,,Sr_ln_U,HM_urine.rds,heart.attack,Myocardial infarction,natural_log_transformed,2231,68,2163,30,4,2013-2014|2015-2016,WTSA2YR,ok,,0.7406823641544098
survey_weighted,odds_ratio,0.8051831100040758,0.5135123019526824,1.2625205631306866,0.2202427643097444,30,0.3330585127405735,age+sex+eth+marital+PIR_level+edu+smoke+alcohol.user+PA_level+BMI_level,,X2_MHA_ln_U,VOC_urine.rds,heart.attack,Myocardial infarction,natural_log_transformed,2092,63,2029,30,4,2013-2014|2015-2016,WTSA2YR,ok,,0.7406823641544098
survey_weighted,odds_ratio,0.5858617529956152,0.18206659697370675,1.885211232199081,0.5483176039545463,15,0.34496877244703694,age+sex+eth+marital+PIR_level+edu+smoke+alcohol.user+PA_level+BMI_level,,PFBA_binary_U,PFC_urine.rds,heart.attack,Myocardial infarction,binary_above_detection_threshold,1012,34,978,15,2,2013-2014,WTSSBH2Y,ok,,0.7558874572736546
survey_weighted,odds_ratio,0.6383430602314885,0.22337632532628326,1.824194493084697,0.49263091698635103,15,0.37660731858616103,age+sex+eth+marital+PIR_level+edu+smoke+alcohol.user+PA_level+BMI_level,,DMDTP_binary_U,pesticides_urine.rds,heart.attack,Myocardial infarction,binary_above_detection_threshold,1033,46,987,15,2,2015-2016,WTSB2YR,ok,,0.8132534850628694
survey_weighted,odds_ratio,0.7507617348987137,0.3836082430653261,1.4693197885535052,0.328783999456992,30,0.3901873923915633,age+sex+eth+marital+PIR_level+edu+smoke+alcohol.user+PA_level+BMI_level,,CMAC_ln_U,VOC_urine.rds,heart.attack,Myocardial infarction,natural_log_transformed,2196,67,2129,30,4,2013-2014|2015-2016,WTSA2YR,ok,,0.8155949472613067
survey_weighted,odds_ratio,1.3527093896864861,0.6533105798232707,2.800846564341538,0.3563736939785059,30,0.40329997216793834,age+sex+eth+marital+PIR_level+edu+smoke+alcohol.user+PA_level+BMI_level,,MINP_binary_U,Phthalates_urine.rds,heart.attack,Myocardial infarction,binary_above_detection_threshold,2143,83,2060,30,4,2013-2014|2015-2016,WTSB2YR,ok,,0.8155949472613067
survey_weighted,odds_ratio,0.8812306539663425,0.6492139483838001,1.1961657130491272,0.14961621750880197,30,0.40476237181497177,age+sex+eth+marital+PIR_level+edu+smoke+alcohol.user+PA_level+BMI_level,,PNP_ln_U,pesticides_urine.rds,heart.attack,Myocardial infarction,natural_log_transformed,2162,84,2078,30,4,2013-2014|2015-2016,WTSB2YR|WTSC2YR,ok,,0.8155949472613067
survey_weighted,odds_ratio,1.427020740269584,0.5977547768053628,3.406728431419341,0.42607613457573973,30,0.410558610729023,age+sex+eth+marital+PIR_level+edu+smoke+alcohol.user+PA_level+BMI_level,,Ethylbenzene_binary_S,VOC_serum.rds,heart.attack,Myocardial infarction,binary_above_detection_threshold,3094,97,2997,30,4,2013-2014|2015-2016,WTSVOC2Y,ok,,0.8155949472613067
survey_weighted,odds_ratio,1.276608099050713,0.6946574533868829,2.346089040887629,0.29797349708215826,30,0.4189317367725687,age+sex+eth+marital+PIR_level+edu+smoke+alcohol.user+PA_level+BMI_level,,PMM_Cys_ln_U,VOC_urine.rds,heart.attack,Myocardial infarction,natural_log_transformed,2190,66,2124,30,4,2013-2014|2015-2016,WTSA2YR,ok,,0.8155949472613067
survey_weighted,odds_ratio,0.891791294344086,0.6683080361766965,1.1900077054551983,0.14125584963648508,30,0.42389480525714607,age+sex+eth+marital+PIR_level+edu+smoke+alcohol.user+PA_level+BMI_level,,DEA_ln_U,pesticides_urine.rds,heart.attack,Myocardial infarction,natural_log_transformed,2178,83,2095,30,4,2013-2014|2015-2016,WTSB2YR|WTSC2YR,ok,,0.8155949472613067
survey_weighted,odds_ratio,0.8793325611167044,0.633433255650737,1.2206901771295766,0.16060958433372113,30,0.4296295348222643,age+sex+eth+marital+PIR_level+edu+smoke+alcohol.user+PA_level+BMI_level,,BDCPP_ln_U,BFR_urine.rds,heart.attack,Myocardial infarction,natural_log_transformed,1934,77,1857,30,4,2013-2014|2015-2016,WTSSBI2Y|WTSSCH2Y,ok,,0.8155949472613067
survey_weighted,odds_ratio,0.6355948724914853,0.19180618672023492,2.1061929692951287,0.5620944450228172,15,0.4326907508195298,age+sex+eth+marital+PIR_level+edu+smoke+alcohol.user+PA_level+BMI_level,,A_a_C_binary_U,AA_urine.rds,heart.attack,Myocardial infarction,binary_above_detection_threshold,1155,30,1125,15,2,2013-2014,WTSA2YR,ok,,0.8155949472613067
survey_weighted,odds_ratio,1.2519717570724833,0.7029772956423477,2.229706834379216,0.2826020575611706,30,0.43275496193243124,age+sex+eth+marital+PIR_level+edu+smoke+alcohol.user+PA_level+BMI_level,,DMA_ln_U,HM_urine.rds,heart.attack,Myocardial infarction,natural_log_transformed,2232,69,2163,30,4,2013-2014|2015-2016,WTSA2YR,ok,,0.8155949472613067
survey_weighted,odds_ratio,1.3642107582962637,0.613060788042613,3.0357038475634925,0.39165550268602944,30,0.4340148215740848,age+sex+eth+marital+PIR_level+edu+smoke+alcohol.user+PA_level+BMI_level,,MHNCH_binary_U,Phthalates_urine.rds,heart.attack,Myocardial infarction,binary_above_detection_threshold,2143,83,2060,30,4,2013-2014|2015-2016,WTSB2YR,ok,,0.8155949472613067
survey_weighted,odds_ratio,0.8964587432378773,0.6748764591603253,1.1907931702455785,0.13902289121217842,30,0.43790332738862103,age+sex+eth+marital+PIR_level+edu+smoke+alcohol.user+PA_level+BMI_level,,X3PBA_ln_U,pesticides_urine.rds,heart.attack,Myocardial infarction,natural_log_transformed,2183,83,2100,30,4,2013-2014|2015-2016,WTSB2YR|WTSC2YR,ok,,0.8155949472613067
survey_weighted,odds_ratio,0.8118437019971786,0.4621121253001389,1.4262560110155273,0.2759182681916098,30,0.45585909802678404,age+sex+eth+marital+PIR_level+edu+smoke+alcohol.user+PA_level+BMI_level,,GAM_Cys_binary_U,VOC_urine.rds,heart.attack,Myocardial infarction,binary_above_detection_threshold,2219,68,2151,30,4,2013-2014|2015-2016,WTSA2YR,ok,,0.8232374408147682
survey_weighted,odds_ratio,1.2514053103664124,0.6814813076155135,2.2979577477960564,0.2975869467157294,30,0.45695237288178836,age+sex+eth+marital+PIR_level+edu+smoke+alcohol.user+PA_level+BMI_level,,As_III_binary_U,HM_urine.rds,heart.attack,Myocardial infarction,binary_above_detection_threshold,2233,69,2164,30,4,2013-2014|2015-2016,WTSA2YR,ok,,0.8232374408147682
survey_weighted,odds_ratio,0.7961465080263045,0.4127556107402162,1.5356526858732789,0.3082069426988915,15,0.4709176187129889,age+sex+eth+marital+PIR_level+edu+smoke+alcohol.user+PA_level+BMI_level,,o_ANS_ln_U,AA_urine.rds,heart.attack,Myocardial infarction,natural_log_transformed,1048,27,1021,15,2,2013-2014,WTSA2YR,ok,,0.8232374408147682
survey_weighted,odds_ratio,0.8210132588600018,0.46316747138854975,1.4553327097931088,0.268573357607075,15,0.47408337489679275,age+sex+eth+marital+PIR_level+edu+smoke+alcohol.user+PA_level+BMI_level,,X4_ABP_ln_U,AA_urine.rds,heart.attack,Myocardial infarction,natural_log_transformed,1120,27,1093,15,2,2013-2014,WTSA2YR,ok,,0.8232374408147682
survey_weighted,odds_ratio,0.8916993089116036,0.6450947256407149,1.23257504039225,0.15851548584866745,30,0.4752044580500844,age+sex+eth+marital+PIR_level+edu+smoke+alcohol.user+PA_level+BMI_level,,THg_ln_S,HM_serum.rds,heart.attack,Myocardial infarction,natural_log_transformed,3256,103,3153,30,4,2013-2014|2015-2016,WTSH2YR,ok,,0.8232374408147682
survey_weighted,odds_ratio,1.1129994845183913,0.8124648388247304,1.5247033389532798,0.1476653532851176,15,0.4796051008907173,age+sex+eth+marital+PIR_level+edu+smoke+alcohol.user+PA_level+BMI_level,,DMTP_ln_U,pesticides_urine.rds,heart.attack,Myocardial infarction,natural_log_transformed,1037,46,991,15,2,2015-2016,WTSB2YR,ok,,0.8232374408147682
survey_weighted,odds_ratio,1.1167080376648129,0.806584567088772,1.5460707931545992,0.15263398368057865,15,0.4806822640998982,age+sex+eth+marital+PIR_level+edu+smoke+alcohol.user+PA_level+BMI_level,,DMP_ln_U,pesticides_urine.rds,heart.attack,Myocardial infarction,natural_log_transformed,1029,47,982,15,2,2015-2016,WTSB2YR,ok,,0.8232374408147682
survey_weighted,odds_ratio,1.2515856483355463,0.6456219662658617,2.4262907970427574,0.3241254133747224,30,0.4940363751950878,age+sex+eth+marital+PIR_level+edu+smoke+alcohol.user+PA_level+BMI_level,,PMA_binary_U,VOC_urine.rds,heart.attack,Myocardial infarction,binary_above_detection_threshold,2183,67,2116,30,4,2013-2014|2015-2016,WTSA2YR,ok,,0.8350255635501916
survey_weighted,odds_ratio,1.1138903608554112,0.8074756438331122,1.536581004619174,0.1575211491028838,30,0.49877365876487956,age+sex+eth+marital+PIR_level+edu+smoke+alcohol.user+PA_level+BMI_level,,Toluene_ln_S,VOC_serum.rds,heart.attack,Myocardial infarction,natural_log_transformed,3097,93,3004,30,4,2013-2014|2015-2016,WTSVOC2Y,ok,,0.8350255635501916
survey_weighted,odds_ratio,1.2832076059832764,0.59988592200798585,2.744891486270636,0.3723198904985438,30,0.5081370063878716,age+sex+eth+marital+PIR_level+edu+smoke+alcohol.user+PA_level+BMI_level,,o_Xylene_binary_S,VOC_serum.rds,heart.attack,Myocardial infarction,binary_above_detection_threshold,3152,98,3054,30,4,2013-2014|2015-2016,WTSVOC2Y,ok,,0.8412490439088096
survey_weighted,odds_ratio,0.8941344660130789,0.6264418349665194,1.276218155760977,0.17421781476044734,30,0.5255604688747959,age+sex+eth+marital+PIR_level+edu+smoke+alcohol.user+PA_level+BMI_level,,MEHHP_ln_U,Phthalates_urine.rds,heart.attack,Myocardial infarction,natural_log_transformed,2142,83,2059,30,4,2013-2014|2015-2016,WTSB2YR,ok,,0.86053307541038
survey_weighted,odds_ratio,0.8698737127884285,0.5526806988091777,1.3691092846750237,0.2220896655632846,30,0.5349451303998998,age+sex+eth+marital+PIR_level+edu+smoke+alcohol.user+PA_level+BMI_level,,Perchlorate_ln_U,PERNT_urine.rds,heart.attack,Myocardial infarction,natural_log_transformed,2221,68,2153,30,4,2013-2014|2015-2016,WTSA2YR,ok,,0.8641054323324848
survey_weighted,odds_ratio,1.0379059061648772,0.9169872653293573,1.1747694987509079,0.060651469506916404,30,0.5442186551983117,age+sex+eth+marital+PIR_level+edu+smoke+alcohol.user+PA_level+BMI_level,,X24_DCP_ln_U,PCCP_urine.rds,heart.attack,Myocardial infarction,natural_log_transformed,2142,83,2059,30,4,2013-2014|2015-2016,WTSB2YR,ok,,0.8641054323324848
survey_weighted,odds_ratio,1.1144330824248618,0.7722656391110106,1.6082045248480246,0.17959039904438306,30,0.5508474350758359,age+sex+eth+marital+PIR_level+edu+smoke+alcohol.user+PA_level+BMI_level,,MnBP_ln_U,Phthalates_urine.rds,heart.attack,Myocardial infarction,natural_log_transformed,2142,83,2059,30,4,2013-2014|2015-2016,WTSB2YR,ok,,0.8641054323324848
survey_weighted,odds_ratio,0.9125454337106135,0.6693859266400989,1.244034473156501,0.15173152285079466,30,0.5509397051784299,age+sex+eth+marital+PIR_level+edu+smoke+alcohol.user+PA_level+BMI_level,,MCPP_ln_U,Phthalates_urine.rds,heart.attack,Myocardial infarction,natural_log_transformed,2142,83,2059,30,4,2013-2014|2015-2016,WTSB2YR,ok,,0.8641054323324848
survey_weighted,odds_ratio,0.8047741892181249,0.377646568194707,1.7149937274096163,0.3704711249430363,30,0.5620842691343955,age+sex+eth+marital+PIR_level+edu+smoke+alcohol.user+PA_level+BMI_level,,IHg_binary_S,HM_serum.rds,heart.attack,Myocardial infarction,binary_above_detection_threshold,3251,103,3148,30,4,2013-2014|2015-2016,WTSH2YR,ok,,0.8672169189266239
survey_weighted,odds_ratio,0.8751981423941365,0.5483794641197454,1.3967915258819539,0.22890325315979887,30,0.5646732578195467,age+sex+eth+marital+PIR_level+edu+smoke+alcohol.user+PA_level+BMI_level,,MHBP_ln_U,Phthalates_urine.rds,heart.attack,Myocardial infarction,natural_log_transformed,2041,80,1961,30,4,2013-2014|2015-2016,WTSB2YR|WTSSBH2Y,ok,,0.8672169189266239
survey_weighted,odds_ratio,0.8761607745397494,0.5390910510216008,1.4239852458825817,0.2278567302784609,15,0.5703842822470412,age+sex+eth+marital+PIR_level+edu+smoke+alcohol.user+PA_level+BMI_level,,X1_AN_ln_U,AA_urine.rds,heart.attack,Myocardial infarction,natural_log_transformed,1109,27,1082,15,2,2013-2014,WTSA2YR,ok,,0.8672169189266239
survey_weighted,odds_ratio,0.8146525389766491,0.3544356522216076,1.8724379308381605,0.39045488035801057,15,0.6072480979255774,age+sex+eth+marital+PIR_level+edu+smoke+alcohol.user+PA_level+BMI_level,,X4_MDA_binary_U,AA_urine.rds,heart.attack,Myocardial infarction,binary_above_detection_threshold,1008,38,970,15,2,2015-2016,WTSA2YR,ok,,0.9014964314638756
survey_weighted,odds_ratio,0.6266035952548656,0.09525628831464768,4.12184930289739,0.9223759932371786,30,0.6160144003679103,age+sex+eth+marital+PIR_level+edu+smoke+alcohol.user+PA_level+BMI_level,,FA_ln_S,gas_serum.rds,heart.attack,Myocardial infarction,natural_log_transformed,1966,60,1906,30,4,2013-2014|2015-2016,WTSA2YR,ok,,0.9014964314638756
survey_weighted,odds_ratio,1.1953512248948945,0.5801907627160677,2.462749569070576,0.35393827121288557,30,0.6178346189023309,age+sex+eth+marital+PIR_level+edu+smoke+alcohol.user+PA_level+BMI_level,,X14_DCB_binary_S,VOC_serum.rds,heart.attack,Myocardial infarction,binary_above_detection_threshold,3130,95,3035,30,4,2013-2014|2015-2016,WTSVOC2Y,ok,,0.9014964314638756
survey_weighted,odds_ratio,1.260478610022442,0.4725600741966363,3.3621256070460825,0.4602885858030598,15,0.6223194101148082,age+sex+eth+marital+PIR_level+edu+smoke+alcohol.user+PA_level+BMI_level,,DETP_binary_U,pesticides_urine.rds,heart.attack,Myocardial infarction,binary_above_detection_threshold,1033,46,987,15,2,2015-2016,WTSB2YR,ok,,0.9014964314638756
survey_weighted,odds_ratio,0.8284240959106548,0.38192436921570816,1.7969172380769873,0.3791377645722672,30,0.6231820969179811,age+sex+eth+marital+PIR_level+edu+smoke+alcohol.user+PA_level+BMI_level,,X4FPBA_binary_U,pesticides_urine.rds,heart.attack,Myocardial infarction,binary_above_detection_threshold,2204,84,2120,30,4,2013-2014|2015-2016,WTSB2YR|WTSC2YR,ok,,0.9014964314638756
survey_weighted,odds_ratio,1.1440777117989775,0.633863389805896,2.064977772317794,0.27705119411800916,15,0.6341104858639115,age+sex+eth+marital+PIR_level+edu+smoke+alcohol.user+PA_level+BMI_level,,n_PFOS_ln_S,PFC_serum.rds,heart.attack,Myocardial infarction,natural_log_transformed,995,43,952,15,2,2015-2016,WTSB2YR,ok,,0.9015814811063831
survey_weighted,odds_ratio,1.076420035027427,0.7821973200733243,1.4813143206625035,0.15634005860160632,30,0.6410270321114149,age+sex+eth+marital+PIR_level+edu+smoke+alcohol.user+PA_level+BMI_level,,MEOHP_ln_U,Phthalates_urine.rds,heart.attack,Myocardial infarction,natural_log_transformed,2142,83,2059,30,4,2013-2014|2015-2016,WTSB2YR,ok,,0.9015814811063831
survey_weighted,odds_ratio,1.0838470966591942,0.7628965596375782,1.5398215054143505,0.17194065597054578,30,0.6429670454938621,age+sex+eth+marital+PIR_level+edu+smoke+alcohol.user+PA_level+BMI_level,,BCETP_ln_U,BFR_urine.rds,heart.attack,Myocardial infarction,natural_log_transformed,1940,80,1860,30,4,2013-2014|2015-2016,WTSSBI2Y|WTSSCH2Y,ok,,0.9015814811063831
survey_weighted,odds_ratio,0.9052978035305251,0.5819897831896322,1.4082104819529986,0.21633306563044713,30,0.6489046393715087,age+sex+eth+marital+PIR_level+edu+smoke+alcohol.user+PA_level+BMI_level,,Mo_ln_U,HM_urine.rds,heart.attack,Myocardial infarction,natural_log_transformed,2230,68,2162,30,4,2013-2014|2015-2016,WTSA2YR,ok,,0.9015814811063831
survey_weighted,odds_ratio,1.1894113412919234,0.5440848740145072,2.600144584714427,0.3829599410321993,30,0.6538496946138579,age+sex+eth+marital+PIR_level+edu+smoke+alcohol.user+PA_level+BMI_level,,AsB_binary_U,HM_urine.rds,heart.attack,Myocardial infarction,binary_above_detection_threshold,2233,69,2164,30,4,2013-2014|2015-2016,WTSA2YR,ok,,0.9015814811063831
survey_weighted,odds_ratio,0.9268972037253744,0.6529664901120085,1.3157465800833723,0.1715328705828206,30,0.6612626321556114,age+sex+eth+marital+PIR_level+edu+smoke+alcohol.user+PA_level+BMI_level,,DPHP_ln_U,BFR_urine.rds,heart.attack,Myocardial infarction,natural_log_transformed,1942,80,1862,30,4,2013-2014|2015-2016,WTSSBI2Y|WTSSCH2Y,ok,,0.9015814811063831
survey_weighted,odds_ratio,1.2030990498521639,0.5065176291846791,2.8576445129561954,0.4235952537304884,30,0.6655970665886051,age+sex+eth+marital+PIR_level+edu+smoke+alcohol.user+PA_level+BMI_level,,BuP_binary_U,PCCP_urine.rds,heart.attack,Myocardial infarction,binary_above_detection_threshold,2144,83,2061,30,4,2013-2014|2015-2016,WTSB2YR,ok,,0.9015814811063831
survey_weighted,odds_ratio,1.1074205506605923,0.6727751103218933,1.8228680835690256,0.24403093057058653,30,0.6788394407337681,age+sex+eth+marital+PIR_level+edu+smoke+alcohol.user+PA_level+BMI_level,,Cd_ln_S,HM_serum.rds,heart.attack,Myocardial infarction,natural_log_transformed,3256,103,3153,30,4,2013-2014|2015-2016,WTSH2YR,ok,,0.911234924948932
survey_weighted,odds_ratio,1.175324515683054,0.49725540778671845,2.778024523281016,0.4211954072482239,30,0.7040258453118402,age+sex+eth+marital+PIR_level+edu+smoke+alcohol.user+PA_level+BMI_level,,HEMA_binary_U,VOC_urine.rds,heart.attack,Myocardial infarction,binary_above_detection_threshold,2202,67,2135,30,4,2013-2014|2015-2016,WTSA2YR,ok,,0.9120466883555495
survey_weighted,odds_ratio,0.9197353982122289,0.5851238897079538,1.4456993084777623,0.22145057803240312,30,0.7082217261922172,age+sex+eth+marital+PIR_level+edu+smoke+alcohol.user+PA_level+BMI_level,,MCNP_ln_U,Phthalates_urine.rds,heart.attack,Myocardial infarction,natural_log_transformed,2142,83,2059,30,4,2013-2014|2015-2016,WTSB2YR,ok,,0.9120466883555495
survey_weighted,odds_ratio,1.1452632103751563,0.5490901368271375,2.3887295237498165,0.35995547688571655,30,0.7089677090880597,age+sex+eth+marital+PIR_level+edu+smoke+alcohol.user+PA_level+BMI_level,,TCC_binary_U,PCCP_urine.rds,heart.attack,Myocardial infarction,binary_above_detection_threshold,2144,83,2061,30,4,2013-2014|2015-2016,WTSB2YR,ok,,0.9120466883555495
survey_weighted,odds_ratio,0.9278062774667303,0.6077789871824146,1.4163446033192808,0.20712792213490014,30,0.720060899191461,age+sex+eth+marital+PIR_level+edu+smoke+alcohol.user+PA_level+BMI_level,,TCPY_ln_U,pesticides_urine.rds,heart.attack,Myocardial infarction,natural_log_transformed,2181,83,2098,30,4,2013-2014|2015-2016,WTSB2YR|WTSC2YR,ok,,0.9120466883555495
survey_weighted,odds_ratio,1.085285825382187,0.6833000788821303,1.723759968976491,0.226543988367899,30,0.7204300356760979,age+sex+eth+marital+PIR_level+edu+smoke+alcohol.user+PA_level+BMI_level,,Pb_ln_U,HM_urine.rds,heart.attack,Myocardial infarction,natural_log_transformed,2231,68,2163,30,4,2013-2014|2015-2016,WTSA2YR,ok,,0.9120466883555495
survey_weighted,odds_ratio,1.0495004962606904,0.7980016505317207,1.3802619216608412,0.1341441713550707,30,0.7212454865699376,age+sex+eth+marital+PIR_level+edu+smoke+alcohol.user+PA_level+BMI_level,,Ba_ln_U,HM_urine.rds,heart.attack,Myocardial infarction,natural_log_transformed,2231,68,2163,30,4,2013-2014|2015-2016,WTSA2YR,ok,,0.9120466883555495
survey_weighted,odds_ratio,1.131256133678304,0.5517005414728722,2.319628754701361,0.351607599211124,30,0.728222224457848,age+sex+eth+marital+PIR_level+edu+smoke+alcohol.user+PA_level+BMI_level,,CEMA_CEM_ln_U,VOC_urine.rds,heart.attack,Myocardial infarction,natural_log_transformed,2207,68,2139,30,4,2013-2014|2015-2016,WTSA2YR,ok,,0.9120466883555495
survey_weighted,odds_ratio,1.2311002621057485,0.3518230140767636,4.307870135596516,0.5876448377272083,15,0.7284131269416805,age+sex+eth+marital+PIR_level+edu+smoke+alcohol.user+PA_level+BMI_level,,MeA_a_C_binary_U,AA_urine.rds,heart.attack,Myocardial infarction,binary_above_detection_threshold,1154,30,1124,15,2,2013-2014,WTSA2YR,ok,,0.9120466883555495
survey_weighted,odds_ratio,1.2132011135899277,0.3655502084408791,4.0264152721824695,0.5873917806885328,30,0.7444281052572521,age+sex+eth+marital+PIR_level+edu+smoke+alcohol.user+PA_level+BMI_level,,MA_ln_U,VOC_urine.rds,heart.attack,Myocardial infarction,natural_log_transformed,2181,67,2114,30,4,2013-2014|2015-2016,WTSA2YR,ok,,0.9177877111044815
survey_weighted,odds_ratio,1.0586606912467276,0.7422154212876308,1.5100231375503448,0.17388491044976717,30,0.7453175372056529,age+sex+eth+marital+PIR_level+edu+smoke+alcohol.user+PA_level+BMI_level,,MECPP_ln_U,Phthalates_urine.rds,heart.attack,Myocardial infarction,natural_log_transformed,2142,83,2059,30,4,2013-2014|2015-2016,WTSB2YR,ok,,0.9177877111044815
survey_weighted,odds_ratio,0.8463108439853303,0.2711699750993033,2.6413029111533164,0.533975051729093,15,0.7589609952035227,age+sex+eth+marital+PIR_level+edu+smoke+alcohol.user+PA_level+BMI_level,,PFHxA_binary_U,PFC_urine.rds,heart.attack,Myocardial infarction,binary_above_detection_threshold,1012,34,978,15,2,2013-2014,WTSSBH2Y,ok,,0.9269277728305317
survey_weighted,odds_ratio,1.094643185828014,0.5757618013450745,2.0811448440664333,0.30143321804689877,15,0.7682982890542367,age+sex+eth+marital+PIR_level+edu+smoke+alcohol.user+PA_level+BMI_level,,Sm_PFOS_ln_S,PFC_serum.rds,heart.attack,Myocardial infarction,natural_log_transformed,995,43,952,15,2,2015-2016,WTSB2YR,ok,,0.9307028054396851
survey_weighted,odds_ratio,1.1422292719934826,0.41070869863647624,3.176674158911734,0.47988606392288036,15,0.7854770367461845,age+sex+eth+marital+PIR_level+edu+smoke+alcohol.user+PA_level+BMI_level,,PhIP_binary_U,AA_urine.rds,heart.attack,Myocardial infarction,binary_above_detection_threshold,1154,30,1124,15,2,2013-2014,WTSA2YR,ok,,0.9318366225774156
survey_weighted,odds_ratio,1.042479996882365,0.7631995330911254,1.4239586068642118,0.15269180002300603,30,0.7871345530446593,age+sex+eth+marital+PIR_level+edu+smoke+alcohol.user+PA_level+BMI_level,,MBzP_ln_U,Phthalates_urine.rds,heart.attack,Myocardial infarction,natural_log_transformed,2142,83,2059,30,4,2013-2014|2015-2016,WTSB2YR,ok,,0.9318366225774156
survey_weighted,odds_ratio,1.098466522990553,0.5216667773097958,2.3130257754834744,0.36461412749270755,30,0.7984942924783666,age+sex+eth+marital+PIR_level+edu+smoke+alcohol.user+PA_level+BMI_level,,BPF_binary_U,PCCP_urine.rds,heart.attack,Myocardial infarction,binary_above_detection_threshold,2143,83,2060,30,4,2013-2014|2015-2016,WTSB2YR,ok,,0.9318366225774156
survey_weighted,odds_ratio,1.0338896884707305,0.7883748793461863,1.3558624404833721,0.13274901315629034,30,0.8034787184067774,age+sex+eth+marital+PIR_level+edu+smoke+alcohol.user+PA_level+BMI_level,,MEP_ln_U,Phthalates_urine.rds,heart.attack,Myocardial infarction,natural_log_transformed,2142,83,2059,30,4,2013-2014|2015-2016,WTSB2YR,ok,,0.9318366225774156
survey_weighted,odds_ratio,1.18147411385825,0.26852878238259176,5.198254985301083,0.725446831101901,30,0.8197482431200663,age+sex+eth+marital+PIR_level+edu+smoke+alcohol.user+PA_level+BMI_level,,DHB_Cys_ln_U,VOC_urine.rds,heart.attack,Myocardial infarction,natural_log_transformed,2097,64,2033,30,4,2013-2014|2015-2016,WTSA2YR,ok,,0.9318366225774156
survey_weighted,odds_ratio,0.8472732400669588,0.1765870962449003,4.0652570804946,0.7357476631679353,15,0.8248197252041547,age+sex+eth+marital+PIR_level+edu+smoke+alcohol.user+PA_level+BMI_level,,PPDA_binary_U,AA_urine.rds,heart.attack,Myocardial infarction,binary_above_detection_threshold,936,36,900,15,2,2015-2016,WTSA2YR,ok,,0.9318366225774156
survey_weighted,odds_ratio,0.9759649085554778,0.7774664100559786,1.2251429649071532,0.11133979214989656,30,0.8285129094884474,age+sex+eth+marital+PIR_level+edu+smoke+alcohol.user+PA_level+BMI_level,,NPMA_ln_U,VOC_urine.rds,heart.attack,Myocardial infarction,natural_log_transformed,2190,68,2122,30,4,2013-2014|2015-2016,WTSA2YR,ok,,0.9318366225774156
survey_weighted,odds_ratio,0.8527127703293862,0.18117248389556903,4.013407847860277,0.7267229186873716,15,0.8294123647401819,age+sex+eth+marital+PIR_level+edu+smoke+alcohol.user+PA_level+BMI_level,,PFHpA_binary_S,PFC_serum.rds,heart.attack,Myocardial infarction,binary_above_detection_threshold,1076,38,1038,15,2,2013-2014,WTSB2YR,ok,,0.9318366225774156
survey_weighted,odds_ratio,1.0152262759157005,0.8806378017798645,1.1703839980824544,0.06963829846912997,30,0.8296772684999003,age+sex+eth+marital+PIR_level+edu+smoke+alcohol.user+PA_level+BMI_level,,X25_DCP_ln_U,PCCP_urine.rds,heart.attack,Myocardial infarction,natural_log_transformed,2142,83,2059,30,4,2013-2014|2015-2016,WTSB2YR,ok,,0.9318366225774156
survey_weighted,odds_ratio,1.1731954283543282,0.242855986690612,5.667504976374966,0.7389421078969901,15,0.8317736295489683,age+sex+eth+marital+PIR_level+edu+smoke+alcohol.user+PA_level+BMI_level,,X5OHIMI_binary_U,pesticides_urine.rds,heart.attack,Myocardial infarction,binary_above_detection_threshold,841,38,803,15,2,2015-2016,WTSSBI2Y,ok,,0.9318366225774156
survey_weighted,odds_ratio,0.9439386622009246,0.5273606962216595,1.6895840065091978,0.2850630621169389,30,0.8409776659091908,age+sex+eth+marital+PIR_level+edu+smoke+alcohol.user+PA_level+BMI_level,,Cs_ln_U,HM_urine.rds,heart.attack,Myocardial infarction,natural_log_transformed,2231,68,2163,30,4,2013-2014|2015-2016,WTSA2YR,ok,,0.9324332856148221
survey_weighted,odds_ratio,0.9350183387505699,0.46576482849058926,1.8770401720393963,0.3412303259208129,30,0.8452316894351788,age+sex+eth+marital+PIR_level+edu+smoke+alcohol.user+PA_level+BMI_level,,PHE_Cys_binary_U,VOC_urine.rds,heart.attack,Myocardial infarction,binary_above_detection_threshold,2171,68,2103,30,4,2013-2014|2015-2016,WTSA2YR,ok,,0.9324332856148221
survey_weighted,odds_ratio,0.9036278228912137,0.2749762707617564,2.9695043868370012,0.55818012298378,15,0.8583662808834249,age+sex+eth+marital+PIR_level+edu+smoke+alcohol.user+PA_level+BMI_level,,IPPPP_binary_U,BFR_urine.rds,heart.attack,Myocardial infarction,binary_above_detection_threshold,897,45,852,15,2,2015-2016,WTSSBI2Y,ok,,0.9324332856148221
survey_weighted,odds_ratio,0.981182230636983,0.7855174720785646,1.2255851765719579,0.108905891082645,30,0.8626949182017942,age+sex+eth+marital+PIR_level+edu+smoke+alcohol.user+PA_level+BMI_level,,MCOP_ln_U,Phthalates_urine.rds,heart.attack,Myocardial infarction,natural_log_transformed,2142,83,2059,30,4,2013-2014|2015-2016,WTSB2YR,ok,,0.9324332856148221
survey_weighted,odds_ratio,0.9264290960747644,0.37640870711131946,2.280156791909915,0.441009705233575,30,0.8635959289586943,age+sex+eth+marital+PIR_level+edu+smoke+alcohol.user+PA_level+BMI_level,,PGA_ln_U,VOC_urine.rds,heart.attack,Myocardial infarction,natural_log_transformed,2183,67,2116,30,4,2013-2014|2015-2016,WTSA2YR,ok,,0.9324332856148221
survey_weighted,odds_ratio,0.9669976252717226,0.6182495222697217,1.5124708933834077,0.219022640497378,30,0.8792486554927855,age+sex+eth+marital+PIR_level+edu+smoke+alcohol.user+PA_level+BMI_level,,X34_MHA_ln_U,VOC_urine.rds,heart.attack,Myocardial infarction,natural_log_transformed,2216,68,2148,30,4,2013-2014|2015-2016,WTSA2YR,ok,,0.9404699057583368
survey_weighted,odds_ratio,1.043268372767472,0.568388826620541,1.9149019942707564,0.2973687424027653,30,0.887681531024336,age+sex+eth+marital+PIR_level+edu+smoke+alcohol.user+PA_level+BMI_level,,EtP_binary_U,PCCP_urine.rds,heart.attack,Myocardial infarction,binary_above_detection_threshold,2144,83,2061,30,4,2013-2014|2015-2016,WTSB2YR,ok,,0.9404699057583368
survey_weighted,odds_ratio,1.0221144097018138,0.7420669518748917,1.4078485288699674,0.15678086420190446,30,0.8899748772612448,age+sex+eth+marital+PIR_level+edu+smoke+alcohol.user+PA_level+BMI_level,,Total_As_ln_U,HM_urine.rds,heart.attack,Myocardial infarction,natural_log_transformed,2230,68,2162,30,4,2013-2014|2015-2016,WTSA2YR,ok,,0.9404699057583368
survey_weighted,odds_ratio,0.9698117825539426,0.5866782460198546,1.6031528354106137,0.23581392222454362,15,0.8983021295089999,age+sex+eth+marital+PIR_level+edu+smoke+alcohol.user+PA_level+BMI_level,,X2_AN_ln_U,AA_urine.rds,heart.attack,Myocardial infarction,natural_log_transformed,1116,24,1092,15,2,2013-2014,WTSA2YR,ok,,0.9425846288509928
survey_weighted,odds_ratio,0.9872413256230749,0.721348276858583,1.351144053830021,0.1536486697161787,30,0.9339517056728655,age+sex+eth+marital+PIR_level+edu+smoke+alcohol.user+PA_level+BMI_level,,W_ln_U,HM_urine.rds,heart.attack,Myocardial infarction,natural_log_transformed,2230,68,2162,30,4,2013-2014|2015-2016,WTSA2YR,ok,,0.9731384905262723
survey_weighted,odds_ratio,0.9891362776617539,0.7341274527475421,1.3327257714240628,0.14598907198359806,30,0.9408532134703149,age+sex+eth+marital+PIR_level+edu+smoke+alcohol.user+PA_level+BMI_level,,ATCA_ln_U,VOC_urine.rds,heart.attack,Myocardial infarction,natural_log_transformed,2165,67,2098,30,4,2013-2014|2015-2016,WTSA2YR,ok,,0.9735217278269231
survey_weighted,odds_ratio,1.0145313113758643,0.5750507064048545,1.7898835186151192,0.27798631809716345,30,0.9589545427171755,age+sex+eth+marital+PIR_level+edu+smoke+alcohol.user+PA_level+BMI_level,,Pb_ln_S,HM_serum.rds,heart.attack,Myocardial infarction,natural_log_transformed,3256,103,3153,30,4,2013-2014|2015-2016,WTSH2YR,ok,,0.9853439465331847
survey_weighted,odds_ratio,1.0154266638124048,0.48349469622264674,2.1325803936148624,0.3481310725127636,15,0.9655048066701003,age+sex+eth+marital+PIR_level+edu+smoke+alcohol.user+PA_level+BMI_level,,Norharman_ln_U,AA_urine.rds,heart.attack,Myocardial infarction,natural_log_transformed,1139,28,1111,15,2,2013-2014,WTSA2YR,ok,,0.9853439465331847
survey_weighted,odds_ratio,1.0099916989261963,0.5506659495191107,1.8524538021474712,0.29700690814252967,30,0.9735180534431327,age+sex+eth+marital+PIR_level+edu+smoke+alcohol.user+PA_level+BMI_level,,BMA_ln_U,VOC_urine.rds,heart.attack,Myocardial infarction,natural_log_transformed,2210,68,2142,30,4,2013-2014|2015-2016,WTSA2YR,ok,,0.986763197027393
survey_weighted,odds_ratio,1.0064435015067863,0.47513328617798467,2.1318828867439064,0.3675233147324168,30,0.986172605277305,age+sex+eth+marital+PIR_level+edu+smoke+alcohol.user+PA_level+BMI_level,,CEMA_AAM_ln_U,VOC_urine.rds,heart.attack,Myocardial infarction,natural_log_transformed,2156,64,2092,30,4,2013-2014|2015-2016,WTSA2YR,ok,,0.9920685611451974
survey_weighted,odds_ratio,1.0022113017586394,0.6390172448748845,1.5718315920713637,0.2203587952845535,30,0.9920685611451974,age+sex+eth+marital+PIR_level+edu+smoke+alcohol.user+PA_level+BMI_level,,GLYP_ln_U,GYLP_urine.rds,heart.attack,Myocardial infarction,natural_log_transformed,1938,78,1860,30,4,2013-2014|2015-2016,WTSSCH2Y|WTSSGL2Y,ok,,0.9920685611451974
same_sample_unweighted,odds_ratio,3.7207703350159838,1.7600594092137782,7.865718516921626,0.38171431077500934,2074,5.770385397549157e-4,age+sex+eth+marital+PIR_level+edu+smoke+alcohol.user+PA_level+BMI_level,,DHB_Cys_ln_U,VOC_urine.rds,CHF,Congestive heart failure,natural_log_transformed,2097,37,2060,30,4,2013-2014|2015-2016,WTSA2YR,ok,,0.08597874242348244
same_sample_unweighted,odds_ratio,1.7876558557837565,1.2495628724842611,2.5574651176731455,0.18260893829620803,2120,0.001466950945161166,age+sex+eth+marital+PIR_level+edu+smoke+alcohol.user+PA_level+BMI_level,,MECPP_ln_U,Phthalates_urine.rds,CHF,Congestive heart failure,natural_log_transformed,2143,51,2092,30,4,2013-2014|2015-2016,WTSB2YR,ok,,0.10928784541450687
same_sample_unweighted,odds_ratio,1.677445112470238,1.1770864824883847,2.3904973400100666,0.18062950773399641,2120,0.004187013425487844,age+sex+eth+marital+PIR_level+edu+smoke+alcohol.user+PA_level+BMI_level,,MEOHP_ln_U,Phthalates_urine.rds,CHF,Congestive heart failure,natural_log_transformed,2143,51,2092,30,4,2013-2014|2015-2016,WTSB2YR,ok,,0.20795500013256288
same_sample_unweighted,odds_ratio,6.797892431499052,1.6952750652507107,27.25890473909494,0.707732866541637,1027,0.006766926868242838,age+sex+eth+marital+PIR_level+edu+smoke+alcohol.user+PA_level+BMI_level,,CYHA_Cys_binary_U,VOC_urine.rds,CHF,Congestive heart failure,binary_above_detection_threshold,1050,26,1024,15,2,2015-2016,WTSA2YR,ok,,0.25206802584204574
same_sample_unweighted,odds_ratio,4.575127799683632,1.3354972774710054,15.673408502244166,0.6275792455736147,1148,0.015392243373180785,age+sex+eth+marital+PIR_level+edu+smoke+alcohol.user+PA_level+BMI_level,,TTCA_binary_U,VOC_urine.rds,CHF,Congestive heart failure,binary_above_detection_threshold,1171,15,1156,15,2,2013-2014,WTSA2YR,ok,,0.3022678742562682
same_sample_unweighted,odds_ratio,2.6890543936500433,1.1931883681120667,6.060244740275117,0.41409027630803363,1026,0.01690230677646054,age+sex+eth+marital+PIR_level+edu+smoke+alcohol.user+PA_level+BMI_level,,IPM1_Cys_ln_U,VOC_urine.rds,CHF,Congestive heart failure,natural_log_transformed,1049,26,1023,15,2,2015-2016,WTSA2YR,ok,,0.3022678742562682
same_sample_unweighted,odds_ratio,1.5036732159272772,1.0690287117191741,2.115034999070293,0.17396526777357546,2120,0.01903812030092011,age+sex+eth+marital+PIR_level+edu+smoke+alcohol.user+PA_level+BMI_level,,MEHHP_ln_U,Phthalates_urine.rds,CHF,Congestive heart failure,natural_log_transformed,2143,51,2092,30,4,2013-2014|2015-2016,WTSB2YR,ok,,0.3022678742562682
same_sample_unweighted,odds_ratio,1.8629345358228535,1.1038906581826895,3.143902939150657,0.26685123673643923,2160,0.019729123328458862,age+sex+eth+marital+PIR_level+edu+smoke+alcohol.user+PA_level+BMI_level,,PGA_ln_U,VOC_urine.rds,CHF,Congestive heart failure,natural_log_transformed,2183,41,2142,30,4,2013-2014|2015-2016,WTSA2YR,ok,,0.3022678742562682
same_sample_unweighted,odds_ratio,1.276849274131501,1.0379841098852371,1.57068307050519,0.10561384244973115,2166,0.020665069599483853,age+sex+eth+marital+PIR_level+edu+smoke+alcohol.user+PA_level+BMI_level,,CEMA_CYM_ln_U,VOC_urine.rds,CHF,Congestive heart failure,natural_log_transformed,2189,41,2148,30,4,2013-2014|2015-2016,WTSA2YR,ok,,0.3022678742562682
same_sample_unweighted,odds_ratio,1.7390288742268862,1.0831639917732105,2.7920254443133605,0.24127073754979347,1026,0.021825813988526236,age+sex+eth+marital+PIR_level+edu+smoke+alcohol.user+PA_level+BMI_level,,IPM3_Cys_ln_U,VOC_urine.rds,CHF,Congestive heart failure,natural_log_transformed,1049,26,1023,15,2,2015-2016,WTSA2YR,ok,,0.3022678742562682
same_sample_unweighted,odds_ratio,1.8913151181995764,1.094643056001552,3.2677984450898534,0.2788985204789791,3107,0.022315077965227855,age+sex+eth+marital+PIR_level+edu+smoke+alcohol.user+PA_level+BMI_level,,X14_DCB_binary_S,VOC_serum.rds,CHF,Congestive heart failure,binary_above_detection_threshold,3130,65,3065,30,4,2013-2014|2015-2016,WTSVOC2Y,ok,,0.3022678742562682
same_sample_unweighted,odds_ratio,1.5502262861772522,1.054613448369159,2.278751083699148,0.19643574627739854,2123,0.025629661136275156,age+sex+eth+marital+PIR_level+edu+smoke+alcohol.user+PA_level+BMI_level,,X3_HPMA_ln_U,VOC_urine.rds,CHF,Congestive heart failure,natural_log_transformed,2146,40,2106,30,4,2013-2014|2015-2016,WTSA2YR,ok,,0.3182349591087498
same_sample_unweighted,odds_ratio,1.6097437621188853,1.0356182148128945,2.5021527650021382,0.22491842596620926,2184,0.03428902476929233,age+sex+eth+marital+PIR_level+edu+smoke+alcohol.user+PA_level+BMI_level,,CEMA_CEM_ln_U,VOC_urine.rds,CHF,Congestive heart failure,natural_log_transformed,2207,41,2166,30,4,2013-2014|2015-2016,WTSA2YR,ok,,0.3566261626576343
same_sample_unweighted,odds_ratio,0.4156565137676348,0.18114070469153656,0.9537907988802052,0.4233064382227801,1093,0.03808841788212369,age+sex+eth+marital+PIR_level+edu+smoke+alcohol.user+PA_level+BMI_level,,X2_AN_ln_U,AA_urine.rds,CHF,Congestive heart failure,natural_log_transformed,1116,13,1103,15,2,2013-2014,WTSA2YR,ok,,0.3566261626576343
same_sample_unweighted,odds_ratio,1.3457704611865955,1.015314269097996,1.7837808344911366,0.14368000023038624,2120,0.038747192098598976,age+sex+eth+marital+PIR_level+edu+smoke+alcohol.user+PA_level+BMI_level,,MBzP_ln_U,Phthalates_urine.rds,CHF,Congestive heart failure,natural_log_transformed,2143,51,2092,30,4,2013-2014|2015-2016,WTSB2YR,ok,,0.3566261626576343
same_sample_unweighted,odds_ratio,1.9167706517263552,1.0278196364393986,3.57456658840172,0.31778465850561766,2121,0.040615891226429016,age+sex+eth+marital+PIR_level+edu+smoke+alcohol.user+PA_level+BMI_level,,MHNCH_binary_U,Phthalates_urine.rds,CHF,Congestive heart failure,binary_above_detection_threshold,2144,51,2093,30,4,2013-2014|2015-2016,WTSB2YR,ok,,0.3566261626576343
same_sample_unweighted,odds_ratio,0.48555821281916856,0.24300352387971713,0.970219584769667,0.3529881841152289,2210,0.04068889104147505,age+sex+eth+marital+PIR_level+edu+smoke+alcohol.user+PA_level+BMI_level,,As_III_binary_U,HM_urine.rds,CHF,Congestive heart failure,binary_above_detection_threshold,2233,41,2192,30,4,2013-2014|2015-2016,WTSA2YR,ok,,0.3566261626576343
same_sample_unweighted,odds_ratio,1.8464653180387534,1.0183339662234114,3.3480511146693517,0.3034614283726489,2171,0.043287398006353575,age+sex+eth+marital+PIR_level+edu+smoke+alcohol.user+PA_level+BMI_level,,OXY_binary_U,pesticides_urine.rds,CHF,Congestive heart failure,binary_above_detection_threshold,2194,56,2138,30,4,2013-2014|2015-2016,WTSB2YR|WTSC2YR,ok,,0.35832346127481574
same_sample_unweighted,odds_ratio,1.4118968824639688,1.002440126187903,1.9886003708692426,0.17464678790775112,2120,0.04826379405139599,age+sex+eth+marital+PIR_level+edu+smoke+alcohol.user+PA_level+BMI_level,,MnBP_ln_U,Phthalates_urine.rds,CHF,Congestive heart failure,natural_log_transformed,2143,51,2092,30,4,2013-2014|2015-2016,WTSB2YR,ok,,0.3784897533504212
same_sample_unweighted,odds_ratio,1.5448781084343268,0.9919183838049993,2.406093494067969,0.22597027049725202,3233,0.05425580388688812,age+sex+eth+marital+PIR_level+edu+smoke+alcohol.user+PA_level+BMI_level,,Cd_ln_S,HM_serum.rds,CHF,Congestive heart failure,natural_log_transformed,3256,68,3188,30,4,2013-2014|2015-2016,WTSH2YR,ok,,0.3840940027191265
same_sample_unweighted,odds_ratio,1.346605947215982,0.9920013792799219,1.8279688062467534,0.1558449499818158,2207,0.056196479208382964,age+sex+eth+marital+PIR_level+edu+smoke+alcohol.user+PA_level+BMI_level,,Sn_ln_U,HM_urine.rds,CHF,Congestive heart failure,natural_log_transformed,2230,41,2189,30,4,2013-2014|2015-2016,WTSA2YR,ok,,0.3840940027191265
same_sample_unweighted,odds_ratio,0.1404805749656955,0.018519591656664575,1.065617012975041,1.033427781621425,3232,0.057538183051636924,age+sex+eth+marital+PIR_level+edu+smoke+alcohol.user+PA_level+BMI_level,,Se_ln_S,HM_serum.rds,CHF,Congestive heart failure,natural_log_transformed,3255,68,3187,30,4,2013-2014|2015-2016,WTSH2YR,ok,,0.3840940027191265
same_sample_unweighted,odds_ratio,1.5145125930938306,0.9836289655158167,2.3319244095632676,0.22008751251318054,2208,0.059289678272079926,age+sex+eth+marital+PIR_level+edu+smoke+alcohol.user+PA_level+BMI_level,,Co_ln_U,HM_urine.rds,CHF,Congestive heart failure,natural_log_transformed,2231,41,2190,30,4,2013-2014|2015-2016,WTSA2YR,ok,,0.3840940027191265
same_sample_unweighted,odds_ratio,1.544807406093832,0.967835256232097,2.4657398111461886,0.23843540143315248,2113,0.06815646373428459,age+sex+eth+marital+PIR_level+edu+smoke+alcohol.user+PA_level+BMI_level,,EO_ln_S,gas_serum.rds,CHF,Congestive heart failure,natural_log_transformed,2136,38,2098,30,4,2013-2014|2015-2016,WTSA2YR,ok,,0.4056472055242218
same_sample_unweighted,odds_ratio,1.757847169822397,0.9503060609901366,3.251612085092955,0.31363334082657024,2121,0.07208756254970129,age+sex+eth+marital+PIR_level+edu+smoke+alcohol.user+PA_level+BMI_level,,MINP_binary_U,Phthalates_urine.rds,CHF,Congestive heart failure,binary_above_detection_threshold,2144,51,2093,30,4,2013-2014|2015-2016,WTSB2YR,ok,,0.4056472055242218
same_sample_unweighted,odds_ratio,1.3422109679027812,0.9712320956949162,1.8548916271857,0.16496680820720033,2187,0.07440648390328582,age+sex+eth+marital+PIR_level+edu+smoke+alcohol.user+PA_level+BMI_level,,BMA_ln_U,VOC_urine.rds,CHF,Congestive heart failure,natural_log_transformed,2210,41,2169,30,4,2013-2014|2015-2016,WTSA2YR,ok,,0.4056472055242218
same_sample_unweighted,odds_ratio,1.30279145085848,0.9737955713086609,1.7429382659329906,0.14841065363157419,1919,0.07470370054805553,age+sex+eth+marital+PIR_level+edu+smoke+alcohol.user+PA_level+BMI_level,,DPHP_ln_U,BFR_urine.rds,CHF,Congestive heart failure,natural_log_transformed,1942,51,1891,30,4,2013-2014|2015-2016,WTSSBI2Y|WTSSCH2Y,ok,,0.4056472055242218
same_sample_unweighted,odds_ratio,1.6181093739739818,0.9499755958801321,2.756152850133684,0.2714376215869226,1132,0.07622900506495443,age+sex+eth+marital+PIR_level+edu+smoke+alcohol.user+PA_level+BMI_level,,Harman_ln_U,AA_urine.rds,CHF,Congestive heart failure,natural_log_transformed,1155,15,1140,15,2,2013-2014,WTSA2YR,ok,,0.4056472055242218
same_sample_unweighted,odds_ratio,1.3406467097691164,0.9638571251556364,1.8647303148011045,0.16825991066619808,2207,0.08146337008605711,age+sex+eth+marital+PIR_level+edu+smoke+alcohol.user+PA_level+BMI_level,,W_ln_U,HM_urine.rds,CHF,Congestive heart failure,natural_log_transformed,2230,41,2189,30,4,2013-2014|2015-2016,WTSA2YR,ok,,0.4185531773387073
same_sample_unweighted,odds_ratio,1.3877076522705656,0.9516107675573392,2.0236556729106683,0.19237174411813193,2167,0.08852514246716059,age+sex+eth+marital+PIR_level+edu+smoke+alcohol.user+PA_level+BMI_level,,PMM_Cys_ln_U,VOC_urine.rds,CHF,Congestive heart failure,natural_log_transformed,2190,41,2149,30,4,2013-2014|2015-2016,WTSA2YR,ok,,0.4396748742535643
same_sample_unweighted,odds_ratio,2.1549840053647373,0.8583922675908555,5.41006278680896,0.4690628750274634,985,0.10166282488768358,age+sex+eth+marital+PIR_level+edu+smoke+alcohol.user+PA_level+BMI_level,,X4_MDA_binary_U,AA_urine.rds,CHF,Congestive heart failure,binary_above_detection_threshold,1008,25,983,15,2,2015-2016,WTSA2YR,ok,,0.48618804531787757
same_sample_unweighted,odds_ratio,0.6280758550908936,0.3570040073944028,1.1049715733648706,0.2879054673394319,1086,0.10621520086941445,age+sex+eth+marital+PIR_level+edu+smoke+alcohol.user+PA_level+BMI_level,,X1_AN_ln_U,AA_urine.rds,CHF,Congestive heart failure,natural_log_transformed,1109,14,1095,15,2,2013-2014,WTSA2YR,ok,,0.48618804531787757
same_sample_unweighted,odds_ratio,1.4501117873012206,0.9206050996508429,2.284176132054316,0.23169388842463545,2173,0.10871057911241777,age+sex+eth+marital+PIR_level+edu+smoke+alcohol.user+PA_level+BMI_level,,CMAC_ln_U,VOC_urine.rds,CHF,Congestive heart failure,natural_log_transformed,2196,41,2155,30,4,2013-2014|2015-2016,WTSA2YR,ok,,0.48618804531787757
same_sample_unweighted,odds_ratio,1.3646474623907943,0.9309077984294751,2.0004802836021334,0.1950448733431898,2202,0.11094223852891165,age+sex+eth+marital+PIR_level+edu+smoke+alcohol.user+PA_level+BMI_level,,X2_FL_ln_U,PAH_urine.rds,CHF,Congestive heart failure,natural_log_transformed,2225,40,2185,30,4,2013-2014|2015-2016,WTSA2YR,ok,,0.48618804531787757
same_sample_unweighted,odds_ratio,0.2966082985001653,0.06155841233000552,1.4291545121003812,0.8017730897919271,1943,0.12956513021919158,age+sex+eth+marital+PIR_level+edu+smoke+alcohol.user+PA_level+BMI_level,,FA_ln_S,gas_serum.rds,CHF,Congestive heart failure,natural_log_transformed,1966,39,1927,30,4,2013-2014|2015-2016,WTSA2YR,ok,,0.5515772686474156
same_sample_unweighted,odds_ratio,1.1998520200789367,0.9373870158729628,1.5358062846078608,0.12587850259840372,2135,0.1477811723881983,age+sex+eth+marital+PIR_level+edu+smoke+alcohol.user+PA_level+BMI_level,,X1_NP_ln_U,PAH_urine.rds,CHF,Congestive heart failure,natural_log_transformed,2158,40,2118,30,4,2013-2014|2015-2016,WTSA2YR,ok,,0.5857421818369054
same_sample_unweighted,odds_ratio,1.9611930905315076,0.7837353545077249,4.907623876128986,0.4674252296623197,1009,0.1495887614791493,age+sex+eth+marital+PIR_level+edu+smoke+alcohol.user+PA_level+BMI_level,,MCOCH_binary_U,Phthalates_urine.rds,CHF,Congestive heart failure,binary_above_detection_threshold,1032,28,1004,15,2,2015-2016,WTSB2YR,ok,,0.5857421818369054
same_sample_unweighted,odds_ratio,0.8218178119650108,0.6282408098556066,1.075040821079717,0.13696433390409846,2167,0.1519274183951678,age+sex+eth+marital+PIR_level+edu+smoke+alcohol.user+PA_level+BMI_level,,NPMA_ln_U,VOC_urine.rds,CHF,Congestive heart failure,natural_log_transformed,2190,40,2150,30,4,2013-2014|2015-2016,WTSA2YR,ok,,0.5857421818369054
same_sample_unweighted,odds_ratio,1.4380985420735966,0.8731446629724207,2.3685965274914915,0.2544413864257315,2158,0.15331506772912287,age+sex+eth+marital+PIR_level+edu+smoke+alcohol.user+PA_level+BMI_level,,MA_ln_U,VOC_urine.rds,CHF,Congestive heart failure,natural_log_transformed,2181,41,2140,30,4,2013-2014|2015-2016,WTSA2YR,ok,,0.5857421818369054
same_sample_unweighted,odds_ratio,1.3937282533633009,0.8652461288055708,2.2450010228934656,0.24309747687118188,2208,0.17205364533351217,age+sex+eth+marital+PIR_level+edu+smoke+alcohol.user+PA_level+BMI_level,,Cd_ln_U,HM_urine.rds,CHF,Congestive heart failure,natural_log_transformed,2231,41,2190,30,4,2013-2014|2015-2016,WTSA2YR,ok,,0.6215808425584531
same_sample_unweighted,odds_ratio,1.5991151023615546,0.8097329885474094,3.158039930160366,0.3470106034748409,2209,0.1761062072323622,age+sex+eth+marital+PIR_level+edu+smoke+alcohol.user+PA_level+BMI_level,,Mn_binary_U,HM_urine.rds,CHF,Congestive heart failure,binary_above_detection_threshold,2232,41,2191,30,4,2013-2014|2015-2016,WTSA2YR,ok,,0.6215808425584531
same_sample_unweighted,odds_ratio,0.785720189386657,0.55182663211228,1.1187503104855419,0.18018442037183746,2019,0.18077382738675973,age+sex+eth+marital+PIR_level+edu+smoke+alcohol.user+PA_level+BMI_level,,HIBP_ln_U,Phthalates_urine.rds,CHF,Congestive heart failure,natural_log_transformed,2042,51,1991,30,4,2013-2014|2015-2016,WTSB2YR|WTSSBH2Y,ok,,0.6215808425584531
same_sample_unweighted,odds_ratio,1.2942227542490705,0.8814587271634678,1.9002733605080255,0.19585558120892532,2137,0.18789249863887988,age+sex+eth+marital+PIR_level+edu+smoke+alcohol.user+PA_level+BMI_level,,MB3_Cys_ln_U,VOC_urine.rds,CHF,Congestive heart failure,natural_log_transformed,2160,41,2119,30,4,2013-2014|2015-2016,WTSA2YR,ok,,0.6215808425584531
same_sample_unweighted,odds_ratio,0.6602137420269677,0.3550113867425448,1.2277977592796325,0.31636290321412847,2122,0.18938843607688163,age+sex+eth+marital+PIR_level+edu+smoke+alcohol.user+PA_level+BMI_level,,EtP_binary_U,PCCP_urine.rds,CHF,Congestive heart failure,binary_above_detection_threshold,2145,51,2094,30,4,2013-2014|2015-2016,WTSB2YR,ok,,0.6215808425584531
same_sample_unweighted,odds_ratio,0.3553677572362192,0.07402410707113485,1.706015079138251,0.7992208241631479,819,0.19548813365758627,age+sex+eth+marital+PIR_level+edu+smoke+alcohol.user+PA_level+BMI_level,,X5OHIMI_binary_U,pesticides_urine.rds,CHF,Congestive heart failure,binary_above_detection_threshold,842,24,818,15,2,2015-2016,WTSSBI2Y,ok,,0.6215808425584531
same_sample_unweighted,odds_ratio,1.1778491945200615,0.9184787256969844,1.510463646263323,0.126823531894131,1917,0.1968106618189913,age+sex+eth+marital+PIR_level+edu+smoke+alcohol.user+PA_level+BMI_level,,BCETP_ln_U,BFR_urine.rds,CHF,Congestive heart failure,natural_log_transformed,1940,51,1889,30,4,2013-2014|2015-2016,WTSSBI2Y|WTSSCH2Y,ok,,0.6215808425584531
same_sample_unweighted,odds_ratio,1.280296015254435,0.8792271071184448,1.864316822588098,0.19163293496047631,2169,0.1972594117869959,age+sex+eth+marital+PIR_level+edu+smoke+alcohol.user+PA_level+BMI_level,,X2_NP_ln_U,PAH_urine.rds,CHF,Congestive heart failure,natural_log_transformed,2192,40,2152,30,4,2013-2014|2015-2016,WTSA2YR,ok,,0.6215808425584531
same_sample_unweighted,odds_ratio,1.2525577060901814,0.8872856079743919,1.768202699317509,0.17580891473039661,2120,0.2002408083409782,age+sex+eth+marital+PIR_level+edu+smoke+alcohol.user+PA_level+BMI_level,,MCNP_ln_U,Phthalates_urine.rds,CHF,Congestive heart failure,natural_log_transformed,2143,51,2092,30,4,2013-2014|2015-2016,WTSB2YR,ok,,0.6215808425584531
same_sample_unweighted,odds_ratio,0.6681654791132702,0.35726963933391503,1.2496027043076134,0.3190197007176762,974,0.20625420482327217,age+sex+eth+marital+PIR_level+edu+smoke+alcohol.user+PA_level+BMI_level,,n_PFOA_ln_S,PFC_serum.rds,CHF,Congestive heart failure,natural_log_transformed,997,26,971,15,2,2015-2016,WTSB2YR,ok,,0.6271811534421949
same_sample_unweighted,odds_ratio,0.48239436356889687,0.152056242005067,1.5303832248812685,0.5883264246042482,989,0.21530969745798706,age+sex+eth+marital+PIR_level+edu+smoke+alcohol.user+PA_level+BMI_level,,PFHxA_binary_U,PFC_urine.rds,CHF,Congestive heart failure,binary_above_detection_threshold,1012,23,989,15,2,2013-2014,WTSSBH2Y,ok,,0.6416228984248015
same_sample_unweighted,odds_ratio,1.344205930957442,0.8366498131296598,2.159672489571381,0.24178203361073347,2133,0.22116723535170424,age+sex+eth+marital+PIR_level+edu+smoke+alcohol.user+PA_level+BMI_level,,CEMA_AAM_ln_U,VOC_urine.rds,CHF,Congestive heart failure,natural_log_transformed,2156,41,2115,30,4,2013-2014|2015-2016,WTSA2YR,ok,,0.6428565397187305
same_sample_unweighted,odds_ratio,0.36523056608509297,0.07177449720869471,1.8585064555029487,0.8289688492862002,875,0.224352617888416,age+sex+eth+marital+PIR_level+edu+smoke+alcohol.user+PA_level+BMI_level,,IPPPP_binary_U,BFR_urine.rds,CHF,Congestive heart failure,binary_above_detection_threshold,898,25,873,15,2,2015-2016,WTSSBI2Y,ok,,0.6428565397187305
same_sample_unweighted,odds_ratio,1.5099850466568068,0.7659936985329104,2.9765973864982094,0.34608136949981455,2196,0.23374793355424492,age+sex+eth+marital+PIR_level+edu+smoke+alcohol.user+PA_level+BMI_level,,GAM_Cys_binary_U,VOC_urine.rds,CHF,Congestive heart failure,binary_above_detection_threshold,2219,41,2178,30,4,2013-2014|2015-2016,WTSA2YR,ok,,0.6571404169732545
same_sample_unweighted,odds_ratio,0.5484668207103708,0.19655903064152636,1.5304097320705325,0.5233607980674574,3139,0.2511182310864251,age+sex+eth+marital+PIR_level+edu+smoke+alcohol.user+PA_level+BMI_level,,Furan_binary_S,VOC_serum.rds,CHF,Congestive heart failure,binary_above_detection_threshold,3162,66,3096,30,4,2013-2014|2015-2016,WTSVOC2Y,ok,,0.6929003042940248
same_sample_unweighted,odds_ratio,1.4667305823895833,0.7524785749130659,2.8589499728486314,0.34015023442534165,1097,0.260132337808963,age+sex+eth+marital+PIR_level+edu+smoke+alcohol.user+PA_level+BMI_level,,X4_ABP_ln_U,AA_urine.rds,CHF,Congestive heart failure,natural_log_transformed,1120,13,1107,15,2,2013-2014,WTSA2YR,ok,,0.6969208525558813
same_sample_unweighted,odds_ratio,2.0827706374183337,0.5635800806115551,7.697102288258254,0.6660014497229394,876,0.2706148105868008,age+sex+eth+marital+PIR_level+edu+smoke+alcohol.user+PA_level+BMI_level,,TBPPP_binary_U,BFR_urine.rds,CHF,Congestive heart failure,binary_above_detection_threshold,899,25,874,15,2,2015-2016,WTSSBI2Y,ok,,0.6969208525558813
same_sample_unweighted,odds_ratio,0.7500339941469224,0.44926636097932315,1.2521547154114134,0.26134237899091267,2208,0.2710652448222162,age+sex+eth+marital+PIR_level+edu+smoke+alcohol.user+PA_level+BMI_level,,Pb_ln_U,HM_urine.rds,CHF,Congestive heart failure,natural_log_transformed,2231,41,2190,30,4,2013-2014|2015-2016,WTSA2YR,ok,,0.6969208525558813
same_sample_unweighted,odds_ratio,0.8346592255937825,0.6047621471686492,1.1519504422199514,0.1642946923500424,2208,0.27131199685785456,age+sex+eth+marital+PIR_level+edu+smoke+alcohol.user+PA_level+BMI_level,,Ba_ln_U,HM_urine.rds,CHF,Congestive heart failure,natural_log_transformed,2231,41,2190,30,4,2013-2014|2015-2016,WTSA2YR,ok,,0.6969208525558813
same_sample_unweighted,odds_ratio,2.029153015406871,0.5672583403886474,7.2585304909114035,0.649527730147594,1023,0.27596194832749665,age+sex+eth+marital+PIR_level+edu+smoke+alcohol.user+PA_level+BMI_level,,DPCP_binary_U,BFR_urine.rds,CHF,Congestive heart failure,binary_above_detection_threshold,1046,26,1020,15,2,2013-2014,WTSSCH2Y,ok,,0.6969208525558813
same_sample_unweighted,odds_ratio,1.4469290671320276,0.7279571721234216,2.875998486565635,0.3503592122422159,3137,0.29166759625708844,age+sex+eth+marital+PIR_level+edu+smoke+alcohol.user+PA_level+BMI_level,,DBCM_binary_S,VOC_serum.rds,CHF,Congestive heart failure,binary_above_detection_threshold,3160,66,3094,30,4,2013-2014|2015-2016,WTSVOC2Y,ok,,0.7243078640384363
same_sample_unweighted,odds_ratio,1.179434085981301,0.8571933098069291,1.6228133692362405,0.16273279848726233,2193,0.31051332966262873,age+sex+eth+marital+PIR_level+edu+smoke+alcohol.user+PA_level+BMI_level,,X34_MHA_ln_U,VOC_urine.rds,CHF,Congestive heart failure,natural_log_transformed,2216,41,2175,30,4,2013-2014|2015-2016,WTSA2YR,ok,,0.7584669855693718
same_sample_unweighted,odds_ratio,1.1352268638041823,0.8838158381522215,1.458154489511102,0.12765344413983917,2120,0.3204327192575958,age+sex+eth+marital+PIR_level+edu+smoke+alcohol.user+PA_level+BMI_level,,MCOP_ln_U,Phthalates_urine.rds,CHF,Congestive heart failure,natural_log_transformed,2143,51,2092,30,4,2013-2014|2015-2016,WTSB2YR,ok,,0.770072180151319
same_sample_unweighted,odds_ratio,1.4632387984139776,0.6748685274515315,3.1725702030722585,0.3946326994271967,2210,0.3347583638342587,age+sex+eth+marital+PIR_level+edu+smoke+alcohol.user+PA_level+BMI_level,,AsC_binary_U,HM_urine.rds,CHF,Congestive heart failure,binary_above_detection_threshold,2233,41,2192,30,4,2013-2014|2015-2016,WTSA2YR,ok,,0.7851675850931833
same_sample_unweighted,odds_ratio,1.3745381052034922,0.7174936393511085,2.633270734448759,0.33150846905954723,2160,0.33725319091250827,age+sex+eth+marital+PIR_level+edu+smoke+alcohol.user+PA_level+BMI_level,,PMA_binary_U,VOC_urine.rds,CHF,Congestive heart failure,binary_above_detection_threshold,2183,41,2142,30,4,2013-2014|2015-2016,WTSA2YR,ok,,0.7851675850931833
same_sample_unweighted,odds_ratio,1.3173036016172868,0.7230905653758476,2.399822182622322,0.30591136604319363,3123,0.36765648930267,age+sex+eth+marital+PIR_level+edu+smoke+alcohol.user+PA_level+BMI_level,,m_p_Xylene_binary_S,VOC_serum.rds,CHF,Congestive heart failure,binary_above_detection_threshold,3146,65,3081,30,4,2013-2014|2015-2016,WTSVOC2Y,ok,,0.8349686758439324
same_sample_unweighted,odds_ratio,1.1929093610042187,0.8109060763651773,1.7548675303434964,0.19670477109120946,1007,0.3698518966825472,age+sex+eth+marital+PIR_level+edu+smoke+alcohol.user+PA_level+BMI_level,,DMP_ln_U,pesticides_urine.rds,CHF,Congestive heart failure,natural_log_transformed,1030,28,1002,15,2,2015-2016,WTSB2YR,ok,,0.8349686758439324
same_sample_unweighted,odds_ratio,0.8467074217782056,0.5804186493098286,1.235166132147498,0.1925456857916989,2050,0.3874720670896653,age+sex+eth+marital+PIR_level+edu+smoke+alcohol.user+PA_level+BMI_level,,PFDA_ln_S,PFC_serum.rds,CHF,Congestive heart failure,natural_log_transformed,2073,50,2023,30,4,2013-2014|2015-2016,WTSB2YR,ok,,0.8511878911405666
same_sample_unweighted,odds_ratio,0.5134366690163431,0.10881112169883304,2.4227046737027162,0.7906341178157311,989,0.3991407154913748,age+sex+eth+marital+PIR_level+edu+smoke+alcohol.user+PA_level+BMI_level,,PFBA_binary_U,PFC_urine.rds,CHF,Congestive heart failure,binary_above_detection_threshold,1012,23,989,15,2,2013-2014,WTSSBH2Y,ok,,0.8511878911405666
same_sample_unweighted,odds_ratio,0.6765775149508017,0.27087463421719915,1.689922480411926,0.46648563027174056,1011,0.4022796109733839,age+sex+eth+marital+PIR_level+edu+smoke+alcohol.user+PA_level+BMI_level,,DETP_binary_U,pesticides_urine.rds,CHF,Congestive heart failure,binary_above_detection_threshold,1034,28,1006,15,2,2015-2016,WTSB2YR,ok,,0.8511878911405666
same_sample_unweighted,odds_ratio,0.764397764899377,0.40574010011145684,1.4400941460374634,0.3229658969948512,2050,0.40547996753623555,age+sex+eth+marital+PIR_level+edu+smoke+alcohol.user+PA_level+BMI_level,,PFUnDA_binary_S,PFC_serum.rds,CHF,Congestive heart failure,binary_above_detection_threshold,2073,50,2023,30,4,2013-2014|2015-2016,WTSB2YR,ok,,0.8511878911405666
same_sample_unweighted,odds_ratio,0.9172366629250608,0.7430880767947349,1.1321983518332004,0.10736459277068111,2120,0.42102793531269955,age+sex+eth+marital+PIR_level+edu+smoke+alcohol.user+PA_level+BMI_level,,MEP_ln_U,Phthalates_urine.rds,CHF,Congestive heart failure,natural_log_transformed,2143,51,2092,30,4,2013-2014|2015-2016,WTSB2YR,ok,,0.8511878911405666
same_sample_unweighted,odds_ratio,1.2307540145522067,0.7413776260659405,2.0431631480090635,0.2584711737389464,2207,0.42180782425684554,age+sex+eth+marital+PIR_level+edu+smoke+alcohol.user+PA_level+BMI_level,,Mo_ln_U,HM_urine.rds,CHF,Congestive heart failure,natural_log_transformed,2230,41,2189,30,4,2013-2014|2015-2016,WTSA2YR,ok,,0.8511878911405666
same_sample_unweighted,odds_ratio,1.1626923665239048,0.8046347817304965,1.6800833991610207,0.18770495635324735,2120,0.42194012019145877,age+sex+eth+marital+PIR_level+edu+smoke+alcohol.user+PA_level+BMI_level,,MiBP_ln_U,Phthalates_urine.rds,CHF,Congestive heart failure,natural_log_transformed,2143,51,2092,30,4,2013-2014|2015-2016,WTSB2YR,ok,,0.8511878911405666
same_sample_unweighted,odds_ratio,1.1556415193801433,0.8112364803974644,1.646261421405649,0.1804404112870775,2201,0.4227376103651136,age+sex+eth+marital+PIR_level+edu+smoke+alcohol.user+PA_level+BMI_level,,X3_FL_ln_U,PAH_urine.rds,CHF,Congestive heart failure,natural_log_transformed,2224,41,2183,30,4,2013-2014|2015-2016,WTSA2YR,ok,,0.8511878911405666
same_sample_unweighted,odds_ratio,1.1425960585795905,0.8144829655563721,1.6028889593655429,0.17261497068812487,2208,0.43996291950470445,age+sex+eth+marital+PIR_level+edu+smoke+alcohol.user+PA_level+BMI_level,,U_ln_U,HM_urine.rds,CHF,Congestive heart failure,natural_log_transformed,2231,41,2190,30,4,2013-2014|2015-2016,WTSA2YR,ok,,0.8656532008141574
same_sample_unweighted,odds_ratio,0.871882643185825,0.6121607188687646,1.2417969988232265,0.18033554041019262,2050,0.44710399291052294,age+sex+eth+marital+PIR_level+edu+smoke+alcohol.user+PA_level+BMI_level,,PFHS_ln_S,PFC_serum.rds,CHF,Congestive heart failure,natural_log_transformed,2073,50,2023,30,4,2013-2014|2015-2016,WTSB2YR,ok,,0.8656532008141574
same_sample_unweighted,odds_ratio,1.2621202508374796,0.6881707611284685,2.314756187783876,0.3092736478454276,2121,0.4516248251453239,age+sex+eth+marital+PIR_level+edu+smoke+alcohol.user+PA_level+BMI_level,,MEHP_binary_U,Phthalates_urine.rds,CHF,Congestive heart failure,binary_above_detection_threshold,2144,51,2093,30,4,2013-2014|2015-2016,WTSB2YR,ok,,0.8656532008141574
same_sample_unweighted,odds_ratio,1.2954236197198983,0.6584879587007251,2.548448050347554,0.3450452306363672,2210,0.453160735996673,age+sex+eth+marital+PIR_level+edu+smoke+alcohol.user+PA_level+BMI_level,,AsB_binary_U,HM_urine.rds,CHF,Congestive heart failure,binary_above_detection_threshold,2233,41,2192,30,4,2013-2014|2015-2016,WTSA2YR,ok,,0.8656532008141574
same_sample_unweighted,odds_ratio,1.129244603065152,0.8139419727150288,1.56668830985355,0.1669594428843416,2194,0.4666046332590063,age+sex+eth+marital+PIR_level+edu+smoke+alcohol.user+PA_level+BMI_level,,Thiocyanate_ln_U,PERNT_urine.rds,CHF,Congestive heart failure,natural_log_transformed,2217,41,2176,30,4,2013-2014|2015-2016,WTSA2YR,ok,,0.8723039461840997
same_sample_unweighted,odds_ratio,0.6584136878703314,0.20063667230015514,2.1606647449100214,0.6056016622841957,1042,0.4901353183529591,age+sex+eth+marital+PIR_level+edu+smoke+alcohol.user+PA_level+BMI_level,,X26_DMA_binary_U,AA_urine.rds,CHF,Congestive heart failure,binary_above_detection_threshold,1065,15,1050,15,2,2013-2014,WTSA2YR,ok,,0.8723039461840997
same_sample_unweighted,odds_ratio,1.2716977241894551,0.6370590373229502,2.5385639429973423,0.3524869794252748,2179,0.495316668275697,age+sex+eth+marital+PIR_level+edu+smoke+alcohol.user+PA_level+BMI_level,,HEMA_binary_U,VOC_urine.rds,CHF,Congestive heart failure,binary_above_detection_threshold,2202,41,2161,30,4,2013-2014|2015-2016,WTSA2YR,ok,,0.8723039461840997
same_sample_unweighted,odds_ratio,1.1035459629461533,0.8300149152666558,1.4672190462306454,0.1452463345809845,2120,0.49754654432726836,age+sex+eth+marital+PIR_level+edu+smoke+alcohol.user+PA_level+BMI_level,,MCPP_ln_U,Phthalates_urine.rds,CHF,Congestive heart failure,natural_log_transformed,2143,51,2092,30,4,2013-2014|2015-2016,WTSB2YR,ok,,0.8723039461840997
same_sample_unweighted,odds_ratio,0.9061128052395551,0.6807267430892601,1.2061233441381591,0.1458301245431981,1912,0.4989957704492661,age+sex+eth+marital+PIR_level+edu+smoke+alcohol.user+PA_level+BMI_level,,BDCPP_ln_U,BFR_urine.rds,CHF,Congestive heart failure,natural_log_transformed,1935,50,1885,30,4,2013-2014|2015-2016,WTSSBI2Y|WTSSCH2Y,ok,,0.8723039461840997
same_sample_unweighted,odds_ratio,0.8388576805265083,0.5020129539154599,1.4017212159366215,0.26180771937284314,2208,0.502120194151373,age+sex+eth+marital+PIR_level+edu+smoke+alcohol.user+PA_level+BMI_level,,Sb_ln_U,HM_urine.rds,CHF,Congestive heart failure,natural_log_transformed,2231,41,2190,30,4,2013-2014|2015-2016,WTSA2YR,ok,,0.8723039461840997
same_sample_unweighted,odds_ratio,1.1488653613042523,0.7636702447414434,1.7283528165374926,0.2082533808204139,2198,0.505171541179686,age+sex+eth+marital+PIR_level+edu+smoke+alcohol.user+PA_level+BMI_level,,Perchlorate_ln_U,PERNT_urine.rds,CHF,Congestive heart failure,natural_log_transformed,2221,41,2180,30,4,2013-2014|2015-2016,WTSA2YR,ok,,0.8723039461840997
same_sample_unweighted,odds_ratio,0.9515089318102582,0.8209435881051617,1.1028397814816995,0.07526179772800905,2120,0.5089689230045695,age+sex+eth+marital+PIR_level+edu+smoke+alcohol.user+PA_level+BMI_level,,PrP_ln_U,PCCP_urine.rds,CHF,Congestive heart failure,natural_log_transformed,2143,51,2092,30,4,2013-2014|2015-2016,WTSB2YR,ok,,0.8723039461840997
same_sample_unweighted,odds_ratio,0.6010258809144273,0.12701688238241163,2.843969264191169,0.7921224231101136,1053,0.5204022301672546,age+sex+eth+marital+PIR_level+edu+smoke+alcohol.user+PA_level+BMI_level,,PFHpA_binary_S,PFC_serum.rds,CHF,Congestive heart failure,binary_above_detection_threshold,1076,24,1052,15,2,2013-2014,WTSB2YR,ok,,0.8723039461840997
same_sample_unweighted,odds_ratio,0.8977331330611035,0.6450388227839227,1.2494205770707172,0.16856362812136969,2178,0.52216599621868,age+sex+eth+marital+PIR_level+edu+smoke+alcohol.user+PA_level+BMI_level,,X24D_ln_U,pesticides_urine.rds,CHF,Congestive heart failure,natural_log_transformed,2201,56,2145,30,4,2013-2014|2015-2016,WTSB2YR|WTSC2YR,ok,,0.8723039461840997
same_sample_unweighted,odds_ratio,1.1398842737207033,0.7546373793303637,1.7218020112239292,0.21031915836065818,2202,0.5336035583348109,age+sex+eth+marital+PIR_level+edu+smoke+alcohol.user+PA_level+BMI_level,,X1_PY_ln_U,PAH_urine.rds,CHF,Congestive heart failure,natural_log_transformed,2225,41,2184,30,4,2013-2014|2015-2016,WTSA2YR,ok,,0.8723039461840997
same_sample_unweighted,odds_ratio,0.7836609104836604,0.3614560746383526,1.6990291925084644,0.39466797462467706,3113,0.5367857138876526,age+sex+eth+marital+PIR_level+edu+smoke+alcohol.user+PA_level+BMI_level,,BDCM_binary_S,VOC_serum.rds,CHF,Congestive heart failure,binary_above_detection_threshold,3136,66,3070,30,4,2013-2014|2015-2016,WTSVOC2Y,ok,,0.8723039461840997
same_sample_unweighted,odds_ratio,0.8259683908796053,0.44747947889396017,1.5245923330797295,0.3125258664264689,1920,0.5406797258621638,age+sex+eth+marital+PIR_level+edu+smoke+alcohol.user+PA_level+BMI_level,,DBUP_binary_U,BFR_urine.rds,CHF,Congestive heart failure,binary_above_detection_threshold,1943,51,1892,30,4,2013-2014|2015-2016,WTSSBI2Y|WTSSCH2Y,ok,,0.8723039461840997
same_sample_unweighted,odds_ratio,1.2561819694257697,0.6004604274711279,2.6279719164112287,0.3761745940749269,1055,0.5443115323290226,age+sex+eth+marital+PIR_level+edu+smoke+alcohol.user+PA_level+BMI_level,,o_TLD_ln_U,AA_urine.rds,CHF,Congestive heart failure,natural_log_transformed,1078,14,1064,15,2,2013-2014,WTSA2YR,ok,,0.8723039461840997
same_sample_unweighted,odds_ratio,0.9431644335332221,0.7804786341620076,1.1397610514183452,0.09654523363916442,2120,0.5444581677524918,age+sex+eth+marital+PIR_level+edu+smoke+alcohol.user+PA_level+BMI_level,,MeP_ln_U,PCCP_urine.rds,CHF,Congestive heart failure,natural_log_transformed,2143,51,2092,30,4,2013-2014|2015-2016,WTSB2YR,ok,,0.8723039461840997
same_sample_unweighted,odds_ratio,1.1545864047471162,0.689415079016831,1.9336243238658934,0.26294877036861725,2199,0.5846159618957929,age+sex+eth+marital+PIR_level+edu+smoke+alcohol.user+PA_level+BMI_level,,Nitrate_ln_U,PERNT_urine.rds,CHF,Congestive heart failure,natural_log_transformed,2222,41,2181,30,4,2013-2014|2015-2016,WTSA2YR,ok,,0.8974342077824078
same_sample_unweighted,odds_ratio,1.1217352032580397,0.7394905362156795,1.7015631770862352,0.21233742696344443,1015,0.588500353612691,age+sex+eth+marital+PIR_level+edu+smoke+alcohol.user+PA_level+BMI_level,,DEP_ln_U,pesticides_urine.rds,CHF,Congestive heart failure,natural_log_transformed,1038,28,1010,15,2,2015-2016,WTSB2YR,ok,,0.8974342077824078
same_sample_unweighted,odds_ratio,0.955166334893897,0.8087754520510643,1.1280544247490798,0.08483357086323119,2155,0.5887121906126288,age+sex+eth+marital+PIR_level+edu+smoke+alcohol.user+PA_level+BMI_level,,DEA_ln_U,pesticides_urine.rds,CHF,Congestive heart failure,natural_log_transformed,2178,55,2123,30,4,2013-2014|2015-2016,WTSB2YR|WTSC2YR,ok,,0.8974342077824078
same_sample_unweighted,odds_ratio,1.382380858101599,0.42463114882975,4.500321849002869,0.6019936838881944,3135,0.5906519724782651,age+sex+eth+marital+PIR_level+edu+smoke+alcohol.user+PA_level+BMI_level,,X25_DMF_binary_S,VOC_serum.rds,CHF,Congestive heart failure,binary_above_detection_threshold,3158,66,3092,30,4,2013-2014|2015-2016,WTSVOC2Y,ok,,0.8974342077824078
same_sample_unweighted,odds_ratio,1.1277213325983888,0.7172668351865864,1.7730575869531973,0.23073855751219635,2050,0.6024142067026004,age+sex+eth+marital+PIR_level+edu+smoke+alcohol.user+PA_level+BMI_level,,PFNA_ln_S,PFC_serum.rds,CHF,Congestive heart failure,natural_log_transformed,2073,50,2023,30,4,2013-2014|2015-2016,WTSB2YR,ok,,0.8974342077824078
same_sample_unweighted,odds_ratio,1.1176739538777374,0.7347802960076116,1.70009331219703,0.21388301114696917,2203,0.6029640801982192,age+sex+eth+marital+PIR_level+edu+smoke+alcohol.user+PA_level+BMI_level,,X23_OH_PH_ln_U,PAH_urine.rds,CHF,Congestive heart failure,natural_log_transformed,2226,41,2185,30,4,2013-2014|2015-2016,WTSA2YR,ok,,0.8974342077824078
same_sample_unweighted,odds_ratio,1.1620862157882257,0.6343205847004874,2.1289619247697114,0.3087098572003869,2050,0.6265449571692241,age+sex+eth+marital+PIR_level+edu+smoke+alcohol.user+PA_level+BMI_level,,MeFOSAA_binary_S,PFC_serum.rds,CHF,Congestive heart failure,binary_above_detection_threshold,2073,50,2023,30,4,2013-2014|2015-2016,WTSB2YR,ok,,0.8974342077824078
same_sample_unweighted,odds_ratio,1.3255500567998992,0.4163962105871905,4.219738096570153,0.590167158227957,1131,0.6329787472770718,age+sex+eth+marital+PIR_level+edu+smoke+alcohol.user+PA_level+BMI_level,,PhIP_binary_U,AA_urine.rds,CHF,Congestive heart failure,binary_above_detection_threshold,1154,15,1139,15,2,2013-2014,WTSA2YR,ok,,0.8974342077824078
same_sample_unweighted,odds_ratio,0.877531177229961,0.5053895721746261,1.52369777575174,0.28117723338135725,974,0.6421979305519435,age+sex+eth+marital+PIR_level+edu+smoke+alcohol.user+PA_level+BMI_level,,Sm_PFOS_ln_S,PFC_serum.rds,CHF,Congestive heart failure,natural_log_transformed,997,26,971,15,2,2015-2016,WTSB2YR,ok,,0.8974342077824078
same_sample_unweighted,odds_ratio,0.867997798465227,0.477158489199914,1.5789725954657008,0.3051096648756423,2152,0.6426589790519135,age+sex+eth+marital+PIR_level+edu+smoke+alcohol.user+PA_level+BMI_level,,DCVDMPCA_binary_U,pesticides_urine.rds,CHF,Congestive heart failure,binary_above_detection_threshold,2175,56,2119,30,4,2013-2014|2015-2016,WTSB2YR|WTSC2YR,ok,,0.8974342077824078
same_sample_unweighted,odds_ratio,0.907598221225592,0.6003926791311859,1.3719929636115242,0.21071375668479153,2208,0.6454305244620913,age+sex+eth+marital+PIR_level+edu+smoke+alcohol.user+PA_level+BMI_level,,Sr_ln_U,HM_urine.rds,CHF,Congestive heart failure,natural_log_transformed,2231,41,2190,30,4,2013-2014|2015-2016,WTSA2YR,ok,,0.8974342077824078
same_sample_unweighted,odds_ratio,1.1009202442346984,0.7305617218288848,1.6590321501263565,0.2091150513657318,2158,0.6456758655085748,age+sex+eth+marital+PIR_level+edu+smoke+alcohol.user+PA_level+BMI_level,,TCPY_ln_U,pesticides_urine.rds,CHF,Congestive heart failure,natural_log_transformed,2181,56,2125,30,4,2013-2014|2015-2016,WTSB2YR|WTSC2YR,ok,,0.8974342077824078
same_sample_unweighted,odds_ratio,1.1535238688637242,0.6210301179173603,2.1425970780621593,0.31572379113296667,1922,0.6510081140901689,age+sex+eth+marital+PIR_level+edu+smoke+alcohol.user+PA_level+BMI_level,,BCPP_binary_U,BFR_urine.rds,CHF,Congestive heart failure,binary_above_detection_threshold,1945,51,1894,30,4,2013-2014|2015-2016,WTSSBI2Y|WTSSCH2Y,ok,,0.8974342077824078
same_sample_unweighted,odds_ratio,0.7534876697020311,0.21891504490673674,2.5934428976083854,0.6298025704129411,913,0.6531324238232552,age+sex+eth+marital+PIR_level+edu+smoke+alcohol.user+PA_level+BMI_level,,PPDA_binary_U,AA_urine.rds,CHF,Congestive heart failure,binary_above_detection_threshold,936,24,912,15,2,2015-2016,WTSA2YR,ok,,0.8974342077824078
same_sample_unweighted,odds_ratio,0.85680106791323285,0.43357928044269106,1.6931345732843155,0.3473320980722052,2212,0.6563473646966089,age+sex+eth+marital+PIR_level+edu+smoke+alcohol.user+PA_level+BMI_level,,Hg_binary_U,HM_urine.rds,CHF,Congestive heart failure,binary_above_detection_threshold,2235,41,2194,30,4,2013-2014|2015-2016,WTSA2YR,ok,,0.8974342077824078
same_sample_unweighted,odds_ratio,0.9212328052458275,0.6415857382887771,1.3227692431640545,0.18447559896208823,2142,0.6565122728072648,age+sex+eth+marital+PIR_level+edu+smoke+alcohol.user+PA_level+BMI_level,,ATCA_ln_U,VOC_urine.rds,CHF,Congestive heart failure,natural_log_transformed,2165,40,2125,30,4,2013-2014|2015-2016,WTSA2YR,ok,,0.8974342077824078
same_sample_unweighted,odds_ratio,1.1397889136628416,0.5982590056781879,2.171498891581308,0.3285139530899961,1116,0.6904180924024196,age+sex+eth+marital+PIR_level+edu+smoke+alcohol.user+PA_level+BMI_level,,Norharman_ln_U,AA_urine.rds,CHF,Congestive heart failure,natural_log_transformed,1139,14,1125,15,2,2013-2014,WTSA2YR,ok,,0.9292997365458774
same_sample_unweighted,odds_ratio,1.1242116446896506,0.6293274664624514,2.0082578457287408,0.29585621925184025,2208,0.692297119171761,age+sex+eth+marital+PIR_level+edu+smoke+alcohol.user+PA_level+BMI_level,,Tl_ln_U,HM_urine.rds,CHF,Congestive heart failure,natural_log_transformed,2231,41,2190,30,4,2013-2014|2015-2016,WTSA2YR,ok,,0.9292997365458774
same_sample_unweighted,odds_ratio,0.8943620140316224,0.4883585176516012,1.6379020396514163,0.3085340932205692,2122,0.7174602823402317,age+sex+eth+marital+PIR_level+edu+smoke+alcohol.user+PA_level+BMI_level,,TCC_binary_U,PCCP_urine.rds,CHF,Congestive heart failure,binary_above_detection_threshold,2145,51,2094,30,4,2013-2014|2015-2016,WTSB2YR,ok,,0.9405030794016138
same_sample_unweighted,odds_ratio,1.2397043046543652,0.3770242511921118,4.076307447383423,0.6065902520483211,1012,0.7231660009755309,age+sex+eth+marital+PIR_level+edu+smoke+alcohol.user+PA_level+BMI_level,,MDA_binary_U,pesticides_urine.rds,CHF,Congestive heart failure,binary_above_detection_threshold,1035,28,1007,15,2,2015-2016,WTSB2YR,ok,,0.9405030794016138
same_sample_unweighted,odds_ratio,1.1261800273497609,0.5706755530845825,2.2224212113980815,0.3466889856898356,3071,0.7317784075117841,age+sex+eth+marital+PIR_level+edu+smoke+alcohol.user+PA_level+BMI_level,,Ethylbenzene_binary_S,VOC_serum.rds,CHF,Congestive heart failure,binary_above_detection_threshold,3094,66,3028,30,4,2013-2014|2015-2016,WTSVOC2Y,ok,,0.9405030794016138
same_sample_unweighted,odds_ratio,0.8226848439007551,0.2678181222418206,2.52712679305883,0.5717954065340143,867,0.7328404727486489,age+sex+eth+marital+PIR_level+edu+smoke+alcohol.user+PA_level+BMI_level,,NDMA_binary_U,pesticides_urine.rds,CHF,Congestive heart failure,binary_above_detection_threshold,890,24,866,15,2,2015-2016,WTSSBI2Y,ok,,0.9405030794016138
same_sample_unweighted,odds_ratio,0.8867285224594897,0.44111965374243506,1.7824811610010338,0.35610152971783504,3056,0.7356719870567239,age+sex+eth+marital+PIR_level+edu+smoke+alcohol.user+PA_level+BMI_level,,Benzene_binary_S,VOC_serum.rds,CHF,Congestive heart failure,binary_above_detection_threshold,3079,66,3013,30,4,2013-2014|2015-2016,WTSVOC2Y,ok,,0.9405030794016138
same_sample_unweighted,odds_ratio,1.024189350383598,0.8900195174941202,1.178585193718638,0.07159985842198852,2120,0.7385158408724082,age+sex+eth+marital+PIR_level+edu+smoke+alcohol.user+PA_level+BMI_level,,X25_DCP_ln_U,PCCP_urine.rds,CHF,Congestive heart failure,natural_log_transformed,2143,51,2092,30,4,2013-2014|2015-2016,WTSB2YR,ok,,0.9405030794016138
same_sample_unweighted,odds_ratio,1.0379561682231653,0.8269173225164774,1.3028545633484998,0.11590863437893512,2160,0.747903873191504,age+sex+eth+marital+PIR_level+edu+smoke+alcohol.user+PA_level+BMI_level,,X3PBA_ln_U,pesticides_urine.rds,CHF,Congestive heart failure,natural_log_transformed,2183,56,2127,30,4,2013-2014|2015-2016,WTSB2YR|WTSC2YR,ok,,0.9443870941146957
same_sample_unweighted,odds_ratio,1.033738581790511,0.8392910575170744,1.2732358410246938,0.10625739952577609,2120,0.7548287313147598,age+sex+eth+marital+PIR_level+edu+smoke+alcohol.user+PA_level+BMI_level,,X24_DCP_ln_U,PCCP_urine.rds,CHF,Congestive heart failure,natural_log_transformed,2143,51,2092,30,4,2013-2014|2015-2016,WTSB2YR,ok,,0.9444258473772994
same_sample_unweighted,odds_ratio,0.9267637180846923,0.5581353102436537,1.5388580034171542,0.2585860635962924,2209,0.7686623622628753,age+sex+eth+marital+PIR_level+edu+smoke+alcohol.user+PA_level+BMI_level,,DMA_ln_U,HM_urine.rds,CHF,Congestive heart failure,natural_log_transformed,2232,41,2191,30,4,2013-2014|2015-2016,WTSA2YR,ok,,0.9444258473772994
same_sample_unweighted,odds_ratio,1.067660662935646,0.6837864551501148,1.6670398815225664,0.22721578861238526,2203,0.7732395701540192,age+sex+eth+marital+PIR_level+edu+smoke+alcohol.user+PA_level+BMI_level,,X1_PH_ln_U,PAH_urine.rds,CHF,Congestive heart failure,natural_log_transformed,2226,41,2185,30,4,2013-2014|2015-2016,WTSA2YR,ok,,0.9444258473772994
same_sample_unweighted,odds_ratio,1.0371242663809794,0.8092121978567227,1.3292270516499713,0.1265350373041563,2119,0.7732882777183258,age+sex+eth+marital+PIR_level+edu+smoke+alcohol.user+PA_level+BMI_level,,BPS_ln_U,PCCP_urine.rds,CHF,Congestive heart failure,natural_log_transformed,2142,51,2091,30,4,2013-2014|2015-2016,WTSB2YR,ok,,0.9444258473772994
same_sample_unweighted,odds_ratio,1.0637900091809194,0.6882820136201926,1.6441649806900327,0.22206103550190512,3233,0.7806492577393686,age+sex+eth+marital+PIR_level+edu+smoke+alcohol.user+PA_level+BMI_level,,Pb_ln_S,HM_serum.rds,CHF,Congestive heart failure,natural_log_transformed,3256,68,3188,30,4,2013-2014|2015-2016,WTSH2YR,ok,,0.9456645479932189
same_sample_unweighted,odds_ratio,1.0482454579158984,0.7300960577346272,1.5050328356117575,0.18443822349231173,2139,0.798362870512615,age+sex+eth+marital+PIR_level+edu+smoke+alcohol.user+PA_level+BMI_level,,PNP_ln_U,pesticides_urine.rds,CHF,Congestive heart failure,natural_log_transformed,2162,55,2107,30,4,2013-2014|2015-2016,WTSB2YR|WTSC2YR,ok,,0.9550079207124296
same_sample_unweighted,odds_ratio,1.01849925280623,0.883009203837155,1.1747790662419364,0.07279132694397865,2120,0.8011811415372732,age+sex+eth+marital+PIR_level+edu+smoke+alcohol.user+PA_level+BMI_level,,BP3_ln_U,PCCP_urine.rds,CHF,Congestive heart failure,natural_log_transformed,2143,51,2092,30,4,2013-2014|2015-2016,WTSB2YR,ok,,0.9550079207124296
same_sample_unweighted,odds_ratio,0.9320088790587306,0.49988187395267075,1.7376916345771627,0.3174726230992074,1025,0.8244756862305456,age+sex+eth+marital+PIR_level+edu+smoke+alcohol.user+PA_level+BMI_level,,o_ANS_ln_U,AA_urine.rds,CHF,Congestive heart failure,natural_log_transformed,1048,12,1036,15,2,2013-2014,WTSA2YR,ok,,0.9554686121960912
same_sample_unweighted,odds_ratio,1.0691415011299148,0.5821995773502338,1.9633534511322654,0.3099904243915049,3228,0.8292440916457728,age+sex+eth+marital+PIR_level+edu+smoke+alcohol.user+PA_level+BMI_level,,IHg_binary_S,HM_serum.rds,CHF,Congestive heart failure,binary_above_detection_threshold,3251,68,3183,30,4,2013-2014|2015-2016,WTSH2YR,ok,,0.9554686121960912
same_sample_unweighted,odds_ratio,1.0573725598399666,0.6342430772080736,1.7627890165141427,0.2604512040435629,974,0.8303956889264063,age+sex+eth+marital+PIR_level+edu+smoke+alcohol.user+PA_level+BMI_level,,n_PFOS_ln_S,PFC_serum.rds,CHF,Congestive heart failure,natural_log_transformed,997,26,971,15,2,2015-2016,WTSB2YR,ok,,0.9554686121960912
same_sample_unweighted,odds_ratio,1.0383681148175405,0.7306979863715473,1.47558685254332,0.17919199922614013,2175,0.8335803858191644,age+sex+eth+marital+PIR_level+edu+smoke+alcohol.user+PA_level+BMI_level,,X2_HPMA_ln_U,VOC_urine.rds,CHF,Congestive heart failure,natural_log_transformed,2198,41,2157,30,4,2013-2014|2015-2016,WTSA2YR,ok,,0.9554686121960912
same_sample_unweighted,odds_ratio,1.0316349699835523,0.7713769867190942,1.3797024407218044,0.14827523499044126,3233,0.833630332788536,age+sex+eth+marital+PIR_level+edu+smoke+alcohol.user+PA_level+BMI_level,,THg_ln_S,HM_serum.rds,CHF,Congestive heart failure,natural_log_transformed,3256,68,3188,30,4,2013-2014|2015-2016,WTSH2YR,ok,,0.9554686121960912
same_sample_unweighted,odds_ratio,0.9715565808592562,0.7036498731966891,1.341465728577026,0.16451038251482886,2120,0.8607622359458291,age+sex+eth+marital+PIR_level+edu+smoke+alcohol.user+PA_level+BMI_level,,BPA_ln_U,PCCP_urine.rds,CHF,Congestive heart failure,natural_log_transformed,2143,51,2092,30,4,2013-2014|2015-2016,WTSB2YR,ok,,0.9766179000760208
same_sample_unweighted,odds_ratio,0.9700026067194983,0.6823010900048375,1.3790173734530469,0.1793996247826605,2019,0.8651916967116425,age+sex+eth+marital+PIR_level+edu+smoke+alcohol.user+PA_level+BMI_level,,MHBP_ln_U,Phthalates_urine.rds,CHF,Congestive heart failure,natural_log_transformed,2042,51,1991,30,4,2013-2014|2015-2016,WTSB2YR|WTSSBH2Y,ok,,0.9766179000760208
same_sample_unweighted,odds_ratio,0.903387183678065,0.25407391352270786,3.212090498857319,0.6465270314063483,1132,0.8751238052313585,age+sex+eth+marital+PIR_level+edu+smoke+alcohol.user+PA_level+BMI_level,,A_a_C_binary_U,AA_urine.rds,CHF,Congestive heart failure,binary_above_detection_threshold,1155,15,1140,15,2,2013-2014,WTSA2YR,ok,,0.9782280523044115
same_sample_unweighted,odds_ratio,1.053543269495252,0.514885414547107,2.1557290017140214,0.36508913080732996,2122,0.8863955746088656,age+sex+eth+marital+PIR_level+edu+smoke+alcohol.user+PA_level+BMI_level,,BuP_binary_U,PCCP_urine.rds,CHF,Congestive heart failure,binary_above_detection_threshold,2145,51,2094,30,4,2013-2014|2015-2016,WTSB2YR,ok,,0.9782280523044115
same_sample_unweighted,odds_ratio,1.0491878141383528,0.519959395589038,2.1170789078431307,0.3579841726777912,2208,0.8932999156212216,age+sex+eth+marital+PIR_level+edu+smoke+alcohol.user+PA_level+BMI_level,,Cs_ln_U,HM_urine.rds,CHF,Congestive heart failure,natural_log_transformed,2231,41,2190,30,4,2013-2014|2015-2016,WTSA2YR,ok,,0.9782280523044115
same_sample_unweighted,odds_ratio,1.0209124706424069,0.7457310353522029,1.3976383217320854,0.16018836392802416,3074,0.8971970754267019,age+sex+eth+marital+PIR_level+edu+smoke+alcohol.user+PA_level+BMI_level,,Toluene_ln_S,VOC_serum.rds,CHF,Congestive heart failure,natural_log_transformed,3097,64,3033,30,4,2013-2014|2015-2016,WTSVOC2Y,ok,,0.9782280523044115
same_sample_unweighted,odds_ratio,0.9490220608002486,0.405321504289972,2.2220456165119233,0.4338239549944411,2181,0.9040004461559599,age+sex+eth+marital+PIR_level+edu+smoke+alcohol.user+PA_level+BMI_level,,X4FPBA_binary_U,pesticides_urine.rds,CHF,Congestive heart failure,binary_above_detection_threshold,2204,56,2148,30,4,2013-2014|2015-2016,WTSB2YR|WTSC2YR,ok,,0.9782280523044115
same_sample_unweighted,odds_ratio,1.0467473853410962,0.490174867359754,2.2352841030388224,0.38694414479762695,3232,0.9060098739463678,age+sex+eth+marital+PIR_level+edu+smoke+alcohol.user+PA_level+BMI_level,,Mn_ln_S,HM_serum.rds,CHF,Congestive heart failure,natural_log_transformed,3255,68,3187,30,4,2013-2014|2015-2016,WTSH2YR,ok,,0.9782280523044115
same_sample_unweighted,odds_ratio,0.9848610124460576,0.7029774370363525,1.3797757406346391,0.1719372505156948,2207,0.9293022233418566,age+sex+eth+marital+PIR_level+edu+smoke+alcohol.user+PA_level+BMI_level,,Total_As_ln_U,HM_urine.rds,CHF,Congestive heart failure,natural_log_transformed,2230,41,2189,30,4,2013-2014|2015-2016,WTSA2YR,ok,,0.9948087310275501
same_sample_unweighted,odds_ratio,0.987012670353242,0.7217606054667725,1.3497467221944222,0.15959796691299116,2069,0.9347196130460202,age+sex+eth+marital+PIR_level+edu+smoke+alcohol.user+PA_level+BMI_level,,X2_MHA_ln_U,VOC_urine.rds,CHF,Congestive heart failure,natural_log_transformed,2092,40,2052,30,4,2013-2014|2015-2016,WTSA2YR,ok,,0.9948087310275501
same_sample_unweighted,odds_ratio,0.9802878211456928,0.4966489249140142,1.9348963907511594,0.34673618745345614,2210,0.9542118640938682,age+sex+eth+marital+PIR_level+edu+smoke+alcohol.user+PA_level+BMI_level,,MMA_binary_U,HM_urine.rds,CHF,Congestive heart failure,binary_above_detection_threshold,2233,41,2192,30,4,2013-2014|2015-2016,WTSA2YR,ok,,0.9975713773941506
same_sample_unweighted,odds_ratio,0.9834334759612662,0.5206555782429159,1.8575454524181263,0.324350474617675,3129,0.9589240700616909,age+sex+eth+marital+PIR_level+edu+smoke+alcohol.user+PA_level+BMI_level,,o_Xylene_binary_S,VOC_serum.rds,CHF,Congestive heart failure,binary_above_detection_threshold,3152,66,3086,30,4,2013-2014|2015-2016,WTSVOC2Y,ok,,0.9975713773941506
same_sample_unweighted,odds_ratio,1.0067287459581407,0.6654800785687207,1.5229648498543167,0.21107086216570595,1916,0.9746536284384179,age+sex+eth+marital+PIR_level+edu+smoke+alcohol.user+PA_level+BMI_level,,GLYP_ln_U,GYLP_urine.rds,CHF,Congestive heart failure,natural_log_transformed,1939,52,1887,30,4,2013-2014|2015-2016,WTSSCH2Y|WTSSGL2Y,ok,,0.9975713773941506
same_sample_unweighted,odds_ratio,1.004718018011228,0.7364477682606672,1.370712682177768,0.15829550214658725,1015,0.9762783665924049,age+sex+eth+marital+PIR_level+edu+smoke+alcohol.user+PA_level+BMI_level,,DMTP_ln_U,pesticides_urine.rds,CHF,Congestive heart failure,natural_log_transformed,1038,27,1011,15,2,2015-2016,WTSB2YR,ok,,0.9975713773941506
same_sample_unweighted,odds_ratio,0.9963057587070266,0.5881572090517204,1.6876868115468362,0.2688064200872386,3052,0.9890146121926892,age+sex+eth+marital+PIR_level+edu+smoke+alcohol.user+PA_level+BMI_level,,Chloroform_binary_S,VOC_serum.rds,CHF,Congestive heart failure,binary_above_detection_threshold,3075,65,3010,30,4,2013-2014|2015-2016,WTSVOC2Y,ok,,0.9975713773941506
same_sample_unweighted,odds_ratio,0.9953601090610957,0.41965718377106515,2.360835903742313,0.44012670234700874,1011,0.9915691468033057,age+sex+eth+marital+PIR_level+edu+smoke+alcohol.user+PA_level+BMI_level,,DMDTP_binary_U,pesticides_urine.rds,CHF,Congestive heart failure,binary_above_detection_threshold,1034,28,1006,15,2,2015-2016,WTSB2YR,ok,,0.9975713773941506
same_sample_unweighted,odds_ratio,1.0030743356729128,0.5529190619379563,1.8197204476169022,0.3037164898496585,2121,0.9919360309860823,age+sex+eth+marital+PIR_level+edu+smoke+alcohol.user+PA_level+BMI_level,,BPF_binary_U,PCCP_urine.rds,CHF,Congestive heart failure,binary_above_detection_threshold,2144,51,2093,30,4,2013-2014|2015-2016,WTSB2YR,ok,,0.9975713773941506
same_sample_unweighted,odds_ratio,5.3661800951236894e-9,0,Inf,2587.1177911604527,1131,0.9941270173933332,age+sex+eth+marital+PIR_level+edu+smoke+alcohol.user+PA_level+BMI_level,,MeA_a_C_binary_U,AA_urine.rds,CHF,Congestive heart failure,binary_above_detection_threshold,1154,14,1140,15,2,2013-2014,WTSA2YR,ok,,0.9975713773941506
same_sample_unweighted,odds_ratio,1.0010617608580341,0.5052795792545919,1.9833072425577962,0.3486387149856055,2148,0.9975713773941506,age+sex+eth+marital+PIR_level+edu+smoke+alcohol.user+PA_level+BMI_level,,PHE_Cys_binary_U,VOC_urine.rds,CHF,Congestive heart failure,binary_above_detection_threshold,2171,41,2130,30,4,2013-2014|2015-2016,WTSA2YR,ok,,0.9975713773941506
survey_weighted,odds_ratio,6.580240880810039e-9,1.2917067272002194e-9,3.3521208133161705e-8,0.7638496382998108,15,1.485403788224472e-13,age+sex+eth+marital+PIR_level+edu+smoke+alcohol.user+PA_level+BMI_level,,MeA_a_C_binary_U,AA_urine.rds,CHF,Congestive heart failure,binary_above_detection_threshold,1154,14,1140,15,2,2013-2014,WTSA2YR,ok,,2.2132516444544633e-11
survey_weighted,odds_ratio,0.31308198578382357,0.1459402008567255,0.6716472174693813,0.37373472607169683,30,0.004107798431873265,age+sex+eth+marital+PIR_level+edu+smoke+alcohol.user+PA_level+BMI_level,,As_III_binary_U,HM_urine.rds,CHF,Congestive heart failure,binary_above_detection_threshold,2233,41,2192,30,4,2013-2014|2015-2016,WTSA2YR,ok,,0.2571912396682119
survey_weighted,odds_ratio,9.46189646260526,2.1858005304024473,40.9586709417525,0.6874620611311182,15,0.005178347107413662,age+sex+eth+marital+PIR_level+edu+smoke+alcohol.user+PA_level+BMI_level,,TTCA_binary_U,VOC_urine.rds,CHF,Congestive heart failure,binary_above_detection_threshold,1171,15,1156,15,2,2013-2014,WTSA2YR,ok,,0.2571912396682119
survey_weighted,odds_ratio,2.201219408408643,1.2579679522428198,3.851741115754289,0.27396628635114645,30,0.0072722495382928,age+sex+eth+marital+PIR_level+edu+smoke+alcohol.user+PA_level+BMI_level,,CEMA_CEM_ln_U,VOC_urine.rds,CHF,Congestive heart failure,natural_log_transformed,2207,41,2166,30,4,2013-2014|2015-2016,WTSA2YR,ok,,0.2708912953014068
survey_weighted,odds_ratio,1.83706869797272,1.1707075886141236,2.8827193347796416,0.22061838927129185,30,0.009839353461887627,age+sex+eth+marital+PIR_level+edu+smoke+alcohol.user+PA_level+BMI_level,,PGA_ln_U,VOC_urine.rds,CHF,Congestive heart failure,natural_log_transformed,2183,41,2142,30,4,2013-2014|2015-2016,WTSA2YR,ok,,0.2932127331642513
survey_weighted,odds_ratio,1.5169479299322666,1.0824962486973992,2.1257635071667083,0.16522313606359065,30,0.01720877762295613,age+sex+eth+marital+PIR_level+edu+smoke+alcohol.user+PA_level+BMI_level,,MBzP_ln_U,Phthalates_urine.rds,CHF,Congestive heart failure,natural_log_transformed,2143,51,2092,30,4,2013-2014|2015-2016,WTSB2YR,ok,,0.353350175530545
survey_weighted,odds_ratio,1.819203125301498,1.1087942929664916,2.984773670012705,0.23229513482672295,15,0.021080443712419475,age+sex+eth+marital+PIR_level+edu+smoke+alcohol.user+PA_level+BMI_level,,X4_ABP_ln_U,AA_urine.rds,CHF,Congestive heart failure,natural_log_transformed,1120,13,1107,15,2,2013-2014,WTSA2YR,ok,,0.353350175530545
survey_weighted,odds_ratio,4.00897789861688,1.2263140455970394,13.105862930709483,0.5557360547483917,15,0.024575859226706576,age+sex+eth+marital+PIR_level+edu+smoke+alcohol.user+PA_level+BMI_level,,CYHA_Cys_binary_U,VOC_urine.rds,CHF,Congestive heart failure,binary_above_detection_threshold,1050,26,1024,15,2,2015-2016,WTSA2YR,ok,,0.353350175530545
survey_weighted,odds_ratio,1.3623478151826374,1.043223744570868,1.77909252851254,0.130684753642916,30,0.02463439060631867,age+sex+eth+marital+PIR_level+edu+smoke+alcohol.user+PA_level+BMI_level,,BMA_ln_U,VOC_urine.rds,CHF,Congestive heart failure,natural_log_transformed,2210,41,2169,30,4,2013-2014|2015-2016,WTSA2YR,ok,,0.353350175530545
survey_weighted,odds_ratio,3.985825177912554,1.2233299716946804,12.986522619791323,0.5541617153452304,15,0.024739021097602606,age+sex+eth+marital+PIR_level+edu+smoke+alcohol.user+PA_level+BMI_level,,IPM1_Cys_ln_U,VOC_urine.rds,CHF,Congestive heart failure,natural_log_transformed,1049,26,1023,15,2,2015-2016,WTSA2YR,ok,,0.353350175530545
survey_weighted,odds_ratio,0.29206915096635144,0.1009054896088771,0.8453889800927222,0.4986307381813022,15,0.026086254569369093,age+sex+eth+marital+PIR_level+edu+smoke+alcohol.user+PA_level+BMI_level,,X26_DMA_binary_U,AA_urine.rds,CHF,Congestive heart failure,binary_above_detection_threshold,1065,15,1050,15,2,2013-2014,WTSA2YR,ok,,0.353350175530545
survey_weighted,odds_ratio,1.723086665327016,1.0615899693959157,2.7967744061459663,0.2371620390091988,30,0.02894836697840575,age+sex+eth+marital+PIR_level+edu+smoke+alcohol.user+PA_level+BMI_level,,MHNCH_binary_U,Phthalates_urine.rds,CHF,Congestive heart failure,binary_above_detection_threshold,2144,51,2093,30,4,2013-2014|2015-2016,WTSB2YR,ok,,0.3594422233152047
survey_weighted,odds_ratio,2.063323072588182,1.0556696672585633,4.0327976012898015,0.3281357008952044,30,0.03507828846358613,age+sex+eth+marital+PIR_level+edu+smoke+alcohol.user+PA_level+BMI_level,,MINP_binary_U,Phthalates_urine.rds,CHF,Congestive heart failure,binary_above_detection_threshold,2144,51,2093,30,4,2013-2014|2015-2016,WTSB2YR,ok,,0.4020511523903333
survey_weighted,odds_ratio,1.3778253421349582,1.01176007599409,1.8763368099537505,0.15121143730994585,30,0.04242651419521469,age+sex+eth+marital+PIR_level+edu+smoke+alcohol.user+PA_level+BMI_level,,BCETP_ln_U,BFR_urine.rds,CHF,Congestive heart failure,natural_log_transformed,1940,51,1889,30,4,2013-2014|2015-2016,WTSSBI2Y|WTSSCH2Y,ok,,0.4294372557981352
survey_weighted,odds_ratio,1.6746022494714887,1.0119295300507845,2.7712331843841285,0.24664522033700212,30,0.04516170838919804,age+sex+eth+marital+PIR_level+edu+smoke+alcohol.user+PA_level+BMI_level,,X3_HPMA_ln_U,VOC_urine.rds,CHF,Congestive heart failure,natural_log_transformed,2146,40,2106,30,4,2013-2014|2015-2016,WTSA2YR,ok,,0.4294372557981352
survey_weighted,odds_ratio,1.4367701983374817,1.0034289114772765,2.0572544594032003,0.17577215487935152,30,0.04798783389666222,age+sex+eth+marital+PIR_level+edu+smoke+alcohol.user+PA_level+BMI_level,,MnBP_ln_U,Phthalates_urine.rds,CHF,Congestive heart failure,natural_log_transformed,2143,51,2092,30,4,2013-2014|2015-2016,WTSB2YR,ok,,0.4294372557981352
survey_weighted,odds_ratio,3.761360031095357,0.9891496050617345,14.30302272894167,0.6266581796219557,15,0.05167062584028159,age+sex+eth+marital+PIR_level+edu+smoke+alcohol.user+PA_level+BMI_level,,PhIP_binary_U,AA_urine.rds,CHF,Congestive heart failure,binary_above_detection_threshold,1154,15,1139,15,2,2013-2014,WTSA2YR,ok,,0.4294372557981352
survey_weighted,odds_ratio,0.1977567995250029,0.03852577194336499,1.0151062466928045,0.7674169794181195,15,0.05187832620380156,age+sex+eth+marital+PIR_level+edu+smoke+alcohol.user+PA_level+BMI_level,,PFHpA_binary_S,PFC_serum.rds,CHF,Congestive heart failure,binary_above_detection_threshold,1076,24,1052,15,2,2013-2014,WTSB2YR,ok,,0.4294372557981352
survey_weighted,odds_ratio,0.17560835945964,0.027832236974547418,1.10800637190276,0.8642293864059172,15,0.062448468920319605,age+sex+eth+marital+PIR_level+edu+smoke+alcohol.user+PA_level+BMI_level,,IPPPP_binary_U,BFR_urine.rds,CHF,Congestive heart failure,binary_above_detection_threshold,898,25,873,15,2,2015-2016,WTSSBI2Y,ok,,0.4897274667961906
survey_weighted,odds_ratio,0.7386718858812817,0.5291155392689667,1.031223077941101,0.16337046760920118,30,0.07358343082338507,age+sex+eth+marital+PIR_level+edu+smoke+alcohol.user+PA_level+BMI_level,,X24D_ln_U,pesticides_urine.rds,CHF,Congestive heart failure,natural_log_transformed,2201,56,2145,30,4,2013-2014|2015-2016,WTSB2YR|WTSC2YR,ok,,0.5103411281359306
survey_weighted,odds_ratio,0.12468253763245743,0.011961194721558432,1.299680805500982,1.1477916004707747,30,0.07970664301475357,age+sex+eth+marital+PIR_level+edu+smoke+alcohol.user+PA_level+BMI_level,,Se_ln_S,HM_serum.rds,CHF,Congestive heart failure,natural_log_transformed,3255,68,3187,30,4,2013-2014|2015-2016,WTSH2YR,ok,,0.5103411281359306
survey_weighted,odds_ratio,1.2198581352418432,0.9749436500685968,1.5262973096045167,0.10973568837968208,30,0.0801611016782056,age+sex+eth+marital+PIR_level+edu+smoke+alcohol.user+PA_level+BMI_level,,CEMA_CYM_ln_U,VOC_urine.rds,CHF,Congestive heart failure,natural_log_transformed,2189,41,2148,30,4,2013-2014|2015-2016,WTSA2YR,ok,,0.5103411281359306
survey_weighted,odds_ratio,1.6913609707779997,0.9219430982097646,3.1029050914595793,0.28469136752627794,15,0.08472398676552209,age+sex+eth+marital+PIR_level+edu+smoke+alcohol.user+PA_level+BMI_level,,Harman_ln_U,AA_urine.rds,CHF,Congestive heart failure,natural_log_transformed,1155,15,1140,15,2,2013-2014,WTSA2YR,ok,,0.5103411281359306
survey_weighted,odds_ratio,0.48952584481846756,0.2140462573406746,1.1195503052586995,0.4050610921019382,30,0.08800314211450605,age+sex+eth+marital+PIR_level+edu+smoke+alcohol.user+PA_level+BMI_level,,EtP_binary_U,PCCP_urine.rds,CHF,Congestive heart failure,binary_above_detection_threshold,2145,51,2094,30,4,2013-2014|2015-2016,WTSB2YR,ok,,0.5103411281359306
survey_weighted,odds_ratio,0.7518718616815814,0.5402297970923506,1.0464274637037259,0.16186445275808126,30,0.08827449063792739,age+sex+eth+marital+PIR_level+edu+smoke+alcohol.user+PA_level+BMI_level,,PFHS_ln_S,PFC_serum.rds,CHF,Congestive heart failure,natural_log_transformed,2073,50,2023,30,4,2013-2014|2015-2016,WTSB2YR,ok,,0.5103411281359306
survey_weighted,odds_ratio,0.35233843941444426,0.10320387180744578,1.2028848696745267,0.5760801713490795,15,0.09024516493910585,age+sex+eth+marital+PIR_level+edu+smoke+alcohol.user+PA_level+BMI_level,,PFHxA_binary_U,PFC_urine.rds,CHF,Congestive heart failure,binary_above_detection_threshold,1012,23,989,15,2,2013-2014,WTSSBH2Y,ok,,0.5103411281359306
survey_weighted,odds_ratio,1.5610889455179686,0.9189869641037529,2.6518316265727435,0.259449692769996,30,0.09635351942099721,age+sex+eth+marital+PIR_level+edu+smoke+alcohol.user+PA_level+BMI_level,,Co_ln_U,HM_urine.rds,CHF,Congestive heart failure,natural_log_transformed,2231,41,2190,30,4,2013-2014|2015-2016,WTSA2YR,ok,,0.5103411281359306
survey_weighted,odds_ratio,0.3592975652250346,0.10461580607871938,1.2339888704723943,0.5788812924390281,15,0.09734692292269324,age+sex+eth+marital+PIR_level+edu+smoke+alcohol.user+PA_level+BMI_level,,X5OHIMI_binary_U,pesticides_urine.rds,CHF,Congestive heart failure,binary_above_detection_threshold,842,24,818,15,2,2015-2016,WTSSBI2Y,ok,,0.5103411281359306
survey_weighted,odds_ratio,1.9346929157837192,0.8654261575329175,4.3250792061266505,0.37743414635975,15,0.1008043877353185,age+sex+eth+marital+PIR_level+edu+smoke+alcohol.user+PA_level+BMI_level,,IPM3_Cys_ln_U,VOC_urine.rds,CHF,Congestive heart failure,natural_log_transformed,1049,26,1023,15,2,2015-2016,WTSA2YR,ok,,0.5103411281359306
survey_weighted,odds_ratio,2.5780874414370127,0.8169646375272794,8.135645718782177,0.562710076757077,30,0.10275324727569073,age+sex+eth+marital+PIR_level+edu+smoke+alcohol.user+PA_level+BMI_level,,DHB_Cys_ln_U,VOC_urine.rds,CHF,Congestive heart failure,natural_log_transformed,2097,37,2060,30,4,2013-2014|2015-2016,WTSA2YR,ok,,0.5103411281359306
survey_weighted,odds_ratio,1.816490039150883,0.8509605459551239,3.877542946049093,0.37129992144218477,30,0.11839558249891352,age+sex+eth+marital+PIR_level+edu+smoke+alcohol.user+PA_level+BMI_level,,m_p_Xylene_binary_S,VOC_serum.rds,CHF,Congestive heart failure,binary_above_detection_threshold,3146,65,3081,30,4,2013-2014|2015-2016,WTSVOC2Y,ok,,0.5690626384625198
survey_weighted,odds_ratio,1.6859577034073372,0.8434531730075135,3.3700191885498096,0.3391245197597809,30,0.1339842171346725,age+sex+eth+marital+PIR_level+edu+smoke+alcohol.user+PA_level+BMI_level,,X14_DCB_binary_S,VOC_serum.rds,CHF,Congestive heart failure,binary_above_detection_threshold,3130,65,3065,30,4,2013-2014|2015-2016,WTSVOC2Y,ok,,0.5983083333361627
survey_weighted,odds_ratio,1.4075114077507973,0.8872271888945659,2.232898616888594,0.22596269279900094,30,0.14080962809785313,age+sex+eth+marital+PIR_level+edu+smoke+alcohol.user+PA_level+BMI_level,,Sn_ln_U,HM_urine.rds,CHF,Congestive heart failure,natural_log_transformed,2230,41,2189,30,4,2013-2014|2015-2016,WTSA2YR,ok,,0.5983083333361627
survey_weighted,odds_ratio,1.4437095880530064,0.8792168729387232,2.370629407588093,0.24283713333319962,30,0.14094935813456216,age+sex+eth+marital+PIR_level+edu+smoke+alcohol.user+PA_level+BMI_level,,MA_ln_U,VOC_urine.rds,CHF,Congestive heart failure,natural_log_transformed,2181,41,2140,30,4,2013-2014|2015-2016,WTSA2YR,ok,,0.5983083333361627
survey_weighted,odds_ratio,1.5423903071963827,0.8535449773090371,2.787161687991534,0.28972157923328984,30,0.14518131267044418,age+sex+eth+marital+PIR_level+edu+smoke+alcohol.user+PA_level+BMI_level,,MEOHP_ln_U,Phthalates_urine.rds,CHF,Congestive heart failure,natural_log_transformed,2143,51,2092,30,4,2013-2014|2015-2016,WTSB2YR,ok,,0.5983083333361627
survey_weighted,odds_ratio,1.6363310797390314,0.8276266250874089,3.2352504394564576,0.3337702319127306,30,0.15051456750889744,age+sex+eth+marital+PIR_level+edu+smoke+alcohol.user+PA_level+BMI_level,,MECPP_ln_U,Phthalates_urine.rds,CHF,Congestive heart failure,natural_log_transformed,2143,51,2092,30,4,2013-2014|2015-2016,WTSB2YR,ok,,0.5983083333361627
survey_weighted,odds_ratio,0.634604314254241,0.3326415040869171,1.2106806598760045,0.3030502566152291,15,0.15421586774584978,age+sex+eth+marital+PIR_level+edu+smoke+alcohol.user+PA_level+BMI_level,,X1_AN_ln_U,AA_urine.rds,CHF,Congestive heart failure,natural_log_transformed,1109,14,1095,15,2,2013-2014,WTSA2YR,ok,,0.5983083333361627
survey_weighted,odds_ratio,1.360762934458283,0.8841255056597418,2.094358495419473,0.2111382220523266,30,0.15496369571791618,age+sex+eth+marital+PIR_level+edu+smoke+alcohol.user+PA_level+BMI_level,,X2_NP_ln_U,PAH_urine.rds,CHF,Congestive heart failure,natural_log_transformed,2192,40,2152,30,4,2013-2014|2015-2016,WTSA2YR,ok,,0.5983083333361627
survey_weighted,odds_ratio,0.4264349018738572,0.12870359910443052,1.4129109582134933,0.5865758209439277,30,0.15660419463161307,age+sex+eth+marital+PIR_level+edu+smoke+alcohol.user+PA_level+BMI_level,,Furan_binary_S,VOC_serum.rds,CHF,Congestive heart failure,binary_above_detection_threshold,3162,66,3096,30,4,2013-2014|2015-2016,WTSVOC2Y,ok,,0.5983083333361627
survey_weighted,odds_ratio,1.4733591384386633,0.842990246662499,2.575103519186765,0.2733938907932463,30,0.1666303196945007,age+sex+eth+marital+PIR_level+edu+smoke+alcohol.user+PA_level+BMI_level,,OXY_binary_U,pesticides_urine.rds,CHF,Congestive heart failure,binary_above_detection_threshold,2194,56,2138,30,4,2013-2014|2015-2016,WTSB2YR|WTSC2YR,ok,,0.608967643941853
survey_weighted,odds_ratio,1.3665067241827833,0.870535459756727,2.1450483220506533,0.22078564071597861,30,0.16756827786319445,age+sex+eth+marital+PIR_level+edu+smoke+alcohol.user+PA_level+BMI_level,,W_ln_U,HM_urine.rds,CHF,Congestive heart failure,natural_log_transformed,2230,41,2189,30,4,2013-2014|2015-2016,WTSA2YR,ok,,0.608967643941853
survey_weighted,odds_ratio,1.6999332040372868,0.777199478993309,3.718186870031798,0.38322369181226545,30,0.17640525366554874,age+sex+eth+marital+PIR_level+edu+smoke+alcohol.user+PA_level+BMI_level,,Tl_ln_U,HM_urine.rds,CHF,Congestive heart failure,natural_log_transformed,2231,41,2190,30,4,2013-2014|2015-2016,WTSA2YR,ok,,0.6114282369391374
survey_weighted,odds_ratio,0.8904046076946864,0.7478955223041873,1.0600683407775091,0.08540128037967046,30,0.18420697949946785,age+sex+eth+marital+PIR_level+edu+smoke+alcohol.user+PA_level+BMI_level,,PrP_ln_U,PCCP_urine.rds,CHF,Congestive heart failure,natural_log_transformed,2143,51,2092,30,4,2013-2014|2015-2016,WTSB2YR,ok,,0.6114282369391374
survey_weighted,odds_ratio,0.5100703221936669,0.18084426442748938,1.4386507330292941,0.4864822447524985,15,0.18665879517983883,age+sex+eth+marital+PIR_level+edu+smoke+alcohol.user+PA_level+BMI_level,,X2_AN_ln_U,AA_urine.rds,CHF,Congestive heart failure,natural_log_transformed,1116,13,1103,15,2,2013-2014,WTSA2YR,ok,,0.6114282369391374
survey_weighted,odds_ratio,0.8113096137829371,0.5905121311586822,1.1146651435002293,0.15554220931591003,30,0.18890836234873648,age+sex+eth+marital+PIR_level+edu+smoke+alcohol.user+PA_level+BMI_level,,NPMA_ln_U,VOC_urine.rds,CHF,Congestive heart failure,natural_log_transformed,2190,40,2150,30,4,2013-2014|2015-2016,WTSA2YR,ok,,0.6114282369391374
survey_weighted,odds_ratio,2.2875505323599947,0.6316613352828722,8.284324440654723,0.6037597754112064,15,0.1906782797258712,age+sex+eth+marital+PIR_level+edu+smoke+alcohol.user+PA_level+BMI_level,,TBPPP_binary_U,BFR_urine.rds,CHF,Congestive heart failure,binary_above_detection_threshold,899,25,874,15,2,2015-2016,WTSSBI2Y,ok,,0.6114282369391374
survey_weighted,odds_ratio,0.7440633850896065,0.47165242249153916,1.1738099808889149,0.22322384240256496,30,0.1953845768523678,age+sex+eth+marital+PIR_level+edu+smoke+alcohol.user+PA_level+BMI_level,,HIBP_ln_U,Phthalates_urine.rds,CHF,Congestive heart failure,natural_log_transformed,2042,51,1991,30,4,2013-2014|2015-2016,WTSB2YR|WTSSBH2Y,ok,,0.6114282369391374
survey_weighted,odds_ratio,0.9064655425124589,0.7778669578395271,1.056324312893514,0.0749153293545444,30,0.19985701693237465,age+sex+eth+marital+PIR_level+edu+smoke+alcohol.user+PA_level+BMI_level,,DEA_ln_U,pesticides_urine.rds,CHF,Congestive heart failure,natural_log_transformed,2178,55,2123,30,4,2013-2014|2015-2016,WTSB2YR|WTSC2YR,ok,,0.6114282369391374
survey_weighted,odds_ratio,1.2170625535526856,0.8954203557661331,1.6542412172356913,0.15027486232581483,30,0.2010737155034747,age+sex+eth+marital+PIR_level+edu+smoke+alcohol.user+PA_level+BMI_level,,X2_HPMA_ln_U,VOC_urine.rds,CHF,Congestive heart failure,natural_log_transformed,2198,41,2157,30,4,2013-2014|2015-2016,WTSA2YR,ok,,0.6114282369391374
survey_weighted,odds_ratio,1.702655862377636,0.7020978510047375,4.129106764164372,0.41561940867496394,15,0.21982573572121072,age+sex+eth+marital+PIR_level+edu+smoke+alcohol.user+PA_level+BMI_level,,MCOCH_binary_U,Phthalates_urine.rds,CHF,Congestive heart failure,binary_above_detection_threshold,1032,28,1004,15,2,2015-2016,WTSB2YR,ok,,0.6522791874066266
survey_weighted,odds_ratio,0.6249827390957102,0.28405587240075225,1.3750936421990416,0.3699609408694495,15,0.22326334602508696,age+sex+eth+marital+PIR_level+edu+smoke+alcohol.user+PA_level+BMI_level,,o_ANS_ln_U,AA_urine.rds,CHF,Congestive heart failure,natural_log_transformed,1048,12,1036,15,2,2013-2014,WTSA2YR,ok,,0.6522791874066266
survey_weighted,odds_ratio,1.3230271815880037,0.8199126064773377,2.1348628004893073,0.23428801124636117,30,0.24153391603767954,age+sex+eth+marital+PIR_level+edu+smoke+alcohol.user+PA_level+BMI_level,,PMM_Cys_ln_U,VOC_urine.rds,CHF,Congestive heart failure,natural_log_transformed,2190,41,2149,30,4,2013-2014|2015-2016,WTSA2YR,ok,,0.6920875671079664
survey_weighted,odds_ratio,0.8571140461903693,0.6511456356712172,1.128233758980104,0.13457443303734218,30,0.26096950745386976,age+sex+eth+marital+PIR_level+edu+smoke+alcohol.user+PA_level+BMI_level,,BPS_ln_U,PCCP_urine.rds,CHF,Congestive heart failure,natural_log_transformed,2142,51,2091,30,4,2013-2014|2015-2016,WTSB2YR,ok,,0.733668992653332
survey_weighted,odds_ratio,0.7438237372791573,0.4357640533429463,1.269663589494167,0.2618177403536144,30,0.2672764771440943,age+sex+eth+marital+PIR_level+edu+smoke+alcohol.user+PA_level+BMI_level,,Sb_ln_U,HM_urine.rds,CHF,Congestive heart failure,natural_log_transformed,2231,41,2190,30,4,2013-2014|2015-2016,WTSA2YR,ok,,0.7374850943420379
survey_weighted,odds_ratio,0.6444785477553667,0.28145029136131966,1.4757582822454645,0.3886958953966644,15,0.27613071560756736,age+sex+eth+marital+PIR_level+edu+smoke+alcohol.user+PA_level+BMI_level,,n_PFOA_ln_S,PFC_serum.rds,CHF,Congestive heart failure,natural_log_transformed,997,26,971,15,2,2015-2016,WTSB2YR,ok,,0.748063211373228
survey_weighted,odds_ratio,0.3579283783269365,0.04982071068984505,2.5714752406746326,0.9655431256876555,30,0.29577930353400683,age+sex+eth+marital+PIR_level+edu+smoke+alcohol.user+PA_level+BMI_level,,FA_ln_S,gas_serum.rds,CHF,Congestive heart failure,natural_log_transformed,1966,39,1927,30,4,2013-2014|2015-2016,WTSA2YR,ok,,0.7760394541600887
survey_weighted,odds_ratio,0.6388782383895028,0.26983343344436667,1.5126568945794792,0.42203430196097785,30,0.29687880905710506,age+sex+eth+marital+PIR_level+edu+smoke+alcohol.user+PA_level+BMI_level,,PFUnDA_binary_S,PFC_serum.rds,CHF,Congestive heart failure,binary_above_detection_threshold,2073,50,2023,30,4,2013-2014|2015-2016,WTSB2YR,ok,,0.7760394541600887
survey_weighted,odds_ratio,1.391322137162484,0.7319308356391567,2.6447543881218905,0.3145142202791221,30,0.302082472089162,age+sex+eth+marital+PIR_level+edu+smoke+alcohol.user+PA_level+BMI_level,,MEHP_binary_U,Phthalates_urine.rds,CHF,Congestive heart failure,binary_above_detection_threshold,2144,51,2093,30,4,2013-2014|2015-2016,WTSB2YR,ok,,0.7760394541600887
survey_weighted,odds_ratio,1.2127820141589427,0.8217884775142377,1.7898038900672457,0.1905667131955302,30,0.3194746251220033,age+sex+eth+marital+PIR_level+edu+smoke+alcohol.user+PA_level+BMI_level,,X34_MHA_ln_U,VOC_urine.rds,CHF,Congestive heart failure,natural_log_transformed,2216,41,2175,30,4,2013-2014|2015-2016,WTSA2YR,ok,,0.798794970457869
survey_weighted,odds_ratio,0.7681352767688335,0.44379563183822174,1.329512417625189,0.25738431978896964,15,0.3216624042112224,age+sex+eth+marital+PIR_level+edu+smoke+alcohol.user+PA_level+BMI_level,,Sm_PFOS_ln_S,PFC_serum.rds,CHF,Congestive heart failure,natural_log_transformed,997,26,971,15,2,2015-2016,WTSB2YR,ok,,0.798794970457869
survey_weighted,odds_ratio,1.3188621451326277,0.7470702535003968,2.3282915491734437,0.2783004797345609,30,0.32793455661485404,age+sex+eth+marital+PIR_level+edu+smoke+alcohol.user+PA_level+BMI_level,,Perchlorate_ln_U,PERNT_urine.rds,CHF,Congestive heart failure,natural_log_transformed,2221,41,2180,30,4,2013-2014|2015-2016,WTSA2YR,ok,,0.8010204743543156
survey_weighted,odds_ratio,1.2584668831997388,0.77050929667478,2.0554442405111386,0.2402215129317206,30,0.34621174826821,age+sex+eth+marital+PIR_level+edu+smoke+alcohol.user+PA_level+BMI_level,,X2_FL_ln_U,PAH_urine.rds,CHF,Congestive heart failure,natural_log_transformed,2225,40,2185,30,4,2013-2014|2015-2016,WTSA2YR,ok,,0.8078918361403405
survey_weighted,odds_ratio,1.1840253498621136,0.8130491101002797,1.7242698032634112,0.17635121253677447,15,0.3533180511080666,age+sex+eth+marital+PIR_level+edu+smoke+alcohol.user+PA_level+BMI_level,,DMP_ln_U,pesticides_urine.rds,CHF,Congestive heart failure,natural_log_transformed,1030,28,1002,15,2,2015-2016,WTSB2YR,ok,,0.8078918361403405
survey_weighted,odds_ratio,0.3697410362855179,0.040035098700433196,3.414714546763673,1.0429739359382777,15,0.3552267988601491,age+sex+eth+marital+PIR_level+edu+smoke+alcohol.user+PA_level+BMI_level,,NDMA_binary_U,pesticides_urine.rds,CHF,Congestive heart failure,binary_above_detection_threshold,890,24,866,15,2,2015-2016,WTSSBI2Y,ok,,0.8078918361403405
survey_weighted,odds_ratio,1.6534750542701824,0.5368544149997492,5.092590614338266,0.5277664199392894,15,0.3557722692335842,age+sex+eth+marital+PIR_level+edu+smoke+alcohol.user+PA_level+BMI_level,,X4_MDA_binary_U,AA_urine.rds,CHF,Congestive heart failure,binary_above_detection_threshold,1008,25,983,15,2,2015-2016,WTSA2YR,ok,,0.8078918361403405
survey_weighted,odds_ratio,1.2094888592371857,0.7913110932934515,1.8486576430142094,0.20774012598529568,30,0.36720064498425764,age+sex+eth+marital+PIR_level+edu+smoke+alcohol.user+PA_level+BMI_level,,MCNP_ln_U,Phthalates_urine.rds,CHF,Congestive heart failure,natural_log_transformed,2143,51,2092,30,4,2013-2014|2015-2016,WTSB2YR,ok,,0.8078918361403405
survey_weighted,odds_ratio,0.7548965893433605,0.3992208528329198,1.4274526407084687,0.3119397661741468,30,0.3745691530383065,age+sex+eth+marital+PIR_level+edu+smoke+alcohol.user+PA_level+BMI_level,,DCVDMPCA_binary_U,pesticides_urine.rds,CHF,Congestive heart failure,binary_above_detection_threshold,2175,56,2119,30,4,2013-2014|2015-2016,WTSB2YR|WTSC2YR,ok,,0.8078918361403405
survey_weighted,odds_ratio,0.32792840536230133,0.02431902293067263,4.42193090363962,1.220547975390997,15,0.37543402858247277,age+sex+eth+marital+PIR_level+edu+smoke+alcohol.user+PA_level+BMI_level,,PFBA_binary_U,PFC_urine.rds,CHF,Congestive heart failure,binary_above_detection_threshold,1012,23,989,15,2,2013-2014,WTSSBH2Y,ok,,0.8078918361403405
survey_weighted,odds_ratio,0.6320996908709857,0.21519810730686542,1.8566614000440562,0.5055189269975636,15,0.3785421604471023,age+sex+eth+marital+PIR_level+edu+smoke+alcohol.user+PA_level+BMI_level,,DETP_binary_U,pesticides_urine.rds,CHF,Congestive heart failure,binary_above_detection_threshold,1034,28,1006,15,2,2015-2016,WTSB2YR,ok,,0.8078918361403405
survey_weighted,odds_ratio,0.7317511748814409,0.3579164909288433,1.4960466910892434,0.3501691634305128,30,0.37954650020016,age+sex+eth+marital+PIR_level+edu+smoke+alcohol.user+PA_level+BMI_level,,Pb_ln_U,HM_urine.rds,CHF,Congestive heart failure,natural_log_transformed,2231,41,2190,30,4,2013-2014|2015-2016,WTSA2YR,ok,,0.8078918361403405
survey_weighted,odds_ratio,1.23906248418464,0.753065895972557,2.0387005279678196,0.2438252421904583,30,0.38631638531270995,age+sex+eth+marital+PIR_level+edu+smoke+alcohol.user+PA_level+BMI_level,,CEMA_AAM_ln_U,VOC_urine.rds,CHF,Congestive heart failure,natural_log_transformed,2156,41,2115,30,4,2013-2014|2015-2016,WTSA2YR,ok,,0.8107203015717434
survey_weighted,odds_ratio,0.642858106767388,0.22436515229322093,1.8419373116216184,0.5154303257098022,30,0.39812592085775145,age+sex+eth+marital+PIR_level+edu+smoke+alcohol.user+PA_level+BMI_level,,Hg_binary_U,HM_urine.rds,CHF,Congestive heart failure,binary_above_detection_threshold,2235,41,2194,30,4,2013-2014|2015-2016,WTSA2YR,ok,,0.8238994751084023
survey_weighted,odds_ratio,0.7766792069978063,0.4122963788639192,1.4630994146612213,0.3100883749629929,30,0.42148492198015464,age+sex+eth+marital+PIR_level+edu+smoke+alcohol.user+PA_level+BMI_level,,PFDA_ln_S,PFC_serum.rds,CHF,Congestive heart failure,natural_log_transformed,2073,50,2023,30,4,2013-2014|2015-2016,WTSB2YR,ok,,0.8251792341832994
survey_weighted,odds_ratio,0.6913382673091215,0.27121316553592123,1.7622617947087666,0.4581779153574077,30,0.4267908767152273,age+sex+eth+marital+PIR_level+edu+smoke+alcohol.user+PA_level+BMI_level,,BuP_binary_U,PCCP_urine.rds,CHF,Congestive heart failure,binary_above_detection_threshold,2145,51,2094,30,4,2013-2014|2015-2016,WTSB2YR,ok,,0.8251792341832994
survey_weighted,odds_ratio,1.0938054120136436,0.8707572563852868,1.3739882964822023,0.11166720453839121,30,0.428321407616319,age+sex+eth+marital+PIR_level+edu+smoke+alcohol.user+PA_level+BMI_level,,MCOP_ln_U,Phthalates_urine.rds,CHF,Congestive heart failure,natural_log_transformed,2143,51,2092,30,4,2013-2014|2015-2016,WTSB2YR,ok,,0.8251792341832994
survey_weighted,odds_ratio,1.1134303398741143,0.8442758275817395,1.4683911125385862,0.13549694270240975,30,0.4340194525418767,age+sex+eth+marital+PIR_level+edu+smoke+alcohol.user+PA_level+BMI_level,,Toluene_ln_S,VOC_serum.rds,CHF,Congestive heart failure,natural_log_transformed,3097,64,3033,30,4,2013-2014|2015-2016,WTSVOC2Y,ok,,0.8251792341832994
survey_weighted,odds_ratio,1.3784988517726888,0.5950082532705356,3.1936684472755053,0.41139227943104173,30,0.44134794646012,age+sex+eth+marital+PIR_level+edu+smoke+alcohol.user+PA_level+BMI_level,,GAM_Cys_binary_U,VOC_urine.rds,CHF,Congestive heart failure,binary_above_detection_threshold,2219,41,2178,30,4,2013-2014|2015-2016,WTSA2YR,ok,,0.8251792341832994
survey_weighted,odds_ratio,1.3611164805092046,0.6066090521173256,3.0540890661741082,0.39572392172440857,30,0.44202828288139207,age+sex+eth+marital+PIR_level+edu+smoke+alcohol.user+PA_level+BMI_level,,DBCM_binary_S,VOC_serum.rds,CHF,Congestive heart failure,binary_above_detection_threshold,3160,66,3094,30,4,2013-2014|2015-2016,WTSVOC2Y,ok,,0.8251792341832994
survey_weighted,odds_ratio,0.9101415120991591,0.7109201604585234,1.165190717776067,0.12096327444589673,30,0.442442363145349,age+sex+eth+marital+PIR_level+edu+smoke+alcohol.user+PA_level+BMI_level,,MeP_ln_U,PCCP_urine.rds,CHF,Congestive heart failure,natural_log_transformed,2143,51,2092,30,4,2013-2014|2015-2016,WTSB2YR,ok,,0.8251792341832994
survey_weighted,odds_ratio,0.6700802153930542,0.23405235081907344,1.9184062603510978,0.5150402996699297,30,0.4430492532527782,age+sex+eth+marital+PIR_level+edu+smoke+alcohol.user+PA_level+BMI_level,,Benzene_binary_S,VOC_serum.rds,CHF,Congestive heart failure,binary_above_detection_threshold,3079,66,3013,30,4,2013-2014|2015-2016,WTSVOC2Y,ok,,0.8251792341832994
survey_weighted,odds_ratio,1.9013139671427977,0.31961839863220987,11.31034639157966,0.8366009467990158,15,0.4543838747526264,age+sex+eth+marital+PIR_level+edu+smoke+alcohol.user+PA_level+BMI_level,,DPCP_binary_U,BFR_urine.rds,CHF,Congestive heart failure,binary_above_detection_threshold,1046,26,1020,15,2,2013-2014,WTSSCH2Y,ok,,0.8358419424461894
survey_weighted,odds_ratio,0.516763617492649,0.07752111377231984,3.444798756999302,0.8900211686109613,15,0.46969661002597063,age+sex+eth+marital+PIR_level+edu+smoke+alcohol.user+PA_level+BMI_level,,A_a_C_binary_U,AA_urine.rds,CHF,Congestive heart failure,binary_above_detection_threshold,1155,15,1140,15,2,2013-2014,WTSA2YR,ok,,0.8476159625543219
survey_weighted,odds_ratio,0.7889149364602358,0.4057234357829631,1.5340173183956676,0.32561119174512493,30,0.47216191202690416,age+sex+eth+marital+PIR_level+edu+smoke+alcohol.user+PA_level+BMI_level,,PHE_Cys_binary_U,VOC_urine.rds,CHF,Congestive heart failure,binary_above_detection_threshold,2171,41,2130,30,4,2013-2014|2015-2016,WTSA2YR,ok,,0.8476159625543219
survey_weighted,odds_ratio,1.1998423380478502,0.7092139306591674,2.029883472303059,0.25745253713596217,30,0.48461513748579055,age+sex+eth+marital+PIR_level+edu+smoke+alcohol.user+PA_level+BMI_level,,Cd_ln_U,HM_urine.rds,CHF,Congestive heart failure,natural_log_transformed,2231,41,2190,30,4,2013-2014|2015-2016,WTSA2YR,ok,,0.8481786637489779
survey_weighted,odds_ratio,1.0982272572415424,0.8321220589990449,1.449430519843562,0.13586504485082654,30,0.4957240381836405,age+sex+eth+marital+PIR_level+edu+smoke+alcohol.user+PA_level+BMI_level,,X1_NP_ln_U,PAH_urine.rds,CHF,Congestive heart failure,natural_log_transformed,2158,40,2118,30,4,2013-2014|2015-2016,WTSA2YR,ok,,0.8481786637489779
survey_weighted,odds_ratio,0.7569574113149156,0.33094588403616887,1.7313541282234444,0.4051134900279529,30,0.4971519801192006,age+sex+eth+marital+PIR_level+edu+smoke+alcohol.user+PA_level+BMI_level,,PMA_binary_U,VOC_urine.rds,CHF,Congestive heart failure,binary_above_detection_threshold,2183,41,2142,30,4,2013-2014|2015-2016,WTSA2YR,ok,,0.8481786637489779
survey_weighted,odds_ratio,1.3349566907964425,0.5649663905094134,3.1543635094741003,0.42104464698184313,30,0.4978890302743535,age+sex+eth+marital+PIR_level+edu+smoke+alcohol.user+PA_level+BMI_level,,Mn_binary_U,HM_urine.rds,CHF,Congestive heart failure,binary_above_detection_threshold,2232,41,2191,30,4,2013-2014|2015-2016,WTSA2YR,ok,,0.8481786637489779
survey_weighted,odds_ratio,0.7263598396953519,0.2785539430364849,1.894062639971866,0.4692977198478485,30,0.5009377342946983,age+sex+eth+marital+PIR_level+edu+smoke+alcohol.user+PA_level+BMI_level,,IHg_binary_S,HM_serum.rds,CHF,Congestive heart failure,binary_above_detection_threshold,3251,68,3183,30,4,2013-2014|2015-2016,WTSH2YR,ok,,0.8481786637489779
survey_weighted,odds_ratio,0.7887003645201586,0.37974154655189313,1.6380832454139327,0.35788349378177386,30,0.5122305650234782,age+sex+eth+marital+PIR_level+edu+smoke+alcohol.user+PA_level+BMI_level,,Ethylbenzene_binary_S,VOC_serum.rds,CHF,Congestive heart failure,binary_above_detection_threshold,3094,66,3028,30,4,2013-2014|2015-2016,WTSVOC2Y,ok,,0.8575545414438006
survey_weighted,odds_ratio,0.9517231773485454,0.8153593917500466,1.1108929577156108,0.07572213218635962,30,0.5184399347563284,age+sex+eth+marital+PIR_level+edu+smoke+alcohol.user+PA_level+BMI_level,,BP3_ln_U,PCCP_urine.rds,CHF,Congestive heart failure,natural_log_transformed,2143,51,2092,30,4,2013-2014|2015-2016,WTSB2YR,ok,,0.8576042739752543
survey_weighted,odds_ratio,0.9091736756935258,0.6684680866567113,1.2365538296797873,0.1505908189079001,30,0.5319782653627431,age+sex+eth+marital+PIR_level+edu+smoke+alcohol.user+PA_level+BMI_level,,BPA_ln_U,PCCP_urine.rds,CHF,Congestive heart failure,natural_log_transformed,2143,51,2092,30,4,2013-2014|2015-2016,WTSB2YR,ok,,0.8576042739752543
survey_weighted,odds_ratio,1.2902211003607076,0.5485177956096319,3.0348522894610053,0.41882225475432927,30,0.5474980459989942,age+sex+eth+marital+PIR_level+edu+smoke+alcohol.user+PA_level+BMI_level,,MEHHP_ln_U,Phthalates_urine.rds,CHF,Congestive heart failure,natural_log_transformed,2143,51,2092,30,4,2013-2014|2015-2016,WTSB2YR,ok,,0.8576042739752543
survey_weighted,odds_ratio,0.8887046131721893,0.5912835629919273,1.335731176894416,0.19951755508469005,30,0.5586970800876228,age+sex+eth+marital+PIR_level+edu+smoke+alcohol.user+PA_level+BMI_level,,THg_ln_S,HM_serum.rds,CHF,Congestive heart failure,natural_log_transformed,3256,68,3188,30,4,2013-2014|2015-2016,WTSH2YR,ok,,0.8576042739752543
survey_weighted,odds_ratio,1.1658313164517289,0.6827015555296733,1.9908591791109462,0.2620276659508669,30,0.5625468880380595,age+sex+eth+marital+PIR_level+edu+smoke+alcohol.user+PA_level+BMI_level,,EO_ln_S,gas_serum.rds,CHF,Congestive heart failure,natural_log_transformed,2136,38,2098,30,4,2013-2014|2015-2016,WTSA2YR,ok,,0.8576042739752543
survey_weighted,odds_ratio,1.260026143491093,0.54644705330597,2.905434062963207,0.39196345538471183,15,0.5641835160645836,age+sex+eth+marital+PIR_level+edu+smoke+alcohol.user+PA_level+BMI_level,,Norharman_ln_U,AA_urine.rds,CHF,Congestive heart failure,natural_log_transformed,1139,14,1125,15,2,2013-2014,WTSA2YR,ok,,0.8576042739752543
survey_weighted,odds_ratio,1.2000788775008666,0.6288225681480382,2.290295204361509,0.31645798854159973,30,0.568684889952634,age+sex+eth+marital+PIR_level+edu+smoke+alcohol.user+PA_level+BMI_level,,Cd_ln_S,HM_serum.rds,CHF,Congestive heart failure,natural_log_transformed,3256,68,3188,30,4,2013-2014|2015-2016,WTSH2YR,ok,,0.8576042739752543
survey_weighted,odds_ratio,1.1400619711020852,0.7146758500162524,1.8186444916581612,0.22867116275784388,30,0.570757025801435,age+sex+eth+marital+PIR_level+edu+smoke+alcohol.user+PA_level+BMI_level,,MB3_Cys_ln_U,VOC_urine.rds,CHF,Congestive heart failure,natural_log_transformed,2160,41,2119,30,4,2013-2014|2015-2016,WTSA2YR,ok,,0.8576042739752543
survey_weighted,odds_ratio,0.8063373161163133,0.37404243300995543,1.7382516259708813,0.3761167667469828,30,0.5713803299508992,age+sex+eth+marital+PIR_level+edu+smoke+alcohol.user+PA_level+BMI_level,,Cs_ln_U,HM_urine.rds,CHF,Congestive heart failure,natural_log_transformed,2231,41,2190,30,4,2013-2014|2015-2016,WTSA2YR,ok,,0.8576042739752543
survey_weighted,odds_ratio,1.3283349436249212,0.4817288022795729,3.6627947386691737,0.49665273938336846,30,0.5717979205786723,age+sex+eth+marital+PIR_level+edu+smoke+alcohol.user+PA_level+BMI_level,,HEMA_binary_U,VOC_urine.rds,CHF,Congestive heart failure,binary_above_detection_threshold,2202,41,2161,30,4,2013-2014|2015-2016,WTSA2YR,ok,,0.8576042739752543
survey_weighted,odds_ratio,1.1864703978312081,0.6313127379420165,2.2298172052074734,0.3089385855330281,30,0.5840551452744924,age+sex+eth+marital+PIR_level+edu+smoke+alcohol.user+PA_level+BMI_level,,CMAC_ln_U,VOC_urine.rds,CHF,Congestive heart failure,natural_log_transformed,2196,41,2155,30,4,2013-2014|2015-2016,WTSA2YR,ok,,0.8576042739752543
survey_weighted,odds_ratio,0.9000532168550529,0.6092976088016789,1.3295568232482724,0.19103575405202278,30,0.5855700232998917,age+sex+eth+marital+PIR_level+edu+smoke+alcohol.user+PA_level+BMI_level,,Ba_ln_U,HM_urine.rds,CHF,Congestive heart failure,natural_log_transformed,2231,41,2190,30,4,2013-2014|2015-2016,WTSA2YR,ok,,0.8576042739752543
survey_weighted,odds_ratio,1.141142212023973,0.6949499678115982,1.8738119409712606,0.2428398446102724,30,0.5906723738487939,age+sex+eth+marital+PIR_level+edu+smoke+alcohol.user+PA_level+BMI_level,,Mo_ln_U,HM_urine.rds,CHF,Congestive heart failure,natural_log_transformed,2230,41,2189,30,4,2013-2014|2015-2016,WTSA2YR,ok,,0.8576042739752543
survey_weighted,odds_ratio,1.2446083504889929,0.5444463037029785,2.8451840623607443,0.4048465018543197,30,0.5928405383855785,age+sex+eth+marital+PIR_level+edu+smoke+alcohol.user+PA_level+BMI_level,,BPF_binary_U,PCCP_urine.rds,CHF,Congestive heart failure,binary_above_detection_threshold,2144,51,2093,30,4,2013-2014|2015-2016,WTSB2YR,ok,,0.8576042739752543
survey_weighted,odds_ratio,1.3062549140334012,0.460602759435331,3.704497781403272,0.5104037397667051,30,0.6045155610634485,age+sex+eth+marital+PIR_level+edu+smoke+alcohol.user+PA_level+BMI_level,,AsB_binary_U,HM_urine.rds,CHF,Congestive heart failure,binary_above_detection_threshold,2233,41,2192,30,4,2013-2014|2015-2016,WTSA2YR,ok,,0.8660847942159022
survey_weighted,odds_ratio,1.4407149433151074,0.2836119527005133,7.318660331933524,0.7625269953281327,15,0.6389476627332491,age+sex+eth+marital+PIR_level+edu+smoke+alcohol.user+PA_level+BMI_level,,PPDA_binary_U,AA_urine.rds,CHF,Congestive heart failure,binary_above_detection_threshold,936,24,912,15,2,2015-2016,WTSA2YR,ok,,0.9066971594976583
survey_weighted,odds_ratio,0.8684830043423657,0.45563964905852317,1.6553930949381945,0.31584706570679744,30,0.6584843414071089,age+sex+eth+marital+PIR_level+edu+smoke+alcohol.user+PA_level+BMI_level,,X1_PH_ln_U,PAH_urine.rds,CHF,Congestive heart failure,natural_log_transformed,2226,41,2185,30,4,2013-2014|2015-2016,WTSA2YR,ok,,0.9256053478269738
survey_weighted,odds_ratio,1.1325058528079817,0.6053277566371639,2.118801744313721,0.3067259540256547,30,0.6878562880594392,age+sex+eth+marital+PIR_level+edu+smoke+alcohol.user+PA_level+BMI_level,,BCPP_binary_U,BFR_urine.rds,CHF,Congestive heart failure,binary_above_detection_threshold,1945,51,1894,30,4,2013-2014|2015-2016,WTSSBI2Y|WTSSCH2Y,ok,,0.9578559525313687
survey_weighted,odds_ratio,0.9399137514082745,0.6784532953960797,1.3021351153886376,0.15961262876808735,30,0.700583792836724,age+sex+eth+marital+PIR_level+edu+smoke+alcohol.user+PA_level+BMI_level,,MEP_ln_U,Phthalates_urine.rds,CHF,Congestive heart failure,natural_log_transformed,2143,51,2092,30,4,2013-2014|2015-2016,WTSB2YR,ok,,0.9589505302950029
survey_weighted,odds_ratio,1.0391281296184796,0.8485842492702171,1.2724573555224683,0.09918751596994918,30,0.70151414632319,age+sex+eth+marital+PIR_level+edu+smoke+alcohol.user+PA_level+BMI_level,,X25_DCP_ln_U,PCCP_urine.rds,CHF,Congestive heart failure,natural_log_transformed,2143,51,2092,30,4,2013-2014|2015-2016,WTSB2YR,ok,,0.9589505302950029
survey_weighted,odds_ratio,0.9362796964005157,0.6395590011796083,1.3706627039491222,0.1866231772449477,30,0.7267037273737796,age+sex+eth+marital+PIR_level+edu+smoke+alcohol.user+PA_level+BMI_level,,Total_As_ln_U,HM_urine.rds,CHF,Congestive heart failure,natural_log_transformed,2230,41,2189,30,4,2013-2014|2015-2016,WTSA2YR,ok,,0.9645366288407502
survey_weighted,odds_ratio,1.095659055873681,0.6368494135285839,1.8850119686325577,0.2656737150275343,30,0.7333458844490067,age+sex+eth+marital+PIR_level+edu+smoke+alcohol.user+PA_level+BMI_level,,GLYP_ln_U,GYLP_urine.rds,CHF,Congestive heart failure,natural_log_transformed,1939,52,1887,30,4,2013-2014|2015-2016,WTSSCH2Y|WTSSGL2Y,ok,,0.9645366288407502
survey_weighted,odds_ratio,1.050957975688372,0.7823049797835729,1.4118696610733161,0.14455109545023778,30,0.7333667306338012,age+sex+eth+marital+PIR_level+edu+smoke+alcohol.user+PA_level+BMI_level,,MCPP_ln_U,Phthalates_urine.rds,CHF,Congestive heart failure,natural_log_transformed,2143,51,2092,30,4,2013-2014|2015-2016,WTSB2YR,ok,,0.9645366288407502
survey_weighted,odds_ratio,0.8825620777560059,0.4014242455470231,1.940380606636167,0.3857518079784321,30,0.7482977843342287,age+sex+eth+marital+PIR_level+edu+smoke+alcohol.user+PA_level+BMI_level,,o_Xylene_binary_S,VOC_serum.rds,CHF,Congestive heart failure,binary_above_detection_threshold,3152,66,3086,30,4,2013-2014|2015-2016,WTSVOC2Y,ok,,0.9645366288407502
survey_weighted,odds_ratio,1.0927165548753228,0.6222010393625035,1.9190412644150783,0.2757510978659866,30,0.7500258485331044,age+sex+eth+marital+PIR_level+edu+smoke+alcohol.user+PA_level+BMI_level,,Pb_ln_S,HM_serum.rds,CHF,Congestive heart failure,natural_log_transformed,3256,68,3188,30,4,2013-2014|2015-2016,WTSH2YR,ok,,0.9645366288407502
survey_weighted,odds_ratio,0.9565941484032386,0.7180512584647002,1.274383066629362,0.14045053398489316,30,0.7542243492359765,age+sex+eth+marital+PIR_level+edu+smoke+alcohol.user+PA_level+BMI_level,,X3PBA_ln_U,pesticides_urine.rds,CHF,Congestive heart failure,natural_log_transformed,2183,56,2127,30,4,2013-2014|2015-2016,WTSB2YR|WTSC2YR,ok,,0.9645366288407502
survey_weighted,odds_ratio,1.109153398759461,0.5655088116279041,2.1754236833875016,0.32984160362842,30,0.7556331829194335,age+sex+eth+marital+PIR_level+edu+smoke+alcohol.user+PA_level+BMI_level,,Nitrate_ln_U,PERNT_urine.rds,CHF,Congestive heart failure,natural_log_transformed,2222,41,2181,30,4,2013-2014|2015-2016,WTSA2YR,ok,,0.9645366288407502
survey_weighted,odds_ratio,1.1008412377515266,0.5787840484097815,2.093788579806051,0.3147966332789795,30,0.7623244519744814,age+sex+eth+marital+PIR_level+edu+smoke+alcohol.user+PA_level+BMI_level,,TCPY_ln_U,pesticides_urine.rds,CHF,Congestive heart failure,natural_log_transformed,2181,56,2125,30,4,2013-2014|2015-2016,WTSB2YR|WTSC2YR,ok,,0.9645366288407502
survey_weighted,odds_ratio,0.9369066556228769,0.5990732985864623,1.465253222638423,0.21897161494918885,30,0.768040081121883,age+sex+eth+marital+PIR_level+edu+smoke+alcohol.user+PA_level+BMI_level,,Sr_ln_U,HM_urine.rds,CHF,Congestive heart failure,natural_log_transformed,2231,41,2190,30,4,2013-2014|2015-2016,WTSA2YR,ok,,0.9645366288407502
survey_weighted,odds_ratio,0.9533404310516592,0.6831712073972438,1.3303517004768752,0.16316459706545378,30,0.7716507292845052,age+sex+eth+marital+PIR_level+edu+smoke+alcohol.user+PA_level+BMI_level,,PNP_ln_U,pesticides_urine.rds,CHF,Congestive heart failure,natural_log_transformed,2162,55,2107,30,4,2013-2014|2015-2016,WTSB2YR|WTSC2YR,ok,,0.9645366288407502
survey_weighted,odds_ratio,1.1158967044660129,0.4965302264732115,2.507854282875747,0.37991479596119737,15,0.7768080232274498,age+sex+eth+marital+PIR_level+edu+smoke+alcohol.user+PA_level+BMI_level,,DMDTP_binary_U,pesticides_urine.rds,CHF,Congestive heart failure,binary_above_detection_threshold,1034,28,1006,15,2,2015-2016,WTSB2YR,ok,,0.9645366288407502
survey_weighted,odds_ratio,0.9629750430657215,0.7060245118313442,1.3134401398643611,0.15197655850798297,30,0.8056344719394958,age+sex+eth+marital+PIR_level+edu+smoke+alcohol.user+PA_level+BMI_level,,BDCPP_ln_U,BFR_urine.rds,CHF,Congestive heart failure,natural_log_transformed,1935,50,1885,30,4,2013-2014|2015-2016,WTSSBI2Y|WTSSCH2Y,ok,,0.9741637816868361
survey_weighted,odds_ratio,1.0433904823615343,0.7355263818412973,1.4801150924828874,0.17120358209532213,30,0.8057479764242709,age+sex+eth+marital+PIR_level+edu+smoke+alcohol.user+PA_level+BMI_level,,DPHP_ln_U,BFR_urine.rds,CHF,Congestive heart failure,natural_log_transformed,1942,51,1891,30,4,2013-2014|2015-2016,WTSSBI2Y|WTSSCH2Y,ok,,0.9741637816868361
survey_weighted,odds_ratio,0.9107079108154775,0.4021831364216736,2.0622169944796225,0.3834548533606928,15,0.8105960095143488,age+sex+eth+marital+PIR_level+edu+smoke+alcohol.user+PA_level+BMI_level,,o_TLD_ln_U,AA_urine.rds,CHF,Congestive heart failure,natural_log_transformed,1078,14,1064,15,2,2013-2014,WTSA2YR,ok,,0.9741637816868361
survey_weighted,odds_ratio,1.1058991120067896,0.4432461533486838,2.759218183164494,0.44768203658232336,30,0.8236250309558235,age+sex+eth+marital+PIR_level+edu+smoke+alcohol.user+PA_level+BMI_level,,AsC_binary_U,HM_urine.rds,CHF,Congestive heart failure,binary_above_detection_threshold,2233,41,2192,30,4,2013-2014|2015-2016,WTSA2YR,ok,,0.9741637816868361
survey_weighted,odds_ratio,0.975561907762508,0.752536585969208,1.2646840746639343,0.12709567970493618,30,0.8469639919404548,age+sex+eth+marital+PIR_level+edu+smoke+alcohol.user+PA_level+BMI_level,,U_ln_U,HM_urine.rds,CHF,Congestive heart failure,natural_log_transformed,2231,41,2190,30,4,2013-2014|2015-2016,WTSA2YR,ok,,0.9741637816868361
survey_weighted,odds_ratio,1.0611244440789662,0.5609389234481533,2.007322078668281,0.312138760162203,30,0.8505322543281832,age+sex+eth+marital+PIR_level+edu+smoke+alcohol.user+PA_level+BMI_level,,X1_PY_ln_U,PAH_urine.rds,CHF,Congestive heart failure,natural_log_transformed,2225,41,2184,30,4,2013-2014|2015-2016,WTSA2YR,ok,,0.9741637816868361
survey_weighted,odds_ratio,0.9494381824076001,0.5328374356603592,1.6917596285183647,0.28284866793922653,30,0.8556894866114396,age+sex+eth+marital+PIR_level+edu+smoke+alcohol.user+PA_level+BMI_level,,Mn_ln_S,HM_serum.rds,CHF,Congestive heart failure,natural_log_transformed,3255,68,3187,30,4,2013-2014|2015-2016,WTSH2YR,ok,,0.9741637816868361
survey_weighted,odds_ratio,1.0567299754043429,0.5533041147776667,2.0181997767480473,0.3168170345608911,30,0.8629038894319692,age+sex+eth+marital+PIR_level+edu+smoke+alcohol.user+PA_level+BMI_level,,Chloroform_binary_S,VOC_serum.rds,CHF,Congestive heart failure,binary_above_detection_threshold,3075,65,3010,30,4,2013-2014|2015-2016,WTSVOC2Y,ok,,0.9741637816868361
survey_weighted,odds_ratio,0.9699282668517956,0.6658729117335077,1.4128234175932874,0.17646361310257846,15,0.8649425480880567,age+sex+eth+marital+PIR_level+edu+smoke+alcohol.user+PA_level+BMI_level,,DEP_ln_U,pesticides_urine.rds,CHF,Congestive heart failure,natural_log_transformed,1038,28,1010,15,2,2015-2016,WTSB2YR,ok,,0.9741637816868361
survey_weighted,odds_ratio,1.0354411094849192,0.6799924387080851,1.5766914897587854,0.20589864382951464,30,0.8668149082105063,age+sex+eth+marital+PIR_level+edu+smoke+alcohol.user+PA_level+BMI_level,,Thiocyanate_ln_U,PERNT_urine.rds,CHF,Congestive heart failure,natural_log_transformed,2217,41,2176,30,4,2013-2014|2015-2016,WTSA2YR,ok,,0.9741637816868361
survey_weighted,odds_ratio,1.0829854475499985,0.38338434750615363,3.059221085144185,0.5084722179236271,30,0.8764635951815725,age+sex+eth+marital+PIR_level+edu+smoke+alcohol.user+PA_level+BMI_level,,X4FPBA_binary_U,pesticides_urine.rds,CHF,Congestive heart failure,binary_above_detection_threshold,2204,56,2148,30,4,2013-2014|2015-2016,WTSB2YR|WTSC2YR,ok,,0.9741637816868361
survey_weighted,odds_ratio,1.0377356065885548,0.636205909558854,1.6926834111434714,0.23957334751870757,30,0.8781623133419807,age+sex+eth+marital+PIR_level+edu+smoke+alcohol.user+PA_level+BMI_level,,MiBP_ln_U,Phthalates_urine.rds,CHF,Congestive heart failure,natural_log_transformed,2143,51,2092,30,4,2013-2014|2015-2016,WTSB2YR,ok,,0.9741637816868361
survey_weighted,odds_ratio,0.9513045097505907,0.4242009045246991,2.1333765690240747,0.3954550892034839,30,0.9003865714324116,age+sex+eth+marital+PIR_level+edu+smoke+alcohol.user+PA_level+BMI_level,,TCC_binary_U,PCCP_urine.rds,CHF,Congestive heart failure,binary_above_detection_threshold,2145,51,2094,30,4,2013-2014|2015-2016,WTSB2YR,ok,,0.9741637816868361
survey_weighted,odds_ratio,1.0221272326281772,0.685890965091136,1.5231926543037613,0.1953326959251579,30,0.9115343706627258,age+sex+eth+marital+PIR_level+edu+smoke+alcohol.user+PA_level+BMI_level,,X2_MHA_ln_U,VOC_urine.rds,CHF,Congestive heart failure,natural_log_transformed,2092,40,2052,30,4,2013-2014|2015-2016,WTSA2YR,ok,,0.9741637816868361
survey_weighted,odds_ratio,0.950605819698116,0.3610830347238865,2.5026139074491067,0.473977670479982,30,0.9156006110875909,age+sex+eth+marital+PIR_level+edu+smoke+alcohol.user+PA_level+BMI_level,,X25_DMF_binary_S,VOC_serum.rds,CHF,Congestive heart failure,binary_above_detection_threshold,3158,66,3092,30,4,2013-2014|2015-2016,WTSVOC2Y,ok,,0.9741637816868361
survey_weighted,odds_ratio,0.94018749106795,0.2594790332887345,3.4066433312823055,0.6040036996761894,15,0.920020398133659,age+sex+eth+marital+PIR_level+edu+smoke+alcohol.user+PA_level+BMI_level,,MDA_binary_U,pesticides_urine.rds,CHF,Congestive heart failure,binary_above_detection_threshold,1035,28,1007,15,2,2015-2016,WTSB2YR,ok,,0.9741637816868361
survey_weighted,odds_ratio,1.012543997557067,0.7660037773297796,1.3384338006305385,0.1309128578843721,15,0.9253978160216793,age+sex+eth+marital+PIR_level+edu+smoke+alcohol.user+PA_level+BMI_level,,DMTP_ln_U,pesticides_urine.rds,CHF,Congestive heart failure,natural_log_transformed,1038,27,1011,15,2,2015-2016,WTSB2YR,ok,,0.9741637816868361
survey_weighted,odds_ratio,0.9794166202386887,0.6212780775047252,1.5440057370968154,0.22287836080271248,30,0.9262727616395453,age+sex+eth+marital+PIR_level+edu+smoke+alcohol.user+PA_level+BMI_level,,X3_FL_ln_U,PAH_urine.rds,CHF,Congestive heart failure,natural_log_transformed,2224,41,2183,30,4,2013-2014|2015-2016,WTSA2YR,ok,,0.9741637816868361
survey_weighted,odds_ratio,1.0241323440784051,0.6039970194727622,1.7365103210328463,0.2585510932238115,30,0.9271296890302552,age+sex+eth+marital+PIR_level+edu+smoke+alcohol.user+PA_level+BMI_level,,ATCA_ln_U,VOC_urine.rds,CHF,Congestive heart failure,natural_log_transformed,2165,40,2125,30,4,2013-2014|2015-2016,WTSA2YR,ok,,0.9741637816868361
survey_weighted,odds_ratio,0.9791340708245748,0.5950653712508515,1.611089428098076,0.23364255266462597,15,0.9292811176820877,age+sex+eth+marital+PIR_level+edu+smoke+alcohol.user+PA_level+BMI_level,,n_PFOS_ln_S,PFC_serum.rds,CHF,Congestive heart failure,natural_log_transformed,997,26,971,15,2,2015-2016,WTSB2YR,ok,,0.9741637816868361
survey_weighted,odds_ratio,1.0361635078803848,0.4313446140143008,2.4890418940698513,0.42911654353648027,30,0.9345714067426983,age+sex+eth+marital+PIR_level+edu+smoke+alcohol.user+PA_level+BMI_level,,DBUP_binary_U,BFR_urine.rds,CHF,Congestive heart failure,binary_above_detection_threshold,1943,51,1892,30,4,2013-2014|2015-2016,WTSSBI2Y|WTSSCH2Y,ok,,0.9741637816868361
survey_weighted,odds_ratio,1.033867407306314,0.43102540436504005,2.4798580433208812,0.42839278381209295,30,0.938545028760538,age+sex+eth+marital+PIR_level+edu+smoke+alcohol.user+PA_level+BMI_level,,BDCM_binary_S,VOC_serum.rds,CHF,Congestive heart failure,binary_above_detection_threshold,3136,66,3070,30,4,2013-2014|2015-2016,WTSVOC2Y,ok,,0.9741637816868361
survey_weighted,odds_ratio,1.023109450484221,0.5165117202129651,2.0265812114360804,0.3346780533298198,30,0.9460284257831841,age+sex+eth+marital+PIR_level+edu+smoke+alcohol.user+PA_level+BMI_level,,MeFOSAA_binary_S,PFC_serum.rds,CHF,Congestive heart failure,binary_above_detection_threshold,2073,50,2023,30,4,2013-2014|2015-2016,WTSB2YR,ok,,0.9741637816868361
survey_weighted,odds_ratio,1.0179014300288511,0.5985426172772018,1.7310769381270683,0.2600047973154207,30,0.9460463002671611,age+sex+eth+marital+PIR_level+edu+smoke+alcohol.user+PA_level+BMI_level,,MHBP_ln_U,Phthalates_urine.rds,CHF,Congestive heart failure,natural_log_transformed,2042,51,1991,30,4,2013-2014|2015-2016,WTSB2YR|WTSSBH2Y,ok,,0.9741637816868361
survey_weighted,odds_ratio,1.0178675783935556,0.55522838578341,1.8659968288237285,0.2967701844083727,30,0.9528100580612255,age+sex+eth+marital+PIR_level+edu+smoke+alcohol.user+PA_level+BMI_level,,DMA_ln_U,HM_urine.rds,CHF,Congestive heart failure,natural_log_transformed,2232,41,2191,30,4,2013-2014|2015-2016,WTSA2YR,ok,,0.9741637816868361
survey_weighted,odds_ratio,1.0122555578234445,0.5979054782591655,1.7137513396395199,0.2578028536257134,30,0.9626274913540237,age+sex+eth+marital+PIR_level+edu+smoke+alcohol.user+PA_level+BMI_level,,PFNA_ln_S,PFC_serum.rds,CHF,Congestive heart failure,natural_log_transformed,2073,50,2023,30,4,2013-2014|2015-2016,WTSB2YR,ok,,0.9741637816868361
survey_weighted,odds_ratio,0.9865622329837858,0.5217402797394782,1.8654972164233825,0.31193511446576094,30,0.9656933568229711,age+sex+eth+marital+PIR_level+edu+smoke+alcohol.user+PA_level+BMI_level,,X23_OH_PH_ln_U,PAH_urine.rds,CHF,Congestive heart failure,natural_log_transformed,2226,41,2185,30,4,2013-2014|2015-2016,WTSA2YR,ok,,0.9741637816868361
survey_weighted,odds_ratio,0.9836100178852639,0.43120078456000716,2.2437080402612546,0.40379316363496176,30,0.9676257697292063,age+sex+eth+marital+PIR_level+edu+smoke+alcohol.user+PA_level+BMI_level,,MMA_binary_U,HM_urine.rds,CHF,Congestive heart failure,binary_above_detection_threshold,2233,41,2192,30,4,2013-2014|2015-2016,WTSA2YR,ok,,0.9741637816868361
survey_weighted,odds_ratio,1.0021499052962515,0.7292239964842193,1.3772235109202404,0.15567067231178677,30,0.9890842526480497,age+sex+eth+marital+PIR_level+edu+smoke+alcohol.user+PA_level+BMI_level,,X24_DCP_ln_U,PCCP_urine.rds,CHF,Congestive heart failure,natural_log_transformed,2143,51,2092,30,4,2013-2014|2015-2016,WTSB2YR,ok,,0.9890842526480497
same_sample_unweighted,odds_ratio,3.671249036476125,1.7470045478509708,7.714959588632184,0.3784516169776953,1024,5.893803120766716e-4,age+sex+eth+marital+PIR_level+edu+smoke+alcohol.user+PA_level+BMI_level,,IPM1_Cys_ln_U,VOC_urine.rds,CHD,Coronary heart disease,natural_log_transformed,1047,36,1011,15,2,2015-2016,WTSA2YR,ok,,0.08781766649942407
same_sample_unweighted,odds_ratio,0.6412485217390949,0.46728794698886233,0.8799706247128503,0.16137099556843942,2015,0.0058958252503530555,age+sex+eth+marital+PIR_level+edu+smoke+alcohol.user+PA_level+BMI_level,,HIBP_ln_U,Phthalates_urine.rds,CHD,Coronary heart disease,natural_log_transformed,2038,68,1970,30,4,2013-2014|2015-2016,WTSB2YR|WTSSBH2Y,ok,,0.3379023172688935
same_sample_unweighted,odds_ratio,2.895670579904799,1.3396402314778704,6.259074571145188,0.3928647800513593,1145,0.006803402361118662,age+sex+eth+marital+PIR_level+edu+smoke+alcohol.user+PA_level+BMI_level,,TTCA_binary_U,VOC_urine.rds,CHD,Coronary heart disease,binary_above_detection_threshold,1168,36,1132,15,2,2013-2014,WTSA2YR,ok,,0.3379023172688935
same_sample_unweighted,odds_ratio,1.757892704083899,1.1409443109522293,2.708446616901346,0.22028393709917282,1024,0.01044141850611535,age+sex+eth+marital+PIR_level+edu+smoke+alcohol.user+PA_level+BMI_level,,IPM3_Cys_ln_U,VOC_urine.rds,CHD,Coronary heart disease,natural_log_transformed,1047,36,1011,15,2,2015-2016,WTSA2YR,ok,,0.3512032730094331
same_sample_unweighted,odds_ratio,0.50435580832237,0.29558511096735096,0.860580495939149,0.272470246940548,2205,0.01200140966050507,age+sex+eth+marital+PIR_level+edu+smoke+alcohol.user+PA_level+BMI_level,,As_III_binary_U,HM_urine.rds,CHD,Coronary heart disease,binary_above_detection_threshold,2228,74,2154,30,4,2013-2014|2015-2016,WTSA2YR,ok,,0.3512032730094331
same_sample_unweighted,odds_ratio,1.7199897833765758,1.1150165768202789,2.653202576912573,0.2210273435064942,2155,0.014142413678232206,age+sex+eth+marital+PIR_level+edu+smoke+alcohol.user+PA_level+BMI_level,,PGA_ln_U,VOC_urine.rds,CHD,Coronary heart disease,natural_log_transformed,2178,71,2107,30,4,2013-2014|2015-2016,WTSA2YR,ok,,0.3512032730094331
same_sample_unweighted,odds_ratio,1.5871277381828168,1.079225270042995,2.3340580759464165,0.1967065884219496,3227,0.01885936384469574,age+sex+eth+marital+PIR_level+edu+smoke+alcohol.user+PA_level+BMI_level,,Cd_ln_S,HM_serum.rds,CHD,Coronary heart disease,natural_log_transformed,3250,101,3149,30,4,2013-2014|2015-2016,WTSH2YR,ok,,0.38253048528568745
same_sample_unweighted,odds_ratio,0.5501170942954398,0.331565999908707,0.9127257243486463,0.25800125520724443,971,0.020538549545540265,age+sex+eth+marital+PIR_level+edu+smoke+alcohol.user+PA_level+BMI_level,,n_PFOA_ln_S,PFC_serum.rds,CHD,Coronary heart disease,natural_log_transformed,994,36,958,15,2,2015-2016,WTSB2YR,ok,,0.38253048528568745
same_sample_unweighted,odds_ratio,1.4953548875512424,1.0510024699956866,2.1275746761399765,0.17981108614019206,2179,0.02524051849804297,age+sex+eth+marital+PIR_level+edu+smoke+alcohol.user+PA_level+BMI_level,,CEMA_CEM_ln_U,VOC_urine.rds,CHD,Coronary heart disease,natural_log_transformed,2202,72,2130,30,4,2013-2014|2015-2016,WTSA2YR,ok,,0.41303979092746884
same_sample_unweighted,odds_ratio,0.7088793968486887,0.5194535848132559,0.9673819066186896,0.15854226623738696,2203,0.029991008460668687,age+sex+eth+marital+PIR_level+edu+smoke+alcohol.user+PA_level+BMI_level,,Sr_ln_U,HM_urine.rds,CHD,Coronary heart disease,natural_log_transformed,2226,74,2152,30,4,2013-2014|2015-2016,WTSA2YR,ok,,0.41303979092746884
same_sample_unweighted,odds_ratio,0.7665509784738243,0.5982122266372323,0.9822607703996491,0.12644078743182002,2203,0.03550097474196221,age+sex+eth+marital+PIR_level+edu+smoke+alcohol.user+PA_level+BMI_level,,Ba_ln_U,HM_urine.rds,CHD,Coronary heart disease,natural_log_transformed,2226,74,2152,30,4,2013-2014|2015-2016,WTSA2YR,ok,,0.41303979092746884
same_sample_unweighted,odds_ratio,0.5989191273377926,0.369721037722352,0.9702020834433492,0.24602007974660184,3117,0.037188698965239804,age+sex+eth+marital+PIR_level+edu+smoke+alcohol.user+PA_level+BMI_level,,m_p_Xylene_binary_S,VOC_serum.rds,CHD,Coronary heart disease,binary_above_detection_threshold,3140,99,3041,30,4,2013-2014|2015-2016,WTSVOC2Y,ok,,0.41303979092746884
same_sample_unweighted,odds_ratio,1.643292540316921,1.0265123109903902,2.6306653550563404,0.23979704315181516,1052,0.03832677341292498,age+sex+eth+marital+PIR_level+edu+smoke+alcohol.user+PA_level+BMI_level,,o_TLD_ln_U,AA_urine.rds,CHD,Coronary heart disease,natural_log_transformed,1075,33,1042,15,2,2013-2014,WTSA2YR,ok,,0.41303979092746884
same_sample_unweighted,odds_ratio,1.834104121791105,1.0313322743560764,3.261740191027602,0.29356045791968005,2069,0.03880910787237962,age+sex+eth+marital+PIR_level+edu+smoke+alcohol.user+PA_level+BMI_level,,DHB_Cys_ln_U,VOC_urine.rds,CHD,Coronary heart disease,natural_log_transformed,2092,67,2025,30,4,2013-2014|2015-2016,WTSA2YR,ok,,0.41303979092746884
same_sample_unweighted,odds_ratio,1.308772862405741,1.0064951546206986,1.7018327385939822,0.13391579094760564,2182,0.04449507713310964,age+sex+eth+marital+PIR_level+edu+smoke+alcohol.user+PA_level+BMI_level,,BMA_ln_U,VOC_urine.rds,CHD,Coronary heart disease,natural_log_transformed,2205,72,2133,30,4,2013-2014|2015-2016,WTSA2YR,ok,,0.4339262881678114
same_sample_unweighted,odds_ratio,1.3753985068263028,1.004634820671497,1.8829937143882778,0.16017640106788644,2119,0.04659611148110727,age+sex+eth+marital+PIR_level+edu+smoke+alcohol.user+PA_level+BMI_level,,X3_HPMA_ln_U,VOC_urine.rds,CHD,Coronary heart disease,natural_log_transformed,2142,69,2073,30,4,2013-2014|2015-2016,WTSA2YR,ok,,0.4339262881678114
same_sample_unweighted,odds_ratio,0.6757674041062918,0.44680471586977816,1.0220607980011804,0.21097327038627317,2203,0.06322422738750597,age+sex+eth+marital+PIR_level+edu+smoke+alcohol.user+PA_level+BMI_level,,Pb_ln_U,HM_urine.rds,CHD,Coronary heart disease,natural_log_transformed,2226,74,2152,30,4,2013-2014|2015-2016,WTSA2YR,ok,,0.5347280558991427
same_sample_unweighted,odds_ratio,1.415485417149221,0.9789721717446107,2.0466352609303717,0.18802321689850507,2168,0.06459802017573536,age+sex+eth+marital+PIR_level+edu+smoke+alcohol.user+PA_level+BMI_level,,CMAC_ln_U,VOC_urine.rds,CHD,Coronary heart disease,natural_log_transformed,2191,71,2120,30,4,2013-2014|2015-2016,WTSA2YR,ok,,0.5347280558991427
same_sample_unweighted,odds_ratio,1.3275648584845516,0.9756357604562588,1.806441015096559,0.15706403630446172,2162,0.07122850326012956,age+sex+eth+marital+PIR_level+edu+smoke+alcohol.user+PA_level+BMI_level,,PMM_Cys_ln_U,VOC_urine.rds,CHD,Coronary heart disease,natural_log_transformed,2185,72,2113,30,4,2013-2014|2015-2016,WTSA2YR,ok,,0.5585814203031213
same_sample_unweighted,odds_ratio,1.4247975413677612,0.9620140109765083,2.1102063075224686,0.20027929587917048,2203,0.0771143972848784,age+sex+eth+marital+PIR_level+edu+smoke+alcohol.user+PA_level+BMI_level,,Cd_ln_U,HM_urine.rds,CHD,Coronary heart disease,natural_log_transformed,2226,74,2152,30,4,2013-2014|2015-2016,WTSA2YR,ok,,0.574502259772344
same_sample_unweighted,odds_ratio,0.7499129698353135,0.5373645342061821,1.0465325240676258,0.16994353375134594,2045,0.09036173935256679,age+sex+eth+marital+PIR_level+edu+smoke+alcohol.user+PA_level+BMI_level,,PFDA_ln_S,PFC_serum.rds,CHD,Coronary heart disease,natural_log_transformed,2068,68,2000,30,4,2013-2014|2015-2016,WTSB2YR,ok,,0.6411380554063072
same_sample_unweighted,odds_ratio,1.252050707237663,0.9585253445255231,1.6354611617184946,0.13622344444626744,2170,0.0989217834714724,age+sex+eth+marital+PIR_level+edu+smoke+alcohol.user+PA_level+BMI_level,,X2_HPMA_ln_U,VOC_urine.rds,CHD,Coronary heart disease,natural_log_transformed,2193,72,2121,30,4,2013-2014|2015-2016,WTSA2YR,ok,,0.6495706097994284
same_sample_unweighted,odds_ratio,1.898232344287255,0.8831063782613665,4.080240072540672,0.38996276096587246,1007,0.10026928876098558,age+sex+eth+marital+PIR_level+edu+smoke+alcohol.user+PA_level+BMI_level,,MCOCH_binary_U,Phthalates_urine.rds,CHD,Coronary heart disease,binary_above_detection_threshold,1030,38,992,15,2,2015-2016,WTSB2YR,ok,,0.6495706097994284
same_sample_unweighted,odds_ratio,1.3948670877784692,0.9277941904908338,2.097075205373158,0.20779034650990538,1022,0.1092418394632938,age+sex+eth+marital+PIR_level+edu+smoke+alcohol.user+PA_level+BMI_level,,o_ANS_ln_U,AA_urine.rds,CHD,Coronary heart disease,natural_log_transformed,1045,31,1014,15,2,2013-2014,WTSA2YR,ok,,0.6495942648014073
same_sample_unweighted,odds_ratio,0.5411708594944418,0.25351289616977624,1.1552307736243215,0.3864411407292745,1009,0.11208069246880693,age+sex+eth+marital+PIR_level+edu+smoke+alcohol.user+PA_level+BMI_level,,DETP_binary_U,pesticides_urine.rds,CHD,Coronary heart disease,binary_above_detection_threshold,1032,39,993,15,2,2015-2016,WTSB2YR,ok,,0.6495942648014073
same_sample_unweighted,odds_ratio,0.8463484572530453,0.6868528616976957,1.042880871638382,0.1064784909771403,2159,0.1171754655444775,age+sex+eth+marital+PIR_level+edu+smoke+alcohol.user+PA_level+BMI_level,,X3PBA_ln_U,pesticides_urine.rds,CHD,Coronary heart disease,natural_log_transformed,2182,80,2102,30,4,2013-2014|2015-2016,WTSB2YR|WTSC2YR,ok,,0.6495942648014073
same_sample_unweighted,odds_ratio,1.158943028245056,0.9622397465803694,1.3958568511549592,0.0948465760375076,2161,0.11989088330465358,age+sex+eth+marital+PIR_level+edu+smoke+alcohol.user+PA_level+BMI_level,,CEMA_CYM_ln_U,VOC_urine.rds,CHD,Coronary heart disease,natural_log_transformed,2184,72,2112,30,4,2013-2014|2015-2016,WTSA2YR,ok,,0.6495942648014073
same_sample_unweighted,odds_ratio,1.6246919787659968,0.8778775653143868,3.0068247898797424,0.31389077642445407,2118,0.12207140546603627,age+sex+eth+marital+PIR_level+edu+smoke+alcohol.user+PA_level+BMI_level,,BuP_binary_U,PCCP_urine.rds,CHD,Coronary heart disease,binary_above_detection_threshold,2141,70,2071,30,4,2013-2014|2015-2016,WTSB2YR,ok,,0.6495942648014073
same_sample_unweighted,odds_ratio,1.2923714204363117,0.918124573221291,1.819169137909572,0.17433219876144937,1914,0.14123500509161988,age+sex+eth+marital+PIR_level+edu+smoke+alcohol.user+PA_level+BMI_level,,GLYP_ln_U,GYLP_urine.rds,CHD,Coronary heart disease,natural_log_transformed,1937,74,1863,30,4,2013-2014|2015-2016,WTSSCH2Y|WTSSGL2Y,ok,,0.7256557158155642
same_sample_unweighted,odds_ratio,0.672499601549467,0.39117771597581097,1.1561387461860373,0.276346684660988,3123,0.15108481530879578,age+sex+eth+marital+PIR_level+edu+smoke+alcohol.user+PA_level+BMI_level,,o_Xylene_binary_S,VOC_serum.rds,CHD,Coronary heart disease,binary_above_detection_threshold,3146,99,3047,30,4,2013-2014|2015-2016,WTSVOC2Y,ok,,0.7333208468267255
same_sample_unweighted,odds_ratio,0.8202401763911322,0.6225622782941249,1.0806853714453595,0.14063765522512514,3068,0.15883595161850933,age+sex+eth+marital+PIR_level+edu+smoke+alcohol.user+PA_level+BMI_level,,Toluene_ln_S,VOC_serum.rds,CHD,Coronary heart disease,natural_log_transformed,3091,98,2993,30,4,2013-2014|2015-2016,WTSVOC2Y,ok,,0.7333208468267255
same_sample_unweighted,odds_ratio,0.766188314553079,0.5275043552917292,1.1128714435599887,0.1902202670085649,1013,0.1614835290680205,age+sex+eth+marital+PIR_level+edu+smoke+alcohol.user+PA_level+BMI_level,,DEP_ln_U,pesticides_urine.rds,CHD,Coronary heart disease,natural_log_transformed,1036,39,997,15,2,2015-2016,WTSB2YR,ok,,0.7333208468267255
same_sample_unweighted,odds_ratio,1.2496305795238132,0.91149292364099,1.7132075793229962,0.16089086291139,2132,0.16602562208444832,age+sex+eth+marital+PIR_level+edu+smoke+alcohol.user+PA_level+BMI_level,,MB3_Cys_ln_U,VOC_urine.rds,CHD,Coronary heart disease,natural_log_transformed,2155,71,2084,30,4,2013-2014|2015-2016,WTSA2YR,ok,,0.7333208468267255
same_sample_unweighted,odds_ratio,1.0884039153002447,0.9650271216367065,1.2275541860748498,0.061349382292460425,2116,0.16733495833629977,age+sex+eth+marital+PIR_level+edu+smoke+alcohol.user+PA_level+BMI_level,,BP3_ln_U,PCCP_urine.rds,CHD,Coronary heart disease,natural_log_transformed,2139,70,2069,30,4,2013-2014|2015-2016,WTSB2YR,ok,,0.7333208468267255
same_sample_unweighted,odds_ratio,0.7013234938279991,0.4123418498092715,1.1928322173037216,0.2708303142621466,2151,0.19019794417520156,age+sex+eth+marital+PIR_level+edu+smoke+alcohol.user+PA_level+BMI_level,,DCVDMPCA_binary_U,pesticides_urine.rds,CHD,Coronary heart disease,binary_above_detection_threshold,2174,80,2094,30,4,2013-2014|2015-2016,WTSB2YR|WTSC2YR,ok,,0.7549161098947785
same_sample_unweighted,odds_ratio,0.811404768784881,0.5920190357700279,1.1120887319957655,0.1607426390411474,2138,0.19355231609356263,age+sex+eth+marital+PIR_level+edu+smoke+alcohol.user+PA_level+BMI_level,,PNP_ln_U,pesticides_urine.rds,CHD,Coronary heart disease,natural_log_transformed,2161,78,2083,30,4,2013-2014|2015-2016,WTSB2YR|WTSC2YR,ok,,0.7549161098947785
same_sample_unweighted,odds_ratio,0.7872420298806668,0.5464864964660897,1.1340628132960444,0.18601695392956463,1005,0.19843979661572328,age+sex+eth+marital+PIR_level+edu+smoke+alcohol.user+PA_level+BMI_level,,DMP_ln_U,pesticides_urine.rds,CHD,Coronary heart disease,natural_log_transformed,1028,39,989,15,2,2015-2016,WTSB2YR,ok,,0.7549161098947785
same_sample_unweighted,odds_ratio,0.8404199119407056,0.6444547731361406,1.095973926842523,0.13538569305979223,2202,0.19909443950891426,age+sex+eth+marital+PIR_level+edu+smoke+alcohol.user+PA_level+BMI_level,,Total_As_ln_U,HM_urine.rds,CHD,Coronary heart disease,natural_log_transformed,2225,74,2151,30,4,2013-2014|2015-2016,WTSA2YR,ok,,0.7549161098947785
same_sample_unweighted,odds_ratio,1.1766329563239033,0.9142707101251792,1.5142835689420386,0.12864583076831584,2116,0.20609445611135072,age+sex+eth+marital+PIR_level+edu+smoke+alcohol.user+PA_level+BMI_level,,MBzP_ln_U,Phthalates_urine.rds,CHD,Coronary heart disease,natural_log_transformed,2139,70,2069,30,4,2013-2014|2015-2016,WTSB2YR,ok,,0.7549161098947785
same_sample_unweighted,odds_ratio,1.918498639520628,0.6919804640314136,5.318989799797892,0.5196861486394487,1051,0.20994239422205993,age+sex+eth+marital+PIR_level+edu+smoke+alcohol.user+PA_level+BMI_level,,PFHpA_binary_S,PFC_serum.rds,CHD,Coronary heart disease,binary_above_detection_threshold,1074,32,1042,15,2,2013-2014,WTSB2YR,ok,,0.7549161098947785
same_sample_unweighted,odds_ratio,1.3879034987034686,0.8229828437244413,2.340603010624001,0.2664768244868612,1921,0.21865798459083252,age+sex+eth+marital+PIR_level+edu+smoke+alcohol.user+PA_level+BMI_level,,BCPP_binary_U,BFR_urine.rds,CHD,Coronary heart disease,binary_above_detection_threshold,1944,76,1868,30,4,2013-2014|2015-2016,WTSSBI2Y|WTSSCH2Y,ok,,0.7549161098947785
same_sample_unweighted,odds_ratio,1.4767767143618953,0.7873865440487038,2.7697570914376937,0.3207517366037625,3226,0.22418961299508167,age+sex+eth+marital+PIR_level+edu+smoke+alcohol.user+PA_level+BMI_level,,Mn_ln_S,HM_serum.rds,CHD,Coronary heart disease,natural_log_transformed,3249,101,3148,30,4,2013-2014|2015-2016,WTSH2YR,ok,,0.7549161098947785
same_sample_unweighted,odds_ratio,0.8171042245464458,0.5881276970481775,1.1352284837504534,0.16767555497321932,2157,0.22834244173517904,age+sex+eth+marital+PIR_level+edu+smoke+alcohol.user+PA_level+BMI_level,,TCPY_ln_U,pesticides_urine.rds,CHD,Coronary heart disease,natural_log_transformed,2180,79,2101,30,4,2013-2014|2015-2016,WTSB2YR|WTSC2YR,ok,,0.7549161098947785
same_sample_unweighted,odds_ratio,0.8512912310142952,0.6546430310187394,1.1070105777710317,0.1338546855271719,1013,0.22905207338477707,age+sex+eth+marital+PIR_level+edu+smoke+alcohol.user+PA_level+BMI_level,,DMTP_ln_U,pesticides_urine.rds,CHD,Coronary heart disease,natural_log_transformed,1036,38,998,15,2,2015-2016,WTSB2YR,ok,,0.7549161098947785
same_sample_unweighted,odds_ratio,0.8255830852431132,0.6039677523037179,1.128516262730509,0.15938116804201208,2015,0.22914674416246994,age+sex+eth+marital+PIR_level+edu+smoke+alcohol.user+PA_level+BMI_level,,MHBP_ln_U,Phthalates_urine.rds,CHD,Coronary heart disease,natural_log_transformed,2038,68,1970,30,4,2013-2014|2015-2016,WTSB2YR|WTSSBH2Y,ok,,0.7549161098947785
same_sample_unweighted,odds_ratio,0.7232503447596291,0.4239474901064471,1.2338581390435446,0.27237892499530186,2207,0.23423556823130076,age+sex+eth+marital+PIR_level+edu+smoke+alcohol.user+PA_level+BMI_level,,Hg_binary_U,HM_urine.rds,CHD,Coronary heart disease,binary_above_detection_threshold,2230,74,2156,30,4,2013-2014|2015-2016,WTSA2YR,ok,,0.7549161098947785
same_sample_unweighted,odds_ratio,0.8469850770203059,0.6369912396184843,1.1262065725185784,0.14529285404582307,2177,0.2530315301245729,age+sex+eth+marital+PIR_level+edu+smoke+alcohol.user+PA_level+BMI_level,,X24D_ln_U,pesticides_urine.rds,CHD,Coronary heart disease,natural_log_transformed,2200,80,2120,30,4,2013-2014|2015-2016,WTSB2YR|WTSC2YR,ok,,0.7549161098947785
same_sample_unweighted,odds_ratio,0.7468963851652269,0.44866840790062906,1.2433552270442816,0.2597376582869495,1090,0.2612030537466214,age+sex+eth+marital+PIR_level+edu+smoke+alcohol.user+PA_level+BMI_level,,X2_AN_ln_U,AA_urine.rds,CHD,Coronary heart disease,natural_log_transformed,1113,30,1083,15,2,2013-2014,WTSA2YR,ok,,0.7549161098947785
same_sample_unweighted,odds_ratio,1.1545813780312224,0.897249207219233,1.4857167303918923,0.12858443691899674,2202,0.26363198555723744,age+sex+eth+marital+PIR_level+edu+smoke+alcohol.user+PA_level+BMI_level,,Sn_ln_U,HM_urine.rds,CHD,Coronary heart disease,natural_log_transformed,2225,74,2151,30,4,2013-2014|2015-2016,WTSA2YR,ok,,0.7549161098947785
same_sample_unweighted,odds_ratio,1.0720451194862464,0.9487464883336145,1.2113675806409416,0.06230314199630794,2116,0.26416221633116066,age+sex+eth+marital+PIR_level+edu+smoke+alcohol.user+PA_level+BMI_level,,X25_DCP_ln_U,PCCP_urine.rds,CHD,Coronary heart disease,natural_log_transformed,2139,70,2069,30,4,2013-2014|2015-2016,WTSB2YR,ok,,0.7549161098947785
same_sample_unweighted,odds_ratio,0.8027904756255828,0.5455223800898384,1.1813860829119707,0.19700426127799187,2045,0.26484656128916984,age+sex+eth+marital+PIR_level+edu+smoke+alcohol.user+PA_level+BMI_level,,PFNA_ln_S,PFC_serum.rds,CHD,Coronary heart disease,natural_log_transformed,2068,68,2000,30,4,2013-2014|2015-2016,WTSB2YR,ok,,0.7549161098947785
same_sample_unweighted,odds_ratio,0.5099913382267229,0.15536618139196592,1.6740526331796246,0.6056035013084997,873,0.26618753624282354,age+sex+eth+marital+PIR_level+edu+smoke+alcohol.user+PA_level+BMI_level,,IPPPP_binary_U,BFR_urine.rds,CHD,Coronary heart disease,binary_above_detection_threshold,896,36,860,15,2,2015-2016,WTSSBI2Y,ok,,0.7549161098947785
same_sample_unweighted,odds_ratio,1.2575100952175429,0.8334377469406407,1.8973602352170158,0.20974807954795682,2153,0.27464716644852843,age+sex+eth+marital+PIR_level+edu+smoke+alcohol.user+PA_level+BMI_level,,MA_ln_U,VOC_urine.rds,CHD,Coronary heart disease,natural_log_transformed,2176,72,2104,30,4,2013-2014|2015-2016,WTSA2YR,ok,,0.7549161098947785
same_sample_unweighted,odds_ratio,1.3543338738714286,0.7834042426542691,2.341345811073257,0.2791433125723102,2170,0.27722533971881064,age+sex+eth+marital+PIR_level+edu+smoke+alcohol.user+PA_level+BMI_level,,OXY_binary_U,pesticides_urine.rds,CHD,Coronary heart disease,binary_above_detection_threshold,2193,80,2113,30,4,2013-2014|2015-2016,WTSB2YR|WTSC2YR,ok,,0.7549161098947785
same_sample_unweighted,odds_ratio,0.8481678140924228,0.6265570368137,1.1481614579268082,0.15442399866718698,2116,0.2862457391586022,age+sex+eth+marital+PIR_level+edu+smoke+alcohol.user+PA_level+BMI_level,,MEHHP_ln_U,Phthalates_urine.rds,CHD,Coronary heart disease,natural_log_transformed,2139,70,2069,30,4,2013-2014|2015-2016,WTSB2YR,ok,,0.7549161098947785
same_sample_unweighted,odds_ratio,0.5911415090869593,0.22433148449689877,1.5577317849489756,0.49375522002156863,987,0.28701293180870185,age+sex+eth+marital+PIR_level+edu+smoke+alcohol.user+PA_level+BMI_level,,PFHxA_binary_U,PFC_urine.rds,CHD,Coronary heart disease,binary_above_detection_threshold,1010,30,980,15,2,2013-2014,WTSSBH2Y,ok,,0.7549161098947785
same_sample_unweighted,odds_ratio,1.1830452749747318,0.8670499313832437,1.6142047556675314,0.15846177519012206,2197,0.28879341116780116,age+sex+eth+marital+PIR_level+edu+smoke+alcohol.user+PA_level+BMI_level,,X2_FL_ln_U,PAH_urine.rds,CHD,Coronary heart disease,natural_log_transformed,2220,72,2148,30,4,2013-2014|2015-2016,WTSA2YR,ok,,0.7549161098947785
same_sample_unweighted,odds_ratio,0.731051435379364,0.40251709535795954,1.3277354113244628,0.3043477346291604,3065,0.30332894458553045,age+sex+eth+marital+PIR_level+edu+smoke+alcohol.user+PA_level+BMI_level,,Ethylbenzene_binary_S,VOC_serum.rds,CHD,Coronary heart disease,binary_above_detection_threshold,3088,98,2990,30,4,2013-2014|2015-2016,WTSVOC2Y,ok,,0.7645772593305727
same_sample_unweighted,odds_ratio,0.8718228541580594,0.6708986871455823,1.132920817398129,0.13358320502663878,2116,0.3044942371067319,age+sex+eth+marital+PIR_level+edu+smoke+alcohol.user+PA_level+BMI_level,,MCPP_ln_U,Phthalates_urine.rds,CHD,Coronary heart disease,natural_log_transformed,2139,70,2069,30,4,2013-2014|2015-2016,WTSB2YR,ok,,0.7645772593305727
same_sample_unweighted,odds_ratio,0.8368171231423357,0.5935844946771063,1.179718985020218,0.17502473568504948,1083,0.30874708454382827,age+sex+eth+marital+PIR_level+edu+smoke+alcohol.user+PA_level+BMI_level,,X1_AN_ln_U,AA_urine.rds,CHD,Coronary heart disease,natural_log_transformed,1106,32,1074,15,2,2013-2014,WTSA2YR,ok,,0.7645772593305727
same_sample_unweighted,odds_ratio,1.0901153480314203,0.921429498057241,1.289682471116029,0.08572421127199989,2116,0.3141633567589124,age+sex+eth+marital+PIR_level+edu+smoke+alcohol.user+PA_level+BMI_level,,MEP_ln_U,Phthalates_urine.rds,CHD,Coronary heart disease,natural_log_transformed,2139,70,2069,30,4,2013-2014|2015-2016,WTSB2YR,ok,,0.7645772593305727
same_sample_unweighted,odds_ratio,1.357570112200719,0.7447361736731263,2.4746973152261393,0.3062247932674221,3131,0.31814624213755377,age+sex+eth+marital+PIR_level+edu+smoke+alcohol.user+PA_level+BMI_level,,DBCM_binary_S,VOC_serum.rds,CHD,Coronary heart disease,binary_above_detection_threshold,3154,99,3055,30,4,2013-2014|2015-2016,WTSVOC2Y,ok,,0.7645772593305727
same_sample_unweighted,odds_ratio,1.1523770425557793,0.862224330330799,1.5401709294147583,0.14791314535100555,2165,0.3376333517512309,age+sex+eth+marital+PIR_level+edu+smoke+alcohol.user+PA_level+BMI_level,,X2_NP_ln_U,PAH_urine.rds,CHD,Coronary heart disease,natural_log_transformed,2188,71,2117,30,4,2013-2014|2015-2016,WTSA2YR,ok,,0.7963098925782399
same_sample_unweighted,odds_ratio,0.8835298146875132,0.684167904721673,1.1409844397177886,0.13039612923755334,2064,0.34229184819698905,age+sex+eth+marital+PIR_level+edu+smoke+alcohol.user+PA_level+BMI_level,,X2_MHA_ln_U,VOC_urine.rds,CHD,Coronary heart disease,natural_log_transformed,2087,69,2018,30,4,2013-2014|2015-2016,WTSA2YR,ok,,0.7963098925782399
same_sample_unweighted,odds_ratio,1.9731174787216117,0.47320026930140313,8.227367644114707,0.7276487337155327,1025,0.350310378690889,age+sex+eth+marital+PIR_level+edu+smoke+alcohol.user+PA_level+BMI_level,,CYHA_Cys_binary_U,VOC_urine.rds,CHD,Coronary heart disease,binary_above_detection_threshold,1048,36,1012,15,2,2015-2016,WTSA2YR,ok,,0.7963098925782399
same_sample_unweighted,odds_ratio,0.8159052935280431,0.5309467328238391,1.253800818147143,0.21893312942378892,971,0.35272787188029414,age+sex+eth+marital+PIR_level+edu+smoke+alcohol.user+PA_level+BMI_level,,Sm_PFOS_ln_S,PFC_serum.rds,CHD,Coronary heart disease,natural_log_transformed,994,36,958,15,2,2015-2016,WTSB2YR,ok,,0.7963098925782399
same_sample_unweighted,odds_ratio,0.8808830188606611,0.6649326088429514,1.1669677236424159,0.143410722645406,2137,0.37648784498572124,age+sex+eth+marital+PIR_level+edu+smoke+alcohol.user+PA_level+BMI_level,,ATCA_ln_U,VOC_urine.rds,CHD,Coronary heart disease,natural_log_transformed,2160,71,2089,30,4,2013-2014|2015-2016,WTSA2YR,ok,,0.8287833340235509
same_sample_unweighted,odds_ratio,0.8737783469733101,0.6471188685790927,1.179827442392208,0.15312779628128656,2116,0.3782366893530299,age+sex+eth+marital+PIR_level+edu+smoke+alcohol.user+PA_level+BMI_level,,MnBP_ln_U,Phthalates_urine.rds,CHD,Coronary heart disease,natural_log_transformed,2139,70,2069,30,4,2013-2014|2015-2016,WTSB2YR,ok,,0.8287833340235509
same_sample_unweighted,odds_ratio,0.9069512309986221,0.722388774040207,1.1386673837820929,0.11601999458807803,2115,0.3998952388794142,age+sex+eth+marital+PIR_level+edu+smoke+alcohol.user+PA_level+BMI_level,,BPS_ln_U,PCCP_urine.rds,CHD,Coronary heart disease,natural_log_transformed,2138,70,2068,30,4,2013-2014|2015-2016,WTSB2YR,ok,,0.8477877371916118
same_sample_unweighted,odds_ratio,0.8304699224316907,0.5372023273035716,1.2838371261819976,0.2221355013613884,2203,0.40300730257951617,age+sex+eth+marital+PIR_level+edu+smoke+alcohol.user+PA_level+BMI_level,,Tl_ln_U,HM_urine.rds,CHD,Coronary heart disease,natural_log_transformed,2226,74,2152,30,4,2013-2014|2015-2016,WTSA2YR,ok,,0.8477877371916118
same_sample_unweighted,odds_ratio,1.1924357442389146,0.7883576863563068,1.803626740433618,0.21089348098090563,1094,0.4039793915476808,age+sex+eth+marital+PIR_level+edu+smoke+alcohol.user+PA_level+BMI_level,,X4_ABP_ln_U,AA_urine.rds,CHD,Coronary heart disease,natural_log_transformed,1117,33,1084,15,2,2013-2014,WTSA2YR,ok,,0.8477877371916118
same_sample_unweighted,odds_ratio,1.2500865575332876,0.7341016708474779,2.128746552941856,0.27142580055882193,1919,0.410865594836579,age+sex+eth+marital+PIR_level+edu+smoke+alcohol.user+PA_level+BMI_level,,DBUP_binary_U,BFR_urine.rds,CHD,Coronary heart disease,binary_above_detection_threshold,1942,76,1866,30,4,2013-2014|2015-2016,WTSSBI2Y|WTSSCH2Y,ok,,0.8502635226479205
same_sample_unweighted,odds_ratio,1.4133562615111768,0.5975613884765663,3.3428798454423334,0.4390554593091686,3133,0.43070802836089483,age+sex+eth+marital+PIR_level+edu+smoke+alcohol.user+PA_level+BMI_level,,Furan_binary_S,VOC_serum.rds,CHD,Coronary heart disease,binary_above_detection_threshold,3156,99,3057,30,4,2013-2014|2015-2016,WTSVOC2Y,ok,,0.8719647955106989
same_sample_unweighted,odds_ratio,0.7881208191655045,0.4344780400558213,1.4296106323861684,0.30371464059507364,3051,0.4330563413945753,age+sex+eth+marital+PIR_level+edu+smoke+alcohol.user+PA_level+BMI_level,,Benzene_binary_S,VOC_serum.rds,CHD,Coronary heart disease,binary_above_detection_threshold,3074,99,2975,30,4,2013-2014|2015-2016,WTSVOC2Y,ok,,0.8719647955106989
same_sample_unweighted,odds_ratio,0.8131551447384577,0.47232658686681317,1.3999239250977704,0.27701570610794596,2118,0.45527577235736777,age+sex+eth+marital+PIR_level+edu+smoke+alcohol.user+PA_level+BMI_level,,TCC_binary_U,PCCP_urine.rds,CHD,Coronary heart disease,binary_above_detection_threshold,2141,70,2071,30,4,2013-2014|2015-2016,WTSB2YR,ok,,0.8806178204635937
same_sample_unweighted,odds_ratio,1.3929620940058474,0.5594934014391257,3.468036245550377,0.46485213817059284,1039,0.4758551976721442,age+sex+eth+marital+PIR_level+edu+smoke+alcohol.user+PA_level+BMI_level,,X26_DMA_binary_U,AA_urine.rds,CHD,Coronary heart disease,binary_above_detection_threshold,1062,33,1029,15,2,2013-2014,WTSA2YR,ok,,0.8806178204635937
same_sample_unweighted,odds_ratio,1.1252187545876076,0.8091976321196418,1.5646576255533187,0.16811583539512884,2116,0.48282700538046014,age+sex+eth+marital+PIR_level+edu+smoke+alcohol.user+PA_level+BMI_level,,MECPP_ln_U,Phthalates_urine.rds,CHD,Coronary heart disease,natural_log_transformed,2139,70,2069,30,4,2013-2014|2015-2016,WTSB2YR,ok,,0.8806178204635937
same_sample_unweighted,odds_ratio,0.8803241254346196,0.615543711957284,1.2590016773268695,0.18244579351693785,2198,0.4847729765260475,age+sex+eth+marital+PIR_level+edu+smoke+alcohol.user+PA_level+BMI_level,,X1_PH_ln_U,PAH_urine.rds,CHD,Coronary heart disease,natural_log_transformed,2221,73,2148,30,4,2013-2014|2015-2016,WTSA2YR,ok,,0.8806178204635937
same_sample_unweighted,odds_ratio,1.0936990404859328,0.8490116579165917,1.408905967316369,0.12912896239795207,1918,0.4879247491804657,age+sex+eth+marital+PIR_level+edu+smoke+alcohol.user+PA_level+BMI_level,,DPHP_ln_U,BFR_urine.rds,CHD,Coronary heart disease,natural_log_transformed,1941,76,1865,30,4,2013-2014|2015-2016,WTSSBI2Y|WTSSCH2Y,ok,,0.8806178204635937
same_sample_unweighted,odds_ratio,1.2351291318787783,0.6689410880296588,2.2805356102568872,0.31270890666837114,2205,0.49947868345586266,age+sex+eth+marital+PIR_level+edu+smoke+alcohol.user+PA_level+BMI_level,,AsC_binary_U,HM_urine.rds,CHD,Coronary heart disease,binary_above_detection_threshold,2228,74,2154,30,4,2013-2014|2015-2016,WTSA2YR,ok,,0.8806178204635937
same_sample_unweighted,odds_ratio,0.7672993162676183,0.352306529016228,1.6711249785485396,0.39671145027398474,1128,0.5043346447129653,age+sex+eth+marital+PIR_level+edu+smoke+alcohol.user+PA_level+BMI_level,,PhIP_binary_U,AA_urine.rds,CHD,Coronary heart disease,binary_above_detection_threshold,1151,36,1115,15,2,2013-2014,WTSA2YR,ok,,0.8806178204635937
same_sample_unweighted,odds_ratio,1.1412862737732972,0.7711812802331734,1.6890118991341503,0.1998826447610981,2109,0.5085048108367182,age+sex+eth+marital+PIR_level+edu+smoke+alcohol.user+PA_level+BMI_level,,EO_ln_S,gas_serum.rds,CHD,Coronary heart disease,natural_log_transformed,2132,71,2061,30,4,2013-2014|2015-2016,WTSA2YR,ok,,0.8806178204635937
same_sample_unweighted,odds_ratio,1.178190967163431,0.7238324868752616,1.91775580714536,0.2484701060770458,3222,0.5092798804481364,age+sex+eth+marital+PIR_level+edu+smoke+alcohol.user+PA_level+BMI_level,,IHg_binary_S,HM_serum.rds,CHD,Coronary heart disease,binary_above_detection_threshold,3245,101,3144,30,4,2013-2014|2015-2016,WTSH2YR,ok,,0.8806178204635937
same_sample_unweighted,odds_ratio,0.661638817128323,0.19255480446269108,2.273461446742487,0.6290040865532569,987,0.5114060607104364,age+sex+eth+marital+PIR_level+edu+smoke+alcohol.user+PA_level+BMI_level,,PFBA_binary_U,PFC_urine.rds,CHD,Coronary heart disease,binary_above_detection_threshold,1010,30,980,15,2,2013-2014,WTSSBH2Y,ok,,0.8806178204635937
same_sample_unweighted,odds_ratio,0.9293860665047468,0.745862566798596,1.1580665112617252,0.11216731791833073,1916,0.5138379209421058,age+sex+eth+marital+PIR_level+edu+smoke+alcohol.user+PA_level+BMI_level,,BCETP_ln_U,BFR_urine.rds,CHD,Coronary heart disease,natural_log_transformed,1939,76,1863,30,4,2013-2014|2015-2016,WTSSBI2Y|WTSSCH2Y,ok,,0.8806178204635937
same_sample_unweighted,odds_ratio,0.8246349260173388,0.45743552570697793,1.4865980515103843,0.3005061357584301,2204,0.5211118228875138,age+sex+eth+marital+PIR_level+edu+smoke+alcohol.user+PA_level+BMI_level,,Mn_binary_U,HM_urine.rds,CHD,Coronary heart disease,binary_above_detection_threshold,2227,74,2153,30,4,2013-2014|2015-2016,WTSA2YR,ok,,0.8806178204635937
same_sample_unweighted,odds_ratio,1.0929553482626972,0.8315719680029537,1.436497909092326,0.13937631266794814,2202,0.5236452490558566,age+sex+eth+marital+PIR_level+edu+smoke+alcohol.user+PA_level+BMI_level,,W_ln_U,HM_urine.rds,CHD,Coronary heart disease,natural_log_transformed,2225,74,2151,30,4,2013-2014|2015-2016,WTSA2YR,ok,,0.8806178204635937
same_sample_unweighted,odds_ratio,0.8975625727408733,0.6428177962908536,1.2532611521238903,0.17022639916485705,2197,0.5255101082048941,age+sex+eth+marital+PIR_level+edu+smoke+alcohol.user+PA_level+BMI_level,,X1_PY_ln_U,PAH_urine.rds,CHD,Coronary heart disease,natural_log_transformed,2220,73,2147,30,4,2013-2014|2015-2016,WTSA2YR,ok,,0.8806178204635937
same_sample_unweighted,odds_ratio,1.0864616511207714,0.8406920311183781,1.4040800622146739,0.13077500659730862,2189,0.5260066175923479,age+sex+eth+marital+PIR_level+edu+smoke+alcohol.user+PA_level+BMI_level,,Thiocyanate_ln_U,PERNT_urine.rds,CHD,Coronary heart disease,natural_log_transformed,2212,73,2139,30,4,2013-2014|2015-2016,WTSA2YR,ok,,0.8806178204635937
same_sample_unweighted,odds_ratio,1.1796153810325232,0.691633057152278,2.0118940712548063,0.27224644879164317,2191,0.544009754051596,age+sex+eth+marital+PIR_level+edu+smoke+alcohol.user+PA_level+BMI_level,,GAM_Cys_binary_U,VOC_urine.rds,CHD,Coronary heart disease,binary_above_detection_threshold,2214,72,2142,30,4,2013-2014|2015-2016,WTSA2YR,ok,,0.9006383705965312
same_sample_unweighted,odds_ratio,1.1409040727088866,0.7285798797500491,1.7865743198539605,0.2285711906108424,1113,0.5641303419782913,age+sex+eth+marital+PIR_level+edu+smoke+alcohol.user+PA_level+BMI_level,,Norharman_ln_U,AA_urine.rds,CHD,Coronary heart disease,natural_log_transformed,1136,35,1101,15,2,2013-2014,WTSA2YR,ok,,0.908320646872804
same_sample_unweighted,odds_ratio,0.7117453076440308,0.22358918424139343,2.2656792844074958,0.5900731774910686,1010,0.5644399406275029,age+sex+eth+marital+PIR_level+edu+smoke+alcohol.user+PA_level+BMI_level,,MDA_binary_U,pesticides_urine.rds,CHD,Coronary heart disease,binary_above_detection_threshold,1033,39,994,15,2,2015-2016,WTSB2YR,ok,,0.908320646872804
same_sample_unweighted,odds_ratio,1.11218874894122,0.7665331452483747,1.6137121022609284,0.1898008162271683,2203,0.5753304417321499,age+sex+eth+marital+PIR_level+edu+smoke+alcohol.user+PA_level+BMI_level,,Co_ln_U,HM_urine.rds,CHD,Coronary heart disease,natural_log_transformed,2226,74,2152,30,4,2013-2014|2015-2016,WTSA2YR,ok,,0.908320646872804
same_sample_unweighted,odds_ratio,0.9110290771336883,0.6474885729189535,1.2818357174111057,0.1741285225391211,2198,0.5925636667541887,age+sex+eth+marital+PIR_level+edu+smoke+alcohol.user+PA_level+BMI_level,,X23_OH_PH_ln_U,PAH_urine.rds,CHD,Coronary heart disease,natural_log_transformed,2221,73,2148,30,4,2013-2014|2015-2016,WTSA2YR,ok,,0.908320646872804
same_sample_unweighted,odds_ratio,1.0738104994322484,0.825578529135078,1.396679961988539,0.13405348165984143,2203,0.5952578261196576,age+sex+eth+marital+PIR_level+edu+smoke+alcohol.user+PA_level+BMI_level,,U_ln_U,HM_urine.rds,CHD,Coronary heart disease,natural_log_transformed,2226,74,2152,30,4,2013-2014|2015-2016,WTSA2YR,ok,,0.908320646872804
same_sample_unweighted,odds_ratio,1.159280256816796,0.6616575410223665,2.0311575558688997,0.2859674387972818,2117,0.6052680176795301,age+sex+eth+marital+PIR_level+edu+smoke+alcohol.user+PA_level+BMI_level,,MHNCH_binary_U,Phthalates_urine.rds,CHD,Coronary heart disease,binary_above_detection_threshold,2140,70,2070,30,4,2013-2014|2015-2016,WTSB2YR,ok,,0.908320646872804
same_sample_unweighted,odds_ratio,0.9285758991393659,0.6960764997967012,1.2387333873709496,0.14695561219270936,2116,0.6140819300957041,age+sex+eth+marital+PIR_level+edu+smoke+alcohol.user+PA_level+BMI_level,,BPA_ln_U,PCCP_urine.rds,CHD,Coronary heart disease,natural_log_transformed,2139,70,2069,30,4,2013-2014|2015-2016,WTSB2YR,ok,,0.908320646872804
same_sample_unweighted,odds_ratio,1.147827921494377,0.6693324100549704,1.968392561857117,0.27503032720055165,2203,0.6161633583268304,age+sex+eth+marital+PIR_level+edu+smoke+alcohol.user+PA_level+BMI_level,,Cs_ln_U,HM_urine.rds,CHD,Coronary heart disease,natural_log_transformed,2226,74,2152,30,4,2013-2014|2015-2016,WTSA2YR,ok,,0.908320646872804
same_sample_unweighted,odds_ratio,1.1511340267523966,0.6581475723189313,2.0133927454571747,0.2850780814770981,2045,0.6215068713183423,age+sex+eth+marital+PIR_level+edu+smoke+alcohol.user+PA_level+BMI_level,,PFUnDA_binary_S,PFC_serum.rds,CHD,Coronary heart disease,binary_above_detection_threshold,2068,68,2000,30,4,2013-2014|2015-2016,WTSB2YR,ok,,0.908320646872804
same_sample_unweighted,odds_ratio,1.0578495631188432,0.8453097111676132,1.3238292230725788,0.11437091752346354,2130,0.6229193630411421,age+sex+eth+marital+PIR_level+edu+smoke+alcohol.user+PA_level+BMI_level,,X1_NP_ln_U,PAH_urine.rds,CHD,Coronary heart disease,natural_log_transformed,2153,63,2090,30,4,2013-2014|2015-2016,WTSA2YR,ok,,0.908320646872804
same_sample_unweighted,odds_ratio,1.0406308746052078,0.8872522482848493,1.22052394826272,0.08130857858999453,2116,0.6242563029802962,age+sex+eth+marital+PIR_level+edu+smoke+alcohol.user+PA_level+BMI_level,,MeP_ln_U,PCCP_urine.rds,CHD,Coronary heart disease,natural_log_transformed,2139,70,2069,30,4,2013-2014|2015-2016,WTSB2YR,ok,,0.908320646872804
same_sample_unweighted,odds_ratio,1.1028548239791107,0.7441520116997102,1.634462775953373,0.20061339492892682,2194,0.6255400409793701,age+sex+eth+marital+PIR_level+edu+smoke+alcohol.user+PA_level+BMI_level,,Nitrate_ln_U,PERNT_urine.rds,CHD,Coronary heart disease,natural_log_transformed,2217,73,2144,30,4,2013-2014|2015-2016,WTSA2YR,ok,,0.908320646872804
same_sample_unweighted,odds_ratio,1.2399712394901208,0.5106060750602851,3.011183669487553,0.4521990706674896,1129,0.6343242245163736,age+sex+eth+marital+PIR_level+edu+smoke+alcohol.user+PA_level+BMI_level,,A_a_C_binary_U,AA_urine.rds,CHD,Coronary heart disease,binary_above_detection_threshold,1152,36,1116,15,2,2013-2014,WTSA2YR,ok,,0.908320646872804
same_sample_unweighted,odds_ratio,0.764702192637898,0.24837530826208076,2.354378329782168,0.5735363193657509,3129,0.6399668742732332,age+sex+eth+marital+PIR_level+edu+smoke+alcohol.user+PA_level+BMI_level,,X25_DMF_binary_S,VOC_serum.rds,CHD,Coronary heart disease,binary_above_detection_threshold,3152,99,3053,30,4,2013-2014|2015-2016,WTSVOC2Y,ok,,0.908320646872804
same_sample_unweighted,odds_ratio,1.133448471270752,0.6702471042855103,1.9167638753106035,0.2679055186970745,2205,0.6400917310177477,age+sex+eth+marital+PIR_level+edu+smoke+alcohol.user+PA_level+BMI_level,,AsB_binary_U,HM_urine.rds,CHD,Coronary heart disease,binary_above_detection_threshold,2228,74,2154,30,4,2013-2014|2015-2016,WTSA2YR,ok,,0.908320646872804
same_sample_unweighted,odds_ratio,1.321072426186387,0.3739499576032463,4.667021134099565,0.6432378082509325,1128,0.6651030026645179,age+sex+eth+marital+PIR_level+edu+smoke+alcohol.user+PA_level+BMI_level,,MeA_a_C_binary_U,AA_urine.rds,CHD,Coronary heart disease,binary_above_detection_threshold,1151,35,1116,15,2,2013-2014,WTSA2YR,ok,,0.9171721348241412
same_sample_unweighted,odds_ratio,0.842489887508713,0.38430591318937846,1.846938041269934,0.4002558137332081,2180,0.6684980949469477,age+sex+eth+marital+PIR_level+edu+smoke+alcohol.user+PA_level+BMI_level,,X4FPBA_binary_U,pesticides_urine.rds,CHD,Coronary heart disease,binary_above_detection_threshold,2203,80,2123,30,4,2013-2014|2015-2016,WTSB2YR|WTSC2YR,ok,,0.9171721348241412
same_sample_unweighted,odds_ratio,1.1275080995759688,0.6488285223756851,1.9593382084293125,0.2817853506257508,2174,0.6701869338223176,age+sex+eth+marital+PIR_level+edu+smoke+alcohol.user+PA_level+BMI_level,,HEMA_binary_U,VOC_urine.rds,CHD,Coronary heart disease,binary_above_detection_threshold,2197,72,2125,30,4,2013-2014|2015-2016,WTSA2YR,ok,,0.9171721348241412
same_sample_unweighted,odds_ratio,0.9316799922347959,0.6677285555018587,1.299970775217525,0.1698622106293785,2193,0.6769654868150536,age+sex+eth+marital+PIR_level+edu+smoke+alcohol.user+PA_level+BMI_level,,Perchlorate_ln_U,PERNT_urine.rds,CHD,Coronary heart disease,natural_log_transformed,2216,73,2143,30,4,2013-2014|2015-2016,WTSA2YR,ok,,0.9171721348241412
same_sample_unweighted,odds_ratio,0.9143814889553824,0.5991829924435622,1.3953892515115318,0.21538862837113779,971,0.6777302611891278,age+sex+eth+marital+PIR_level+edu+smoke+alcohol.user+PA_level+BMI_level,,n_PFOS_ln_S,PFC_serum.rds,CHD,Coronary heart disease,natural_log_transformed,994,36,958,15,2,2015-2016,WTSB2YR,ok,,0.9171721348241412
same_sample_unweighted,odds_ratio,1.038861704954431,0.8600351709704184,1.2548715197345672,0.09632806502166091,2116,0.6922606100671009,age+sex+eth+marital+PIR_level+edu+smoke+alcohol.user+PA_level+BMI_level,,X24_DCP_ln_U,PCCP_urine.rds,CHD,Coronary heart disease,natural_log_transformed,2139,70,2069,30,4,2013-2014|2015-2016,WTSB2YR,ok,,0.9171721348241412
same_sample_unweighted,odds_ratio,1.1855936578877817,0.5086811475862787,2.7632876278068035,0.43112706274293905,865,0.6929311567716587,age+sex+eth+marital+PIR_level+edu+smoke+alcohol.user+PA_level+BMI_level,,NDMA_binary_U,pesticides_urine.rds,CHD,Coronary heart disease,binary_above_detection_threshold,888,36,852,15,2,2015-2016,WTSSBI2Y,ok,,0.9171721348241412
same_sample_unweighted,odds_ratio,0.7673873047139024,0.19658777010626816,2.995523450506301,0.6938886017256318,874,0.7027840063344072,age+sex+eth+marital+PIR_level+edu+smoke+alcohol.user+PA_level+BMI_level,,TBPPP_binary_U,BFR_urine.rds,CHD,Coronary heart disease,binary_above_detection_threshold,897,36,861,15,2,2015-2016,WTSSBI2Y,ok,,0.9171721348241412
same_sample_unweighted,odds_ratio,0.9735240352064364,0.8470181748805615,1.1189240977718873,0.07098198982696412,2154,0.7054141332704794,age+sex+eth+marital+PIR_level+edu+smoke+alcohol.user+PA_level+BMI_level,,DEA_ln_U,pesticides_urine.rds,CHD,Coronary heart disease,natural_log_transformed,2177,79,2098,30,4,2013-2014|2015-2016,WTSB2YR|WTSC2YR,ok,,0.9171721348241412
same_sample_unweighted,odds_ratio,0.9571391088265778,0.754023051124124,1.2149698504303799,0.12162195369442082,1910,0.718707958604835,age+sex+eth+marital+PIR_level+edu+smoke+alcohol.user+PA_level+BMI_level,,BDCPP_ln_U,BFR_urine.rds,CHD,Coronary heart disease,natural_log_transformed,1933,74,1859,30,4,2013-2014|2015-2016,WTSSBI2Y|WTSSCH2Y,ok,,0.9171721348241412
same_sample_unweighted,odds_ratio,1.0220799903179187,0.9045587305388195,1.154869740725415,0.062285804362265,2116,0.7258600979043229,age+sex+eth+marital+PIR_level+edu+smoke+alcohol.user+PA_level+BMI_level,,PrP_ln_U,PCCP_urine.rds,CHD,Coronary heart disease,natural_log_transformed,2139,70,2069,30,4,2013-2014|2015-2016,WTSB2YR,ok,,0.9171721348241412
same_sample_unweighted,odds_ratio,0.9545851788651002,0.7333858996780922,1.242501204493959,0.13442034172519893,2188,0.7295162492272422,age+sex+eth+marital+PIR_level+edu+smoke+alcohol.user+PA_level+BMI_level,,X34_MHA_ln_U,VOC_urine.rds,CHD,Coronary heart disease,natural_log_transformed,2211,72,2139,30,4,2013-2014|2015-2016,WTSA2YR,ok,,0.9171721348241412
same_sample_unweighted,odds_ratio,1.0988127582066771,0.6405008034598854,1.8850709805134294,0.2752171704935296,2045,0.732061024230265,age+sex+eth+marital+PIR_level+edu+smoke+alcohol.user+PA_level+BMI_level,,MeFOSAA_binary_S,PFC_serum.rds,CHD,Coronary heart disease,binary_above_detection_threshold,2068,68,2000,30,4,2013-2014|2015-2016,WTSB2YR,ok,,0.9171721348241412
same_sample_unweighted,odds_ratio,1.0688746829221496,0.7293833776382644,1.5663821288213422,0.19487344036260543,2129,0.7325066043226363,age+sex+eth+marital+PIR_level+edu+smoke+alcohol.user+PA_level+BMI_level,,CEMA_AAM_ln_U,VOC_urine.rds,CHD,Coronary heart disease,natural_log_transformed,2152,69,2083,30,4,2013-2014|2015-2016,WTSA2YR,ok,,0.9171721348241412
same_sample_unweighted,odds_ratio,1.0667357349523083,0.7224736464445352,1.5750403268330158,0.19860561502973587,1129,0.7449659803339839,age+sex+eth+marital+PIR_level+edu+smoke+alcohol.user+PA_level+BMI_level,,Harman_ln_U,AA_urine.rds,CHD,Coronary heart disease,natural_log_transformed,1152,36,1116,15,2,2013-2014,WTSA2YR,ok,,0.9249994255813633
same_sample_unweighted,odds_ratio,1.093195872210274,0.5213309520490562,2.292358069898614,0.37733544771482036,983,0.8133211435142051,age+sex+eth+marital+PIR_level+edu+smoke+alcohol.user+PA_level+BMI_level,,X4_MDA_binary_U,AA_urine.rds,CHD,Coronary heart disease,binary_above_detection_threshold,1006,36,970,15,2,2015-2016,WTSA2YR,ok,,0.9841659716768265
same_sample_unweighted,odds_ratio,1.0395828324075327,0.750419772350483,1.4401705622059664,0.1662048926124935,2116,0.8153233363018295,age+sex+eth+marital+PIR_level+edu+smoke+alcohol.user+PA_level+BMI_level,,MiBP_ln_U,Phthalates_urine.rds,CHD,Coronary heart disease,natural_log_transformed,2139,70,2069,30,4,2013-2014|2015-2016,WTSB2YR,ok,,0.9841659716768265
same_sample_unweighted,odds_ratio,0.9291355489136045,0.49725390421988186,1.7361208447611178,0.3188376615616288,3107,0.8176824004570005,age+sex+eth+marital+PIR_level+edu+smoke+alcohol.user+PA_level+BMI_level,,BDCM_binary_S,VOC_serum.rds,CHD,Coronary heart disease,binary_above_detection_threshold,3130,98,3032,30,4,2013-2014|2015-2016,WTSVOC2Y,ok,,0.9841659716768265
same_sample_unweighted,odds_ratio,1.0313844460236707,0.7755272384812627,1.3716525000240278,0.14538892205449142,2196,0.8316800846644218,age+sex+eth+marital+PIR_level+edu+smoke+alcohol.user+PA_level+BMI_level,,X3_FL_ln_U,PAH_urine.rds,CHD,Coronary heart disease,natural_log_transformed,2219,73,2146,30,4,2013-2014|2015-2016,WTSA2YR,ok,,0.9841659716768265
same_sample_unweighted,odds_ratio,1.0516729971958476,0.6285702572034806,1.759574336131622,0.2624541204487366,2155,0.8477689600882145,age+sex+eth+marital+PIR_level+edu+smoke+alcohol.user+PA_level+BMI_level,,PMA_binary_U,VOC_urine.rds,CHD,Coronary heart disease,binary_above_detection_threshold,2178,71,2107,30,4,2013-2014|2015-2016,WTSA2YR,ok,,0.9841659716768265
same_sample_unweighted,odds_ratio,1.1892234434637523,0.20001709000365786,7.070657804580204,0.908966094068113,1940,0.8487945218814006,age+sex+eth+marital+PIR_level+edu+smoke+alcohol.user+PA_level+BMI_level,,FA_ln_S,gas_serum.rds,CHD,Coronary heart disease,natural_log_transformed,1963,69,1894,30,4,2013-2014|2015-2016,WTSA2YR,ok,,0.9841659716768265
same_sample_unweighted,odds_ratio,0.9699840161229443,0.7018860236064983,1.3404868595324533,0.1649607303005334,2045,0.8534289739828775,age+sex+eth+marital+PIR_level+edu+smoke+alcohol.user+PA_level+BMI_level,,PFHS_ln_S,PFC_serum.rds,CHD,Coronary heart disease,natural_log_transformed,2068,68,2000,30,4,2013-2014|2015-2016,WTSB2YR,ok,,0.9841659716768265
same_sample_unweighted,odds_ratio,0.9091724301617471,0.31938174642584477,2.5881081715424163,0.533049484861546,911,0.8582254655323379,age+sex+eth+marital+PIR_level+edu+smoke+alcohol.user+PA_level+BMI_level,,PPDA_binary_U,AA_urine.rds,CHD,Coronary heart disease,binary_above_detection_threshold,934,33,901,15,2,2015-2016,WTSA2YR,ok,,0.9841659716768265
same_sample_unweighted,odds_ratio,0.9668194351667568,0.6651236800194362,1.4053624134820337,0.19076802144366922,3227,0.8596006715481315,age+sex+eth+marital+PIR_level+edu+smoke+alcohol.user+PA_level+BMI_level,,Pb_ln_S,HM_serum.rds,CHD,Coronary heart disease,natural_log_transformed,3250,101,3149,30,4,2013-2014|2015-2016,WTSH2YR,ok,,0.9841659716768265
same_sample_unweighted,odds_ratio,0.9615176573971127,0.614067057499627,1.505562290299204,0.22869490320511449,3101,0.8637578370366403,age+sex+eth+marital+PIR_level+edu+smoke+alcohol.user+PA_level+BMI_level,,X14_DCB_binary_S,VOC_serum.rds,CHD,Coronary heart disease,binary_above_detection_threshold,3124,97,3027,30,4,2013-2014|2015-2016,WTSVOC2Y,ok,,0.9841659716768265
same_sample_unweighted,odds_ratio,1.0454191681772254,0.6136977770297067,1.780846009385917,0.2716204067038497,2118,0.8701016247457403,age+sex+eth+marital+PIR_level+edu+smoke+alcohol.user+PA_level+BMI_level,,EtP_binary_U,PCCP_urine.rds,CHD,Coronary heart disease,binary_above_detection_threshold,2141,70,2071,30,4,2013-2014|2015-2016,WTSB2YR,ok,,0.9841659716768265
same_sample_unweighted,odds_ratio,0.9257632397823373,0.35578317917491664,2.408876041075952,0.48719279413276867,817,0.8741975419505331,age+sex+eth+marital+PIR_level+edu+smoke+alcohol.user+PA_level+BMI_level,,X5OHIMI_binary_U,pesticides_urine.rds,CHD,Coronary heart disease,binary_above_detection_threshold,840,35,805,15,2,2015-2016,WTSSBI2Y,ok,,0.9841659716768265
same_sample_unweighted,odds_ratio,1.029252781803529,0.7084508845347931,1.495320722968589,0.19046387088683833,2202,0.8796732169169494,age+sex+eth+marital+PIR_level+edu+smoke+alcohol.user+PA_level+BMI_level,,Mo_ln_U,HM_urine.rds,CHD,Coronary heart disease,natural_log_transformed,2225,74,2151,30,4,2013-2014|2015-2016,WTSA2YR,ok,,0.9841659716768265
same_sample_unweighted,odds_ratio,1.0400820786050868,0.6064617789570674,1.783740983802474,0.2750604350080766,2143,0.8863878346159817,age+sex+eth+marital+PIR_level+edu+smoke+alcohol.user+PA_level+BMI_level,,PHE_Cys_binary_U,VOC_urine.rds,CHD,Coronary heart disease,binary_above_detection_threshold,2166,72,2094,30,4,2013-2014|2015-2016,WTSA2YR,ok,,0.9841659716768265
same_sample_unweighted,odds_ratio,0.8904626324431353,0.16752851920891626,4.733066963892539,0.8520364492598261,3226,0.8916940011837019,age+sex+eth+marital+PIR_level+edu+smoke+alcohol.user+PA_level+BMI_level,,Se_ln_S,HM_serum.rds,CHD,Coronary heart disease,natural_log_transformed,3249,101,3148,30,4,2013-2014|2015-2016,WTSH2YR,ok,,0.9841659716768265
same_sample_unweighted,odds_ratio,1.034522580809303,0.613580574766979,1.7442484560577678,0.26637482857682465,2117,0.8986122509400967,age+sex+eth+marital+PIR_level+edu+smoke+alcohol.user+PA_level+BMI_level,,BPF_binary_U,PCCP_urine.rds,CHD,Coronary heart disease,binary_above_detection_threshold,2140,70,2070,30,4,2013-2014|2015-2016,WTSB2YR,ok,,0.9845090102211355
same_sample_unweighted,odds_ratio,1.0126167655653606,0.8057859671974835,1.272537318402751,0.11650431973291535,2116,0.9142995658161763,age+sex+eth+marital+PIR_level+edu+smoke+alcohol.user+PA_level+BMI_level,,MCOP_ln_U,Phthalates_urine.rds,CHD,Coronary heart disease,natural_log_transformed,2139,70,2069,30,4,2013-2014|2015-2016,WTSB2YR,ok,,0.9943841993183231
same_sample_unweighted,odds_ratio,0.9832197859204138,0.6736107627725123,1.435133167181682,0.19284668595025806,2204,0.9300741411803801,age+sex+eth+marital+PIR_level+edu+smoke+alcohol.user+PA_level+BMI_level,,DMA_ln_U,HM_urine.rds,CHD,Coronary heart disease,natural_log_transformed,2227,74,2153,30,4,2013-2014|2015-2016,WTSA2YR,ok,,0.9971307970426966
same_sample_unweighted,odds_ratio,1.0205004926895225,0.6069665511824023,1.7157803070874593,0.2649424826863441,2117,0.9389459871225053,age+sex+eth+marital+PIR_level+edu+smoke+alcohol.user+PA_level+BMI_level,,MEHP_binary_U,Phthalates_urine.rds,CHD,Coronary heart disease,binary_above_detection_threshold,2140,70,2070,30,4,2013-2014|2015-2016,WTSB2YR,ok,,0.9971307970426966
same_sample_unweighted,odds_ratio,1.0061335527640787,0.8269760865463288,1.2241039885751952,0.09999394957253137,2162,0.9512382434967377,age+sex+eth+marital+PIR_level+edu+smoke+alcohol.user+PA_level+BMI_level,,NPMA_ln_U,VOC_urine.rds,CHD,Coronary heart disease,natural_log_transformed,2185,73,2112,30,4,2013-2014|2015-2016,WTSA2YR,ok,,0.9971307970426966
same_sample_unweighted,odds_ratio,0.9678934750396013,0.30454918470981196,3.076080403619786,0.5892571195957528,1024,0.9558354790558821,age+sex+eth+marital+PIR_level+edu+smoke+alcohol.user+PA_level+BMI_level,,DPCP_binary_U,BFR_urine.rds,CHD,Coronary heart disease,binary_above_detection_threshold,1047,40,1007,15,2,2013-2014,WTSSCH2Y,ok,,0.9971307970426966
same_sample_unweighted,odds_ratio,0.9923488943322903,0.7282611774096365,1.352202147566364,0.15777740118755243,2116,0.9611747104334922,age+sex+eth+marital+PIR_level+edu+smoke+alcohol.user+PA_level+BMI_level,,MCNP_ln_U,Phthalates_urine.rds,CHD,Coronary heart disease,natural_log_transformed,2139,70,2069,30,4,2013-2014|2015-2016,WTSB2YR,ok,,0.9971307970426966
same_sample_unweighted,odds_ratio,0.9948249469797039,0.7850825843625611,1.260601998879809,0.12076194607844472,3227,0.9657297444616127,age+sex+eth+marital+PIR_level+edu+smoke+alcohol.user+PA_level+BMI_level,,THg_ln_S,HM_serum.rds,CHD,Coronary heart disease,natural_log_transformed,3250,101,3149,30,4,2013-2014|2015-2016,WTSH2YR,ok,,0.9971307970426966
same_sample_unweighted,odds_ratio,0.9943263822439397,0.6801167347520555,1.453698907712891,0.19367314343263153,2203,0.9765629364441858,age+sex+eth+marital+PIR_level+edu+smoke+alcohol.user+PA_level+BMI_level,,Sb_ln_U,HM_urine.rds,CHD,Coronary heart disease,natural_log_transformed,2226,74,2152,30,4,2013-2014|2015-2016,WTSA2YR,ok,,0.9971307970426966
same_sample_unweighted,odds_ratio,1.0064960546596862,0.5563220834296321,1.8209492993704792,0.30232389347043587,2117,0.9829125498262524,age+sex+eth+marital+PIR_level+edu+smoke+alcohol.user+PA_level+BMI_level,,MINP_binary_U,Phthalates_urine.rds,CHD,Coronary heart disease,binary_above_detection_threshold,2140,70,2070,30,4,2013-2014|2015-2016,WTSB2YR,ok,,0.9971307970426966
same_sample_unweighted,odds_ratio,0.9949203672716115,0.4752966413052003,2.082628933572159,0.3764545973910242,1009,0.9892067585363028,age+sex+eth+marital+PIR_level+edu+smoke+alcohol.user+PA_level+BMI_level,,DMDTP_binary_U,pesticides_urine.rds,CHD,Coronary heart disease,binary_above_detection_threshold,1032,38,994,15,2,2015-2016,WTSB2YR,ok,,0.9971307970426966
same_sample_unweighted,odds_ratio,0.9975518721059294,0.641102479923572,1.5521851321814804,0.22548330241964484,3046,0.991326719921257,age+sex+eth+marital+PIR_level+edu+smoke+alcohol.user+PA_level+BMI_level,,Chloroform_binary_S,VOC_serum.rds,CHD,Coronary heart disease,binary_above_detection_threshold,3069,95,2974,30,4,2013-2014|2015-2016,WTSVOC2Y,ok,,0.9971307970426966
same_sample_unweighted,odds_ratio,0.9978761588952518,0.5856708723375863,1.7001986534129325,0.2717288190351048,2205,0.9937571407193893,age+sex+eth+marital+PIR_level+edu+smoke+alcohol.user+PA_level+BMI_level,,MMA_binary_U,HM_urine.rds,CHD,Coronary heart disease,binary_above_detection_threshold,2228,74,2154,30,4,2013-2014|2015-2016,WTSA2YR,ok,,0.9971307970426966
same_sample_unweighted,odds_ratio,1.0005706981058562,0.7330288137085335,1.3657603946604397,0.15865742109961314,2116,0.9971307970426966,age+sex+eth+marital+PIR_level+edu+smoke+alcohol.user+PA_level+BMI_level,,MEOHP_ln_U,Phthalates_urine.rds,CHD,Coronary heart disease,natural_log_transformed,2139,70,2069,30,4,2013-2014|2015-2016,WTSB2YR,ok,,0.9971307970426966
survey_weighted,odds_ratio,0.48633408928460076,0.35187314767348854,0.6721764589429693,0.1584632248868791,30,8.295871647965546e-5,age+sex+eth+marital+PIR_level+edu+smoke+alcohol.user+PA_level+BMI_level,,HIBP_ln_U,Phthalates_urine.rds,CHD,Coronary heart disease,natural_log_transformed,2038,68,1970,30,4,2013-2014|2015-2016,WTSB2YR|WTSSBH2Y,ok,,0.012360848755468664
survey_weighted,odds_ratio,1.714085333375355,1.2028650230439732,2.4425754127070443,0.17342121691052434,30,0.004106883279975954,age+sex+eth+marital+PIR_level+edu+smoke+alcohol.user+PA_level+BMI_level,,PGA_ln_U,VOC_urine.rds,CHD,Coronary heart disease,natural_log_transformed,2178,71,2107,30,4,2013-2014|2015-2016,WTSA2YR,ok,,0.19010403367032347
survey_weighted,odds_ratio,2.2094384301875443,1.2952900435542316,3.768745232839594,0.2614752677462402,30,0.004974898918643221,age+sex+eth+marital+PIR_level+edu+smoke+alcohol.user+PA_level+BMI_level,,OXY_binary_U,pesticides_urine.rds,CHD,Coronary heart disease,binary_above_detection_threshold,2193,80,2113,30,4,2013-2014|2015-2016,WTSB2YR|WTSC2YR,ok,,0.19010403367032347
survey_weighted,odds_ratio,1.8754122936541167,1.2457060611282027,2.8234359460397798,0.19194732500838999,15,0.005103463991149623,age+sex+eth+marital+PIR_level+edu+smoke+alcohol.user+PA_level+BMI_level,,IPM3_Cys_ln_U,VOC_urine.rds,CHD,Coronary heart disease,natural_log_transformed,1047,36,1011,15,2,2015-2016,WTSA2YR,ok,,0.19010403367032347
survey_weighted,odds_ratio,2.9543860801726565,1.4036739502722193,6.218251118092792,0.3491510390447106,15,0.007277838141146222,age+sex+eth+marital+PIR_level+edu+smoke+alcohol.user+PA_level+BMI_level,,TTCA_binary_U,VOC_urine.rds,CHD,Coronary heart disease,binary_above_detection_threshold,1168,36,1132,15,2,2013-2014,WTSA2YR,ok,,0.19565868999008015
survey_weighted,odds_ratio,5.455998036347368,1.675852185939954,17.7628521312159,0.5537985918874423,15,0.007878873422419335,age+sex+eth+marital+PIR_level+edu+smoke+alcohol.user+PA_level+BMI_level,,IPM1_Cys_ln_U,VOC_urine.rds,CHD,Coronary heart disease,natural_log_transformed,1047,36,1011,15,2,2015-2016,WTSA2YR,ok,,0.19565868999008015
survey_weighted,odds_ratio,1.46331752398229,1.1023111215797798,1.942553362724721,0.13871662346644795,30,0.01013448642311974,age+sex+eth+marital+PIR_level+edu+smoke+alcohol.user+PA_level+BMI_level,,X3_HPMA_ln_U,VOC_urine.rds,CHD,Coronary heart disease,natural_log_transformed,2142,69,2073,30,4,2013-2014|2015-2016,WTSA2YR,ok,,0.21571978243497733
survey_weighted,odds_ratio,1.8146025856901724,1.1331680787656024,2.9058200682641866,0.23055159059112706,30,0.014861096411680659,age+sex+eth+marital+PIR_level+edu+smoke+alcohol.user+PA_level+BMI_level,,X2_HPMA_ln_U,VOC_urine.rds,CHD,Coronary heart disease,natural_log_transformed,2193,72,2121,30,4,2013-2014|2015-2016,WTSA2YR,ok,,0.27678792066755226
survey_weighted,odds_ratio,1.326826775455586,1.0450127586317137,1.684639041508868,0.11690953039458137,30,0.021843626062970526,age+sex+eth+marital+PIR_level+edu+smoke+alcohol.user+PA_level+BMI_level,,BMA_ln_U,VOC_urine.rds,CHD,Coronary heart disease,natural_log_transformed,2205,72,2133,30,4,2013-2014|2015-2016,WTSA2YR,ok,,0.3041129425819998
survey_weighted,odds_ratio,0.6073317147392209,0.39748033503034985,0.927974994536317,0.2075774275404703,30,0.022682899249076047,age+sex+eth+marital+PIR_level+edu+smoke+alcohol.user+PA_level+BMI_level,,PFNA_ln_S,PFC_serum.rds,CHD,Coronary heart disease,natural_log_transformed,2068,68,2000,30,4,2013-2014|2015-2016,WTSB2YR,ok,,0.3041129425819998
survey_weighted,odds_ratio,3.06915941130846,1.1883159719438456,7.926965314296411,0.44517430096612565,15,0.023602039729976848,age+sex+eth+marital+PIR_level+edu+smoke+alcohol.user+PA_level+BMI_level,,PFHpA_binary_S,PFC_serum.rds,CHD,Coronary heart disease,binary_above_detection_threshold,1074,32,1042,15,2,2013-2014,WTSB2YR,ok,,0.3041129425819998
survey_weighted,odds_ratio,1.9178779744987315,1.0879704179927812,3.380841854003206,0.2775855849929681,30,0.025776874557191635,age+sex+eth+marital+PIR_level+edu+smoke+alcohol.user+PA_level+BMI_level,,DBUP_binary_U,BFR_urine.rds,CHD,Coronary heart disease,binary_above_detection_threshold,1942,76,1866,30,4,2013-2014|2015-2016,WTSSBI2Y|WTSSCH2Y,ok,,0.3041129425819998
survey_weighted,odds_ratio,0.7556340556603667,0.5912826030671302,0.9656682322664388,0.12009324415934199,30,0.026533343983664408,age+sex+eth+marital+PIR_level+edu+smoke+alcohol.user+PA_level+BMI_level,,BPS_ln_U,PCCP_urine.rds,CHD,Coronary heart disease,natural_log_transformed,2138,70,2068,30,4,2013-2014|2015-2016,WTSB2YR,ok,,0.3041129425819998
survey_weighted,odds_ratio,1.2576301887830155,1.0241061498962212,1.5444040560626253,0.10057862925862861,30,0.029943915554562786,age+sex+eth+marital+PIR_level+edu+smoke+alcohol.user+PA_level+BMI_level,,CEMA_CYM_ln_U,VOC_urine.rds,CHD,Coronary heart disease,natural_log_transformed,2184,72,2112,30,4,2013-2014|2015-2016,WTSA2YR,ok,,0.3186888155449896
survey_weighted,odds_ratio,2.446499324150021,1.0868115865479298,5.507264568348939,0.3806845428328436,15,0.03286986986902857,age+sex+eth+marital+PIR_level+edu+smoke+alcohol.user+PA_level+BMI_level,,MCOCH_binary_U,Phthalates_urine.rds,CHD,Coronary heart disease,binary_above_detection_threshold,1030,38,992,15,2,2015-2016,WTSB2YR,ok,,0.3265073740323504
survey_weighted,odds_ratio,2.5171486649796457,0.9914175350267206,6.390886965135273,0.45623015788337706,30,0.0520227157499936,age+sex+eth+marital+PIR_level+edu+smoke+alcohol.user+PA_level+BMI_level,,Mn_ln_S,HM_serum.rds,CHD,Coronary heart disease,natural_log_transformed,3249,101,3148,30,4,2013-2014|2015-2016,WTSH2YR,ok,,0.4436967286010821
survey_weighted,odds_ratio,1.3189410648620454,0.9955905844926481,1.7473101490467866,0.1377134357561876,30,0.05347790240263633,age+sex+eth+marital+PIR_level+edu+smoke+alcohol.user+PA_level+BMI_level,,PMM_Cys_ln_U,VOC_urine.rds,CHD,Coronary heart disease,natural_log_transformed,2185,72,2113,30,4,2013-2014|2015-2016,WTSA2YR,ok,,0.4436967286010821
survey_weighted,odds_ratio,1.34140507791538,0.9937946442946909,1.8106030188301139,0.14686694629368524,30,0.054637636584159384,age+sex+eth+marital+PIR_level+edu+smoke+alcohol.user+PA_level+BMI_level,,X2_FL_ln_U,PAH_urine.rds,CHD,Coronary heart disease,natural_log_transformed,2220,72,2148,30,4,2013-2014|2015-2016,WTSA2YR,ok,,0.4436967286010821
survey_weighted,odds_ratio,0.4748190788530405,0.2122875006412347,1.0620180508124457,0.39416501521063824,30,0.06850740835191813,age+sex+eth+marital+PIR_level+edu+smoke+alcohol.user+PA_level+BMI_level,,Hg_binary_U,HM_urine.rds,CHD,Coronary heart disease,binary_above_detection_threshold,2230,74,2156,30,4,2013-2014|2015-2016,WTSA2YR,ok,,0.4436967286010821
survey_weighted,odds_ratio,0.6119921445085685,0.35957642673050855,1.041598828782229,0.2603926320957903,30,0.06904459746253942,age+sex+eth+marital+PIR_level+edu+smoke+alcohol.user+PA_level+BMI_level,,PFDA_ln_S,PFC_serum.rds,CHD,Coronary heart disease,natural_log_transformed,2068,68,2000,30,4,2013-2014|2015-2016,WTSB2YR,ok,,0.4436967286010821
survey_weighted,odds_ratio,1.2096904304819553,0.9822603696963662,1.4897790674910012,0.10197627998681404,30,0.07173719267948896,age+sex+eth+marital+PIR_level+edu+smoke+alcohol.user+PA_level+BMI_level,,MB3_Cys_ln_U,VOC_urine.rds,CHD,Coronary heart disease,natural_log_transformed,2155,71,2084,30,4,2013-2014|2015-2016,WTSA2YR,ok,,0.4436967286010821
survey_weighted,odds_ratio,0.6621047642275635,0.42151576592697326,1.0400149988429768,0.22110987937296273,30,0.07201519577828476,age+sex+eth+marital+PIR_level+edu+smoke+alcohol.user+PA_level+BMI_level,,X24D_ln_U,pesticides_urine.rds,CHD,Coronary heart disease,natural_log_transformed,2200,80,2120,30,4,2013-2014|2015-2016,WTSB2YR|WTSC2YR,ok,,0.4436967286010821
survey_weighted,odds_ratio,1.8495343441685836,0.9416310220997895,3.6328213599324206,0.3305512332073141,30,0.07266784240248197,age+sex+eth+marital+PIR_level+edu+smoke+alcohol.user+PA_level+BMI_level,,DHB_Cys_ln_U,VOC_urine.rds,CHD,Coronary heart disease,natural_log_transformed,2092,67,2025,30,4,2013-2014|2015-2016,WTSA2YR,ok,,0.4436967286010821
survey_weighted,odds_ratio,0.546053591277753,0.28072094255331237,1.062174135763684,0.3257920031685651,30,0.07313505434619896,age+sex+eth+marital+PIR_level+edu+smoke+alcohol.user+PA_level+BMI_level,,As_III_binary_U,HM_urine.rds,CHD,Coronary heart disease,binary_above_detection_threshold,2228,74,2154,30,4,2013-2014|2015-2016,WTSA2YR,ok,,0.4436967286010821
survey_weighted,odds_ratio,0.7757156284434759,0.5859040192681035,1.0270193008116388,0.13741066107345443,30,0.07444575983239633,age+sex+eth+marital+PIR_level+edu+smoke+alcohol.user+PA_level+BMI_level,,X2_MHA_ln_U,VOC_urine.rds,CHD,Coronary heart disease,natural_log_transformed,2087,69,2018,30,4,2013-2014|2015-2016,WTSA2YR,ok,,0.4436967286010821
survey_weighted,odds_ratio,0.6909222729856441,0.4570158166888088,1.0445450023291036,0.20237717608270478,30,0.07767597625901121,age+sex+eth+marital+PIR_level+edu+smoke+alcohol.user+PA_level+BMI_level,,MHBP_ln_U,Phthalates_urine.rds,CHD,Coronary heart disease,natural_log_transformed,2038,68,1970,30,4,2013-2014|2015-2016,WTSB2YR|WTSSBH2Y,ok,,0.4451430947151027
survey_weighted,odds_ratio,0.7187326648318003,0.4922617462876874,1.0493942448136595,0.18532242966910759,30,0.0848557775613336,age+sex+eth+marital+PIR_level+edu+smoke+alcohol.user+PA_level+BMI_level,,MEHHP_ln_U,Phthalates_urine.rds,CHD,Coronary heart disease,natural_log_transformed,2139,70,2069,30,4,2013-2014|2015-2016,WTSB2YR,ok,,0.45405723099249373
survey_weighted,odds_ratio,1.5538132055908862,0.9369388403827347,2.576833592342465,0.2476894360730586,30,0.08532619105899211,age+sex+eth+marital+PIR_level+edu+smoke+alcohol.user+PA_level+BMI_level,,CEMA_CEM_ln_U,VOC_urine.rds,CHD,Coronary heart disease,natural_log_transformed,2202,72,2130,30,4,2013-2014|2015-2016,WTSA2YR,ok,,0.45405723099249373
survey_weighted,odds_ratio,1.1430741093708685,0.9765018066667805,1.33806042200173,0.07711992508227271,30,0.09319603218682757,age+sex+eth+marital+PIR_level+edu+smoke+alcohol.user+PA_level+BMI_level,,BP3_ln_U,PCCP_urine.rds,CHD,Coronary heart disease,natural_log_transformed,2139,70,2069,30,4,2013-2014|2015-2016,WTSB2YR,ok,,0.47883478606335544
survey_weighted,odds_ratio,1.496523781692398,0.8980961840583754,2.493701085612613,0.2500268979146441,30,0.11734553999427143,age+sex+eth+marital+PIR_level+edu+smoke+alcohol.user+PA_level+BMI_level,,Co_ln_U,HM_urine.rds,CHD,Coronary heart disease,natural_log_transformed,2226,74,2152,30,4,2013-2014|2015-2016,WTSA2YR,ok,,0.5498457395936088
survey_weighted,odds_ratio,0.5531885224499279,0.2593908042737577,1.1797547805409765,0.37084328705033964,30,0.12085578368079743,age+sex+eth+marital+PIR_level+edu+smoke+alcohol.user+PA_level+BMI_level,,Ethylbenzene_binary_S,VOC_serum.rds,CHD,Coronary heart disease,binary_above_detection_threshold,3088,98,2990,30,4,2013-2014|2015-2016,WTSVOC2Y,ok,,0.5498457395936088
survey_weighted,odds_ratio,0.7650579786243551,0.5417057340803301,1.0805012275723622,0.1690414474278819,30,0.12362350850051179,age+sex+eth+marital+PIR_level+edu+smoke+alcohol.user+PA_level+BMI_level,,ATCA_ln_U,VOC_urine.rds,CHD,Coronary heart disease,natural_log_transformed,2160,71,2089,30,4,2013-2014|2015-2016,WTSA2YR,ok,,0.5498457395936088
survey_weighted,odds_ratio,2.3065806125615262,0.7787703505268334,6.831685513766087,0.5316652276960623,30,0.12644413972118854,age+sex+eth+marital+PIR_level+edu+smoke+alcohol.user+PA_level+BMI_level,,BuP_binary_U,PCCP_urine.rds,CHD,Coronary heart disease,binary_above_detection_threshold,2141,70,2071,30,4,2013-2014|2015-2016,WTSB2YR,ok,,0.5498457395936088
survey_weighted,odds_ratio,0.3579681221072055,0.09079215211988699,1.4113684217525158,0.6436329161187053,15,0.13131198764792945,age+sex+eth+marital+PIR_level+edu+smoke+alcohol.user+PA_level+BMI_level,,PFBA_binary_U,PFC_urine.rds,CHD,Coronary heart disease,binary_above_detection_threshold,1010,30,980,15,2,2013-2014,WTSSBH2Y,ok,,0.5498457395936088
survey_weighted,odds_ratio,1.3457310958023683,0.9078509796575617,1.9948121693854897,0.1927325920609317,30,0.133879974227511,age+sex+eth+marital+PIR_level+edu+smoke+alcohol.user+PA_level+BMI_level,,GLYP_ln_U,GYLP_urine.rds,CHD,Coronary heart disease,natural_log_transformed,1937,74,1863,30,4,2013-2014|2015-2016,WTSSCH2Y|WTSSGL2Y,ok,,0.5498457395936088
survey_weighted,odds_ratio,0.8702323925580352,0.7218158579719781,1.0491656683534403,0.08772913825147521,15,0.13396292039390725,age+sex+eth+marital+PIR_level+edu+smoke+alcohol.user+PA_level+BMI_level,,X1_AN_ln_U,AA_urine.rds,CHD,Coronary heart disease,natural_log_transformed,1106,32,1074,15,2,2013-2014,WTSA2YR,ok,,0.5498457395936088
survey_weighted,odds_ratio,1.4772204388878456,0.8733661205637148,2.49858584354006,0.2573420933551734,30,0.13995556962336692,age+sex+eth+marital+PIR_level+edu+smoke+alcohol.user+PA_level+BMI_level,,Cd_ln_U,HM_urine.rds,CHD,Coronary heart disease,natural_log_transformed,2226,74,2152,30,4,2013-2014|2015-2016,WTSA2YR,ok,,0.5498457395936088
survey_weighted,odds_ratio,0.7418289373320944,0.4959902754438825,1.1095180682136738,0.19711491093871053,30,0.14022911479568548,age+sex+eth+marital+PIR_level+edu+smoke+alcohol.user+PA_level+BMI_level,,Pb_ln_U,HM_urine.rds,CHD,Coronary heart disease,natural_log_transformed,2226,74,2152,30,4,2013-2014|2015-2016,WTSA2YR,ok,,0.5498457395936088
survey_weighted,odds_ratio,1.3746020517204236,0.8876662797550494,2.128649970927601,0.21413582142811427,30,0.14776452646042634,age+sex+eth+marital+PIR_level+edu+smoke+alcohol.user+PA_level+BMI_level,,MA_ln_U,VOC_urine.rds,CHD,Coronary heart disease,natural_log_transformed,2176,72,2104,30,4,2013-2014|2015-2016,WTSA2YR,ok,,0.5645362677590647
survey_weighted,odds_ratio,0.49078342123775404,0.17535955971122735,1.3735684952590193,0.48284719775109436,15,0.16113820697642156,age+sex+eth+marital+PIR_level+edu+smoke+alcohol.user+PA_level+BMI_level,,n_PFOA_ln_S,PFC_serum.rds,CHD,Coronary heart disease,natural_log_transformed,994,36,958,15,2,2015-2016,WTSB2YR,ok,,0.6002398209871703
survey_weighted,odds_ratio,0.6559645004554789,0.35254775543183,1.2205138714633188,0.29131376069182585,15,0.16836015553838615,age+sex+eth+marital+PIR_level+edu+smoke+alcohol.user+PA_level+BMI_level,,DEP_ln_U,pesticides_urine.rds,CHD,Coronary heart disease,natural_log_transformed,1036,39,997,15,2,2015-2016,WTSB2YR,ok,,0.611714677235582
survey_weighted,odds_ratio,0.853484749463974,0.6757941591835053,1.0778965868063721,0.11430362373927104,30,0.17595636039620705,age+sex+eth+marital+PIR_level+edu+smoke+alcohol.user+PA_level+BMI_level,,Toluene_ln_S,VOC_serum.rds,CHD,Coronary heart disease,natural_log_transformed,3091,98,2993,30,4,2013-2014|2015-2016,WTSVOC2Y,ok,,0.611714677235582
survey_weighted,odds_ratio,0.822220849790437,0.6143456426341095,1.1004344768059937,0.14270932663135272,30,0.18034671441849726,age+sex+eth+marital+PIR_level+edu+smoke+alcohol.user+PA_level+BMI_level,,X3PBA_ln_U,pesticides_urine.rds,CHD,Coronary heart disease,natural_log_transformed,2182,80,2102,30,4,2013-2014|2015-2016,WTSB2YR|WTSC2YR,ok,,0.611714677235582
survey_weighted,odds_ratio,1.3262192202008796,0.8680979926449377,2.026104696626827,0.20750555449557698,30,0.1837753698104379,age+sex+eth+marital+PIR_level+edu+smoke+alcohol.user+PA_level+BMI_level,,Sn_ln_U,HM_urine.rds,CHD,Coronary heart disease,natural_log_transformed,2225,74,2151,30,4,2013-2014|2015-2016,WTSA2YR,ok,,0.611714677235582
survey_weighted,odds_ratio,0.09953138400742824,0.0030935614748561326,3.202294986846784,1.6996507947915214,30,0.1847460434604107,age+sex+eth+marital+PIR_level+edu+smoke+alcohol.user+PA_level+BMI_level,,Se_ln_S,HM_serum.rds,CHD,Coronary heart disease,natural_log_transformed,3249,101,3148,30,4,2013-2014|2015-2016,WTSH2YR,ok,,0.611714677235582
survey_weighted,odds_ratio,1.398899494621021,0.8303654953636352,2.356696908743745,0.24470444190328858,15,0.19029585712718042,age+sex+eth+marital+PIR_level+edu+smoke+alcohol.user+PA_level+BMI_level,,o_TLD_ln_U,AA_urine.rds,CHD,Coronary heart disease,natural_log_transformed,1075,33,1042,15,2,2013-2014,WTSA2YR,ok,,0.6163931024336932
survey_weighted,odds_ratio,1.9529843450385254,0.6719151354375418,5.676532125566479,0.5005897846453551,15,0.20110223575792774,age+sex+eth+marital+PIR_level+edu+smoke+alcohol.user+PA_level+BMI_level,,CYHA_Cys_binary_U,VOC_urine.rds,CHD,Coronary heart disease,binary_above_detection_threshold,1048,36,1012,15,2,2015-2016,WTSA2YR,ok,,0.6375368750623667
survey_weighted,odds_ratio,0.808067368157003,0.571215317955547,1.1431291335415499,0.16984962148036478,30,0.2192759583057933,age+sex+eth+marital+PIR_level+edu+smoke+alcohol.user+PA_level+BMI_level,,X34_MHA_ln_U,VOC_urine.rds,CHD,Coronary heart disease,natural_log_transformed,2211,72,2139,30,4,2013-2014|2015-2016,WTSA2YR,ok,,0.6806691205742333
survey_weighted,odds_ratio,1.5605872712114761,0.7339436727937849,3.318282752948483,0.3693851901944634,30,0.2376714486998336,age+sex+eth+marital+PIR_level+edu+smoke+alcohol.user+PA_level+BMI_level,,BCPP_binary_U,BFR_urine.rds,CHD,Coronary heart disease,binary_above_detection_threshold,1944,76,1868,30,4,2013-2014|2015-2016,WTSSBI2Y|WTSSCH2Y,ok,,0.7222572575253174
survey_weighted,odds_ratio,1.3357508511721445,0.8101985443185715,2.202213702948281,0.2448103887638354,30,0.24628654783716858,age+sex+eth+marital+PIR_level+edu+smoke+alcohol.user+PA_level+BMI_level,,Cd_ln_S,HM_serum.rds,CHD,Coronary heart disease,natural_log_transformed,3250,101,3149,30,4,2013-2014|2015-2016,WTSH2YR,ok,,0.7222572575253174
survey_weighted,odds_ratio,0.47020833011517876,0.11840763727313029,1.8672433535659883,0.6469975470762405,15,0.26171084839106845,age+sex+eth+marital+PIR_level+edu+smoke+alcohol.user+PA_level+BMI_level,,PFHxA_binary_U,PFC_urine.rds,CHD,Coronary heart disease,binary_above_detection_threshold,1010,30,980,15,2,2013-2014,WTSSBH2Y,ok,,0.7222572575253174
survey_weighted,odds_ratio,1.1443879770735177,0.8985116803949585,1.4575479324817984,0.11843941217270386,30,0.26382951609583843,age+sex+eth+marital+PIR_level+edu+smoke+alcohol.user+PA_level+BMI_level,,MEP_ln_U,Phthalates_urine.rds,CHD,Coronary heart disease,natural_log_transformed,2139,70,2069,30,4,2013-2014|2015-2016,WTSB2YR,ok,,0.7222572575253174
survey_weighted,odds_ratio,0.7493939682393331,0.44511687122748717,1.2616716101656829,0.2550727040738145,30,0.2670106187750579,age+sex+eth+marital+PIR_level+edu+smoke+alcohol.user+PA_level+BMI_level,,MiBP_ln_U,Phthalates_urine.rds,CHD,Coronary heart disease,natural_log_transformed,2139,70,2069,30,4,2013-2014|2015-2016,WTSB2YR,ok,,0.7222572575253174
survey_weighted,odds_ratio,1.515613220778467,0.7135971074781771,3.2190201038177926,0.3688327049989294,30,0.26851220054506536,age+sex+eth+marital+PIR_level+edu+smoke+alcohol.user+PA_level+BMI_level,,HEMA_binary_U,VOC_urine.rds,CHD,Coronary heart disease,binary_above_detection_threshold,2197,72,2125,30,4,2013-2014|2015-2016,WTSA2YR,ok,,0.7222572575253174
survey_weighted,odds_ratio,0.5894682370618962,0.21951798587215565,1.5828898990865534,0.4634342248836565,15,0.2719721220768718,age+sex+eth+marital+PIR_level+edu+smoke+alcohol.user+PA_level+BMI_level,,DETP_binary_U,pesticides_urine.rds,CHD,Coronary heart disease,binary_above_detection_threshold,1032,39,993,15,2,2015-2016,WTSB2YR,ok,,0.7222572575253174
survey_weighted,odds_ratio,0.7290509058773387,0.4085377091525412,1.3010187589858668,0.2835857361797577,30,0.2739803655656513,age+sex+eth+marital+PIR_level+edu+smoke+alcohol.user+PA_level+BMI_level,,o_Xylene_binary_S,VOC_serum.rds,CHD,Coronary heart disease,binary_above_detection_threshold,3146,99,3047,30,4,2013-2014|2015-2016,WTSVOC2Y,ok,,0.7222572575253174
survey_weighted,odds_ratio,0.7557066494599638,0.451136231401977,1.2658981927992004,0.25260288380567614,30,0.2762997562345174,age+sex+eth+marital+PIR_level+edu+smoke+alcohol.user+PA_level+BMI_level,,PMA_binary_U,VOC_urine.rds,CHD,Coronary heart disease,binary_above_detection_threshold,2178,71,2107,30,4,2013-2014|2015-2016,WTSA2YR,ok,,0.7222572575253174
survey_weighted,odds_ratio,1.1425041280038726,0.8889217889729456,1.4684257925706181,0.12288687529649495,30,0.28695361781071366,age+sex+eth+marital+PIR_level+edu+smoke+alcohol.user+PA_level+BMI_level,,EO_ln_S,gas_serum.rds,CHD,Coronary heart disease,natural_log_transformed,2132,71,2061,30,4,2013-2014|2015-2016,WTSA2YR,ok,,0.7371739492033851
survey_weighted,odds_ratio,0.8711509334464682,0.6682786851411046,1.1356099868491438,0.1298112642611739,30,0.29643376509929475,age+sex+eth+marital+PIR_level+edu+smoke+alcohol.user+PA_level+BMI_level,,Total_As_ln_U,HM_urine.rds,CHD,Coronary heart disease,natural_log_transformed,2225,74,2151,30,4,2013-2014|2015-2016,WTSA2YR,ok,,0.7431671048351023
survey_weighted,odds_ratio,0.8504752724679435,0.6215616675502911,1.1636949748367476,0.1535349539539846,30,0.29990502029793653,age+sex+eth+marital+PIR_level+edu+smoke+alcohol.user+PA_level+BMI_level,,MCPP_ln_U,Phthalates_urine.rds,CHD,Coronary heart disease,natural_log_transformed,2139,70,2069,30,4,2013-2014|2015-2016,WTSB2YR,ok,,0.7431671048351023
survey_weighted,odds_ratio,1.3169933606263282,0.7690198349771139,2.255431437585024,0.2634270938744897,30,0.3042496201002768,age+sex+eth+marital+PIR_level+edu+smoke+alcohol.user+PA_level+BMI_level,,X1_PY_ln_U,PAH_urine.rds,CHD,Coronary heart disease,natural_log_transformed,2220,73,2147,30,4,2013-2014|2015-2016,WTSA2YR,ok,,0.7431671048351023
survey_weighted,odds_ratio,1.4144646485754835,0.7018991299055676,2.8504241661318748,0.34310637250628206,30,0.320279158473018,age+sex+eth+marital+PIR_level+edu+smoke+alcohol.user+PA_level+BMI_level,,TCC_binary_U,PCCP_urine.rds,CHD,Coronary heart disease,binary_above_detection_threshold,2141,70,2071,30,4,2013-2014|2015-2016,WTSB2YR,ok,,0.7554901036016489
survey_weighted,odds_ratio,1.1650948260727758,0.8545309036550602,1.5885276330386504,0.15179418878437076,30,0.3221573801068769,age+sex+eth+marital+PIR_level+edu+smoke+alcohol.user+PA_level+BMI_level,,X23_OH_PH_ln_U,PAH_urine.rds,CHD,Coronary heart disease,natural_log_transformed,2221,73,2148,30,4,2013-2014|2015-2016,WTSA2YR,ok,,0.7554901036016489
survey_weighted,odds_ratio,0.7332037646693954,0.38153971574096374,1.4089955471119424,0.3064621925536258,15,0.3272952529774029,age+sex+eth+marital+PIR_level+edu+smoke+alcohol.user+PA_level+BMI_level,,DMP_ln_U,pesticides_urine.rds,CHD,Coronary heart disease,natural_log_transformed,1028,39,989,15,2,2015-2016,WTSB2YR,ok,,0.7554901036016489
survey_weighted,odds_ratio,1.1960249067779392,0.8243012421840379,1.735379621463439,0.18225908591977993,30,0.3338868959529343,age+sex+eth+marital+PIR_level+edu+smoke+alcohol.user+PA_level+BMI_level,,Sb_ln_U,HM_urine.rds,CHD,Coronary heart disease,natural_log_transformed,2226,74,2152,30,4,2013-2014|2015-2016,WTSA2YR,ok,,0.7554901036016489
survey_weighted,odds_ratio,0.7162661968732139,0.35091133761656423,1.4620139328293977,0.3347572972210196,15,0.3346466230718713,age+sex+eth+marital+PIR_level+edu+smoke+alcohol.user+PA_level+BMI_level,,X2_AN_ln_U,AA_urine.rds,CHD,Coronary heart disease,natural_log_transformed,1113,30,1083,15,2,2013-2014,WTSA2YR,ok,,0.7554901036016489
survey_weighted,odds_ratio,0.8272894220015181,0.5420018523447643,1.262740680303539,0.20706599630989472,30,0.3671506824352997,age+sex+eth+marital+PIR_level+edu+smoke+alcohol.user+PA_level+BMI_level,,Mo_ln_U,HM_urine.rds,CHD,Coronary heart disease,natural_log_transformed,2225,74,2151,30,4,2013-2014|2015-2016,WTSA2YR,ok,,0.8164992788486516
survey_weighted,odds_ratio,0.8207100743907269,0.5231993160048334,1.2873966108170711,0.22044434655264047,30,0.37722613846181574,age+sex+eth+marital+PIR_level+edu+smoke+alcohol.user+PA_level+BMI_level,,Chloroform_binary_S,VOC_serum.rds,CHD,Coronary heart disease,binary_above_detection_threshold,3069,95,2974,30,4,2013-2014|2015-2016,WTSVOC2Y,ok,,0.8201911182087084
survey_weighted,odds_ratio,1.5018451779581414,0.5871398819244849,3.841569969941537,0.45987334144130765,30,0.38353393704254535,age+sex+eth+marital+PIR_level+edu+smoke+alcohol.user+PA_level+BMI_level,,MeFOSAA_binary_S,PFC_serum.rds,CHD,Coronary heart disease,binary_above_detection_threshold,2068,68,2000,30,4,2013-2014|2015-2016,WTSB2YR,ok,,0.8201911182087084
survey_weighted,odds_ratio,1.1604863087759725,0.8138906957042271,1.6546797745257564,0.16644463959531877,15,0.38532468640677575,age+sex+eth+marital+PIR_level+edu+smoke+alcohol.user+PA_level+BMI_level,,o_ANS_ln_U,AA_urine.rds,CHD,Coronary heart disease,natural_log_transformed,1045,31,1014,15,2,2013-2014,WTSA2YR,ok,,0.8201911182087084
survey_weighted,odds_ratio,1.7416403732916488,0.45038799580147787,6.734884628711325,0.6345321520883457,15,0.3956913153070353,age+sex+eth+marital+PIR_level+edu+smoke+alcohol.user+PA_level+BMI_level,,PPDA_binary_U,AA_urine.rds,CHD,Coronary heart disease,binary_above_detection_threshold,934,33,901,15,2,2015-2016,WTSA2YR,ok,,0.830394450433074
survey_weighted,odds_ratio,1.070218773933756,0.9091181936067165,1.2598672341340877,0.07988319872731622,30,0.4023158145530086,age+sex+eth+marital+PIR_level+edu+smoke+alcohol.user+PA_level+BMI_level,,X25_DCP_ln_U,PCCP_urine.rds,CHD,Coronary heart disease,natural_log_transformed,2139,70,2069,30,4,2013-2014|2015-2016,WTSB2YR,ok,,0.8325702273388651
survey_weighted,odds_ratio,1.3374482130870122,0.6365920204474097,2.8099122597114237,0.36351162471709947,30,0.4300723188196772,age+sex+eth+marital+PIR_level+edu+smoke+alcohol.user+PA_level+BMI_level,,MEHP_binary_U,Phthalates_urine.rds,CHD,Coronary heart disease,binary_above_detection_threshold,2140,70,2070,30,4,2013-2014|2015-2016,WTSB2YR,ok,,0.8602409908587507
survey_weighted,odds_ratio,0.7143459659611104,0.3020400637790045,1.6894783847558685,0.4214950450891547,30,0.43109502276690603,age+sex+eth+marital+PIR_level+edu+smoke+alcohol.user+PA_level+BMI_level,,PFUnDA_binary_S,PFC_serum.rds,CHD,Coronary heart disease,binary_above_detection_threshold,2068,68,2000,30,4,2013-2014|2015-2016,WTSB2YR,ok,,0.8602409908587507
survey_weighted,odds_ratio,0.8108458644623572,0.4727250904203253,1.3908104926927285,0.2641978365304491,30,0.43363932481361456,age+sex+eth+marital+PIR_level+edu+smoke+alcohol.user+PA_level+BMI_level,,Tl_ln_U,HM_urine.rds,CHD,Coronary heart disease,natural_log_transformed,2226,74,2152,30,4,2013-2014|2015-2016,WTSA2YR,ok,,0.8602409908587507
survey_weighted,odds_ratio,0.8978087456572126,0.6772867940695075,1.190131788832508,0.1380140335893331,30,0.44088345920328476,age+sex+eth+marital+PIR_level+edu+smoke+alcohol.user+PA_level+BMI_level,,BDCPP_ln_U,BFR_urine.rds,CHD,Coronary heart disease,natural_log_transformed,1933,74,1859,30,4,2013-2014|2015-2016,WTSSBI2Y|WTSSCH2Y,ok,,0.8602409908587507
survey_weighted,odds_ratio,0.5641398738767761,0.12400687967879664,2.5664204931375396,0.7418036580070536,30,0.44632612520876724,age+sex+eth+marital+PIR_level+edu+smoke+alcohol.user+PA_level+BMI_level,,FA_ln_S,gas_serum.rds,CHD,Coronary heart disease,natural_log_transformed,1963,69,1894,30,4,2013-2014|2015-2016,WTSA2YR,ok,,0.8602409908587507
survey_weighted,odds_ratio,1.3461791754543653,0.5990259718555175,3.02524173837339,0.39648023453516795,30,0.4592309899963737,age+sex+eth+marital+PIR_level+edu+smoke+alcohol.user+PA_level+BMI_level,,Furan_binary_S,VOC_serum.rds,CHD,Coronary heart disease,binary_above_detection_threshold,3156,99,3057,30,4,2013-2014|2015-2016,WTSVOC2Y,ok,,0.8602409908587507
survey_weighted,odds_ratio,0.5692891252328991,0.11628042323993559,2.7871424877746174,0.7452129099503005,15,0.4613686699819253,age+sex+eth+marital+PIR_level+edu+smoke+alcohol.user+PA_level+BMI_level,,MDA_binary_U,pesticides_urine.rds,CHD,Coronary heart disease,binary_above_detection_threshold,1033,39,994,15,2,2015-2016,WTSB2YR,ok,,0.8602409908587507
survey_weighted,odds_ratio,1.1071787883117175,0.8376381638062439,1.463453937816229,0.13660479240260967,30,0.46187435750805406,age+sex+eth+marital+PIR_level+edu+smoke+alcohol.user+PA_level+BMI_level,,X3_FL_ln_U,PAH_urine.rds,CHD,Coronary heart disease,natural_log_transformed,2219,73,2146,30,4,2013-2014|2015-2016,WTSA2YR,ok,,0.8602409908587507
survey_weighted,odds_ratio,0.8636996500219147,0.5727239691685717,1.3025071860200286,0.20115886514770903,30,0.4719984553488451,age+sex+eth+marital+PIR_level+edu+smoke+alcohol.user+PA_level+BMI_level,,PNP_ln_U,pesticides_urine.rds,CHD,Coronary heart disease,natural_log_transformed,2161,78,2083,30,4,2013-2014|2015-2016,WTSB2YR|WTSC2YR,ok,,0.8682440721849126
survey_weighted,odds_ratio,1.1202102294392486,0.8103099873476062,1.5486307434614162,0.15857569622874754,30,0.47961940192013386,age+sex+eth+marital+PIR_level+edu+smoke+alcohol.user+PA_level+BMI_level,,MBzP_ln_U,Phthalates_urine.rds,CHD,Coronary heart disease,natural_log_transformed,2139,70,2069,30,4,2013-2014|2015-2016,WTSB2YR,ok,,0.8688973710815941
survey_weighted,odds_ratio,0.748528510851007,0.316035419387412,1.7728865095022428,0.4045392496412172,15,0.48499566461206545,age+sex+eth+marital+PIR_level+edu+smoke+alcohol.user+PA_level+BMI_level,,A_a_C_binary_U,AA_urine.rds,CHD,Coronary heart disease,binary_above_detection_threshold,1152,36,1116,15,2,2013-2014,WTSA2YR,ok,,0.8688973710815941
survey_weighted,odds_ratio,0.9432490336808508,0.7952565119692213,1.1187820862186078,0.08356652643641083,30,0.48984818235472427,age+sex+eth+marital+PIR_level+edu+smoke+alcohol.user+PA_level+BMI_level,,PrP_ln_U,PCCP_urine.rds,CHD,Coronary heart disease,natural_log_transformed,2139,70,2069,30,4,2013-2014|2015-2016,WTSB2YR,ok,,0.8688973710815941
survey_weighted,odds_ratio,1.2730438153555839,0.6080835104906235,2.6651611626625282,0.3617802264070971,30,0.509690337418619,age+sex+eth+marital+PIR_level+edu+smoke+alcohol.user+PA_level+BMI_level,,IHg_binary_S,HM_serum.rds,CHD,Coronary heart disease,binary_above_detection_threshold,3245,101,3144,30,4,2013-2014|2015-2016,WTSH2YR,ok,,0.8822166288650871
survey_weighted,odds_ratio,1.2898869959131667,0.586762338952426,2.835574732346265,0.38569292123231647,30,0.5142939756021914,age+sex+eth+marital+PIR_level+edu+smoke+alcohol.user+PA_level+BMI_level,,MHNCH_binary_U,Phthalates_urine.rds,CHD,Coronary heart disease,binary_above_detection_threshold,2140,70,2070,30,4,2013-2014|2015-2016,WTSB2YR,ok,,0.8822166288650871
survey_weighted,odds_ratio,1.1572999431884456,0.7298527449809198,1.8350868277394685,0.22572999001761582,30,0.5224322806957942,age+sex+eth+marital+PIR_level+edu+smoke+alcohol.user+PA_level+BMI_level,,X1_PH_ln_U,PAH_urine.rds,CHD,Coronary heart disease,natural_log_transformed,2221,73,2148,30,4,2013-2014|2015-2016,WTSA2YR,ok,,0.8822166288650871
survey_weighted,odds_ratio,0.8572420597430378,0.5225196082441885,1.4063854014241373,0.24240537369168058,30,0.5299567619272212,age+sex+eth+marital+PIR_level+edu+smoke+alcohol.user+PA_level+BMI_level,,GAM_Cys_binary_U,VOC_urine.rds,CHD,Coronary heart disease,binary_above_detection_threshold,2214,72,2142,30,4,2013-2014|2015-2016,WTSA2YR,ok,,0.8822166288650871
survey_weighted,odds_ratio,0.7423752198583932,0.2848391912301611,1.9348495011505302,0.46905104155367283,30,0.5301693473302946,age+sex+eth+marital+PIR_level+edu+smoke+alcohol.user+PA_level+BMI_level,,X25_DMF_binary_S,VOC_serum.rds,CHD,Coronary heart disease,binary_above_detection_threshold,3152,99,3053,30,4,2013-2014|2015-2016,WTSVOC2Y,ok,,0.8822166288650871
survey_weighted,odds_ratio,1.2377296491543028,0.6205681624506338,2.468664648128,0.3380541125702074,30,0.5328825275024016,age+sex+eth+marital+PIR_level+edu+smoke+alcohol.user+PA_level+BMI_level,,BPF_binary_U,PCCP_urine.rds,CHD,Coronary heart disease,binary_above_detection_threshold,2140,70,2070,30,4,2013-2014|2015-2016,WTSB2YR,ok,,0.8822166288650871
survey_weighted,odds_ratio,0.8633300446654366,0.5244510991472867,1.4211787662069595,0.23385252893920766,15,0.5391788059590199,age+sex+eth+marital+PIR_level+edu+smoke+alcohol.user+PA_level+BMI_level,,Harman_ln_U,AA_urine.rds,CHD,Coronary heart disease,natural_log_transformed,1152,36,1116,15,2,2013-2014,WTSA2YR,ok,,0.8828312317350985
survey_weighted,odds_ratio,0.8617781718014822,0.5031671003195693,1.4759741185817372,0.2634690451130177,30,0.5765364544883105,age+sex+eth+marital+PIR_level+edu+smoke+alcohol.user+PA_level+BMI_level,,X14_DCB_binary_S,VOC_serum.rds,CHD,Coronary heart disease,binary_above_detection_threshold,3124,97,3027,30,4,2013-2014|2015-2016,WTSVOC2Y,ok,,0.9124198533518272
survey_weighted,odds_ratio,1.2947202766855284,0.5056087322630091,3.3154106879401524,0.4604120432451634,30,0.5789589591612849,age+sex+eth+marital+PIR_level+edu+smoke+alcohol.user+PA_level+BMI_level,,AsC_binary_U,HM_urine.rds,CHD,Coronary heart disease,binary_above_detection_threshold,2228,74,2154,30,4,2013-2014|2015-2016,WTSA2YR,ok,,0.9124198533518272
survey_weighted,odds_ratio,0.9088870357481694,0.6388315257605853,1.2931040664713256,0.1726410428758451,30,0.5841105889833004,age+sex+eth+marital+PIR_level+edu+smoke+alcohol.user+PA_level+BMI_level,,Ba_ln_U,HM_urine.rds,CHD,Coronary heart disease,natural_log_transformed,2226,74,2152,30,4,2013-2014|2015-2016,WTSA2YR,ok,,0.9124198533518272
survey_weighted,odds_ratio,0.820728703832563,0.39583196171602625,1.7017211100752976,0.3570546253489627,30,0.5841500419210454,age+sex+eth+marital+PIR_level+edu+smoke+alcohol.user+PA_level+BMI_level,,Benzene_binary_S,VOC_serum.rds,CHD,Coronary heart disease,binary_above_detection_threshold,3074,99,2975,30,4,2013-2014|2015-2016,WTSVOC2Y,ok,,0.9124198533518272
survey_weighted,odds_ratio,0.8758598477834705,0.5305802252148374,1.4458331398398143,0.24542999304055862,30,0.5931361753647177,age+sex+eth+marital+PIR_level+edu+smoke+alcohol.user+PA_level+BMI_level,,Perchlorate_ln_U,PERNT_urine.rds,CHD,Coronary heart disease,natural_log_transformed,2216,73,2143,30,4,2013-2014|2015-2016,WTSA2YR,ok,,0.9124198533518272
survey_weighted,odds_ratio,0.8971055810878165,0.5865490009589502,1.3720906902972165,0.19935604292643866,15,0.5939914481552163,age+sex+eth+marital+PIR_level+edu+smoke+alcohol.user+PA_level+BMI_level,,DMTP_ln_U,pesticides_urine.rds,CHD,Coronary heart disease,natural_log_transformed,1036,38,998,15,2,2015-2016,WTSB2YR,ok,,0.9124198533518272
survey_weighted,odds_ratio,0.8314473129516667,0.39620627092492705,1.7448099259022953,0.3477600361203135,15,0.6033354907928026,age+sex+eth+marital+PIR_level+edu+smoke+alcohol.user+PA_level+BMI_level,,Sm_PFOS_ln_S,PFC_serum.rds,CHD,Coronary heart disease,natural_log_transformed,994,36,958,15,2,2015-2016,WTSB2YR,ok,,0.917316205389057
survey_weighted,odds_ratio,1.079688042044937,0.7838349568039337,1.4872088288688319,0.15680030523752297,30,0.6284120641401627,age+sex+eth+marital+PIR_level+edu+smoke+alcohol.user+PA_level+BMI_level,,X2_NP_ln_U,PAH_urine.rds,CHD,Coronary heart disease,natural_log_transformed,2188,71,2117,30,4,2013-2014|2015-2016,WTSA2YR,ok,,0.9300737813640186
survey_weighted,odds_ratio,1.1596045435280544,0.6202303044219468,2.1680377237035344,0.30639567482011887,30,0.6323960210062376,age+sex+eth+marital+PIR_level+edu+smoke+alcohol.user+PA_level+BMI_level,,Nitrate_ln_U,PERNT_urine.rds,CHD,Coronary heart disease,natural_log_transformed,2217,73,2144,30,4,2013-2014|2015-2016,WTSA2YR,ok,,0.9300737813640186
survey_weighted,odds_ratio,1.1246794820154633,0.6810718251204544,1.8572254652332154,0.24560170557099475,30,0.6358272459821127,age+sex+eth+marital+PIR_level+edu+smoke+alcohol.user+PA_level+BMI_level,,CEMA_AAM_ln_U,VOC_urine.rds,CHD,Coronary heart disease,natural_log_transformed,2152,69,2083,30,4,2013-2014|2015-2016,WTSA2YR,ok,,0.9300737813640186
survey_weighted,odds_ratio,1.0525607353572444,0.8453395657861377,1.310578785680625,0.10735240999825837,30,0.6366948033498652,age+sex+eth+marital+PIR_level+edu+smoke+alcohol.user+PA_level+BMI_level,,DPHP_ln_U,BFR_urine.rds,CHD,Coronary heart disease,natural_log_transformed,1941,76,1865,30,4,2013-2014|2015-2016,WTSSBI2Y|WTSSCH2Y,ok,,0.9300737813640186
survey_weighted,odds_ratio,1.0840102005383654,0.7533194127892522,1.5598670297375778,0.1782001544867462,30,0.6540373265462353,age+sex+eth+marital+PIR_level+edu+smoke+alcohol.user+PA_level+BMI_level,,MECPP_ln_U,Phthalates_urine.rds,CHD,Coronary heart disease,natural_log_transformed,2139,70,2069,30,4,2013-2014|2015-2016,WTSB2YR,ok,,0.9458237339438684
survey_weighted,odds_ratio,1.1093482250518711,0.6812139484948501,1.80655943282559,0.23877887143159415,30,0.6669648889446533,age+sex+eth+marital+PIR_level+edu+smoke+alcohol.user+PA_level+BMI_level,,Pb_ln_S,HM_serum.rds,CHD,Coronary heart disease,natural_log_transformed,3250,101,3149,30,4,2013-2014|2015-2016,WTSH2YR,ok,,0.9458237339438684
survey_weighted,odds_ratio,1.2861068023446451,0.3732649184138591,4.431358601997548,0.5803968240212782,15,0.6707994998235435,age+sex+eth+marital+PIR_level+edu+smoke+alcohol.user+PA_level+BMI_level,,MeA_a_C_binary_U,AA_urine.rds,CHD,Coronary heart disease,binary_above_detection_threshold,1151,35,1116,15,2,2013-2014,WTSA2YR,ok,,0.9458237339438684
survey_weighted,odds_ratio,0.8936572300541261,0.5163933646941856,1.5465404852770863,0.2685505935591539,30,0.6784425408451265,age+sex+eth+marital+PIR_level+edu+smoke+alcohol.user+PA_level+BMI_level,,BPA_ln_U,PCCP_urine.rds,CHD,Coronary heart disease,natural_log_transformed,2139,70,2069,30,4,2013-2014|2015-2016,WTSB2YR,ok,,0.9458237339438684
survey_weighted,odds_ratio,0.9325236353889076,0.6598807833179183,1.3178142969803486,0.16933847833236032,30,0.6828690070300517,age+sex+eth+marital+PIR_level+edu+smoke+alcohol.user+PA_level+BMI_level,,MCNP_ln_U,Phthalates_urine.rds,CHD,Coronary heart disease,natural_log_transformed,2139,70,2069,30,4,2013-2014|2015-2016,WTSB2YR,ok,,0.9458237339438684
survey_weighted,odds_ratio,1.1673350458263831,0.5251378369535173,2.594882739967376,0.3747768358595055,15,0.6855635118519315,age+sex+eth+marital+PIR_level+edu+smoke+alcohol.user+PA_level+BMI_level,,X26_DMA_binary_U,AA_urine.rds,CHD,Coronary heart disease,binary_above_detection_threshold,1062,33,1029,15,2,2013-2014,WTSA2YR,ok,,0.9458237339438684
survey_weighted,odds_ratio,0.9569115787446455,0.7565920522397512,1.2102688190086968,0.11501246304481424,30,0.7044552455090873,age+sex+eth+marital+PIR_level+edu+smoke+alcohol.user+PA_level+BMI_level,,X24_DCP_ln_U,PCCP_urine.rds,CHD,Coronary heart disease,natural_log_transformed,2139,70,2069,30,4,2013-2014|2015-2016,WTSB2YR,ok,,0.9549923867738895
survey_weighted,odds_ratio,1.0526169054570156,0.8003146569731837,1.3844584002052454,0.13417879727913185,30,0.7050279365444823,age+sex+eth+marital+PIR_level+edu+smoke+alcohol.user+PA_level+BMI_level,,U_ln_U,HM_urine.rds,CHD,Coronary heart disease,natural_log_transformed,2226,74,2152,30,4,2013-2014|2015-2016,WTSA2YR,ok,,0.9549923867738895
survey_weighted,odds_ratio,1.0725026805189875,0.7298724156837301,1.5759768077313494,0.1884569334018467,30,0.7129421296178571,age+sex+eth+marital+PIR_level+edu+smoke+alcohol.user+PA_level+BMI_level,,DMA_ln_U,HM_urine.rds,CHD,Coronary heart disease,natural_log_transformed,2227,74,2153,30,4,2013-2014|2015-2016,WTSA2YR,ok,,0.9570124082257722
survey_weighted,odds_ratio,0.9347290015131038,0.6273610532883692,1.3926881525239911,0.19524056676620125,30,0.7319656018985197,age+sex+eth+marital+PIR_level+edu+smoke+alcohol.user+PA_level+BMI_level,,Thiocyanate_ln_U,PERNT_urine.rds,CHD,Coronary heart disease,natural_log_transformed,2212,73,2139,30,4,2013-2014|2015-2016,WTSA2YR,ok,,0.9668268512586821
survey_weighted,odds_ratio,0.9341936645773761,0.623642612235752,1.3993877034922664,0.19787090485955774,30,0.7332311019612824,age+sex+eth+marital+PIR_level+edu+smoke+alcohol.user+PA_level+BMI_level,,Sr_ln_U,HM_urine.rds,CHD,Coronary heart disease,natural_log_transformed,2226,74,2152,30,4,2013-2014|2015-2016,WTSA2YR,ok,,0.9668268512586821
survey_weighted,odds_ratio,1.1353895439399948,0.48585984197836896,2.6532536857525715,0.39823175359862406,15,0.7542378210784768,age+sex+eth+marital+PIR_level+edu+smoke+alcohol.user+PA_level+BMI_level,,Norharman_ln_U,AA_urine.rds,CHD,Coronary heart disease,natural_log_transformed,1136,35,1101,15,2,2013-2014,WTSA2YR,ok,,0.9781731105968602
survey_weighted,odds_ratio,0.957350027558187,0.7050236632115945,1.2999834233799215,0.14980259444475916,30,0.7730859003467467,age+sex+eth+marital+PIR_level+edu+smoke+alcohol.user+PA_level+BMI_level,,MEOHP_ln_U,Phthalates_urine.rds,CHD,Coronary heart disease,natural_log_transformed,2139,70,2069,30,4,2013-2014|2015-2016,WTSB2YR,ok,,0.9781731105968602
survey_weighted,odds_ratio,1.1123325116644722,0.5200602480898118,2.3791159217616653,0.37226658101989996,30,0.776862261224576,age+sex+eth+marital+PIR_level+edu+smoke+alcohol.user+PA_level+BMI_level,,EtP_binary_U,PCCP_urine.rds,CHD,Coronary heart disease,binary_above_detection_threshold,2141,70,2071,30,4,2013-2014|2015-2016,WTSB2YR,ok,,0.9781731105968602
survey_weighted,odds_ratio,0.928938579387467,0.5381481895414053,1.6035116368407134,0.25612084298542714,15,0.7774349216002452,age+sex+eth+marital+PIR_level+edu+smoke+alcohol.user+PA_level+BMI_level,,X4_MDA_binary_U,AA_urine.rds,CHD,Coronary heart disease,binary_above_detection_threshold,1006,36,970,15,2,2015-2016,WTSA2YR,ok,,0.9781731105968602
survey_weighted,odds_ratio,1.2233215418796153,0.25981240235667247,5.759985209529339,0.7269068017963066,15,0.7853364760493162,age+sex+eth+marital+PIR_level+edu+smoke+alcohol.user+PA_level+BMI_level,,DPCP_binary_U,BFR_urine.rds,CHD,Coronary heart disease,binary_above_detection_threshold,1047,40,1007,15,2,2013-2014,WTSSCH2Y,ok,,0.9781731105968602
survey_weighted,odds_ratio,0.918971978164771,0.48276697388797934,1.7493108317886539,0.31519866349375014,30,0.7904695938076264,age+sex+eth+marital+PIR_level+edu+smoke+alcohol.user+PA_level+BMI_level,,MMA_binary_U,HM_urine.rds,CHD,Coronary heart disease,binary_above_detection_threshold,2228,74,2154,30,4,2013-2014|2015-2016,WTSA2YR,ok,,0.9781731105968602
survey_weighted,odds_ratio,1.086578755573517,0.5703728213450263,2.0699678313555183,0.3155793738984486,30,0.7942598386150796,age+sex+eth+marital+PIR_level+edu+smoke+alcohol.user+PA_level+BMI_level,,AsB_binary_U,HM_urine.rds,CHD,Coronary heart disease,binary_above_detection_threshold,2228,74,2154,30,4,2013-2014|2015-2016,WTSA2YR,ok,,0.9781731105968602
survey_weighted,odds_ratio,1.1675337192526054,0.32033429904470406,4.255351330335032,0.6067625379177339,15,0.801974945931557,age+sex+eth+marital+PIR_level+edu+smoke+alcohol.user+PA_level+BMI_level,,TBPPP_binary_U,BFR_urine.rds,CHD,Coronary heart disease,binary_above_detection_threshold,897,36,861,15,2,2015-2016,WTSSBI2Y,ok,,0.9781731105968602
survey_weighted,odds_ratio,1.0497010172676908,0.705663402568751,1.5614699892920583,0.19445118549940663,30,0.8047146721073375,age+sex+eth+marital+PIR_level+edu+smoke+alcohol.user+PA_level+BMI_level,,MnBP_ln_U,Phthalates_urine.rds,CHD,Coronary heart disease,natural_log_transformed,2139,70,2069,30,4,2013-2014|2015-2016,WTSB2YR,ok,,0.9781731105968602
survey_weighted,odds_ratio,0.9549561102394193,0.6510912222019785,1.4006350283750313,0.1875438420159239,30,0.8075452257413943,age+sex+eth+marital+PIR_level+edu+smoke+alcohol.user+PA_level+BMI_level,,THg_ln_S,HM_serum.rds,CHD,Coronary heart disease,natural_log_transformed,3250,101,3149,30,4,2013-2014|2015-2016,WTSH2YR,ok,,0.9781731105968602
survey_weighted,odds_ratio,0.8429182426438722,0.1840684526778082,3.8600376840539106,0.713862666280643,15,0.8140501054631588,age+sex+eth+marital+PIR_level+edu+smoke+alcohol.user+PA_level+BMI_level,,X5OHIMI_binary_U,pesticides_urine.rds,CHD,Coronary heart disease,binary_above_detection_threshold,840,35,805,15,2,2015-2016,WTSSBI2Y,ok,,0.9781731105968602
survey_weighted,odds_ratio,1.0658461116326856,0.5815283304034157,1.9535212203581447,0.29666195691442965,30,0.8312570415685998,age+sex+eth+marital+PIR_level+edu+smoke+alcohol.user+PA_level+BMI_level,,PHE_Cys_binary_U,VOC_urine.rds,CHD,Coronary heart disease,binary_above_detection_threshold,2166,72,2094,30,4,2013-2014|2015-2016,WTSA2YR,ok,,0.9857256013727844
survey_weighted,odds_ratio,1.1046617796183622,0.40954441911235595,2.979597793065839,0.46552784624042304,15,0.8335666159259788,age+sex+eth+marital+PIR_level+edu+smoke+alcohol.user+PA_level+BMI_level,,NDMA_binary_U,pesticides_urine.rds,CHD,Coronary heart disease,binary_above_detection_threshold,888,36,852,15,2,2015-2016,WTSSBI2Y,ok,,0.9857256013727844
survey_weighted,odds_ratio,0.9805976348661569,0.7994340731251118,1.2028155339266036,0.10001513163242254,30,0.846008606587431,age+sex+eth+marital+PIR_level+edu+smoke+alcohol.user+PA_level+BMI_level,,DEA_ln_U,pesticides_urine.rds,CHD,Coronary heart disease,natural_log_transformed,2177,79,2098,30,4,2013-2014|2015-2016,WTSB2YR|WTSC2YR,ok,,0.9925612785947024
survey_weighted,odds_ratio,1.0276431272300535,0.7476742221640725,1.412447247260345,0.14922046016507548,15,0.8574520430305616,age+sex+eth+marital+PIR_level+edu+smoke+alcohol.user+PA_level+BMI_level,,X4_ABP_ln_U,AA_urine.rds,CHD,Coronary heart disease,natural_log_transformed,1117,33,1084,15,2,2013-2014,WTSA2YR,ok,,0.9981277688402631
survey_weighted,odds_ratio,1.0148306148030473,0.8365986413280396,1.2310337668092184,0.09456748046498174,30,0.877332621102247,age+sex+eth+marital+PIR_level+edu+smoke+alcohol.user+PA_level+BMI_level,,X1_NP_ln_U,PAH_urine.rds,CHD,Coronary heart disease,natural_log_transformed,2153,63,2090,30,4,2013-2014|2015-2016,WTSA2YR,ok,,0.9996559737990931
survey_weighted,odds_ratio,0.9368269359913006,0.3773517339403221,2.32580011978333,0.4266208567741974,15,0.8804670450155921,age+sex+eth+marital+PIR_level+edu+smoke+alcohol.user+PA_level+BMI_level,,PhIP_binary_U,AA_urine.rds,CHD,Coronary heart disease,binary_above_detection_threshold,1151,36,1115,15,2,2013-2014,WTSA2YR,ok,,0.9996559737990931
survey_weighted,odds_ratio,1.028475041897254,0.6479201771462727,1.6325481889827935,0.22625038863805896,30,0.9020656515633845,age+sex+eth+marital+PIR_level+edu+smoke+alcohol.user+PA_level+BMI_level,,W_ln_U,HM_urine.rds,CHD,Coronary heart disease,natural_log_transformed,2225,74,2151,30,4,2013-2014|2015-2016,WTSA2YR,ok,,0.9996559737990931
survey_weighted,odds_ratio,0.967550971602962,0.5594243819143393,1.6734252437234363,0.26825986905091714,30,0.9029531693009423,age+sex+eth+marital+PIR_level+edu+smoke+alcohol.user+PA_level+BMI_level,,DCVDMPCA_binary_U,pesticides_urine.rds,CHD,Coronary heart disease,binary_above_detection_threshold,2174,80,2094,30,4,2013-2014|2015-2016,WTSB2YR|WTSC2YR,ok,,0.9996559737990931
survey_weighted,odds_ratio,0.9540938166975015,0.41862971912530356,2.174463420710792,0.4033620491998715,30,0.9080295865080301,age+sex+eth+marital+PIR_level+edu+smoke+alcohol.user+PA_level+BMI_level,,BDCM_binary_S,VOC_serum.rds,CHD,Coronary heart disease,binary_above_detection_threshold,3130,98,3032,30,4,2013-2014|2015-2016,WTSVOC2Y,ok,,0.9996559737990931
survey_weighted,odds_ratio,0.9775103166654144,0.6440365425930012,1.4836524886308564,0.20430838059755013,30,0.9120931870489994,age+sex+eth+marital+PIR_level+edu+smoke+alcohol.user+PA_level+BMI_level,,TCPY_ln_U,pesticides_urine.rds,CHD,Coronary heart disease,natural_log_transformed,2180,79,2101,30,4,2013-2014|2015-2016,WTSB2YR|WTSC2YR,ok,,0.9996559737990931
survey_weighted,odds_ratio,0.9639171684081608,0.4792394692955046,1.938772507443644,0.34217028951819767,30,0.9151848119563659,age+sex+eth+marital+PIR_level+edu+smoke+alcohol.user+PA_level+BMI_level,,MINP_binary_U,Phthalates_urine.rds,CHD,Coronary heart disease,binary_above_detection_threshold,2140,70,2070,30,4,2013-2014|2015-2016,WTSB2YR,ok,,0.9996559737990931
survey_weighted,odds_ratio,0.9863715385048273,0.7365185857489429,1.3209833815436427,0.14302627732515394,30,0.9242049301011682,age+sex+eth+marital+PIR_level+edu+smoke+alcohol.user+PA_level+BMI_level,,MCOP_ln_U,Phthalates_urine.rds,CHD,Coronary heart disease,natural_log_transformed,2139,70,2069,30,4,2013-2014|2015-2016,WTSB2YR,ok,,0.9996559737990931
survey_weighted,odds_ratio,1.0156291263569268,0.6035298415217396,1.7091160226704034,0.2548475057953986,30,0.9518798351287281,age+sex+eth+marital+PIR_level+edu+smoke+alcohol.user+PA_level+BMI_level,,Mn_binary_U,HM_urine.rds,CHD,Coronary heart disease,binary_above_detection_threshold,2227,74,2153,30,4,2013-2014|2015-2016,WTSA2YR,ok,,0.9996559737990931
survey_weighted,odds_ratio,1.003402789516579,0.8340616410897947,1.2071255988875509,0.09050946250251413,30,0.9703093640258706,age+sex+eth+marital+PIR_level+edu+smoke+alcohol.user+PA_level+BMI_level,,MeP_ln_U,PCCP_urine.rds,CHD,Coronary heart disease,natural_log_transformed,2139,70,2069,30,4,2013-2014|2015-2016,WTSB2YR,ok,,0.9996559737990931
survey_weighted,odds_ratio,0.9742490243976624,0.2235707610849408,4.245461959934841,0.6905811951048308,15,0.9703633838054224,age+sex+eth+marital+PIR_level+edu+smoke+alcohol.user+PA_level+BMI_level,,IPPPP_binary_U,BFR_urine.rds,CHD,Coronary heart disease,binary_above_detection_threshold,896,36,860,15,2,2015-2016,WTSSBI2Y,ok,,0.9996559737990931
survey_weighted,odds_ratio,0.9938828106789587,0.6858216932841522,1.4403204958899374,0.18166118347547527,30,0.9732786868650329,age+sex+eth+marital+PIR_level+edu+smoke+alcohol.user+PA_level+BMI_level,,BCETP_ln_U,BFR_urine.rds,CHD,Coronary heart disease,natural_log_transformed,1939,76,1863,30,4,2013-2014|2015-2016,WTSSBI2Y|WTSSCH2Y,ok,,0.9996559737990931
survey_weighted,odds_ratio,1.0154237664516261,0.35794348708904766,2.8805816076164485,0.5105519532297187,30,0.9762820587559504,age+sex+eth+marital+PIR_level+edu+smoke+alcohol.user+PA_level+BMI_level,,DBCM_binary_S,VOC_serum.rds,CHD,Coronary heart disease,binary_above_detection_threshold,3154,99,3055,30,4,2013-2014|2015-2016,WTSVOC2Y,ok,,0.9996559737990931
survey_weighted,odds_ratio,1.0088753343459418,0.5415023194556507,1.8796400378761378,0.30468222166318837,30,0.9770556293510023,age+sex+eth+marital+PIR_level+edu+smoke+alcohol.user+PA_level+BMI_level,,Cs_ln_U,HM_urine.rds,CHD,Coronary heart disease,natural_log_transformed,2226,74,2152,30,4,2013-2014|2015-2016,WTSA2YR,ok,,0.9996559737990931
survey_weighted,odds_ratio,0.9920293219538042,0.5512874548214345,1.7851343559684083,0.28766793272335256,30,0.9779908063406852,age+sex+eth+marital+PIR_level+edu+smoke+alcohol.user+PA_level+BMI_level,,m_p_Xylene_binary_S,VOC_serum.rds,CHD,Coronary heart disease,binary_above_detection_threshold,3140,99,3041,30,4,2013-2014|2015-2016,WTSVOC2Y,ok,,0.9996559737990931
survey_weighted,odds_ratio,1.0058937239471648,0.5825249186413014,1.7369594870487248,0.2674764269996713,30,0.9826174649918138,age+sex+eth+marital+PIR_level+edu+smoke+alcohol.user+PA_level+BMI_level,,CMAC_ln_U,VOC_urine.rds,CHD,Coronary heart disease,natural_log_transformed,2191,71,2120,30,4,2013-2014|2015-2016,WTSA2YR,ok,,0.9996559737990931
survey_weighted,odds_ratio,0.9966991959372786,0.727057881875046,1.3663414040984807,0.15445682698993288,30,0.9830637317290163,age+sex+eth+marital+PIR_level+edu+smoke+alcohol.user+PA_level+BMI_level,,NPMA_ln_U,VOC_urine.rds,CHD,Coronary heart disease,natural_log_transformed,2185,73,2112,30,4,2013-2014|2015-2016,WTSA2YR,ok,,0.9996559737990931
survey_weighted,odds_ratio,0.9949114132628512,0.5694400451088418,1.7382843527477696,0.2732251510314918,30,0.9852266371625233,age+sex+eth+marital+PIR_level+edu+smoke+alcohol.user+PA_level+BMI_level,,PFHS_ln_S,PFC_serum.rds,CHD,Coronary heart disease,natural_log_transformed,2068,68,2000,30,4,2013-2014|2015-2016,WTSB2YR,ok,,0.9996559737990931
survey_weighted,odds_ratio,1.0006060463899002,0.37555815177945906,2.6659319078233565,0.4597565162648737,15,0.998965921695186,age+sex+eth+marital+PIR_level+edu+smoke+alcohol.user+PA_level+BMI_level,,DMDTP_binary_U,pesticides_urine.rds,CHD,Coronary heart disease,binary_above_detection_threshold,1032,38,994,15,2,2015-2016,WTSB2YR,ok,,0.9996559737990931
survey_weighted,odds_ratio,1.000288220516663,0.4600589452902319,2.1748876624345836,0.3643946610794938,15,0.9993794205165671,age+sex+eth+marital+PIR_level+edu+smoke+alcohol.user+PA_level+BMI_level,,n_PFOS_ln_S,PFC_serum.rds,CHD,Coronary heart disease,natural_log_transformed,994,36,958,15,2,2015-2016,WTSB2YR,ok,,0.9996559737990931
survey_weighted,odds_ratio,0.9998133010835979,0.4159291935557428,2.403357716918015,0.429449813100931,30,0.9996559737990931,age+sex+eth+marital+PIR_level+edu+smoke+alcohol.user+PA_level+BMI_level,,X4FPBA_binary_U,pesticides_urine.rds,CHD,Coronary heart disease,binary_above_detection_threshold,2203,80,2123,30,4,2013-2014|2015-2016,WTSB2YR|WTSC2YR,ok,,0.9996559737990931
same_sample_unweighted,odds_ratio,0.12440189045583915,0.031181219096765914,0.4963189636992654,0.7055435310389196,1944,0.003135942471192039,age+sex+eth+marital+PIR_level+edu+smoke+alcohol.user+PA_level+BMI_level,,FA_ln_S,gas_serum.rds,stroke,Stroke,natural_log_transformed,1967,52,1915,30,4,2013-2014|2015-2016,WTSA2YR,ok,,0.4672554282076138
same_sample_unweighted,odds_ratio,0.4719524672922011,0.267280967940659,0.8333520081858133,0.28993741162086956,2213,0.009603450178290958,age+sex+eth+marital+PIR_level+edu+smoke+alcohol.user+PA_level+BMI_level,,Hg_binary_U,HM_urine.rds,stroke,Stroke,binary_above_detection_threshold,2236,56,2180,30,4,2013-2014|2015-2016,WTSA2YR,ok,,0.7154570382826764
same_sample_unweighted,odds_ratio,0.4699976570684936,0.24747489945021556,0.8926068790839585,0.32707362355265435,2121,0.02097506138079526,age+sex+eth+marital+PIR_level+edu+smoke+alcohol.user+PA_level+BMI_level,,TCC_binary_U,PCCP_urine.rds,stroke,Stroke,binary_above_detection_threshold,2144,56,2088,30,4,2013-2014|2015-2016,WTSB2YR,ok,,0.9662903669081314
same_sample_unweighted,odds_ratio,0.5357406934682407,0.29924944486088995,0.9591265600217092,0.29697176778898454,2211,0.035591533534512804,age+sex+eth+marital+PIR_level+edu+smoke+alcohol.user+PA_level+BMI_level,,As_III_binary_U,HM_urine.rds,stroke,Stroke,binary_above_detection_threshold,2234,56,2178,30,4,2013-2014|2015-2016,WTSA2YR,ok,,0.9662903669081314
same_sample_unweighted,odds_ratio,0.7482017519453058,0.5683015629225787,0.9850507162696097,0.14026662631852932,3234,0.03863249368281512,age+sex+eth+marital+PIR_level+edu+smoke+alcohol.user+PA_level+BMI_level,,THg_ln_S,HM_serum.rds,stroke,Stroke,natural_log_transformed,3257,79,3178,30,4,2013-2014|2015-2016,WTSH2YR,ok,,0.9662903669081314
same_sample_unweighted,odds_ratio,0.7153936983754573,0.5173440089003997,0.9892607914086147,0.16527523529779806,2049,0.04271853042477655,age+sex+eth+marital+PIR_level+edu+smoke+alcohol.user+PA_level+BMI_level,,PFHS_ln_S,PFC_serum.rds,stroke,Stroke,natural_log_transformed,2072,54,2018,30,4,2013-2014|2015-2016,WTSB2YR,ok,,0.9662903669081314
same_sample_unweighted,odds_ratio,0.1108866462320432,0.0116720378924661,1.0534448590615737,1.147242749221345,988,0.055239874634173125,age+sex+eth+marital+PIR_level+edu+smoke+alcohol.user+PA_level+BMI_level,,PFBA_binary_U,PFC_urine.rds,stroke,Stroke,binary_above_detection_threshold,1011,26,985,15,2,2013-2014,WTSSBH2Y,ok,,0.9662903669081314
same_sample_unweighted,odds_ratio,1.3569857757493529,0.973405482518099,1.8917197700823867,0.16941021612919782,2203,0.07155591061931388,age+sex+eth+marital+PIR_level+edu+smoke+alcohol.user+PA_level+BMI_level,,X2_FL_ln_U,PAH_urine.rds,stroke,Stroke,natural_log_transformed,2226,55,2171,30,4,2013-2014|2015-2016,WTSA2YR,ok,,0.9662903669081314
same_sample_unweighted,odds_ratio,1.205648696244544,0.9746794145968265,1.4913506502622114,0.10844276901844888,2136,0.08460397421827275,age+sex+eth+marital+PIR_level+edu+smoke+alcohol.user+PA_level+BMI_level,,X1_NP_ln_U,PAH_urine.rds,stroke,Stroke,natural_log_transformed,2159,50,2109,30,4,2013-2014|2015-2016,WTSA2YR,ok,,0.9662903669081314
same_sample_unweighted,odds_ratio,1.1704307913646226,0.9760572788114169,1.403512137159212,0.09260484153379771,2119,0.08924544606167573,age+sex+eth+marital+PIR_level+edu+smoke+alcohol.user+PA_level+BMI_level,,MEP_ln_U,Phthalates_urine.rds,stroke,Stroke,natural_log_transformed,2142,56,2086,30,4,2013-2014|2015-2016,WTSB2YR,ok,,0.9662903669081314
same_sample_unweighted,odds_ratio,0.501102506004158,0.22265271138046203,1.1277820061870656,0.4133883775240614,1011,0.09463922853072979,age+sex+eth+marital+PIR_level+edu+smoke+alcohol.user+PA_level+BMI_level,,DETP_binary_U,pesticides_urine.rds,stroke,Stroke,binary_above_detection_threshold,1034,29,1005,15,2,2015-2016,WTSB2YR,ok,,0.9662903669081314
same_sample_unweighted,odds_ratio,1.241270039382933,0.9565330770745174,1.610766368249363,0.13287598826968816,2208,0.1038236815575467,age+sex+eth+marital+PIR_level+edu+smoke+alcohol.user+PA_level+BMI_level,,Sn_ln_U,HM_urine.rds,stroke,Stroke,natural_log_transformed,2231,56,2175,30,4,2013-2014|2015-2016,WTSA2YR,ok,,0.9662903669081314
same_sample_unweighted,odds_ratio,1.373050628902543,0.920757308894494,2.047518940461318,0.20376254660236384,2135,0.11973087604630962,age+sex+eth+marital+PIR_level+edu+smoke+alcohol.user+PA_level+BMI_level,,CEMA_AAM_ln_U,VOC_urine.rds,stroke,Stroke,natural_log_transformed,2158,54,2104,30,4,2013-2014|2015-2016,WTSA2YR,ok,,0.9662903669081314
same_sample_unweighted,odds_ratio,1.3183794061744813,0.9244112861768702,1.8802499327041078,0.18102700465581165,2203,0.12679532315803868,age+sex+eth+marital+PIR_level+edu+smoke+alcohol.user+PA_level+BMI_level,,X1_PY_ln_U,PAH_urine.rds,stroke,Stroke,natural_log_transformed,2226,55,2171,30,4,2013-2014|2015-2016,WTSA2YR,ok,,0.9662903669081314
same_sample_unweighted,odds_ratio,0.7160555697919492,0.46424612795146486,1.1044477232208116,0.22097343801185734,2159,0.1306655419859531,age+sex+eth+marital+PIR_level+edu+smoke+alcohol.user+PA_level+BMI_level,,MA_ln_U,VOC_urine.rds,stroke,Stroke,natural_log_transformed,2182,56,2126,30,4,2013-2014|2015-2016,WTSA2YR,ok,,0.9662903669081314
same_sample_unweighted,odds_ratio,1.9918324594847057,0.8028476737125401,4.941655405577496,0.46342442878763157,3141,0.1370473429091103,age+sex+eth+marital+PIR_level+edu+smoke+alcohol.user+PA_level+BMI_level,,Furan_binary_S,VOC_serum.rds,stroke,Stroke,binary_above_detection_threshold,3164,73,3091,30,4,2013-2014|2015-2016,WTSVOC2Y,ok,,0.9662903669081314
same_sample_unweighted,odds_ratio,0.6175554845075585,0.3270014847906686,1.1662784243609903,0.32419136568405604,1920,0.13708505038426103,age+sex+eth+marital+PIR_level+edu+smoke+alcohol.user+PA_level+BMI_level,,DBUP_binary_U,BFR_urine.rds,stroke,Stroke,binary_above_detection_threshold,1943,44,1899,30,4,2013-2014|2015-2016,WTSSBI2Y|WTSSCH2Y,ok,,0.9662903669081314
same_sample_unweighted,odds_ratio,1.439039343386841,0.8854900246625588,2.3386307853715014,0.24748112635478223,1097,0.14136649858600556,age+sex+eth+marital+PIR_level+edu+smoke+alcohol.user+PA_level+BMI_level,,X4_ABP_ln_U,AA_urine.rds,stroke,Stroke,natural_log_transformed,1120,19,1101,15,2,2013-2014,WTSA2YR,ok,,0.9662903669081314
same_sample_unweighted,odds_ratio,0.8004469344497921,0.5910807977425839,1.0839724405141336,0.1546183220569291,2144,0.14998700255966615,age+sex+eth+marital+PIR_level+edu+smoke+alcohol.user+PA_level+BMI_level,,ATCA_ln_U,VOC_urine.rds,stroke,Stroke,natural_log_transformed,2167,55,2112,30,4,2013-2014|2015-2016,WTSA2YR,ok,,0.9662903669081314
same_sample_unweighted,odds_ratio,1.2454064039348536,0.9188415417234113,1.6880354669780866,0.15507241473521777,2202,0.15700339229600097,age+sex+eth+marital+PIR_level+edu+smoke+alcohol.user+PA_level+BMI_level,,X3_FL_ln_U,PAH_urine.rds,stroke,Stroke,natural_log_transformed,2225,55,2170,30,4,2013-2014|2015-2016,WTSA2YR,ok,,0.9662903669081314
same_sample_unweighted,odds_ratio,2.1091687817716775,0.7305496476919795,6.089377996491588,0.5407461271305836,3137,0.1675500517802586,age+sex+eth+marital+PIR_level+edu+smoke+alcohol.user+PA_level+BMI_level,,X25_DMF_binary_S,VOC_serum.rds,stroke,Stroke,binary_above_detection_threshold,3160,73,3087,30,4,2013-2014|2015-2016,WTSVOC2Y,ok,,0.9662903669081314
same_sample_unweighted,odds_ratio,0.24392610158100117,0.0316345875885795,1.8808509156599573,1.0409228564268538,1012,0.1752830763253408,age+sex+eth+marital+PIR_level+edu+smoke+alcohol.user+PA_level+BMI_level,,MDA_binary_U,pesticides_urine.rds,stroke,Stroke,binary_above_detection_threshold,1035,29,1006,15,2,2015-2016,WTSB2YR,ok,,0.9662903669081314
same_sample_unweighted,odds_ratio,0.4762203302479386,0.1564221999000589,1.4498313096629085,0.5673359358270708,988,0.1909933554654222,age+sex+eth+marital+PIR_level+edu+smoke+alcohol.user+PA_level+BMI_level,,PFHxA_binary_U,PFC_urine.rds,stroke,Stroke,binary_above_detection_threshold,1011,26,985,15,2,2013-2014,WTSSBH2Y,ok,,0.9662903669081314
same_sample_unweighted,odds_ratio,2.1380647291692583,0.6684566188200423,6.838619975349927,0.5925277478974404,1041,0.19967662301348546,age+sex+eth+marital+PIR_level+edu+smoke+alcohol.user+PA_level+BMI_level,,X26_DMA_binary_U,AA_urine.rds,stroke,Stroke,binary_above_detection_threshold,1064,22,1042,15,2,2013-2014,WTSA2YR,ok,,0.9662903669081314
same_sample_unweighted,odds_ratio,1.2762784637307432,0.8637142569865998,1.8859092620120748,0.1991442433186884,3234,0.2205814739070878,age+sex+eth+marital+PIR_level+edu+smoke+alcohol.user+PA_level+BMI_level,,Pb_ln_S,HM_serum.rds,stroke,Stroke,natural_log_transformed,3257,79,3178,30,4,2013-2014|2015-2016,WTSH2YR,ok,,0.9662903669081314
same_sample_unweighted,odds_ratio,0.8011228471312571,0.5545352015782851,1.1573617226986581,0.1875950668049468,2178,0.23719807060393266,age+sex+eth+marital+PIR_level+edu+smoke+alcohol.user+PA_level+BMI_level,,X24D_ln_U,pesticides_urine.rds,stroke,Stroke,natural_log_transformed,2201,49,2152,30,4,2013-2014|2015-2016,WTSB2YR|WTSC2YR,ok,,0.9662903669081314
same_sample_unweighted,odds_ratio,0.8700815221222112,0.6904074149605739,1.0965146647240678,0.11794753046927374,2119,0.23803298557968808,age+sex+eth+marital+PIR_level+edu+smoke+alcohol.user+PA_level+BMI_level,,X24_DCP_ln_U,PCCP_urine.rds,stroke,Stroke,natural_log_transformed,2142,56,2086,30,4,2013-2014|2015-2016,WTSB2YR,ok,,0.9662903669081314
same_sample_unweighted,odds_ratio,2.302492601202117,0.5744032611321823,9.229530083344203,0.7075503411280146,1023,0.2385161419825314,age+sex+eth+marital+PIR_level+edu+smoke+alcohol.user+PA_level+BMI_level,,DPCP_binary_U,BFR_urine.rds,stroke,Stroke,binary_above_detection_threshold,1046,19,1027,15,2,2013-2014,WTSSCH2Y,ok,,0.9662903669081314
same_sample_unweighted,odds_ratio,1.306107688711615,0.8247896099345412,2.0683059946002302,0.23440275965112112,2161,0.2545844159374112,age+sex+eth+marital+PIR_level+edu+smoke+alcohol.user+PA_level+BMI_level,,PGA_ln_U,VOC_urine.rds,stroke,Stroke,natural_log_transformed,2184,53,2131,30,4,2013-2014|2015-2016,WTSA2YR,ok,,0.9662903669081314
same_sample_unweighted,odds_ratio,1.3881689824749626,0.7883394311766251,2.444395203002134,0.2883537720135141,1055,0.25535369009687453,age+sex+eth+marital+PIR_level+edu+smoke+alcohol.user+PA_level+BMI_level,,o_TLD_ln_U,AA_urine.rds,stroke,Stroke,natural_log_transformed,1078,20,1058,15,2,2013-2014,WTSA2YR,ok,,0.9662903669081314
same_sample_unweighted,odds_ratio,1.4066586540955535,0.770172572202041,2.569149617318286,0.30714952025518205,2049,0.26660475056138455,age+sex+eth+marital+PIR_level+edu+smoke+alcohol.user+PA_level+BMI_level,,MeFOSAA_binary_S,PFC_serum.rds,stroke,Stroke,binary_above_detection_threshold,2072,54,2018,30,4,2013-2014|2015-2016,WTSB2YR,ok,,0.9662903669081314
same_sample_unweighted,odds_ratio,0.7217467037171877,0.40515298414706036,1.285732364586375,0.29444083363789775,2211,0.2680957107944122,age+sex+eth+marital+PIR_level+edu+smoke+alcohol.user+PA_level+BMI_level,,AsB_binary_U,HM_urine.rds,stroke,Stroke,binary_above_detection_threshold,2234,56,2178,30,4,2013-2014|2015-2016,WTSA2YR,ok,,0.9662903669081314
same_sample_unweighted,odds_ratio,1.136554449234457,0.9052651626059238,1.4269366252382363,0.11602187241741724,2119,0.2699180820459258,age+sex+eth+marital+PIR_level+edu+smoke+alcohol.user+PA_level+BMI_level,,MCOP_ln_U,Phthalates_urine.rds,stroke,Stroke,natural_log_transformed,2142,56,2086,30,4,2013-2014|2015-2016,WTSB2YR,ok,,0.9662903669081314
same_sample_unweighted,odds_ratio,0.8404151337389201,0.616663241769907,1.1453538157880747,0.1578616779667429,2208,0.27074892333309125,age+sex+eth+marital+PIR_level+edu+smoke+alcohol.user+PA_level+BMI_level,,Total_As_ln_U,HM_urine.rds,stroke,Stroke,natural_log_transformed,2231,56,2175,30,4,2013-2014|2015-2016,WTSA2YR,ok,,0.9662903669081314
same_sample_unweighted,odds_ratio,1.0771907491588157,0.9428771543357664,1.230637421574565,0.0679092586985218,2119,0.2735433728790453,age+sex+eth+marital+PIR_level+edu+smoke+alcohol.user+PA_level+BMI_level,,PrP_ln_U,PCCP_urine.rds,stroke,Stroke,natural_log_transformed,2142,56,2086,30,4,2013-2014|2015-2016,WTSB2YR,ok,,0.9662903669081314
same_sample_unweighted,odds_ratio,1.2007565377238425,0.864954297092887,1.6669276836157667,0.16727218135600172,2170,0.27407025672009366,age+sex+eth+marital+PIR_level+edu+smoke+alcohol.user+PA_level+BMI_level,,X2_NP_ln_U,PAH_urine.rds,stroke,Stroke,natural_log_transformed,2193,54,2139,30,4,2013-2014|2015-2016,WTSA2YR,ok,,0.9662903669081314
same_sample_unweighted,odds_ratio,1.2041965311912355,0.8622867852949015,1.6816786601189468,0.17030399875285657,2125,0.27524471352925917,age+sex+eth+marital+PIR_level+edu+smoke+alcohol.user+PA_level+BMI_level,,X3_HPMA_ln_U,VOC_urine.rds,stroke,Stroke,natural_log_transformed,2148,54,2094,30,4,2013-2014|2015-2016,WTSA2YR,ok,,0.9662903669081314
same_sample_unweighted,odds_ratio,1.1628052595103229,0.8824167830923741,1.5322873470362421,0.14070084958648896,2119,0.28370693735479546,age+sex+eth+marital+PIR_level+edu+smoke+alcohol.user+PA_level+BMI_level,,MBzP_ln_U,Phthalates_urine.rds,stroke,Stroke,natural_log_transformed,2142,56,2086,30,4,2013-2014|2015-2016,WTSB2YR,ok,,0.9662903669081314
same_sample_unweighted,odds_ratio,1.3152476328071498,0.7962248365234488,2.1725978093800222,0.2559757464999002,3109,0.28438916796150854,age+sex+eth+marital+PIR_level+edu+smoke+alcohol.user+PA_level+BMI_level,,X14_DCB_binary_S,VOC_serum.rds,stroke,Stroke,binary_above_detection_threshold,3132,72,3060,30,4,2013-2014|2015-2016,WTSVOC2Y,ok,,0.9662903669081314
same_sample_unweighted,odds_ratio,1.6106100011073916,0.6450860496776947,4.021269064744508,0.4662199108209995,915,0.3066426120685665,age+sex+eth+marital+PIR_level+edu+smoke+alcohol.user+PA_level+BMI_level,,PPDA_binary_U,AA_urine.rds,stroke,Stroke,binary_above_detection_threshold,938,30,908,15,2,2015-2016,WTSA2YR,ok,,0.9662903669081314
same_sample_unweighted,odds_ratio,0.8793204665725916,0.6856820614929682,1.1276428630054944,0.1268356044308323,2118,0.31060320348094966,age+sex+eth+marital+PIR_level+edu+smoke+alcohol.user+PA_level+BMI_level,,BPS_ln_U,PCCP_urine.rds,stroke,Stroke,natural_log_transformed,2141,56,2085,30,4,2013-2014|2015-2016,WTSB2YR,ok,,0.9662903669081314
same_sample_unweighted,odds_ratio,0.7602436489627581,0.44396937291842514,1.3018249479438877,0.2740939682231204,973,0.31727106919894565,age+sex+eth+marital+PIR_level+edu+smoke+alcohol.user+PA_level+BMI_level,,n_PFOA_ln_S,PFC_serum.rds,stroke,Stroke,natural_log_transformed,996,27,969,15,2,2015-2016,WTSB2YR,ok,,0.9662903669081314
same_sample_unweighted,odds_ratio,0.7543700610557296,0.4305055191053143,1.3218743169655225,0.28603374490574845,2211,0.32440259879730404,age+sex+eth+marital+PIR_level+edu+smoke+alcohol.user+PA_level+BMI_level,,MMA_binary_U,HM_urine.rds,stroke,Stroke,binary_above_detection_threshold,2234,56,2178,30,4,2013-2014|2015-2016,WTSA2YR,ok,,0.9662903669081314
same_sample_unweighted,odds_ratio,0.7444027887910362,0.40529571197783576,1.3672375393652714,0.31001986519609676,2180,0.34104120781748065,age+sex+eth+marital+PIR_level+edu+smoke+alcohol.user+PA_level+BMI_level,,HEMA_binary_U,VOC_urine.rds,stroke,Stroke,binary_above_detection_threshold,2203,56,2147,30,4,2013-2014|2015-2016,WTSA2YR,ok,,0.9662903669081314
same_sample_unweighted,odds_ratio,0.5128839821247001,0.12762645848492557,2.0610928348463062,0.7088615873297358,1053,0.34622297555194415,age+sex+eth+marital+PIR_level+edu+smoke+alcohol.user+PA_level+BMI_level,,PFHpA_binary_S,PFC_serum.rds,stroke,Stroke,binary_above_detection_threshold,1076,27,1049,15,2,2013-2014,WTSB2YR,ok,,0.9662903669081314
same_sample_unweighted,odds_ratio,0.3702319174635224,0.04640226723968183,2.9539865369228524,1.0581377511233956,876,0.34771409324103464,age+sex+eth+marital+PIR_level+edu+smoke+alcohol.user+PA_level+BMI_level,,TBPPP_binary_U,BFR_urine.rds,stroke,Stroke,binary_above_detection_threshold,899,25,874,15,2,2015-2016,WTSSBI2Y,ok,,0.9662903669081314
same_sample_unweighted,odds_ratio,0.7708570841739889,0.4459124402542406,1.3325949011030611,0.27898196374153816,1131,0.350890087766052,age+sex+eth+marital+PIR_level+edu+smoke+alcohol.user+PA_level+BMI_level,,Harman_ln_U,AA_urine.rds,stroke,Stroke,natural_log_transformed,1154,21,1133,15,2,2013-2014,WTSA2YR,ok,,0.9662903669081314
same_sample_unweighted,odds_ratio,1.146810819681421,0.8523944081236391,1.542918446677102,0.15129271167660324,2209,0.3652378744844344,age+sex+eth+marital+PIR_level+edu+smoke+alcohol.user+PA_level+BMI_level,,U_ln_U,HM_urine.rds,stroke,Stroke,natural_log_transformed,2232,56,2176,30,4,2013-2014|2015-2016,WTSA2YR,ok,,0.9662903669081314
same_sample_unweighted,odds_ratio,0.6310890933245543,0.23141765520059523,1.7210158117278493,0.5113177178695435,1147,0.36799299078418485,age+sex+eth+marital+PIR_level+edu+smoke+alcohol.user+PA_level+BMI_level,,TTCA_binary_U,VOC_urine.rds,stroke,Stroke,binary_above_detection_threshold,1170,22,1148,15,2,2013-2014,WTSA2YR,ok,,0.9662903669081314
same_sample_unweighted,odds_ratio,1.2472068465275916,0.7694556476147827,2.021591397564284,0.2461155962621604,973,0.3694136415204897,age+sex+eth+marital+PIR_level+edu+smoke+alcohol.user+PA_level+BMI_level,,n_PFOS_ln_S,PFC_serum.rds,stroke,Stroke,natural_log_transformed,996,27,969,15,2,2015-2016,WTSB2YR,ok,,0.9662903669081314
same_sample_unweighted,odds_ratio,1.1987551931277627,0.8053188498479898,1.7844037964863568,0.20272429271938544,1028,0.37119479352364326,age+sex+eth+marital+PIR_level+edu+smoke+alcohol.user+PA_level+BMI_level,,IPM3_Cys_ln_U,VOC_urine.rds,stroke,Stroke,natural_log_transformed,1051,34,1017,15,2,2015-2016,WTSA2YR,ok,,0.9662903669081314
same_sample_unweighted,odds_ratio,0.7725740837973027,0.4338273442326438,1.375825481934501,0.2942697987819352,2162,0.3805738390430132,age+sex+eth+marital+PIR_level+edu+smoke+alcohol.user+PA_level+BMI_level,,PMA_binary_U,VOC_urine.rds,stroke,Stroke,binary_above_detection_threshold,2185,55,2130,30,4,2013-2014|2015-2016,WTSA2YR,ok,,0.9662903669081314
same_sample_unweighted,odds_ratio,1.1409545979416114,0.842049299472555,1.5459633959431052,0.15490869918238667,2208,0.39463318775346423,age+sex+eth+marital+PIR_level+edu+smoke+alcohol.user+PA_level+BMI_level,,W_ln_U,HM_urine.rds,stroke,Stroke,natural_log_transformed,2231,56,2175,30,4,2013-2014|2015-2016,WTSA2YR,ok,,0.9662903669081314
same_sample_unweighted,odds_ratio,1.0859794638863287,0.8963356796668178,1.3157474624029488,0.09786680290163702,2167,0.39933933646276304,age+sex+eth+marital+PIR_level+edu+smoke+alcohol.user+PA_level+BMI_level,,CEMA_CYM_ln_U,VOC_urine.rds,stroke,Stroke,natural_log_transformed,2190,56,2134,30,4,2013-2014|2015-2016,WTSA2YR,ok,,0.9662903669081314
same_sample_unweighted,odds_ratio,1.3202559688973112,0.689861846151275,2.526702749446954,0.33098959447889426,2171,0.40125680195335356,age+sex+eth+marital+PIR_level+edu+smoke+alcohol.user+PA_level+BMI_level,,OXY_binary_U,pesticides_urine.rds,stroke,Stroke,binary_above_detection_threshold,2194,49,2145,30,4,2013-2014|2015-2016,WTSB2YR|WTSC2YR,ok,,0.9662903669081314
same_sample_unweighted,odds_ratio,0.8261043387799641,0.5256737111457107,1.2982357003618825,0.2305101997763729,2200,0.4072486677168224,age+sex+eth+marital+PIR_level+edu+smoke+alcohol.user+PA_level+BMI_level,,Nitrate_ln_U,PERNT_urine.rds,stroke,Stroke,natural_log_transformed,2223,56,2167,30,4,2013-2014|2015-2016,WTSA2YR,ok,,0.9662903669081314
same_sample_unweighted,odds_ratio,0.854525659455243,0.586600875170094,1.2448227296893837,0.1918376152017847,2199,0.4125076750943652,age+sex+eth+marital+PIR_level+edu+smoke+alcohol.user+PA_level+BMI_level,,Perchlorate_ln_U,PERNT_urine.rds,stroke,Stroke,natural_log_transformed,2222,56,2166,30,4,2013-2014|2015-2016,WTSA2YR,ok,,0.9662903669081314
same_sample_unweighted,odds_ratio,0.8468867516140691,0.5641805871072841,1.2712546061480214,0.2071313721963266,2209,0.42236046064527594,age+sex+eth+marital+PIR_level+edu+smoke+alcohol.user+PA_level+BMI_level,,Cd_ln_U,HM_urine.rds,stroke,Stroke,natural_log_transformed,2232,56,2176,30,4,2013-2014|2015-2016,WTSA2YR,ok,,0.9662903669081314
same_sample_unweighted,odds_ratio,0.5160577657355109,0.10226647102884934,2.6041342279308717,0.8249657301268538,1130,0.42261322425177794,age+sex+eth+marital+PIR_level+edu+smoke+alcohol.user+PA_level+BMI_level,,MeA_a_C_binary_U,AA_urine.rds,stroke,Stroke,binary_above_detection_threshold,1153,21,1132,15,2,2013-2014,WTSA2YR,ok,,0.9662903669081314
same_sample_unweighted,odds_ratio,1.3313393123449009,0.658804017608636,2.6904273763065145,0.3585200164983019,1028,0.42473055049562514,age+sex+eth+marital+PIR_level+edu+smoke+alcohol.user+PA_level+BMI_level,,IPM1_Cys_ln_U,VOC_urine.rds,stroke,Stroke,natural_log_transformed,1051,34,1017,15,2,2015-2016,WTSA2YR,ok,,0.9662903669081314
same_sample_unweighted,odds_ratio,1.2545016649151914,0.7005237513651842,2.2465682629718233,0.29711409335359673,2121,0.4453823861411384,age+sex+eth+marital+PIR_level+edu+smoke+alcohol.user+PA_level+BMI_level,,EtP_binary_U,PCCP_urine.rds,stroke,Stroke,binary_above_detection_threshold,2144,56,2088,30,4,2013-2014|2015-2016,WTSB2YR,ok,,0.9662903669081314
same_sample_unweighted,odds_ratio,0.8865193519813183,0.6466796202578433,1.2153105445382937,0.16085880242801842,2188,0.4539730648947719,age+sex+eth+marital+PIR_level+edu+smoke+alcohol.user+PA_level+BMI_level,,BMA_ln_U,VOC_urine.rds,stroke,Stroke,natural_log_transformed,2211,56,2155,30,4,2013-2014|2015-2016,WTSA2YR,ok,,0.9662903669081314
same_sample_unweighted,odds_ratio,1.1171399726916997,0.8356624169041166,1.493428079737139,0.14803379364490776,2176,0.45428681902064777,age+sex+eth+marital+PIR_level+edu+smoke+alcohol.user+PA_level+BMI_level,,X2_HPMA_ln_U,VOC_urine.rds,stroke,Stroke,natural_log_transformed,2199,55,2144,30,4,2013-2014|2015-2016,WTSA2YR,ok,,0.9662903669081314
same_sample_unweighted,odds_ratio,1.266158440683406,0.6782329079808398,2.3637266461849773,0.3181490728069496,1093,0.4582380734436821,age+sex+eth+marital+PIR_level+edu+smoke+alcohol.user+PA_level+BMI_level,,X2_AN_ln_U,AA_urine.rds,stroke,Stroke,natural_log_transformed,1116,18,1098,15,2,2013-2014,WTSA2YR,ok,,0.9662903669081314
same_sample_unweighted,odds_ratio,1.2866955704832772,0.6581174185584276,2.515638462704362,0.3419403435616299,3139,0.4610026229808927,age+sex+eth+marital+PIR_level+edu+smoke+alcohol.user+PA_level+BMI_level,,DBCM_binary_S,VOC_serum.rds,stroke,Stroke,binary_above_detection_threshold,3162,73,3089,30,4,2013-2014|2015-2016,WTSVOC2Y,ok,,0.9662903669081314
same_sample_unweighted,odds_ratio,1.1653269123801244,0.7706552036424394,1.7621198251811954,0.21086056658008678,2114,0.46808043818792283,age+sex+eth+marital+PIR_level+edu+smoke+alcohol.user+PA_level+BMI_level,,EO_ln_S,gas_serum.rds,stroke,Stroke,natural_log_transformed,2137,54,2083,30,4,2013-2014|2015-2016,WTSA2YR,ok,,0.9662903669081314
same_sample_unweighted,odds_ratio,0.6865854961624671,0.24742849504778008,1.9051954523250472,0.5200015709191148,867,0.4696049975819328,age+sex+eth+marital+PIR_level+edu+smoke+alcohol.user+PA_level+BMI_level,,NDMA_binary_U,pesticides_urine.rds,stroke,Stroke,binary_above_detection_threshold,890,25,865,15,2,2015-2016,WTSSBI2Y,ok,,0.9662903669081314
same_sample_unweighted,odds_ratio,1.2390096258188612,0.6928385441097762,2.2157324616578493,0.29640279337764613,2120,0.46965262366944943,age+sex+eth+marital+PIR_level+edu+smoke+alcohol.user+PA_level+BMI_level,,BPF_binary_U,PCCP_urine.rds,stroke,Stroke,binary_above_detection_threshold,2143,56,2087,30,4,2013-2014|2015-2016,WTSB2YR,ok,,0.9662903669081314
same_sample_unweighted,odds_ratio,0.8137492463256121,0.4624953775927464,1.4317717927088038,0.28811403162011046,2120,0.4743914296216295,age+sex+eth+marital+PIR_level+edu+smoke+alcohol.user+PA_level+BMI_level,,MEHP_binary_U,Phthalates_urine.rds,stroke,Stroke,binary_above_detection_threshold,2143,56,2087,30,4,2013-2014|2015-2016,WTSB2YR,ok,,0.9662903669081314
same_sample_unweighted,odds_ratio,0.8622677081701186,0.5724217319138494,1.2988773121298054,0.2089057622240467,2049,0.47810081032500024,age+sex+eth+marital+PIR_level+edu+smoke+alcohol.user+PA_level+BMI_level,,PFNA_ln_S,PFC_serum.rds,stroke,Stroke,natural_log_transformed,2072,54,2018,30,4,2013-2014|2015-2016,WTSB2YR,ok,,0.9662903669081314
same_sample_unweighted,odds_ratio,1.2459396998493186,0.6733944102594682,2.3052845583652264,0.31375608615131073,2049,0.4834084245381119,age+sex+eth+marital+PIR_level+edu+smoke+alcohol.user+PA_level+BMI_level,,PFUnDA_binary_S,PFC_serum.rds,stroke,Stroke,binary_above_detection_threshold,2072,54,2018,30,4,2013-2014|2015-2016,WTSB2YR,ok,,0.9662903669081314
same_sample_unweighted,odds_ratio,1.1177049748662122,0.817540120834569,1.5280771903468102,0.1594693197353349,2119,0.48530321229638584,age+sex+eth+marital+PIR_level+edu+smoke+alcohol.user+PA_level+BMI_level,,MCNP_ln_U,Phthalates_urine.rds,stroke,Stroke,natural_log_transformed,2142,56,2086,30,4,2013-2014|2015-2016,WTSB2YR,ok,,0.9662903669081314
same_sample_unweighted,odds_ratio,1.139196838825978,0.7808747437055708,1.661943158044341,0.19258344151024714,2204,0.4985888301242164,age+sex+eth+marital+PIR_level+edu+smoke+alcohol.user+PA_level+BMI_level,,X23_OH_PH_ln_U,PAH_urine.rds,stroke,Stroke,natural_log_transformed,2227,55,2172,30,4,2013-2014|2015-2016,WTSA2YR,ok,,0.9662903669081314
same_sample_unweighted,odds_ratio,0.7975287547105598,0.40506908481727527,1.5702311986536723,0.34545209453507997,2121,0.5125306263998748,age+sex+eth+marital+PIR_level+edu+smoke+alcohol.user+PA_level+BMI_level,,BuP_binary_U,PCCP_urine.rds,stroke,Stroke,binary_above_detection_threshold,2144,56,2088,30,4,2013-2014|2015-2016,WTSB2YR,ok,,0.9662903669081314
same_sample_unweighted,odds_ratio,1.1417548156563149,0.7676150834790648,1.6982522713936987,0.2024958954188887,3234,0.5126853232643669,age+sex+eth+marital+PIR_level+edu+smoke+alcohol.user+PA_level+BMI_level,,Cd_ln_S,HM_serum.rds,stroke,Stroke,natural_log_transformed,3257,79,3178,30,4,2013-2014|2015-2016,WTSH2YR,ok,,0.9662903669081314
same_sample_unweighted,odds_ratio,0.8890423895123438,0.6247744935016231,1.2650906504200379,0.17987359558255558,2049,0.5132084070987156,age+sex+eth+marital+PIR_level+edu+smoke+alcohol.user+PA_level+BMI_level,,PFDA_ln_S,PFC_serum.rds,stroke,Stroke,natural_log_transformed,2072,54,2018,30,4,2013-2014|2015-2016,WTSB2YR,ok,,0.9662903669081314
same_sample_unweighted,odds_ratio,1.1295434577346688,0.78324590743182,1.6289500025536408,0.1866937265386651,2119,0.5140929225345683,age+sex+eth+marital+PIR_level+edu+smoke+alcohol.user+PA_level+BMI_level,,MECPP_ln_U,Phthalates_urine.rds,stroke,Stroke,natural_log_transformed,2142,56,2086,30,4,2013-2014|2015-2016,WTSB2YR,ok,,0.9662903669081314
same_sample_unweighted,odds_ratio,0.8018196351516267,0.39369206380366,1.6330395921704906,0.36278643668882904,3233,0.5426438434035271,age+sex+eth+marital+PIR_level+edu+smoke+alcohol.user+PA_level+BMI_level,,Mn_ln_S,HM_serum.rds,stroke,Stroke,natural_log_transformed,3256,78,3178,30,4,2013-2014|2015-2016,WTSH2YR,ok,,0.9662903669081314
same_sample_unweighted,odds_ratio,1.1250839238914094,0.7628236256508419,1.6593794335078402,0.19815296182192219,2204,0.5519898186269618,age+sex+eth+marital+PIR_level+edu+smoke+alcohol.user+PA_level+BMI_level,,X1_PH_ln_U,PAH_urine.rds,stroke,Stroke,natural_log_transformed,2227,55,2172,30,4,2013-2014|2015-2016,WTSA2YR,ok,,0.9662903669081314
same_sample_unweighted,odds_ratio,1.0946327883225548,0.8113269909057886,1.4768656222481678,0.15275036584163829,3076,0.5538911953209605,age+sex+eth+marital+PIR_level+edu+smoke+alcohol.user+PA_level+BMI_level,,Toluene_ln_S,VOC_serum.rds,stroke,Stroke,natural_log_transformed,3099,69,3030,30,4,2013-2014|2015-2016,WTSVOC2Y,ok,,0.9662903669081314
same_sample_unweighted,odds_ratio,0.8770258650970355,0.560950712688771,1.3711977730848524,0.22789127071893098,2210,0.5647533378909397,age+sex+eth+marital+PIR_level+edu+smoke+alcohol.user+PA_level+BMI_level,,DMA_ln_U,HM_urine.rds,stroke,Stroke,natural_log_transformed,2233,56,2177,30,4,2013-2014|2015-2016,WTSA2YR,ok,,0.9662903669081314
same_sample_unweighted,odds_ratio,0.6971219586444745,0.20349123824549784,2.388206142998692,0.62731649117541,819,0.5651965093366629,age+sex+eth+marital+PIR_level+edu+smoke+alcohol.user+PA_level+BMI_level,,X5OHIMI_binary_U,pesticides_urine.rds,stroke,Stroke,binary_above_detection_threshold,842,24,818,15,2,2015-2016,WTSSBI2Y,ok,,0.9662903669081314
same_sample_unweighted,odds_ratio,0.8247814952757713,0.42026134130856846,1.618670213232548,0.34387104991594025,3058,0.5753425911313315,age+sex+eth+marital+PIR_level+edu+smoke+alcohol.user+PA_level+BMI_level,,Benzene_binary_S,VOC_serum.rds,stroke,Stroke,binary_above_detection_threshold,3081,72,3009,30,4,2013-2014|2015-2016,WTSVOC2Y,ok,,0.9662903669081314
same_sample_unweighted,odds_ratio,1.253873235111804,0.5529433149725178,2.843325974214703,0.41722961820382637,1009,0.5876552292682025,age+sex+eth+marital+PIR_level+edu+smoke+alcohol.user+PA_level+BMI_level,,MCOCH_binary_U,Phthalates_urine.rds,stroke,Stroke,binary_above_detection_threshold,1032,29,1003,15,2,2015-2016,WTSB2YR,ok,,0.9662903669081314
same_sample_unweighted,odds_ratio,0.9029403787461092,0.6238408388663914,1.3069059875138775,0.18855041679811899,2139,0.5881677384127677,age+sex+eth+marital+PIR_level+edu+smoke+alcohol.user+PA_level+BMI_level,,PNP_ln_U,pesticides_urine.rds,stroke,Stroke,natural_log_transformed,2162,49,2113,30,4,2013-2014|2015-2016,WTSB2YR|WTSC2YR,ok,,0.9662903669081314
same_sample_unweighted,odds_ratio,1.079256670707654,0.8131848110404485,1.4323865195866672,0.14434668943392592,2209,0.5972229604501212,age+sex+eth+marital+PIR_level+edu+smoke+alcohol.user+PA_level+BMI_level,,Ba_ln_U,HM_urine.rds,stroke,Stroke,natural_log_transformed,2232,56,2176,30,4,2013-2014|2015-2016,WTSA2YR,ok,,0.9662903669081314
same_sample_unweighted,odds_ratio,0.8805701524090795,0.5433030382515163,1.4272031237100957,0.24609206026903455,1024,0.6052807328657301,age+sex+eth+marital+PIR_level+edu+smoke+alcohol.user+PA_level+BMI_level,,o_ANS_ln_U,AA_urine.rds,stroke,Stroke,natural_log_transformed,1047,21,1026,15,2,2013-2014,WTSA2YR,ok,,0.9662903669081314
same_sample_unweighted,odds_ratio,0.9151163316122801,0.6530824718131839,1.282285065863884,0.17201614228786472,2018,0.6060828020278661,age+sex+eth+marital+PIR_level+edu+smoke+alcohol.user+PA_level+BMI_level,,MHBP_ln_U,Phthalates_urine.rds,stroke,Stroke,natural_log_transformed,2041,55,1986,30,4,2013-2014|2015-2016,WTSB2YR|WTSSBH2Y,ok,,0.9662903669081314
same_sample_unweighted,odds_ratio,0.8782497245782417,0.5312234364855593,1.451973926121622,0.25636838178691607,2209,0.6125776461505755,age+sex+eth+marital+PIR_level+edu+smoke+alcohol.user+PA_level+BMI_level,,Tl_ln_U,HM_urine.rds,stroke,Stroke,natural_log_transformed,2232,56,2176,30,4,2013-2014|2015-2016,WTSA2YR,ok,,0.9662903669081314
same_sample_unweighted,odds_ratio,1.1591483507021987,0.6514259457286136,2.0625903953407874,0.29386235559960366,2197,0.615268657551228,age+sex+eth+marital+PIR_level+edu+smoke+alcohol.user+PA_level+BMI_level,,GAM_Cys_binary_U,VOC_urine.rds,stroke,Stroke,binary_above_detection_threshold,2220,56,2164,30,4,2013-2014|2015-2016,WTSA2YR,ok,,0.9662903669081314
same_sample_unweighted,odds_ratio,1.0987520104942918,0.7596443743460473,1.5892383611799075,0.18809945983215456,1085,0.616606220781539,age+sex+eth+marital+PIR_level+edu+smoke+alcohol.user+PA_level+BMI_level,,X1_AN_ln_U,AA_urine.rds,stroke,Stroke,natural_log_transformed,1108,20,1088,15,2,2013-2014,WTSA2YR,ok,,0.9662903669081314
same_sample_unweighted,odds_ratio,1.0610714918241615,0.8363193371481946,1.34622345885379,0.12137499513379225,2160,0.6252683430977224,age+sex+eth+marital+PIR_level+edu+smoke+alcohol.user+PA_level+BMI_level,,X3PBA_ln_U,pesticides_urine.rds,stroke,Stroke,natural_log_transformed,2183,49,2134,30,4,2013-2014|2015-2016,WTSB2YR|WTSC2YR,ok,,0.9662903669081314
same_sample_unweighted,odds_ratio,0.8333598753448849,0.4000394225396195,1.7360506057776357,0.3739877410180973,987,0.6259595823442907,age+sex+eth+marital+PIR_level+edu+smoke+alcohol.user+PA_level+BMI_level,,X4_MDA_binary_U,AA_urine.rds,stroke,Stroke,binary_above_detection_threshold,1010,34,976,15,2,2015-2016,WTSA2YR,ok,,0.9662903669081314
same_sample_unweighted,odds_ratio,1.3860137418418095,0.3644695935179301,5.270766414372584,0.6807129290657458,1029,0.6315516589089567,age+sex+eth+marital+PIR_level+edu+smoke+alcohol.user+PA_level+BMI_level,,CYHA_Cys_binary_U,VOC_urine.rds,stroke,Stroke,binary_above_detection_threshold,1052,34,1018,15,2,2015-2016,WTSA2YR,ok,,0.9662903669081314
same_sample_unweighted,odds_ratio,1.1600200841107313,0.623639625677294,2.1577310679687,0.3164678530318258,2120,0.6390382508005322,age+sex+eth+marital+PIR_level+edu+smoke+alcohol.user+PA_level+BMI_level,,MHNCH_binary_U,Phthalates_urine.rds,stroke,Stroke,binary_above_detection_threshold,2143,56,2087,30,4,2013-2014|2015-2016,WTSB2YR,ok,,0.9662903669081314
same_sample_unweighted,odds_ratio,0.9242297160482044,0.6625959261514696,1.2891726832489976,0.1696948050530392,2018,0.6424103247022175,age+sex+eth+marital+PIR_level+edu+smoke+alcohol.user+PA_level+BMI_level,,HIBP_ln_U,Phthalates_urine.rds,stroke,Stroke,natural_log_transformed,2041,55,1986,30,4,2013-2014|2015-2016,WTSB2YR|WTSSBH2Y,ok,,0.9662903669081314
same_sample_unweighted,odds_ratio,0.9584523893889242,0.7975613003079688,1.1517998458182708,0.09370477425230841,2155,0.650647667712942,age+sex+eth+marital+PIR_level+edu+smoke+alcohol.user+PA_level+BMI_level,,DEA_ln_U,pesticides_urine.rds,stroke,Stroke,natural_log_transformed,2178,46,2132,30,4,2013-2014|2015-2016,WTSB2YR|WTSC2YR,ok,,0.9662903669081314
same_sample_unweighted,odds_ratio,1.2019259129213478,0.537015407954419,2.69010139886793,0.4105632507652445,1011,0.6541657451839931,age+sex+eth+marital+PIR_level+edu+smoke+alcohol.user+PA_level+BMI_level,,DMDTP_binary_U,pesticides_urine.rds,stroke,Stroke,binary_above_detection_threshold,1034,29,1005,15,2,2015-2016,WTSB2YR,ok,,0.9662903669081314
same_sample_unweighted,odds_ratio,1.0813000302753084,0.7667550811449183,1.5248803486603826,0.17528666494815326,2119,0.6556541308353547,age+sex+eth+marital+PIR_level+edu+smoke+alcohol.user+PA_level+BMI_level,,MEOHP_ln_U,Phthalates_urine.rds,stroke,Stroke,natural_log_transformed,2142,56,2086,30,4,2013-2014|2015-2016,WTSB2YR,ok,,0.9662903669081314
same_sample_unweighted,odds_ratio,0.9364791669356691,0.6939506064886679,1.263768951139098,0.1528276323973418,1911,0.667613977960324,age+sex+eth+marital+PIR_level+edu+smoke+alcohol.user+PA_level+BMI_level,,BDCPP_ln_U,BFR_urine.rds,stroke,Stroke,natural_log_transformed,1934,44,1890,30,4,2013-2014|2015-2016,WTSSBI2Y|WTSSCH2Y,ok,,0.9662903669081314
same_sample_unweighted,odds_ratio,0.9095505743135024,0.5894215582667492,1.403549353821949,0.22121389375701417,2209,0.6682393489183643,age+sex+eth+marital+PIR_level+edu+smoke+alcohol.user+PA_level+BMI_level,,Sb_ln_U,HM_urine.rds,stroke,Stroke,natural_log_transformed,2232,56,2176,30,4,2013-2014|2015-2016,WTSA2YR,ok,,0.9662903669081314
same_sample_unweighted,odds_ratio,1.1980152494623106,0.5151508229195614,2.786058905642764,0.4303616990521001,2181,0.6746309071609371,age+sex+eth+marital+PIR_level+edu+smoke+alcohol.user+PA_level+BMI_level,,X4FPBA_binary_U,pesticides_urine.rds,stroke,Stroke,binary_above_detection_threshold,2204,49,2155,30,4,2013-2014|2015-2016,WTSB2YR|WTSC2YR,ok,,0.9662903669081314
same_sample_unweighted,odds_ratio,1.1502038058307722,0.5943746203302596,2.2258164290603384,0.33670241552976304,3073,0.6776904994839781,age+sex+eth+marital+PIR_level+edu+smoke+alcohol.user+PA_level+BMI_level,,Ethylbenzene_binary_S,VOC_serum.rds,stroke,Stroke,binary_above_detection_threshold,3096,72,3024,30,4,2013-2014|2015-2016,WTSVOC2Y,ok,,0.9662903669081314
same_sample_unweighted,odds_ratio,0.8806580526141681,0.47907871946145375,1.618854217749448,0.31045004861957964,2209,0.6822754140117215,age+sex+eth+marital+PIR_level+edu+smoke+alcohol.user+PA_level+BMI_level,,Cs_ln_U,HM_urine.rds,stroke,Stroke,natural_log_transformed,2232,56,2176,30,4,2013-2014|2015-2016,WTSA2YR,ok,,0.9662903669081314
same_sample_unweighted,odds_ratio,1.0260422087586811,0.9010460663322057,1.1683782366863482,0.06624283846145947,2119,0.6979415914028446,age+sex+eth+marital+PIR_level+edu+smoke+alcohol.user+PA_level+BMI_level,,BP3_ln_U,PCCP_urine.rds,stroke,Stroke,natural_log_transformed,2142,56,2086,30,4,2013-2014|2015-2016,WTSB2YR,ok,,0.9662903669081314
same_sample_unweighted,odds_ratio,0.9495368174132646,0.716699493983277,1.258017028325611,0.14344817563757226,2071,0.7181193413270951,age+sex+eth+marital+PIR_level+edu+smoke+alcohol.user+PA_level+BMI_level,,X2_MHA_ln_U,VOC_urine.rds,stroke,Stroke,natural_log_transformed,2094,51,2043,30,4,2013-2014|2015-2016,WTSA2YR,ok,,0.9662903669081314
same_sample_unweighted,odds_ratio,1.1140999286001576,0.6185210674175123,2.0067524233075678,0.3000766511725647,2149,0.7187991722118239,age+sex+eth+marital+PIR_level+edu+smoke+alcohol.user+PA_level+BMI_level,,PHE_Cys_binary_U,VOC_urine.rds,stroke,Stroke,binary_above_detection_threshold,2172,54,2118,30,4,2013-2014|2015-2016,WTSA2YR,ok,,0.9662903669081314
same_sample_unweighted,odds_ratio,0.9686368572420103,0.8128264696792635,1.1543144769607583,0.08942611673123121,2119,0.7215910210734022,age+sex+eth+marital+PIR_level+edu+smoke+alcohol.user+PA_level+BMI_level,,MeP_ln_U,PCCP_urine.rds,stroke,Stroke,natural_log_transformed,2142,56,2086,30,4,2013-2014|2015-2016,WTSB2YR,ok,,0.9662903669081314
same_sample_unweighted,odds_ratio,0.8959125163978339,0.48542003434907616,1.6535354543300311,0.3125523257436338,3131,0.7250924033523248,age+sex+eth+marital+PIR_level+edu+smoke+alcohol.user+PA_level+BMI_level,,o_Xylene_binary_S,VOC_serum.rds,stroke,Stroke,binary_above_detection_threshold,3154,72,3082,30,4,2013-2014|2015-2016,WTSVOC2Y,ok,,0.9662903669081314
same_sample_unweighted,odds_ratio,1.0746708989019613,0.7074076388370495,1.632605413825314,0.21323532571045506,2209,0.7355719397384473,age+sex+eth+marital+PIR_level+edu+smoke+alcohol.user+PA_level+BMI_level,,Pb_ln_U,HM_urine.rds,stroke,Stroke,natural_log_transformed,2232,56,2176,30,4,2013-2014|2015-2016,WTSA2YR,ok,,0.9662903669081314
same_sample_unweighted,odds_ratio,1.0531739173282797,0.7755634860278198,1.4301541010155387,0.15602278985309148,2119,0.739846588199663,age+sex+eth+marital+PIR_level+edu+smoke+alcohol.user+PA_level+BMI_level,,BPA_ln_U,PCCP_urine.rds,stroke,Stroke,natural_log_transformed,2142,56,2086,30,4,2013-2014|2015-2016,WTSB2YR,ok,,0.9662903669081314
same_sample_unweighted,odds_ratio,0.9096146190379222,0.5175292903297756,1.598747685643602,0.28762951915487983,3229,0.7418820049267763,age+sex+eth+marital+PIR_level+edu+smoke+alcohol.user+PA_level+BMI_level,,IHg_binary_S,HM_serum.rds,stroke,Stroke,binary_above_detection_threshold,3252,79,3173,30,4,2013-2014|2015-2016,WTSH2YR,ok,,0.9662903669081314
same_sample_unweighted,odds_ratio,0.9768484596912314,0.8475900914308641,1.1258188632080839,0.0723754750463491,2119,0.7462090523474674,age+sex+eth+marital+PIR_level+edu+smoke+alcohol.user+PA_level+BMI_level,,X25_DCP_ln_U,PCCP_urine.rds,stroke,Stroke,natural_log_transformed,2142,56,2086,30,4,2013-2014|2015-2016,WTSB2YR,ok,,0.9662903669081314
same_sample_unweighted,odds_ratio,1.0671751151554167,0.7088886456671937,1.606546716988391,0.2085969278035289,2158,0.7552852317897837,age+sex+eth+marital+PIR_level+edu+smoke+alcohol.user+PA_level+BMI_level,,TCPY_ln_U,pesticides_urine.rds,stroke,Stroke,natural_log_transformed,2181,48,2133,30,4,2013-2014|2015-2016,WTSB2YR|WTSC2YR,ok,,0.9662903669081314
same_sample_unweighted,odds_ratio,1.0614228185071501,0.7276213817722611,1.5483580167800566,0.1924172636681323,1007,0.7567153384588265,age+sex+eth+marital+PIR_level+edu+smoke+alcohol.user+PA_level+BMI_level,,DMP_ln_U,pesticides_urine.rds,stroke,Stroke,natural_log_transformed,1030,29,1001,15,2,2015-2016,WTSB2YR,ok,,0.9662903669081314
same_sample_unweighted,odds_ratio,1.0988185814364242,0.5945554830883646,2.0307646792494687,0.3131850370563658,2152,0.7634951133680633,age+sex+eth+marital+PIR_level+edu+smoke+alcohol.user+PA_level+BMI_level,,DCVDMPCA_binary_U,pesticides_urine.rds,stroke,Stroke,binary_above_detection_threshold,2175,49,2126,30,4,2013-2014|2015-2016,WTSB2YR|WTSC2YR,ok,,0.9662903669081314
same_sample_unweighted,odds_ratio,1.065948863162341,0.6930168890913803,1.6395660722884104,0.21954185503006188,1915,0.7711256128291698,age+sex+eth+marital+PIR_level+edu+smoke+alcohol.user+PA_level+BMI_level,,GLYP_ln_U,GYLP_urine.rds,stroke,Stroke,natural_log_transformed,1938,44,1894,30,4,2013-2014|2015-2016,WTSSCH2Y|WTSSGL2Y,ok,,0.9662903669081314
same_sample_unweighted,odds_ratio,1.1519505397483525,0.43886117902864985,3.023712530152711,0.4918432837376094,1130,0.7736490556223562,age+sex+eth+marital+PIR_level+edu+smoke+alcohol.user+PA_level+BMI_level,,PhIP_binary_U,AA_urine.rds,stroke,Stroke,binary_above_detection_threshold,1153,21,1132,15,2,2013-2014,WTSA2YR,ok,,0.9662903669081314
same_sample_unweighted,odds_ratio,0.9392267382638024,0.6100499131236172,1.4460240824440669,0.22004470832271295,2209,0.7756942118451576,age+sex+eth+marital+PIR_level+edu+smoke+alcohol.user+PA_level+BMI_level,,Co_ln_U,HM_urine.rds,stroke,Stroke,natural_log_transformed,2232,56,2176,30,4,2013-2014|2015-2016,WTSA2YR,ok,,0.9662903669081314
same_sample_unweighted,odds_ratio,0.9503206945900851,0.6664686431203274,1.3550666365006014,0.18092594077457874,2168,0.7782204297246695,age+sex+eth+marital+PIR_level+edu+smoke+alcohol.user+PA_level+BMI_level,,PMM_Cys_ln_U,VOC_urine.rds,stroke,Stroke,natural_log_transformed,2191,55,2136,30,4,2013-2014|2015-2016,WTSA2YR,ok,,0.9662903669081314
same_sample_unweighted,odds_ratio,1.0508922180931304,0.7124422189614877,1.5501249429862862,0.19820756966282624,2175,0.8022454175120948,age+sex+eth+marital+PIR_level+edu+smoke+alcohol.user+PA_level+BMI_level,,CMAC_ln_U,VOC_urine.rds,stroke,Stroke,natural_log_transformed,2198,55,2143,30,4,2013-2014|2015-2016,WTSA2YR,ok,,0.9732657604596284
same_sample_unweighted,odds_ratio,0.9281150008012405,0.5011938521702266,1.7186911830269613,0.31420232308162493,2210,0.8123267413194186,age+sex+eth+marital+PIR_level+edu+smoke+alcohol.user+PA_level+BMI_level,,Mn_binary_U,HM_urine.rds,stroke,Stroke,binary_above_detection_threshold,2233,56,2177,30,4,2013-2014|2015-2016,WTSA2YR,ok,,0.9732657604596284
same_sample_unweighted,odds_ratio,1.1442078569281593,0.37435258447684794,3.4972688159365446,0.5694360283604576,1131,0.812988913245037,age+sex+eth+marital+PIR_level+edu+smoke+alcohol.user+PA_level+BMI_level,,A_a_C_binary_U,AA_urine.rds,stroke,Stroke,binary_above_detection_threshold,1154,21,1133,15,2,2013-2014,WTSA2YR,ok,,0.9732657604596284
same_sample_unweighted,odds_ratio,1.038014636224772,0.7575777330345383,1.4222624795226437,0.16058477513253883,1919,0.8162757923541815,age+sex+eth+marital+PIR_level+edu+smoke+alcohol.user+PA_level+BMI_level,,DPHP_ln_U,BFR_urine.rds,stroke,Stroke,natural_log_transformed,1942,44,1898,30,4,2013-2014|2015-2016,WTSSBI2Y|WTSSCH2Y,ok,,0.9732657604596284
same_sample_unweighted,odds_ratio,1.0328330826504322,0.7801064252392721,1.367434162960529,0.14310247850172902,2194,0.8213947394407157,age+sex+eth+marital+PIR_level+edu+smoke+alcohol.user+PA_level+BMI_level,,X34_MHA_ln_U,VOC_urine.rds,stroke,Stroke,natural_log_transformed,2217,56,2161,30,4,2013-2014|2015-2016,WTSA2YR,ok,,0.9732657604596284
same_sample_unweighted,odds_ratio,0.9555185770395165,0.6298393821412875,1.4496009251812896,0.2123979671937343,1015,0.8303711654408401,age+sex+eth+marital+PIR_level+edu+smoke+alcohol.user+PA_level+BMI_level,,DEP_ln_U,pesticides_urine.rds,stroke,Stroke,natural_log_transformed,1038,29,1009,15,2,2015-2016,WTSB2YR,ok,,0.9732657604596284
same_sample_unweighted,odds_ratio,0.8358288640081714,0.13675867839498412,5.108340458595809,0.9232456820233872,3233,0.8459878334447994,age+sex+eth+marital+PIR_level+edu+smoke+alcohol.user+PA_level+BMI_level,,Se_ln_S,HM_serum.rds,stroke,Stroke,natural_log_transformed,3256,78,3178,30,4,2013-2014|2015-2016,WTSH2YR,ok,,0.9732657604596284
same_sample_unweighted,odds_ratio,0.9789667740444864,0.7890123467036716,1.2146526587156241,0.10999962536512312,2168,0.8467621280173737,age+sex+eth+marital+PIR_level+edu+smoke+alcohol.user+PA_level+BMI_level,,NPMA_ln_U,VOC_urine.rds,stroke,Stroke,natural_log_transformed,2191,56,2135,30,4,2013-2014|2015-2016,WTSA2YR,ok,,0.9732657604596284
same_sample_unweighted,odds_ratio,0.9460217562315065,0.5352353954483802,1.6720814259931667,0.29028146572390795,1116,0.8484015713929421,age+sex+eth+marital+PIR_level+edu+smoke+alcohol.user+PA_level+BMI_level,,Norharman_ln_U,AA_urine.rds,stroke,Stroke,natural_log_transformed,1139,20,1119,15,2,2013-2014,WTSA2YR,ok,,0.9732657604596284
same_sample_unweighted,odds_ratio,0.970072853186644,0.6926322433166403,1.3586450090506033,0.1717793207723489,2138,0.8596036652566301,age+sex+eth+marital+PIR_level+edu+smoke+alcohol.user+PA_level+BMI_level,,MB3_Cys_ln_U,VOC_urine.rds,stroke,Stroke,natural_log_transformed,2161,54,2107,30,4,2013-2014|2015-2016,WTSA2YR,ok,,0.9732657604596284
same_sample_unweighted,odds_ratio,1.0251455727109149,0.7716231387579112,1.3619646592512387,0.14486846908016804,2195,0.8638866279225379,age+sex+eth+marital+PIR_level+edu+smoke+alcohol.user+PA_level+BMI_level,,Thiocyanate_ln_U,PERNT_urine.rds,stroke,Stroke,natural_log_transformed,2218,55,2163,30,4,2013-2014|2015-2016,WTSA2YR,ok,,0.9732657604596284
same_sample_unweighted,odds_ratio,0.964333226127771,0.62959286303294415,1.47704751056769,0.21741717125134513,2208,0.8673349220213328,age+sex+eth+marital+PIR_level+edu+smoke+alcohol.user+PA_level+BMI_level,,Mo_ln_U,HM_urine.rds,stroke,Stroke,natural_log_transformed,2231,56,2175,30,4,2013-2014|2015-2016,WTSA2YR,ok,,0.9732657604596284
same_sample_unweighted,odds_ratio,1.0315402785874062,0.7135687921243336,1.4912021911445603,0.18792570247874468,2209,0.8687540009471851,age+sex+eth+marital+PIR_level+edu+smoke+alcohol.user+PA_level+BMI_level,,Sr_ln_U,HM_urine.rds,stroke,Stroke,natural_log_transformed,2232,56,2176,30,4,2013-2014|2015-2016,WTSA2YR,ok,,0.9732657604596284
same_sample_unweighted,odds_ratio,1.0263660660577731,0.7395821111480475,1.4243547615283474,0.1670986131415806,2119,0.8762354443387321,age+sex+eth+marital+PIR_level+edu+smoke+alcohol.user+PA_level+BMI_level,,MEHHP_ln_U,Phthalates_urine.rds,stroke,Stroke,natural_log_transformed,2142,56,2086,30,4,2013-2014|2015-2016,WTSB2YR,ok,,0.974321501540829
same_sample_unweighted,odds_ratio,0.9777001267024668,0.7065637931975488,1.3528821416508094,0.16561732624417044,2119,0.8916861100452302,age+sex+eth+marital+PIR_level+edu+smoke+alcohol.user+PA_level+BMI_level,,MnBP_ln_U,Phthalates_urine.rds,stroke,Stroke,natural_log_transformed,2142,56,2086,30,4,2013-2014|2015-2016,WTSB2YR,ok,,0.9841572621980689
same_sample_unweighted,odds_ratio,0.9702917746832268,0.5439210626278376,1.7308874259611031,0.29513556749267894,2075,0.9186097634774736,age+sex+eth+marital+PIR_level+edu+smoke+alcohol.user+PA_level+BMI_level,,DHB_Cys_ln_U,VOC_urine.rds,stroke,Stroke,natural_log_transformed,2098,53,2045,30,4,2013-2014|2015-2016,WTSA2YR,ok,,0.988716149687408
same_sample_unweighted,odds_ratio,1.0512616675172668,0.3223638931724115,3.4282719529017185,0.6022713824369963,875,0.933848230825013,age+sex+eth+marital+PIR_level+edu+smoke+alcohol.user+PA_level+BMI_level,,IPPPP_binary_U,BFR_urine.rds,stroke,Stroke,binary_above_detection_threshold,898,25,873,15,2,2015-2016,WTSSBI2Y,ok,,0.988716149687408
same_sample_unweighted,odds_ratio,0.9848372554836694,0.675667910512983,1.4354750383990147,0.19212903876384868,2185,0.936615823607357,age+sex+eth+marital+PIR_level+edu+smoke+alcohol.user+PA_level+BMI_level,,CEMA_CEM_ln_U,VOC_urine.rds,stroke,Stroke,natural_log_transformed,2208,56,2152,30,4,2013-2014|2015-2016,WTSA2YR,ok,,0.988716149687408
same_sample_unweighted,odds_ratio,0.9809286793193599,0.5994778674136292,1.6050985803072324,0.25115029667950983,3054,0.9388866066572925,age+sex+eth+marital+PIR_level+edu+smoke+alcohol.user+PA_level+BMI_level,,Chloroform_binary_S,VOC_serum.rds,stroke,Stroke,binary_above_detection_threshold,3077,72,3005,30,4,2013-2014|2015-2016,WTSVOC2Y,ok,,0.988716149687408
same_sample_unweighted,odds_ratio,0.984451106301319,0.6104238470863632,1.5876574700083363,0.24354334069301314,973,0.9486947075926457,age+sex+eth+marital+PIR_level+edu+smoke+alcohol.user+PA_level+BMI_level,,Sm_PFOS_ln_S,PFC_serum.rds,stroke,Stroke,natural_log_transformed,996,27,969,15,2,2015-2016,WTSB2YR,ok,,0.988716149687408
same_sample_unweighted,odds_ratio,1.0068276784980104,0.7629171233541202,1.3287183406410017,0.1414491286117008,1917,0.9616321944673112,age+sex+eth+marital+PIR_level+edu+smoke+alcohol.user+PA_level+BMI_level,,BCETP_ln_U,BFR_urine.rds,stroke,Stroke,natural_log_transformed,1940,44,1896,30,4,2013-2014|2015-2016,WTSSBI2Y|WTSSCH2Y,ok,,0.988716149687408
same_sample_unweighted,odds_ratio,0.9848482252758918,0.5123107879482619,1.8932375613511891,0.3332627389255086,2120,0.9634593693251328,age+sex+eth+marital+PIR_level+edu+smoke+alcohol.user+PA_level+BMI_level,,MINP_binary_U,Phthalates_urine.rds,stroke,Stroke,binary_above_detection_threshold,2143,56,2087,30,4,2013-2014|2015-2016,WTSB2YR,ok,,0.988716149687408
same_sample_unweighted,odds_ratio,1.0057556186575827,0.764146554824587,1.3237570176489257,0.14000624232180184,1015,0.9673023733287196,age+sex+eth+marital+PIR_level+edu+smoke+alcohol.user+PA_level+BMI_level,,DMTP_ln_U,pesticides_urine.rds,stroke,Stroke,natural_log_transformed,1038,29,1009,15,2,2015-2016,WTSB2YR,ok,,0.988716149687408
same_sample_unweighted,odds_ratio,0.9931546330183737,0.7003955355291304,1.4082844265143617,0.1780857547784632,2119,0.9692326102711665,age+sex+eth+marital+PIR_level+edu+smoke+alcohol.user+PA_level+BMI_level,,MiBP_ln_U,Phthalates_urine.rds,stroke,Stroke,natural_log_transformed,2142,56,2086,30,4,2013-2014|2015-2016,WTSB2YR,ok,,0.988716149687408
same_sample_unweighted,odds_ratio,0.9906582310084118,0.5659090119172328,1.7342076376197584,0.28557638110703965,3125,0.9737816594392419,age+sex+eth+marital+PIR_level+edu+smoke+alcohol.user+PA_level+BMI_level,,m_p_Xylene_binary_S,VOC_serum.rds,stroke,Stroke,binary_above_detection_threshold,3148,73,3075,30,4,2013-2014|2015-2016,WTSVOC2Y,ok,,0.988716149687408
same_sample_unweighted,odds_ratio,1.0096236992703804,0.4993192977410877,2.0414592801437577,0.35903811026797733,2211,0.9787181870441255,age+sex+eth+marital+PIR_level+edu+smoke+alcohol.user+PA_level+BMI_level,,AsC_binary_U,HM_urine.rds,stroke,Stroke,binary_above_detection_threshold,2234,56,2178,30,4,2013-2014|2015-2016,WTSA2YR,ok,,0.988716149687408
same_sample_unweighted,odds_ratio,1.0086817706325424,0.5041396987468272,2.018168608692224,0.3537190953153222,3115,0.9805029817514398,age+sex+eth+marital+PIR_level+edu+smoke+alcohol.user+PA_level+BMI_level,,BDCM_binary_S,VOC_serum.rds,stroke,Stroke,binary_above_detection_threshold,3138,73,3065,30,4,2013-2014|2015-2016,WTSVOC2Y,ok,,0.988716149687408
same_sample_unweighted,odds_ratio,1.003164755701002,0.7613024318853052,1.3218656409497216,0.140679504483604,2119,0.9820804708304455,age+sex+eth+marital+PIR_level+edu+smoke+alcohol.user+PA_level+BMI_level,,MCPP_ln_U,Phthalates_urine.rds,stroke,Stroke,natural_log_transformed,2142,56,2086,30,4,2013-2014|2015-2016,WTSB2YR,ok,,0.988716149687408
same_sample_unweighted,odds_ratio,0.9993308885809414,0.5308957072991732,1.8810892820220197,0.3225171657346615,1922,0.9983441130138332,age+sex+eth+marital+PIR_level+edu+smoke+alcohol.user+PA_level+BMI_level,,BCPP_binary_U,BFR_urine.rds,stroke,Stroke,binary_above_detection_threshold,1945,44,1901,30,4,2013-2014|2015-2016,WTSSBI2Y|WTSSCH2Y,ok,,0.9983441130138332
survey_weighted,odds_ratio,0.05199690058819163,0.01407466690831095,0.19209532192778145,0.613107454123197,15,2.2389730565366481e-4,age+sex+eth+marital+PIR_level+edu+smoke+alcohol.user+PA_level+BMI_level,,PFBA_binary_U,PFC_urine.rds,stroke,Stroke,binary_above_detection_threshold,1011,26,985,15,2,2013-2014,WTSSBH2Y,ok,,0.03336069854239606
survey_weighted,odds_ratio,2.0677552172873126,1.2466793319301002,3.429600161895224,0.23738779170402452,15,0.007935948114707386,age+sex+eth+marital+PIR_level+edu+smoke+alcohol.user+PA_level+BMI_level,,o_TLD_ln_U,AA_urine.rds,stroke,Stroke,natural_log_transformed,1078,20,1058,15,2,2013-2014,WTSA2YR,ok,,0.5912281345457002
survey_weighted,odds_ratio,0.09176085440635318,0.013183271526492462,0.6386923294770506,0.9102899343111386,15,0.01916180065882123,age+sex+eth+marital+PIR_level+edu+smoke+alcohol.user+PA_level+BMI_level,,MDA_binary_U,pesticides_urine.rds,stroke,Stroke,binary_above_detection_threshold,1035,29,1006,15,2,2015-2016,WTSB2YR,ok,,0.761551796377128
survey_weighted,odds_ratio,1.8600656436022538,1.070425579251628,3.2322136779731707,0.2705591365350163,30,0.02897891778296111,age+sex+eth+marital+PIR_level+edu+smoke+alcohol.user+PA_level+BMI_level,,PGA_ln_U,VOC_urine.rds,stroke,Stroke,natural_log_transformed,2184,53,2131,30,4,2013-2014|2015-2016,WTSA2YR,ok,,0.761551796377128
survey_weighted,odds_ratio,0.36399097514848133,0.14735313100492167,0.8991287058916798,0.4427896548632636,30,0.02972470734208724,age+sex+eth+marital+PIR_level+edu+smoke+alcohol.user+PA_level+BMI_level,,TCC_binary_U,PCCP_urine.rds,stroke,Stroke,binary_above_detection_threshold,2144,56,2088,30,4,2013-2014|2015-2016,WTSB2YR,ok,,0.761551796377128
survey_weighted,odds_ratio,0.21378476232025873,0.05349377369088259,0.8543783967164621,0.6499822905488838,15,0.03140317076366923,age+sex+eth+marital+PIR_level+edu+smoke+alcohol.user+PA_level+BMI_level,,IPPPP_binary_U,BFR_urine.rds,stroke,Stroke,binary_above_detection_threshold,898,25,873,15,2,2015-2016,WTSSBI2Y,ok,,0.761551796377128
survey_weighted,odds_ratio,0.40821509935437233,0.17758372288867366,0.9383718543020161,0.4075617145284833,30,0.03577760117207984,age+sex+eth+marital+PIR_level+edu+smoke+alcohol.user+PA_level+BMI_level,,Hg_binary_U,HM_urine.rds,stroke,Stroke,binary_above_detection_threshold,2236,56,2180,30,4,2013-2014|2015-2016,WTSA2YR,ok,,0.761551796377128
survey_weighted,odds_ratio,0.42242821752117066,0.17928730029338258,0.9953052930470159,0.41964527388639217,30,0.0488324678143439,age+sex+eth+marital+PIR_level+edu+smoke+alcohol.user+PA_level+BMI_level,,As_III_binary_U,HM_urine.rds,stroke,Stroke,binary_above_detection_threshold,2234,56,2178,30,4,2013-2014|2015-2016,WTSA2YR,ok,,0.8302859860151974
survey_weighted,odds_ratio,1.4137493526399958,0.9974184470767833,2.0038603035142626,0.17080491897444935,30,0.051614597715248726,age+sex+eth+marital+PIR_level+edu+smoke+alcohol.user+PA_level+BMI_level,,U_ln_U,HM_urine.rds,stroke,Stroke,natural_log_transformed,2232,56,2176,30,4,2013-2014|2015-2016,WTSA2YR,ok,,0.8302859860151974
survey_weighted,odds_ratio,0.5147353678178337,0.2604081025396068,1.017451055856692,0.3336493580983807,30,0.05572389167887231,age+sex+eth+marital+PIR_level+edu+smoke+alcohol.user+PA_level+BMI_level,,Chloroform_binary_S,VOC_serum.rds,stroke,Stroke,binary_above_detection_threshold,3077,72,3005,30,4,2013-2014|2015-2016,WTSVOC2Y,ok,,0.8302859860151974
survey_weighted,odds_ratio,3.184759051155591,0.8909120950466806,11.38461389211022,0.5976618835871595,15,0.07165756442284639,age+sex+eth+marital+PIR_level+edu+smoke+alcohol.user+PA_level+BMI_level,,X5OHIMI_binary_U,pesticides_urine.rds,stroke,Stroke,binary_above_detection_threshold,842,24,818,15,2,2015-2016,WTSSBI2Y,ok,,0.9484254276400207
survey_weighted,odds_ratio,1.3383695964999298,0.9501016748285145,1.8853068300913036,0.16777312304797493,30,0.09261391637891474,age+sex+eth+marital+PIR_level+edu+smoke+alcohol.user+PA_level+BMI_level,,CEMA_AAM_ln_U,VOC_urine.rds,stroke,Stroke,natural_log_transformed,2158,54,2104,30,4,2013-2014|2015-2016,WTSA2YR,ok,,0.9484254276400207
survey_weighted,odds_ratio,0.8253473220519616,0.6567054096902744,1.0372964680458803,0.11191883953097699,30,0.09664208768496874,age+sex+eth+marital+PIR_level+edu+smoke+alcohol.user+PA_level+BMI_level,,DEA_ln_U,pesticides_urine.rds,stroke,Stroke,natural_log_transformed,2178,46,2132,30,4,2013-2014|2015-2016,WTSB2YR|WTSC2YR,ok,,0.9484254276400207
survey_weighted,odds_ratio,1.3806407870941073,0.9288818944013746,2.0521112473790675,0.19405902913060197,30,0.10690612712028998,age+sex+eth+marital+PIR_level+edu+smoke+alcohol.user+PA_level+BMI_level,,X3_HPMA_ln_U,VOC_urine.rds,stroke,Stroke,natural_log_transformed,2148,54,2094,30,4,2013-2014|2015-2016,WTSA2YR,ok,,0.9484254276400207
survey_weighted,odds_ratio,0.752932348645064,0.5304936385417073,1.068640753533941,0.17145969613567252,30,0.1083338326404971,age+sex+eth+marital+PIR_level+edu+smoke+alcohol.user+PA_level+BMI_level,,ATCA_ln_U,VOC_urine.rds,stroke,Stroke,natural_log_transformed,2167,55,2112,30,4,2013-2014|2015-2016,WTSA2YR,ok,,0.9484254276400207
survey_weighted,odds_ratio,0.4922925890262946,0.20444739047055333,1.185400276581756,0.4302866383428164,30,0.1099949994855653,age+sex+eth+marital+PIR_level+edu+smoke+alcohol.user+PA_level+BMI_level,,HEMA_binary_U,VOC_urine.rds,stroke,Stroke,binary_above_detection_threshold,2203,56,2147,30,4,2013-2014|2015-2016,WTSA2YR,ok,,0.9484254276400207
survey_weighted,odds_ratio,0.5289945458948448,0.23584779254405785,1.1865077326692304,0.3955356049504497,30,0.11789103657186852,age+sex+eth+marital+PIR_level+edu+smoke+alcohol.user+PA_level+BMI_level,,DBUP_binary_U,BFR_urine.rds,stroke,Stroke,binary_above_detection_threshold,1943,44,1899,30,4,2013-2014|2015-2016,WTSSBI2Y|WTSSCH2Y,ok,,0.9484254276400207
survey_weighted,odds_ratio,0.5547581752000346,0.2590039993481499,1.1882312000039417,0.3729614004259576,30,0.1246286811114069,age+sex+eth+marital+PIR_level+edu+smoke+alcohol.user+PA_level+BMI_level,,MEHP_binary_U,Phthalates_urine.rds,stroke,Stroke,binary_above_detection_threshold,2143,56,2087,30,4,2013-2014|2015-2016,WTSB2YR,ok,,0.9484254276400207
survey_weighted,odds_ratio,1.55077541630738,0.87777694370561,2.739767100364723,0.27866891155510903,30,0.12586776103294134,age+sex+eth+marital+PIR_level+edu+smoke+alcohol.user+PA_level+BMI_level,,Pb_ln_S,HM_serum.rds,stroke,Stroke,natural_log_transformed,3257,79,3178,30,4,2013-2014|2015-2016,WTSH2YR,ok,,0.9484254276400207
survey_weighted,odds_ratio,1.5388841222706402,0.8405133968096146,2.8175212325772057,0.29614067562336854,30,0.15589341925671857,age+sex+eth+marital+PIR_level+edu+smoke+alcohol.user+PA_level+BMI_level,,DMA_ln_U,HM_urine.rds,stroke,Stroke,natural_log_transformed,2233,56,2177,30,4,2013-2014|2015-2016,WTSA2YR,ok,,0.9484254276400207
survey_weighted,odds_ratio,1.270539606644797,0.8963025343406806,1.801033501752365,0.16370031894238465,15,0.16419051562249892,age+sex+eth+marital+PIR_level+edu+smoke+alcohol.user+PA_level+BMI_level,,DMTP_ln_U,pesticides_urine.rds,stroke,Stroke,natural_log_transformed,1038,29,1009,15,2,2015-2016,WTSB2YR,ok,,0.9484254276400207
survey_weighted,odds_ratio,0.5815799558240399,0.26649325833256743,1.2692075106612832,0.3821231164058483,30,0.16637682519430258,age+sex+eth+marital+PIR_level+edu+smoke+alcohol.user+PA_level+BMI_level,,Benzene_binary_S,VOC_serum.rds,stroke,Stroke,binary_above_detection_threshold,3081,72,3009,30,4,2013-2014|2015-2016,WTSVOC2Y,ok,,0.9484254276400207
survey_weighted,odds_ratio,0.23568998608956768,0.028292195089811567,1.9634308814343244,1.038025725673988,30,0.17406847200847733,age+sex+eth+marital+PIR_level+edu+smoke+alcohol.user+PA_level+BMI_level,,FA_ln_S,gas_serum.rds,stroke,Stroke,natural_log_transformed,1967,52,1915,30,4,2013-2014|2015-2016,WTSA2YR,ok,,0.9484254276400207
survey_weighted,odds_ratio,1.3269864534400828,0.8706242430129406,2.0225637658786346,0.20636587910276558,30,0.18057050769267483,age+sex+eth+marital+PIR_level+edu+smoke+alcohol.user+PA_level+BMI_level,,Pb_ln_U,HM_urine.rds,stroke,Stroke,natural_log_transformed,2232,56,2176,30,4,2013-2014|2015-2016,WTSA2YR,ok,,0.9484254276400207
survey_weighted,odds_ratio,0.679737040851115,0.37832190012125316,1.2212944705472892,0.28691597739325064,30,0.18854176523046678,age+sex+eth+marital+PIR_level+edu+smoke+alcohol.user+PA_level+BMI_level,,Cd_ln_U,HM_urine.rds,stroke,Stroke,natural_log_transformed,2232,56,2176,30,4,2013-2014|2015-2016,WTSA2YR,ok,,0.9484254276400207
survey_weighted,odds_ratio,0.7675529337383342,0.5087722634535792,1.1579591664278632,0.20134774278872525,30,0.1988438135263678,age+sex+eth+marital+PIR_level+edu+smoke+alcohol.user+PA_level+BMI_level,,X24_DCP_ln_U,PCCP_urine.rds,stroke,Stroke,natural_log_transformed,2142,56,2086,30,4,2013-2014|2015-2016,WTSB2YR,ok,,0.9484254276400207
survey_weighted,odds_ratio,1.5473406951742172,0.7733347224707892,3.0960244734551763,0.32540347251986795,15,0.19970754240674174,age+sex+eth+marital+PIR_level+edu+smoke+alcohol.user+PA_level+BMI_level,,X2_AN_ln_U,AA_urine.rds,stroke,Stroke,natural_log_transformed,1116,18,1098,15,2,2013-2014,WTSA2YR,ok,,0.9484254276400207
survey_weighted,odds_ratio,0.5882858234780315,0.2507918702095642,1.3799498756320827,0.4000045570482912,15,0.20456829681239844,age+sex+eth+marital+PIR_level+edu+smoke+alcohol.user+PA_level+BMI_level,,PFHxA_binary_U,PFC_urine.rds,stroke,Stroke,binary_above_detection_threshold,1011,26,985,15,2,2013-2014,WTSSBH2Y,ok,,0.9484254276400207
survey_weighted,odds_ratio,0.6903995126534426,0.3837151090717962,1.242201507845566,0.28760612144782716,30,0.20753506417473333,age+sex+eth+marital+PIR_level+edu+smoke+alcohol.user+PA_level+BMI_level,,BPF_binary_U,PCCP_urine.rds,stroke,Stroke,binary_above_detection_threshold,2143,56,2087,30,4,2013-2014|2015-2016,WTSB2YR,ok,,0.9484254276400207
survey_weighted,odds_ratio,0.6155450065188278,0.2837771822964504,1.3351871774329167,0.37914564317704474,30,0.2104091801824868,age+sex+eth+marital+PIR_level+edu+smoke+alcohol.user+PA_level+BMI_level,,Mn_binary_U,HM_urine.rds,stroke,Stroke,binary_above_detection_threshold,2233,56,2177,30,4,2013-2014|2015-2016,WTSA2YR,ok,,0.9484254276400207
survey_weighted,odds_ratio,2.099407507049833,0.6167900675831467,7.145886602758951,0.5746707577361928,15,0.21639040983100088,age+sex+eth+marital+PIR_level+edu+smoke+alcohol.user+PA_level+BMI_level,,DMDTP_binary_U,pesticides_urine.rds,stroke,Stroke,binary_above_detection_threshold,1034,29,1005,15,2,2015-2016,WTSB2YR,ok,,0.9484254276400207
survey_weighted,odds_ratio,0.8315743115365833,0.6156977956697104,1.1231416459033492,0.14717155512837626,30,0.21981454439762035,age+sex+eth+marital+PIR_level+edu+smoke+alcohol.user+PA_level+BMI_level,,THg_ln_S,HM_serum.rds,stroke,Stroke,natural_log_transformed,3257,79,3178,30,4,2013-2014|2015-2016,WTSH2YR,ok,,0.9484254276400207
survey_weighted,odds_ratio,1.3477416125803325,0.8279395959038828,2.1938888576739912,0.23858001395271153,30,0.22065324056177416,age+sex+eth+marital+PIR_level+edu+smoke+alcohol.user+PA_level+BMI_level,,X2_HPMA_ln_U,VOC_urine.rds,stroke,Stroke,natural_log_transformed,2199,55,2144,30,4,2013-2014|2015-2016,WTSA2YR,ok,,0.9484254276400207
survey_weighted,odds_ratio,0.7649601288190754,0.49154367716200614,1.1904618569430492,0.21655921140417334,30,0.22560227823630868,age+sex+eth+marital+PIR_level+edu+smoke+alcohol.user+PA_level+BMI_level,,X24D_ln_U,pesticides_urine.rds,stroke,Stroke,natural_log_transformed,2201,49,2152,30,4,2013-2014|2015-2016,WTSB2YR|WTSC2YR,ok,,0.9484254276400207
survey_weighted,odds_ratio,1.215598839754587,0.8803567813221918,1.6785019103202639,0.1579930468906979,30,0.22614803517269128,age+sex+eth+marital+PIR_level+edu+smoke+alcohol.user+PA_level+BMI_level,,Sn_ln_U,HM_urine.rds,stroke,Stroke,natural_log_transformed,2231,56,2175,30,4,2013-2014|2015-2016,WTSA2YR,ok,,0.9484254276400207
survey_weighted,odds_ratio,1.3077819159138324,0.8350779314765787,2.048064587896756,0.21963902718945005,30,0.2313354534079737,age+sex+eth+marital+PIR_level+edu+smoke+alcohol.user+PA_level+BMI_level,,X1_PY_ln_U,PAH_urine.rds,stroke,Stroke,natural_log_transformed,2226,55,2171,30,4,2013-2014|2015-2016,WTSA2YR,ok,,0.9484254276400207
survey_weighted,odds_ratio,1.7843124633679923,0.6573056412086971,4.843669013818023,0.4685259052381283,15,0.23551503907839438,age+sex+eth+marital+PIR_level+edu+smoke+alcohol.user+PA_level+BMI_level,,n_PFOS_ln_S,PFC_serum.rds,stroke,Stroke,natural_log_transformed,996,27,969,15,2,2015-2016,WTSB2YR,ok,,0.9484254276400207
survey_weighted,odds_ratio,1.6624935480735055,0.6956855226300671,3.9728939405509776,0.42657196205728676,30,0.242746002269463,age+sex+eth+marital+PIR_level+edu+smoke+alcohol.user+PA_level+BMI_level,,X25_DMF_binary_S,VOC_serum.rds,stroke,Stroke,binary_above_detection_threshold,3160,73,3087,30,4,2013-2014|2015-2016,WTSVOC2Y,ok,,0.9518198510039471
survey_weighted,odds_ratio,1.422661860764529,0.7525991626658224,2.689302447407447,0.31178610773444176,30,0.2671492792845713,age+sex+eth+marital+PIR_level+edu+smoke+alcohol.user+PA_level+BMI_level,,CEMA_CEM_ln_U,VOC_urine.rds,stroke,Stroke,natural_log_transformed,2208,56,2152,30,4,2013-2014|2015-2016,WTSA2YR,ok,,0.9975209536939649
survey_weighted,odds_ratio,1.5227552239390112,0.6965486576387135,3.328961224179483,0.3669516695537572,15,0.2697550898217906,age+sex+eth+marital+PIR_level+edu+smoke+alcohol.user+PA_level+BMI_level,,X4_ABP_ln_U,AA_urine.rds,stroke,Stroke,natural_log_transformed,1120,19,1101,15,2,2013-2014,WTSA2YR,ok,,0.9975209536939649
survey_weighted,odds_ratio,0.5974268476238856,0.21635862484614166,1.6496630930041636,0.49733546143586155,30,0.30858836924410665,age+sex+eth+marital+PIR_level+edu+smoke+alcohol.user+PA_level+BMI_level,,PMA_binary_U,VOC_urine.rds,stroke,Stroke,binary_above_detection_threshold,2185,55,2130,30,4,2013-2014|2015-2016,WTSA2YR,ok,,0.9975209536939649
survey_weighted,odds_ratio,1.212874212659816,0.8138127318674905,1.8076196133715627,0.18720495853185573,15,0.31891636640272936,age+sex+eth+marital+PIR_level+edu+smoke+alcohol.user+PA_level+BMI_level,,DMP_ln_U,pesticides_urine.rds,stroke,Stroke,natural_log_transformed,1030,29,1001,15,2,2015-2016,WTSB2YR,ok,,0.9975209536939649
survey_weighted,odds_ratio,0.5839648547264006,0.19046848560557444,1.7904009184060297,0.5256301056238941,15,0.32235453156605964,age+sex+eth+marital+PIR_level+edu+smoke+alcohol.user+PA_level+BMI_level,,DETP_binary_U,pesticides_urine.rds,stroke,Stroke,binary_above_detection_threshold,1034,29,1005,15,2,2015-2016,WTSB2YR,ok,,0.9975209536939649
survey_weighted,odds_ratio,0.6093835241604889,0.21679596505061027,1.712892947207607,0.48487714577670693,15,0.323205744815543,age+sex+eth+marital+PIR_level+edu+smoke+alcohol.user+PA_level+BMI_level,,MeA_a_C_binary_U,AA_urine.rds,stroke,Stroke,binary_above_detection_threshold,1153,21,1132,15,2,2013-2014,WTSA2YR,ok,,0.9975209536939649
survey_weighted,odds_ratio,1.432549366676074,0.6820248681027881,3.0089778011653583,0.3633916654635325,30,0.33049213689359036,age+sex+eth+marital+PIR_level+edu+smoke+alcohol.user+PA_level+BMI_level,,X14_DCB_binary_S,VOC_serum.rds,stroke,Stroke,binary_above_detection_threshold,3132,72,3060,30,4,2013-2014|2015-2016,WTSVOC2Y,ok,,0.9975209536939649
survey_weighted,odds_ratio,1.412679092920646,0.6646252840382215,3.0026877813759674,0.3692062951319134,30,0.35686952584734344,age+sex+eth+marital+PIR_level+edu+smoke+alcohol.user+PA_level+BMI_level,,MeFOSAA_binary_S,PFC_serum.rds,stroke,Stroke,binary_above_detection_threshold,2072,54,2018,30,4,2013-2014|2015-2016,WTSB2YR,ok,,0.9975209536939649
survey_weighted,odds_ratio,0.9264566858803887,0.780133908834843,1.100223924498304,0.08417178173075693,30,0.37136187762271555,age+sex+eth+marital+PIR_level+edu+smoke+alcohol.user+PA_level+BMI_level,,X25_DCP_ln_U,PCCP_urine.rds,stroke,Stroke,natural_log_transformed,2142,56,2086,30,4,2013-2014|2015-2016,WTSB2YR,ok,,0.9975209536939649
survey_weighted,odds_ratio,0.8323560506754388,0.5430933417012163,1.2756860412351878,0.200323338888514,15,0.3741619284711095,age+sex+eth+marital+PIR_level+edu+smoke+alcohol.user+PA_level+BMI_level,,Norharman_ln_U,AA_urine.rds,stroke,Stroke,natural_log_transformed,1139,20,1119,15,2,2013-2014,WTSA2YR,ok,,0.9975209536939649
survey_weighted,odds_ratio,1.1246452322418594,0.859114789652947,1.4722443538834815,0.1318728900120677,30,0.3801441922725254,age+sex+eth+marital+PIR_level+edu+smoke+alcohol.user+PA_level+BMI_level,,X1_NP_ln_U,PAH_urine.rds,stroke,Stroke,natural_log_transformed,2159,50,2109,30,4,2013-2014|2015-2016,WTSA2YR,ok,,0.9975209536939649
survey_weighted,odds_ratio,1.2041597387505931,0.7841681442491846,1.8490940840452335,0.21001792491755403,30,0.383407141941414,age+sex+eth+marital+PIR_level+edu+smoke+alcohol.user+PA_level+BMI_level,,X2_FL_ln_U,PAH_urine.rds,stroke,Stroke,natural_log_transformed,2226,55,2171,30,4,2013-2014|2015-2016,WTSA2YR,ok,,0.9975209536939649
survey_weighted,odds_ratio,1.061012470979783,0.922563381377735,1.2202386159024217,0.06846432876526545,30,0.39388774842352214,age+sex+eth+marital+PIR_level+edu+smoke+alcohol.user+PA_level+BMI_level,,PrP_ln_U,PCCP_urine.rds,stroke,Stroke,natural_log_transformed,2142,56,2086,30,4,2013-2014|2015-2016,WTSB2YR,ok,,0.9975209536939649
survey_weighted,odds_ratio,1.2039587914803425,0.7765141791285961,1.8666971068183889,0.21473897611231255,30,0.3942406544926831,age+sex+eth+marital+PIR_level+edu+smoke+alcohol.user+PA_level+BMI_level,,Cd_ln_S,HM_serum.rds,stroke,Stroke,natural_log_transformed,3257,79,3178,30,4,2013-2014|2015-2016,WTSH2YR,ok,,0.9975209536939649
survey_weighted,odds_ratio,0.7498499600275941,0.37225502671812905,1.510456332881539,0.3428993795508096,30,0.4078000030715859,age+sex+eth+marital+PIR_level+edu+smoke+alcohol.user+PA_level+BMI_level,,PFHS_ln_S,PFC_serum.rds,stroke,Stroke,natural_log_transformed,2072,54,2018,30,4,2013-2014|2015-2016,WTSB2YR,ok,,0.9975209536939649
survey_weighted,odds_ratio,0.8905876705675041,0.6687376735199796,1.1860351680084562,0.14027985444607036,30,0.4153147846154466,age+sex+eth+marital+PIR_level+edu+smoke+alcohol.user+PA_level+BMI_level,,MeP_ln_U,PCCP_urine.rds,stroke,Stroke,natural_log_transformed,2142,56,2086,30,4,2013-2014|2015-2016,WTSB2YR,ok,,0.9975209536939649
survey_weighted,odds_ratio,1.12647607829817,0.8344974237539926,1.5206138675295742,0.1469049182816515,30,0.4239290060557239,age+sex+eth+marital+PIR_level+edu+smoke+alcohol.user+PA_level+BMI_level,,MEP_ln_U,Phthalates_urine.rds,stroke,Stroke,natural_log_transformed,2142,56,2086,30,4,2013-2014|2015-2016,WTSB2YR,ok,,0.9975209536939649
survey_weighted,odds_ratio,1.418514208847345,0.5758623336203847,3.494207631277832,0.44141840146271566,30,0.4345702423440083,age+sex+eth+marital+PIR_level+edu+smoke+alcohol.user+PA_level+BMI_level,,OXY_binary_U,pesticides_urine.rds,stroke,Stroke,binary_above_detection_threshold,2194,49,2145,30,4,2013-2014|2015-2016,WTSB2YR|WTSC2YR,ok,,0.9975209536939649
survey_weighted,odds_ratio,0.8592368789277891,0.5797440544864663,1.2734723338621199,0.1926569215797877,30,0.43718718936780665,age+sex+eth+marital+PIR_level+edu+smoke+alcohol.user+PA_level+BMI_level,,PFDA_ln_S,PFC_serum.rds,stroke,Stroke,natural_log_transformed,2072,54,2018,30,4,2013-2014|2015-2016,WTSB2YR,ok,,0.9975209536939649
survey_weighted,odds_ratio,0.733487707685917,0.3267532917648327,1.646515064685401,0.3959341515845517,30,0.4398699688920198,age+sex+eth+marital+PIR_level+edu+smoke+alcohol.user+PA_level+BMI_level,,AsB_binary_U,HM_urine.rds,stroke,Stroke,binary_above_detection_threshold,2234,56,2178,30,4,2013-2014|2015-2016,WTSA2YR,ok,,0.9975209536939649
survey_weighted,odds_ratio,0.5913877647172862,0.1418441051571477,2.465661071144516,0.6698461701745104,15,0.4451393748283694,age+sex+eth+marital+PIR_level+edu+smoke+alcohol.user+PA_level+BMI_level,,NDMA_binary_U,pesticides_urine.rds,stroke,Stroke,binary_above_detection_threshold,890,25,865,15,2,2015-2016,WTSSBI2Y,ok,,0.9975209536939649
survey_weighted,odds_ratio,1.2423238525673974,0.6871127346861657,2.246164969366816,0.28999098612302704,30,0.46013971943543364,age+sex+eth+marital+PIR_level+edu+smoke+alcohol.user+PA_level+BMI_level,,TCPY_ln_U,pesticides_urine.rds,stroke,Stroke,natural_log_transformed,2181,48,2133,30,4,2013-2014|2015-2016,WTSB2YR|WTSC2YR,ok,,0.9975209536939649
survey_weighted,odds_ratio,1.1195962272268647,0.8180808430123893,1.5322394146340446,0.15363387245846724,30,0.4678622931677694,age+sex+eth+marital+PIR_level+edu+smoke+alcohol.user+PA_level+BMI_level,,MCOP_ln_U,Phthalates_urine.rds,stroke,Stroke,natural_log_transformed,2142,56,2086,30,4,2013-2014|2015-2016,WTSB2YR,ok,,0.9975209536939649
survey_weighted,odds_ratio,0.7295276150549619,0.2952295821520531,1.8027005872794768,0.42442661880197585,15,0.46894680018062695,age+sex+eth+marital+PIR_level+edu+smoke+alcohol.user+PA_level+BMI_level,,DEP_ln_U,pesticides_urine.rds,stroke,Stroke,natural_log_transformed,1038,29,1009,15,2,2015-2016,WTSB2YR,ok,,0.9975209536939649
survey_weighted,odds_ratio,0.7135583292582565,0.27258276971362977,1.86792983939797,0.4712015144906206,30,0.4793848841189319,age+sex+eth+marital+PIR_level+edu+smoke+alcohol.user+PA_level+BMI_level,,BuP_binary_U,PCCP_urine.rds,stroke,Stroke,binary_above_detection_threshold,2144,56,2088,30,4,2013-2014|2015-2016,WTSB2YR,ok,,0.9975209536939649
survey_weighted,odds_ratio,0.7881572607148777,0.38778343312414254,1.6019040901593007,0.3472850135405189,30,0.49830294153487686,age+sex+eth+marital+PIR_level+edu+smoke+alcohol.user+PA_level+BMI_level,,PFNA_ln_S,PFC_serum.rds,stroke,Stroke,natural_log_transformed,2072,54,2018,30,4,2013-2014|2015-2016,WTSB2YR,ok,,0.9975209536939649
survey_weighted,odds_ratio,1.1337418823574192,0.77309724298791,1.6626248088061613,0.1874744968952151,30,0.5082654701764983,age+sex+eth+marital+PIR_level+edu+smoke+alcohol.user+PA_level+BMI_level,,X34_MHA_ln_U,VOC_urine.rds,stroke,Stroke,natural_log_transformed,2217,56,2161,30,4,2013-2014|2015-2016,WTSA2YR,ok,,0.9975209536939649
survey_weighted,odds_ratio,1.191852387185925,0.697144650924706,2.0376145911133277,0.26258547394722864,30,0.5089970157666363,age+sex+eth+marital+PIR_level+edu+smoke+alcohol.user+PA_level+BMI_level,,X2_NP_ln_U,PAH_urine.rds,stroke,Stroke,natural_log_transformed,2193,54,2139,30,4,2013-2014|2015-2016,WTSA2YR,ok,,0.9975209536939649
survey_weighted,odds_ratio,1.209998947390293,0.6633911368924839,2.2069897700832626,0.2819724274586926,15,0.5093164213767186,age+sex+eth+marital+PIR_level+edu+smoke+alcohol.user+PA_level+BMI_level,,Harman_ln_U,AA_urine.rds,stroke,Stroke,natural_log_transformed,1154,21,1133,15,2,2013-2014,WTSA2YR,ok,,0.9975209536939649
survey_weighted,odds_ratio,0.8917544986303702,0.626536757893675,1.269240911739858,0.17283855708190715,30,0.5124936549630152,age+sex+eth+marital+PIR_level+edu+smoke+alcohol.user+PA_level+BMI_level,,MEHHP_ln_U,Phthalates_urine.rds,stroke,Stroke,natural_log_transformed,2142,56,2086,30,4,2013-2014|2015-2016,WTSB2YR,ok,,0.9975209536939649
survey_weighted,odds_ratio,0.7994299647881411,0.4003012649631313,1.596518233985671,0.33868228575844983,30,0.5136805183487536,age+sex+eth+marital+PIR_level+edu+smoke+alcohol.user+PA_level+BMI_level,,o_Xylene_binary_S,VOC_serum.rds,stroke,Stroke,binary_above_detection_threshold,3154,72,3082,30,4,2013-2014|2015-2016,WTSVOC2Y,ok,,0.9975209536939649
survey_weighted,odds_ratio,0.8633432855703138,0.542991058854546,1.3726959525110864,0.22706056609411412,30,0.5224544978164161,age+sex+eth+marital+PIR_level+edu+smoke+alcohol.user+PA_level+BMI_level,,PNP_ln_U,pesticides_urine.rds,stroke,Stroke,natural_log_transformed,2162,49,2113,30,4,2013-2014|2015-2016,WTSB2YR|WTSC2YR,ok,,0.9975209536939649
survey_weighted,odds_ratio,0.9372854673831935,0.762123698776259,1.152705326941472,0.10129844299884044,30,0.5274334320502856,age+sex+eth+marital+PIR_level+edu+smoke+alcohol.user+PA_level+BMI_level,,NPMA_ln_U,VOC_urine.rds,stroke,Stroke,natural_log_transformed,2191,56,2135,30,4,2013-2014|2015-2016,WTSA2YR,ok,,0.9975209536939649
survey_weighted,odds_ratio,0.7772362255210801,0.33118483647233976,1.8240453177049634,0.4177051334236793,30,0.5508287251475559,age+sex+eth+marital+PIR_level+edu+smoke+alcohol.user+PA_level+BMI_level,,MHNCH_binary_U,Phthalates_urine.rds,stroke,Stroke,binary_above_detection_threshold,2143,56,2087,30,4,2013-2014|2015-2016,WTSB2YR,ok,,0.9975209536939649
survey_weighted,odds_ratio,1.3018229384292088,0.5077665538437123,3.3376419738392076,0.4417177132868115,15,0.5593231108822179,age+sex+eth+marital+PIR_level+edu+smoke+alcohol.user+PA_level+BMI_level,,Sm_PFOS_ln_S,PFC_serum.rds,stroke,Stroke,natural_log_transformed,996,27,969,15,2,2015-2016,WTSB2YR,ok,,0.9975209536939649
survey_weighted,odds_ratio,0.9141233724869485,0.6678658718892864,1.2511816747920834,0.15369064956299552,30,0.5634375369832229,age+sex+eth+marital+PIR_level+edu+smoke+alcohol.user+PA_level+BMI_level,,HIBP_ln_U,Phthalates_urine.rds,stroke,Stroke,natural_log_transformed,2041,55,1986,30,4,2013-2014|2015-2016,WTSB2YR|WTSSBH2Y,ok,,0.9975209536939649
survey_weighted,odds_ratio,0.8747491914772858,0.545120768449964,1.4037002298884171,0.23157039693550271,30,0.5676630360756229,age+sex+eth+marital+PIR_level+edu+smoke+alcohol.user+PA_level+BMI_level,,MA_ln_U,VOC_urine.rds,stroke,Stroke,natural_log_transformed,2182,56,2126,30,4,2013-2014|2015-2016,WTSA2YR,ok,,0.9975209536939649
survey_weighted,odds_ratio,1.1198520243032342,0.7251857189777084,1.7293067465585328,0.20386316399105334,15,0.5869045335082979,age+sex+eth+marital+PIR_level+edu+smoke+alcohol.user+PA_level+BMI_level,,IPM3_Cys_ln_U,VOC_urine.rds,stroke,Stroke,natural_log_transformed,1051,34,1017,15,2,2015-2016,WTSA2YR,ok,,0.9975209536939649
survey_weighted,odds_ratio,0.7271479415033218,0.21246787478785523,2.4885838829068083,0.5772311879514156,15,0.5890860971935582,age+sex+eth+marital+PIR_level+edu+smoke+alcohol.user+PA_level+BMI_level,,X4_MDA_binary_U,AA_urine.rds,stroke,Stroke,binary_above_detection_threshold,1010,34,976,15,2,2015-2016,WTSA2YR,ok,,0.9975209536939649
survey_weighted,odds_ratio,1.116033124523045,0.7324468311506543,1.7005055958477924,0.20621395048281477,30,0.5983962303130357,age+sex+eth+marital+PIR_level+edu+smoke+alcohol.user+PA_level+BMI_level,,DPHP_ln_U,BFR_urine.rds,stroke,Stroke,natural_log_transformed,1942,44,1898,30,4,2013-2014|2015-2016,WTSSBI2Y|WTSSCH2Y,ok,,0.9975209536939649
survey_weighted,odds_ratio,1.2967588042086131,0.4683269461687771,3.5906184985703087,0.4986878927808713,30,0.6061203970979514,age+sex+eth+marital+PIR_level+edu+smoke+alcohol.user+PA_level+BMI_level,,Furan_binary_S,VOC_serum.rds,stroke,Stroke,binary_above_detection_threshold,3164,73,3091,30,4,2013-2014|2015-2016,WTSVOC2Y,ok,,0.9975209536939649
survey_weighted,odds_ratio,0.9327731999244109,0.7097563813413348,1.2258654735205465,0.13379228480164176,30,0.60677071809883,age+sex+eth+marital+PIR_level+edu+smoke+alcohol.user+PA_level+BMI_level,,BP3_ln_U,PCCP_urine.rds,stroke,Stroke,natural_log_transformed,2142,56,2086,30,4,2013-2014|2015-2016,WTSB2YR,ok,,0.9975209536939649
survey_weighted,odds_ratio,0.7870408309218556,0.29148996763649,2.1250586240094718,0.4863575067471819,30,0.6260314806088781,age+sex+eth+marital+PIR_level+edu+smoke+alcohol.user+PA_level+BMI_level,,MINP_binary_U,Phthalates_urine.rds,stroke,Stroke,binary_above_detection_threshold,2143,56,2087,30,4,2013-2014|2015-2016,WTSB2YR,ok,,0.9975209536939649
survey_weighted,odds_ratio,0.9096990268860818,0.6053341816607256,1.3670999335393652,0.19945092631886627,30,0.6385721700876803,age+sex+eth+marital+PIR_level+edu+smoke+alcohol.user+PA_level+BMI_level,,MCPP_ln_U,Phthalates_urine.rds,stroke,Stroke,natural_log_transformed,2142,56,2086,30,4,2013-2014|2015-2016,WTSB2YR,ok,,0.9975209536939649
survey_weighted,odds_ratio,1.0968670562592755,0.7356239508163349,1.6355059372003427,0.19561259393822192,30,0.6398774027956904,age+sex+eth+marital+PIR_level+edu+smoke+alcohol.user+PA_level+BMI_level,,W_ln_U,HM_urine.rds,stroke,Stroke,natural_log_transformed,2231,56,2175,30,4,2013-2014|2015-2016,WTSA2YR,ok,,0.9975209536939649
survey_weighted,odds_ratio,0.6873064627627102,0.12535758142223388,3.7683414787994933,0.7983346262838742,15,0.6453272306662206,age+sex+eth+marital+PIR_level+edu+smoke+alcohol.user+PA_level+BMI_level,,A_a_C_binary_U,AA_urine.rds,stroke,Stroke,binary_above_detection_threshold,1154,21,1133,15,2,2013-2014,WTSA2YR,ok,,0.9975209536939649
survey_weighted,odds_ratio,1.0783086512549171,0.7685836683592986,1.5128470656335031,0.16579550809342725,30,0.6525703482306072,age+sex+eth+marital+PIR_level+edu+smoke+alcohol.user+PA_level+BMI_level,,X3PBA_ln_U,pesticides_urine.rds,stroke,Stroke,natural_log_transformed,2183,49,2134,30,4,2013-2014|2015-2016,WTSB2YR|WTSC2YR,ok,,0.9975209536939649
survey_weighted,odds_ratio,0.814631817737348,0.31800248013157234,2.0868547886654323,0.4606031232425662,30,0.6594355334961153,age+sex+eth+marital+PIR_level+edu+smoke+alcohol.user+PA_level+BMI_level,,Mn_ln_S,HM_serum.rds,stroke,Stroke,natural_log_transformed,3256,78,3178,30,4,2013-2014|2015-2016,WTSH2YR,ok,,0.9975209536939649
survey_weighted,odds_ratio,1.125940704716518,0.6459552430784886,1.9625856189288464,0.27207140127989,30,0.6659694408238358,age+sex+eth+marital+PIR_level+edu+smoke+alcohol.user+PA_level+BMI_level,,Mo_ln_U,HM_urine.rds,stroke,Stroke,natural_log_transformed,2231,56,2175,30,4,2013-2014|2015-2016,WTSA2YR,ok,,0.9975209536939649
survey_weighted,odds_ratio,1.208165123158593,0.47870154961243955,3.0492129511562527,0.4343432519520298,15,0.6694888706837964,age+sex+eth+marital+PIR_level+edu+smoke+alcohol.user+PA_level+BMI_level,,IPM1_Cys_ln_U,VOC_urine.rds,stroke,Stroke,natural_log_transformed,1051,34,1017,15,2,2015-2016,WTSA2YR,ok,,0.9975209536939649
survey_weighted,odds_ratio,1.2353452514443837,0.4531246437901609,3.367898681257566,0.4910894837925295,30,0.6700021595177552,age+sex+eth+marital+PIR_level+edu+smoke+alcohol.user+PA_level+BMI_level,,AsC_binary_U,HM_urine.rds,stroke,Stroke,binary_above_detection_threshold,2234,56,2178,30,4,2013-2014|2015-2016,WTSA2YR,ok,,0.9975209536939649
survey_weighted,odds_ratio,1.1095623610223573,0.666256714181725,1.847829232774848,0.24974429471372114,30,0.6801622114050723,age+sex+eth+marital+PIR_level+edu+smoke+alcohol.user+PA_level+BMI_level,,CMAC_ln_U,VOC_urine.rds,stroke,Stroke,natural_log_transformed,2198,55,2143,30,4,2013-2014|2015-2016,WTSA2YR,ok,,0.9975209536939649
survey_weighted,odds_ratio,1.0998598855338486,0.6737028187506048,1.7955866208930633,0.24000175903606943,30,0.694475417988464,age+sex+eth+marital+PIR_level+edu+smoke+alcohol.user+PA_level+BMI_level,,PMM_Cys_ln_U,VOC_urine.rds,stroke,Stroke,natural_log_transformed,2191,55,2136,30,4,2013-2014|2015-2016,WTSA2YR,ok,,0.9975209536939649
survey_weighted,odds_ratio,1.222376646374549,0.4056156466091748,3.683794444551121,0.5175568372281872,15,0.7034878646927524,age+sex+eth+marital+PIR_level+edu+smoke+alcohol.user+PA_level+BMI_level,,PPDA_binary_U,AA_urine.rds,stroke,Stroke,binary_above_detection_threshold,938,30,908,15,2,2015-2016,WTSA2YR,ok,,0.9975209536939649
survey_weighted,odds_ratio,0.9454231937170705,0.6954308659282248,1.2852823465423187,0.1503722218314923,30,0.7116055629521847,age+sex+eth+marital+PIR_level+edu+smoke+alcohol.user+PA_level+BMI_level,,MBzP_ln_U,Phthalates_urine.rds,stroke,Stroke,natural_log_transformed,2142,56,2086,30,4,2013-2014|2015-2016,WTSB2YR,ok,,0.9975209536939649
survey_weighted,odds_ratio,1.199749623373096,0.4260174463634497,3.3787328924456443,0.5069783242127991,30,0.7219522697607084,age+sex+eth+marital+PIR_level+edu+smoke+alcohol.user+PA_level+BMI_level,,DHB_Cys_ln_U,VOC_urine.rds,stroke,Stroke,natural_log_transformed,2098,53,2045,30,4,2013-2014|2015-2016,WTSA2YR,ok,,0.9975209536939649
survey_weighted,odds_ratio,0.8992423719651234,0.48623010390122834,1.6630744107562,0.3010717895698497,30,0.7267432728340006,age+sex+eth+marital+PIR_level+edu+smoke+alcohol.user+PA_level+BMI_level,,m_p_Xylene_binary_S,VOC_serum.rds,stroke,Stroke,binary_above_detection_threshold,3148,73,3075,30,4,2013-2014|2015-2016,WTSVOC2Y,ok,,0.9975209536939649
survey_weighted,odds_ratio,1.0840570576692206,0.6604373487184336,1.7793961933904285,0.23250071892827967,15,0.7333078634753825,age+sex+eth+marital+PIR_level+edu+smoke+alcohol.user+PA_level+BMI_level,,X1_AN_ln_U,AA_urine.rds,stroke,Stroke,natural_log_transformed,1108,20,1088,15,2,2013-2014,WTSA2YR,ok,,0.9975209536939649
survey_weighted,odds_ratio,1.211269819795868,0.36732560046313006,3.9942072496403114,0.5597955059254892,15,0.7368067498042243,age+sex+eth+marital+PIR_level+edu+smoke+alcohol.user+PA_level+BMI_level,,MCOCH_binary_U,Phthalates_urine.rds,stroke,Stroke,binary_above_detection_threshold,1032,29,1003,15,2,2015-2016,WTSB2YR,ok,,0.9975209536939649
survey_weighted,odds_ratio,1.0743602800539667,0.6838724312672507,1.687814800808322,0.221179734113126,30,0.7479721339509842,age+sex+eth+marital+PIR_level+edu+smoke+alcohol.user+PA_level+BMI_level,,MHBP_ln_U,Phthalates_urine.rds,stroke,Stroke,natural_log_transformed,2041,55,1986,30,4,2013-2014|2015-2016,WTSB2YR|WTSSBH2Y,ok,,0.9975209536939649
survey_weighted,odds_ratio,0.8645703775825444,0.3382889405800854,2.2095961414271152,0.4594550170070908,30,0.7536430695670665,age+sex+eth+marital+PIR_level+edu+smoke+alcohol.user+PA_level+BMI_level,,GAM_Cys_binary_U,VOC_urine.rds,stroke,Stroke,binary_above_detection_threshold,2220,56,2164,30,4,2013-2014|2015-2016,WTSA2YR,ok,,0.9975209536939649
survey_weighted,odds_ratio,1.0841918798542314,0.637284389859326,1.844501530315728,0.2601876981646106,30,0.7581928826945901,age+sex+eth+marital+PIR_level+edu+smoke+alcohol.user+PA_level+BMI_level,,Perchlorate_ln_U,PERNT_urine.rds,stroke,Stroke,natural_log_transformed,2222,56,2166,30,4,2013-2014|2015-2016,WTSA2YR,ok,,0.9975209536939649
survey_weighted,odds_ratio,0.9014793805226089,0.437801564971658,1.8562406773489635,0.35366065288412746,30,0.7713348609470766,age+sex+eth+marital+PIR_level+edu+smoke+alcohol.user+PA_level+BMI_level,,IHg_binary_S,HM_serum.rds,stroke,Stroke,binary_above_detection_threshold,3252,79,3173,30,4,2013-2014|2015-2016,WTSH2YR,ok,,0.9975209536939649
survey_weighted,odds_ratio,1.0743019245986878,0.645918131858333,1.7867970695852444,0.24911151825505995,30,0.7755493861431276,age+sex+eth+marital+PIR_level+edu+smoke+alcohol.user+PA_level+BMI_level,,Sr_ln_U,HM_urine.rds,stroke,Stroke,natural_log_transformed,2232,56,2176,30,4,2013-2014|2015-2016,WTSA2YR,ok,,0.9975209536939649
survey_weighted,odds_ratio,0.9360835375249389,0.5569285688218144,1.5733658466810576,0.2542597738963043,30,0.7968111986191774,age+sex+eth+marital+PIR_level+edu+smoke+alcohol.user+PA_level+BMI_level,,PFUnDA_binary_S,PFC_serum.rds,stroke,Stroke,binary_above_detection_threshold,2072,54,2018,30,4,2013-2014|2015-2016,WTSB2YR,ok,,0.9975209536939649
survey_weighted,odds_ratio,0.9013565398556589,0.38762710103157666,2.0959412016818275,0.41319516148127805,30,0.8032614056219577,age+sex+eth+marital+PIR_level+edu+smoke+alcohol.user+PA_level+BMI_level,,PHE_Cys_binary_U,VOC_urine.rds,stroke,Stroke,binary_above_detection_threshold,2172,54,2118,30,4,2013-2014|2015-2016,WTSA2YR,ok,,0.9975209536939649
survey_weighted,odds_ratio,1.0896964926596449,0.5354648066375893,2.217584482481979,0.34790623552343747,30,0.8066648518234405,age+sex+eth+marital+PIR_level+edu+smoke+alcohol.user+PA_level+BMI_level,,MMA_binary_U,HM_urine.rds,stroke,Stroke,binary_above_detection_threshold,2234,56,2178,30,4,2013-2014|2015-2016,WTSA2YR,ok,,0.9975209536939649
survey_weighted,odds_ratio,0.7945862997794187,0.10889135245929073,5.798140747982594,0.932450400722191,15,0.8085677501925762,age+sex+eth+marital+PIR_level+edu+smoke+alcohol.user+PA_level+BMI_level,,TBPPP_binary_U,BFR_urine.rds,stroke,Stroke,binary_above_detection_threshold,899,25,874,15,2,2015-2016,WTSSBI2Y,ok,,0.9975209536939649
survey_weighted,odds_ratio,1.0650452568835338,0.621840465790477,1.8241357094189343,0.2634756182178811,30,0.8125948737162632,age+sex+eth+marital+PIR_level+edu+smoke+alcohol.user+PA_level+BMI_level,,Sb_ln_U,HM_urine.rds,stroke,Stroke,natural_log_transformed,2232,56,2176,30,4,2013-2014|2015-2016,WTSA2YR,ok,,0.9975209536939649
survey_weighted,odds_ratio,0.9228988610412743,0.46161987143228317,1.845116210159135,0.3392191314765059,30,0.8146287420111022,age+sex+eth+marital+PIR_level+edu+smoke+alcohol.user+PA_level+BMI_level,,Ethylbenzene_binary_S,VOC_serum.rds,stroke,Stroke,binary_above_detection_threshold,3096,72,3024,30,4,2013-2014|2015-2016,WTSVOC2Y,ok,,0.9975209536939649
survey_weighted,odds_ratio,0.9263112882606584,0.4760351625391205,1.8024983662600889,0.3259695434594521,30,0.8159420340815184,age+sex+eth+marital+PIR_level+edu+smoke+alcohol.user+PA_level+BMI_level,,BCPP_binary_U,BFR_urine.rds,stroke,Stroke,binary_above_detection_threshold,1945,44,1901,30,4,2013-2014|2015-2016,WTSSBI2Y|WTSSCH2Y,ok,,0.9975209536939649
survey_weighted,odds_ratio,0.9176091505510986,0.43034151798615167,1.9566007879402523,0.37075974577469956,30,0.818180836003884,age+sex+eth+marital+PIR_level+edu+smoke+alcohol.user+PA_level+BMI_level,,Tl_ln_U,HM_urine.rds,stroke,Stroke,natural_log_transformed,2232,56,2176,30,4,2013-2014|2015-2016,WTSA2YR,ok,,0.9975209536939649
survey_weighted,odds_ratio,1.081734521159963,0.5341252422482295,2.1907775212865874,0.3455419085958348,30,0.8216786239833647,age+sex+eth+marital+PIR_level+edu+smoke+alcohol.user+PA_level+BMI_level,,Cs_ln_U,HM_urine.rds,stroke,Stroke,natural_log_transformed,2232,56,2176,30,4,2013-2014|2015-2016,WTSA2YR,ok,,0.9975209536939649
survey_weighted,odds_ratio,1.1079626958038757,0.4212150564132545,2.914381422511665,0.47355810416884214,30,0.8300674484272741,age+sex+eth+marital+PIR_level+edu+smoke+alcohol.user+PA_level+BMI_level,,DCVDMPCA_binary_U,pesticides_urine.rds,stroke,Stroke,binary_above_detection_threshold,2175,49,2126,30,4,2013-2014|2015-2016,WTSB2YR|WTSC2YR,ok,,0.9975209536939649
survey_weighted,odds_ratio,1.0355345386155665,0.7372982719809268,1.4544070173726031,0.16632477830297857,30,0.8351359666460848,age+sex+eth+marital+PIR_level+edu+smoke+alcohol.user+PA_level+BMI_level,,Thiocyanate_ln_U,PERNT_urine.rds,stroke,Stroke,natural_log_transformed,2218,55,2163,30,4,2013-2014|2015-2016,WTSA2YR,ok,,0.9975209536939649
survey_weighted,odds_ratio,0.9443451091605328,0.5294481294963592,1.6843721518928343,0.27148495413755014,15,0.8357827069118332,age+sex+eth+marital+PIR_level+edu+smoke+alcohol.user+PA_level+BMI_level,,n_PFOA_ln_S,PFC_serum.rds,stroke,Stroke,natural_log_transformed,996,27,969,15,2,2015-2016,WTSB2YR,ok,,0.9975209536939649
survey_weighted,odds_ratio,0.8835083726837384,0.25130611361860145,3.1061203938195368,0.5898469418772491,15,0.836510772488054,age+sex+eth+marital+PIR_level+edu+smoke+alcohol.user+PA_level+BMI_level,,TTCA_binary_U,VOC_urine.rds,stroke,Stroke,binary_above_detection_threshold,1170,22,1148,15,2,2013-2014,WTSA2YR,ok,,0.9975209536939649
survey_weighted,odds_ratio,1.0436157744827363,0.6771686828587615,1.6083642264011266,0.21178675896722182,30,0.8416078561436082,age+sex+eth+marital+PIR_level+edu+smoke+alcohol.user+PA_level+BMI_level,,BPA_ln_U,PCCP_urine.rds,stroke,Stroke,natural_log_transformed,2142,56,2086,30,4,2013-2014|2015-2016,WTSB2YR,ok,,0.9975209536939649
survey_weighted,odds_ratio,1.06237023119541,0.5745161543906995,1.9644887258690802,0.30100270909491844,30,0.8420527412875481,age+sex+eth+marital+PIR_level+edu+smoke+alcohol.user+PA_level+BMI_level,,Co_ln_U,HM_urine.rds,stroke,Stroke,natural_log_transformed,2232,56,2176,30,4,2013-2014|2015-2016,WTSA2YR,ok,,0.9975209536939649
survey_weighted,odds_ratio,1.0380467641018452,0.7049451199933997,1.528546058269615,0.18948312103852855,30,0.845104321726049,age+sex+eth+marital+PIR_level+edu+smoke+alcohol.user+PA_level+BMI_level,,X3_FL_ln_U,PAH_urine.rds,stroke,Stroke,natural_log_transformed,2225,55,2170,30,4,2013-2014|2015-2016,WTSA2YR,ok,,0.9975209536939649
survey_weighted,odds_ratio,1.0443840662389277,0.6580900661427259,1.6574297864833576,0.22614062991991168,30,0.8490074359742963,age+sex+eth+marital+PIR_level+edu+smoke+alcohol.user+PA_level+BMI_level,,X2_MHA_ln_U,VOC_urine.rds,stroke,Stroke,natural_log_transformed,2094,51,2043,30,4,2013-2014|2015-2016,WTSA2YR,ok,,0.9975209536939649
survey_weighted,odds_ratio,1.1176073621616878,0.3395751930337761,3.6782610790823234,0.5832963116918453,30,0.8501045404137493,age+sex+eth+marital+PIR_level+edu+smoke+alcohol.user+PA_level+BMI_level,,X4FPBA_binary_U,pesticides_urine.rds,stroke,Stroke,binary_above_detection_threshold,2204,49,2155,30,4,2013-2014|2015-2016,WTSB2YR|WTSC2YR,ok,,0.9975209536939649
survey_weighted,odds_ratio,0.9296779371965984,0.42502094440959093,2.0335493539283065,0.3832494391194841,30,0.8503869666722059,age+sex+eth+marital+PIR_level+edu+smoke+alcohol.user+PA_level+BMI_level,,Nitrate_ln_U,PERNT_urine.rds,stroke,Stroke,natural_log_transformed,2223,56,2167,30,4,2013-2014|2015-2016,WTSA2YR,ok,,0.9975209536939649
survey_weighted,odds_ratio,1.0553178622635664,0.5830513053001376,1.9101162801432126,0.29052054501196295,30,0.8542179662295547,age+sex+eth+marital+PIR_level+edu+smoke+alcohol.user+PA_level+BMI_level,,EO_ln_S,gas_serum.rds,stroke,Stroke,natural_log_transformed,2137,54,2083,30,4,2013-2014|2015-2016,WTSA2YR,ok,,0.9975209536939649
survey_weighted,odds_ratio,1.1423220191991437,0.24469085991990902,5.332849767965677,0.7228989841190729,15,0.8564248879295862,age+sex+eth+marital+PIR_level+edu+smoke+alcohol.user+PA_level+BMI_level,,X26_DMA_binary_U,AA_urine.rds,stroke,Stroke,binary_above_detection_threshold,1064,22,1042,15,2,2013-2014,WTSA2YR,ok,,0.9975209536939649
survey_weighted,odds_ratio,0.9585670841141392,0.5789976548036133,1.5869681804820825,0.23652500834016674,15,0.8604056320351966,age+sex+eth+marital+PIR_level+edu+smoke+alcohol.user+PA_level+BMI_level,,o_ANS_ln_U,AA_urine.rds,stroke,Stroke,natural_log_transformed,1047,21,1026,15,2,2013-2014,WTSA2YR,ok,,0.9975209536939649
survey_weighted,odds_ratio,1.173752474003253,0.1619697233930234,8.50587900854623,0.9292041265030199,15,0.86541844281639,age+sex+eth+marital+PIR_level+edu+smoke+alcohol.user+PA_level+BMI_level,,DPCP_binary_U,BFR_urine.rds,stroke,Stroke,binary_above_detection_threshold,1046,19,1027,15,2,2013-2014,WTSSCH2Y,ok,,0.9975209536939649
survey_weighted,odds_ratio,0.9252717627752122,0.31773348265274115,2.6944841564740973,0.5233751070533872,30,0.883021728097074,age+sex+eth+marital+PIR_level+edu+smoke+alcohol.user+PA_level+BMI_level,,BDCM_binary_S,VOC_serum.rds,stroke,Stroke,binary_above_detection_threshold,3138,73,3065,30,4,2013-2014|2015-2016,WTSVOC2Y,ok,,0.9975209536939649
survey_weighted,odds_ratio,1.025726933320162,0.7209300831028455,1.459386653987489,0.1726580025565202,30,0.8840210372348403,age+sex+eth+marital+PIR_level+edu+smoke+alcohol.user+PA_level+BMI_level,,GLYP_ln_U,GYLP_urine.rds,stroke,Stroke,natural_log_transformed,1938,44,1894,30,4,2013-2014|2015-2016,WTSSCH2Y|WTSSGL2Y,ok,,0.9975209536939649
survey_weighted,odds_ratio,0.9765918661143999,0.6673176872101927,1.4292018497936176,0.18646023278906165,30,0.8997625456017528,age+sex+eth+marital+PIR_level+edu+smoke+alcohol.user+PA_level+BMI_level,,BDCPP_ln_U,BFR_urine.rds,stroke,Stroke,natural_log_transformed,1934,44,1890,30,4,2013-2014|2015-2016,WTSSBI2Y|WTSSCH2Y,ok,,0.9975209536939649
survey_weighted,odds_ratio,0.9797009965609198,0.6993709819798921,1.372396149387358,0.16504462204787,30,0.9019410683179611,age+sex+eth+marital+PIR_level+edu+smoke+alcohol.user+PA_level+BMI_level,,BMA_ln_U,VOC_urine.rds,stroke,Stroke,natural_log_transformed,2211,56,2155,30,4,2013-2014|2015-2016,WTSA2YR,ok,,0.9975209536939649
survey_weighted,odds_ratio,1.0231134624370148,0.6713457343861211,1.5591983435733245,0.20630029713299666,30,0.9125421718571582,age+sex+eth+marital+PIR_level+edu+smoke+alcohol.user+PA_level+BMI_level,,MnBP_ln_U,Phthalates_urine.rds,stroke,Stroke,natural_log_transformed,2142,56,2086,30,4,2013-2014|2015-2016,WTSB2YR,ok,,0.9975209536939649
survey_weighted,odds_ratio,1.0260495147890916,0.6288831051706566,1.6740433923936369,0.23969666044831148,30,0.9152766709440648,age+sex+eth+marital+PIR_level+edu+smoke+alcohol.user+PA_level+BMI_level,,X23_OH_PH_ln_U,PAH_urine.rds,stroke,Stroke,natural_log_transformed,2227,55,2172,30,4,2013-2014|2015-2016,WTSA2YR,ok,,0.9975209536939649
survey_weighted,odds_ratio,0.9604146217497358,0.3900528870653074,2.3647978934616867,0.4412157390201121,30,0.9276697221155259,age+sex+eth+marital+PIR_level+edu+smoke+alcohol.user+PA_level+BMI_level,,DBCM_binary_S,VOC_serum.rds,stroke,Stroke,binary_above_detection_threshold,3162,73,3089,30,4,2013-2014|2015-2016,WTSVOC2Y,ok,,0.9975209536939649
survey_weighted,odds_ratio,0.9344018505977922,0.1479394134813498,5.901786399272486,0.864718461129278,15,0.938496645602338,age+sex+eth+marital+PIR_level+edu+smoke+alcohol.user+PA_level+BMI_level,,PFHpA_binary_S,PFC_serum.rds,stroke,Stroke,binary_above_detection_threshold,1076,27,1049,15,2,2013-2014,WTSB2YR,ok,,0.9975209536939649
survey_weighted,odds_ratio,0.9883686685331314,0.7143958713760584,1.3674107929211823,0.15894966562193244,30,0.941813207631958,age+sex+eth+marital+PIR_level+edu+smoke+alcohol.user+PA_level+BMI_level,,MiBP_ln_U,Phthalates_urine.rds,stroke,Stroke,natural_log_transformed,2142,56,2086,30,4,2013-2014|2015-2016,WTSB2YR,ok,,0.9975209536939649
survey_weighted,odds_ratio,0.9884348327079195,0.6853279351635225,1.425599874718685,0.17932242718348426,30,0.9487082149575414,age+sex+eth+marital+PIR_level+edu+smoke+alcohol.user+PA_level+BMI_level,,MCNP_ln_U,Phthalates_urine.rds,stroke,Stroke,natural_log_transformed,2142,56,2086,30,4,2013-2014|2015-2016,WTSB2YR,ok,,0.9975209536939649
survey_weighted,odds_ratio,0.9867171963037276,0.6474908888164406,1.5036672211112783,0.20627940525767308,30,0.948744353519818,age+sex+eth+marital+PIR_level+edu+smoke+alcohol.user+PA_level+BMI_level,,MEOHP_ln_U,Phthalates_urine.rds,stroke,Stroke,natural_log_transformed,2142,56,2086,30,4,2013-2014|2015-2016,WTSB2YR,ok,,0.9975209536939649
survey_weighted,odds_ratio,1.0129089204691044,0.6306909175967265,1.6267627335992758,0.23197966314409266,30,0.9562734866719858,age+sex+eth+marital+PIR_level+edu+smoke+alcohol.user+PA_level+BMI_level,,MECPP_ln_U,Phthalates_urine.rds,stroke,Stroke,natural_log_transformed,2142,56,2086,30,4,2013-2014|2015-2016,WTSB2YR,ok,,0.9975209536939649
survey_weighted,odds_ratio,1.0102631485370053,0.6749162226917632,1.512234548491553,0.19751407268028515,30,0.9591130056828696,age+sex+eth+marital+PIR_level+edu+smoke+alcohol.user+PA_level+BMI_level,,Ba_ln_U,HM_urine.rds,stroke,Stroke,natural_log_transformed,2232,56,2176,30,4,2013-2014|2015-2016,WTSA2YR,ok,,0.9975209536939649
survey_weighted,odds_ratio,0.9960282648417901,0.8161460482360926,1.2155573215209186,0.09752974696991645,30,0.967722182748527,age+sex+eth+marital+PIR_level+edu+smoke+alcohol.user+PA_level+BMI_level,,CEMA_CYM_ln_U,VOC_urine.rds,stroke,Stroke,natural_log_transformed,2190,56,2134,30,4,2013-2014|2015-2016,WTSA2YR,ok,,0.9975209536939649
survey_weighted,odds_ratio,1.0065085403181773,0.6865116289889609,1.47566246361388,0.18734991231508366,30,0.9726061832485601,age+sex+eth+marital+PIR_level+edu+smoke+alcohol.user+PA_level+BMI_level,,Total_As_ln_U,HM_urine.rds,stroke,Stroke,natural_log_transformed,2231,56,2175,30,4,2013-2014|2015-2016,WTSA2YR,ok,,0.9975209536939649
survey_weighted,odds_ratio,1.010070952009268,0.5578318275095214,1.8289442763562918,0.290714553039101,30,0.972731656874764,age+sex+eth+marital+PIR_level+edu+smoke+alcohol.user+PA_level+BMI_level,,X1_PH_ln_U,PAH_urine.rds,stroke,Stroke,natural_log_transformed,2227,55,2172,30,4,2013-2014|2015-2016,WTSA2YR,ok,,0.9975209536939649
survey_weighted,odds_ratio,1.0084543427427899,0.5388374704861001,1.8873597644932643,0.3068934781664531,30,0.9782965829480434,age+sex+eth+marital+PIR_level+edu+smoke+alcohol.user+PA_level+BMI_level,,EtP_binary_U,PCCP_urine.rds,stroke,Stroke,binary_above_detection_threshold,2144,56,2088,30,4,2013-2014|2015-2016,WTSB2YR,ok,,0.9975209536939649
survey_weighted,odds_ratio,0.9950448336787784,0.6590990263279073,1.5022237652923456,0.2016939527651281,30,0.980514128646631,age+sex+eth+marital+PIR_level+edu+smoke+alcohol.user+PA_level+BMI_level,,Toluene_ln_S,VOC_serum.rds,stroke,Stroke,natural_log_transformed,3099,69,3030,30,4,2013-2014|2015-2016,WTSVOC2Y,ok,,0.9975209536939649
survey_weighted,odds_ratio,1.0059127025717893,0.6158008631413057,1.6431616546193326,0.24028475312622788,30,0.9805886547809,age+sex+eth+marital+PIR_level+edu+smoke+alcohol.user+PA_level+BMI_level,,MB3_Cys_ln_U,VOC_urine.rds,stroke,Stroke,natural_log_transformed,2161,54,2107,30,4,2013-2014|2015-2016,WTSA2YR,ok,,0.9975209536939649
survey_weighted,odds_ratio,0.9902677936371107,0.23853202573320773,4.111105416979615,0.6678421391778737,15,0.9885092062507546,age+sex+eth+marital+PIR_level+edu+smoke+alcohol.user+PA_level+BMI_level,,CYHA_Cys_binary_U,VOC_urine.rds,stroke,Stroke,binary_above_detection_threshold,1052,34,1018,15,2,2015-2016,WTSA2YR,ok,,0.9975209536939649
survey_weighted,odds_ratio,1.0146678404684693,0.0400273686020435,25.721171849112903,1.5829196256242466,30,0.9927212498803479,age+sex+eth+marital+PIR_level+edu+smoke+alcohol.user+PA_level+BMI_level,,Se_ln_S,HM_serum.rds,stroke,Stroke,natural_log_transformed,3256,78,3178,30,4,2013-2014|2015-2016,WTSH2YR,ok,,0.9975209536939649
survey_weighted,odds_ratio,0.9939284906626097,0.23837917720531174,4.144211990882065,0.6698740200633689,15,0.9928661156624473,age+sex+eth+marital+PIR_level+edu+smoke+alcohol.user+PA_level+BMI_level,,PhIP_binary_U,AA_urine.rds,stroke,Stroke,binary_above_detection_threshold,1153,21,1132,15,2,2013-2014,WTSA2YR,ok,,0.9975209536939649
survey_weighted,odds_ratio,0.9991694920289738,0.7120888836412167,1.4019874438939381,0.165855287676199,30,0.9960361736422305,age+sex+eth+marital+PIR_level+edu+smoke+alcohol.user+PA_level+BMI_level,,BPS_ln_U,PCCP_urine.rds,stroke,Stroke,natural_log_transformed,2141,56,2085,30,4,2013-2014|2015-2016,WTSB2YR,ok,,0.9975209536939649
survey_weighted,odds_ratio,0.9993318780178472,0.6464034289249301,1.5449549889975245,0.21332272318578255,30,0.9975209536939649,age+sex+eth+marital+PIR_level+edu+smoke+alcohol.user+PA_level+BMI_level,,BCETP_ln_U,BFR_urine.rds,stroke,Stroke,natural_log_transformed,1940,44,1896,30,4,2013-2014|2015-2016,WTSSBI2Y|WTSSCH2Y,ok,,0.9975209536939649
