method,effect_scale,estimate,conf_low,conf_high,std_error_link_scale,reference_df,p_value,covariates_used,covariates_dropped_no_variation,exposure,module_rds,outcome_code,outcome,transform,n,events,non_events,n_strata,n_psu,cycles,weight_variables,status,error,p_fdr_bh
same_sample_unweighted,odds_ratio,3.7207703350159838,1.7600594092137782,7.865718516921626,0.38171431077500934,2074,5.770385397549157e-4,age+sex+eth+marital+PIR_level+edu+smoke+alcohol.user+PA_level+BMI_level,,DHB_Cys_ln_U,VOC_urine.rds,CHF,Congestive heart failure,natural_log_transformed,2097,37,2060,30,4,2013-2014|2015-2016,WTSA2YR,ok,,0.08597874242348244
same_sample_unweighted,odds_ratio,1.7876558557837565,1.2495628724842611,2.5574651176731455,0.18260893829620803,2120,0.001466950945161166,age+sex+eth+marital+PIR_level+edu+smoke+alcohol.user+PA_level+BMI_level,,MECPP_ln_U,Phthalates_urine.rds,CHF,Congestive heart failure,natural_log_transformed,2143,51,2092,30,4,2013-2014|2015-2016,WTSB2YR,ok,,0.10928784541450687
same_sample_unweighted,odds_ratio,1.677445112470238,1.1770864824883847,2.3904973400100666,0.18062950773399641,2120,0.004187013425487844,age+sex+eth+marital+PIR_level+edu+smoke+alcohol.user+PA_level+BMI_level,,MEOHP_ln_U,Phthalates_urine.rds,CHF,Congestive heart failure,natural_log_transformed,2143,51,2092,30,4,2013-2014|2015-2016,WTSB2YR,ok,,0.20795500013256288
same_sample_unweighted,odds_ratio,6.797892431499052,1.6952750652507107,27.25890473909494,0.707732866541637,1027,0.006766926868242838,age+sex+eth+marital+PIR_level+edu+smoke+alcohol.user+PA_level+BMI_level,,CYHA_Cys_binary_U,VOC_urine.rds,CHF,Congestive heart failure,binary_above_detection_threshold,1050,26,1024,15,2,2015-2016,WTSA2YR,ok,,0.25206802584204574
same_sample_unweighted,odds_ratio,4.575127799683632,1.3354972774710054,15.673408502244166,0.6275792455736147,1148,0.015392243373180785,age+sex+eth+marital+PIR_level+edu+smoke+alcohol.user+PA_level+BMI_level,,TTCA_binary_U,VOC_urine.rds,CHF,Congestive heart failure,binary_above_detection_threshold,1171,15,1156,15,2,2013-2014,WTSA2YR,ok,,0.3022678742562682
same_sample_unweighted,odds_ratio,2.6890543936500433,1.1931883681120667,6.060244740275117,0.41409027630803363,1026,0.01690230677646054,age+sex+eth+marital+PIR_level+edu+smoke+alcohol.user+PA_level+BMI_level,,IPM1_Cys_ln_U,VOC_urine.rds,CHF,Congestive heart failure,natural_log_transformed,1049,26,1023,15,2,2015-2016,WTSA2YR,ok,,0.3022678742562682
same_sample_unweighted,odds_ratio,1.5036732159272772,1.0690287117191741,2.115034999070293,0.17396526777357546,2120,0.01903812030092011,age+sex+eth+marital+PIR_level+edu+smoke+alcohol.user+PA_level+BMI_level,,MEHHP_ln_U,Phthalates_urine.rds,CHF,Congestive heart failure,natural_log_transformed,2143,51,2092,30,4,2013-2014|2015-2016,WTSB2YR,ok,,0.3022678742562682
same_sample_unweighted,odds_ratio,1.8629345358228535,1.1038906581826895,3.143902939150657,0.26685123673643923,2160,0.019729123328458862,age+sex+eth+marital+PIR_level+edu+smoke+alcohol.user+PA_level+BMI_level,,PGA_ln_U,VOC_urine.rds,CHF,Congestive heart failure,natural_log_transformed,2183,41,2142,30,4,2013-2014|2015-2016,WTSA2YR,ok,,0.3022678742562682
same_sample_unweighted,odds_ratio,1.276849274131501,1.0379841098852371,1.57068307050519,0.10561384244973115,2166,0.020665069599483853,age+sex+eth+marital+PIR_level+edu+smoke+alcohol.user+PA_level+BMI_level,,CEMA_CYM_ln_U,VOC_urine.rds,CHF,Congestive heart failure,natural_log_transformed,2189,41,2148,30,4,2013-2014|2015-2016,WTSA2YR,ok,,0.3022678742562682
same_sample_unweighted,odds_ratio,1.7390288742268862,1.0831639917732105,2.7920254443133605,0.24127073754979347,1026,0.021825813988526236,age+sex+eth+marital+PIR_level+edu+smoke+alcohol.user+PA_level+BMI_level,,IPM3_Cys_ln_U,VOC_urine.rds,CHF,Congestive heart failure,natural_log_transformed,1049,26,1023,15,2,2015-2016,WTSA2YR,ok,,0.3022678742562682
same_sample_unweighted,odds_ratio,1.8913151181995764,1.094643056001552,3.2677984450898534,0.2788985204789791,3107,0.022315077965227855,age+sex+eth+marital+PIR_level+edu+smoke+alcohol.user+PA_level+BMI_level,,X14_DCB_binary_S,VOC_serum.rds,CHF,Congestive heart failure,binary_above_detection_threshold,3130,65,3065,30,4,2013-2014|2015-2016,WTSVOC2Y,ok,,0.3022678742562682
same_sample_unweighted,odds_ratio,1.5502262861772522,1.054613448369159,2.278751083699148,0.19643574627739854,2123,0.025629661136275156,age+sex+eth+marital+PIR_level+edu+smoke+alcohol.user+PA_level+BMI_level,,X3_HPMA_ln_U,VOC_urine.rds,CHF,Congestive heart failure,natural_log_transformed,2146,40,2106,30,4,2013-2014|2015-2016,WTSA2YR,ok,,0.3182349591087498
same_sample_unweighted,odds_ratio,1.6097437621188853,1.0356182148128945,2.5021527650021382,0.22491842596620926,2184,0.03428902476929233,age+sex+eth+marital+PIR_level+edu+smoke+alcohol.user+PA_level+BMI_level,,CEMA_CEM_ln_U,VOC_urine.rds,CHF,Congestive heart failure,natural_log_transformed,2207,41,2166,30,4,2013-2014|2015-2016,WTSA2YR,ok,,0.3566261626576343
same_sample_unweighted,odds_ratio,0.4156565137676348,0.18114070469153656,0.9537907988802052,0.4233064382227801,1093,0.03808841788212369,age+sex+eth+marital+PIR_level+edu+smoke+alcohol.user+PA_level+BMI_level,,X2_AN_ln_U,AA_urine.rds,CHF,Congestive heart failure,natural_log_transformed,1116,13,1103,15,2,2013-2014,WTSA2YR,ok,,0.3566261626576343
same_sample_unweighted,odds_ratio,1.3457704611865955,1.015314269097996,1.7837808344911366,0.14368000023038624,2120,0.038747192098598976,age+sex+eth+marital+PIR_level+edu+smoke+alcohol.user+PA_level+BMI_level,,MBzP_ln_U,Phthalates_urine.rds,CHF,Congestive heart failure,natural_log_transformed,2143,51,2092,30,4,2013-2014|2015-2016,WTSB2YR,ok,,0.3566261626576343
same_sample_unweighted,odds_ratio,1.9167706517263552,1.0278196364393986,3.57456658840172,0.31778465850561766,2121,0.040615891226429016,age+sex+eth+marital+PIR_level+edu+smoke+alcohol.user+PA_level+BMI_level,,MHNCH_binary_U,Phthalates_urine.rds,CHF,Congestive heart failure,binary_above_detection_threshold,2144,51,2093,30,4,2013-2014|2015-2016,WTSB2YR,ok,,0.3566261626576343
same_sample_unweighted,odds_ratio,0.48555821281916856,0.24300352387971713,0.970219584769667,0.3529881841152289,2210,0.04068889104147505,age+sex+eth+marital+PIR_level+edu+smoke+alcohol.user+PA_level+BMI_level,,As_III_binary_U,HM_urine.rds,CHF,Congestive heart failure,binary_above_detection_threshold,2233,41,2192,30,4,2013-2014|2015-2016,WTSA2YR,ok,,0.3566261626576343
same_sample_unweighted,odds_ratio,1.8464653180387534,1.0183339662234114,3.3480511146693517,0.3034614283726489,2171,0.043287398006353575,age+sex+eth+marital+PIR_level+edu+smoke+alcohol.user+PA_level+BMI_level,,OXY_binary_U,pesticides_urine.rds,CHF,Congestive heart failure,binary_above_detection_threshold,2194,56,2138,30,4,2013-2014|2015-2016,WTSB2YR|WTSC2YR,ok,,0.35832346127481574
same_sample_unweighted,odds_ratio,1.4118968824639688,1.002440126187903,1.9886003708692426,0.17464678790775112,2120,0.04826379405139599,age+sex+eth+marital+PIR_level+edu+smoke+alcohol.user+PA_level+BMI_level,,MnBP_ln_U,Phthalates_urine.rds,CHF,Congestive heart failure,natural_log_transformed,2143,51,2092,30,4,2013-2014|2015-2016,WTSB2YR,ok,,0.3784897533504212
same_sample_unweighted,odds_ratio,1.5448781084343268,0.9919183838049993,2.406093494067969,0.22597027049725202,3233,0.05425580388688812,age+sex+eth+marital+PIR_level+edu+smoke+alcohol.user+PA_level+BMI_level,,Cd_ln_S,HM_serum.rds,CHF,Congestive heart failure,natural_log_transformed,3256,68,3188,30,4,2013-2014|2015-2016,WTSH2YR,ok,,0.3840940027191265
same_sample_unweighted,odds_ratio,1.346605947215982,0.9920013792799219,1.8279688062467534,0.1558449499818158,2207,0.056196479208382964,age+sex+eth+marital+PIR_level+edu+smoke+alcohol.user+PA_level+BMI_level,,Sn_ln_U,HM_urine.rds,CHF,Congestive heart failure,natural_log_transformed,2230,41,2189,30,4,2013-2014|2015-2016,WTSA2YR,ok,,0.3840940027191265
same_sample_unweighted,odds_ratio,0.1404805749656955,0.018519591656664575,1.065617012975041,1.033427781621425,3232,0.057538183051636924,age+sex+eth+marital+PIR_level+edu+smoke+alcohol.user+PA_level+BMI_level,,Se_ln_S,HM_serum.rds,CHF,Congestive heart failure,natural_log_transformed,3255,68,3187,30,4,2013-2014|2015-2016,WTSH2YR,ok,,0.3840940027191265
same_sample_unweighted,odds_ratio,1.5145125930938306,0.9836289655158167,2.3319244095632676,0.22008751251318054,2208,0.059289678272079926,age+sex+eth+marital+PIR_level+edu+smoke+alcohol.user+PA_level+BMI_level,,Co_ln_U,HM_urine.rds,CHF,Congestive heart failure,natural_log_transformed,2231,41,2190,30,4,2013-2014|2015-2016,WTSA2YR,ok,,0.3840940027191265
same_sample_unweighted,odds_ratio,1.544807406093832,0.967835256232097,2.4657398111461886,0.23843540143315248,2113,0.06815646373428459,age+sex+eth+marital+PIR_level+edu+smoke+alcohol.user+PA_level+BMI_level,,EO_ln_S,gas_serum.rds,CHF,Congestive heart failure,natural_log_transformed,2136,38,2098,30,4,2013-2014|2015-2016,WTSA2YR,ok,,0.4056472055242218
same_sample_unweighted,odds_ratio,1.757847169822397,0.9503060609901366,3.251612085092955,0.31363334082657024,2121,0.07208756254970129,age+sex+eth+marital+PIR_level+edu+smoke+alcohol.user+PA_level+BMI_level,,MINP_binary_U,Phthalates_urine.rds,CHF,Congestive heart failure,binary_above_detection_threshold,2144,51,2093,30,4,2013-2014|2015-2016,WTSB2YR,ok,,0.4056472055242218
same_sample_unweighted,odds_ratio,1.3422109679027812,0.9712320956949162,1.8548916271857,0.16496680820720033,2187,0.07440648390328582,age+sex+eth+marital+PIR_level+edu+smoke+alcohol.user+PA_level+BMI_level,,BMA_ln_U,VOC_urine.rds,CHF,Congestive heart failure,natural_log_transformed,2210,41,2169,30,4,2013-2014|2015-2016,WTSA2YR,ok,,0.4056472055242218
same_sample_unweighted,odds_ratio,1.30279145085848,0.9737955713086609,1.7429382659329906,0.14841065363157419,1919,0.07470370054805553,age+sex+eth+marital+PIR_level+edu+smoke+alcohol.user+PA_level+BMI_level,,DPHP_ln_U,BFR_urine.rds,CHF,Congestive heart failure,natural_log_transformed,1942,51,1891,30,4,2013-2014|2015-2016,WTSSBI2Y|WTSSCH2Y,ok,,0.4056472055242218
same_sample_unweighted,odds_ratio,1.6181093739739818,0.9499755958801321,2.756152850133684,0.2714376215869226,1132,0.07622900506495443,age+sex+eth+marital+PIR_level+edu+smoke+alcohol.user+PA_level+BMI_level,,Harman_ln_U,AA_urine.rds,CHF,Congestive heart failure,natural_log_transformed,1155,15,1140,15,2,2013-2014,WTSA2YR,ok,,0.4056472055242218
same_sample_unweighted,odds_ratio,1.3406467097691164,0.9638571251556364,1.8647303148011045,0.16825991066619808,2207,0.08146337008605711,age+sex+eth+marital+PIR_level+edu+smoke+alcohol.user+PA_level+BMI_level,,W_ln_U,HM_urine.rds,CHF,Congestive heart failure,natural_log_transformed,2230,41,2189,30,4,2013-2014|2015-2016,WTSA2YR,ok,,0.4185531773387073
same_sample_unweighted,odds_ratio,1.3877076522705656,0.9516107675573392,2.0236556729106683,0.19237174411813193,2167,0.08852514246716059,age+sex+eth+marital+PIR_level+edu+smoke+alcohol.user+PA_level+BMI_level,,PMM_Cys_ln_U,VOC_urine.rds,CHF,Congestive heart failure,natural_log_transformed,2190,41,2149,30,4,2013-2014|2015-2016,WTSA2YR,ok,,0.4396748742535643
same_sample_unweighted,odds_ratio,2.1549840053647373,0.8583922675908555,5.41006278680896,0.4690628750274634,985,0.10166282488768358,age+sex+eth+marital+PIR_level+edu+smoke+alcohol.user+PA_level+BMI_level,,X4_MDA_binary_U,AA_urine.rds,CHF,Congestive heart failure,binary_above_detection_threshold,1008,25,983,15,2,2015-2016,WTSA2YR,ok,,0.48618804531787757
same_sample_unweighted,odds_ratio,0.6280758550908936,0.3570040073944028,1.1049715733648706,0.2879054673394319,1086,0.10621520086941445,age+sex+eth+marital+PIR_level+edu+smoke+alcohol.user+PA_level+BMI_level,,X1_AN_ln_U,AA_urine.rds,CHF,Congestive heart failure,natural_log_transformed,1109,14,1095,15,2,2013-2014,WTSA2YR,ok,,0.48618804531787757
same_sample_unweighted,odds_ratio,1.4501117873012206,0.9206050996508429,2.284176132054316,0.23169388842463545,2173,0.10871057911241777,age+sex+eth+marital+PIR_level+edu+smoke+alcohol.user+PA_level+BMI_level,,CMAC_ln_U,VOC_urine.rds,CHF,Congestive heart failure,natural_log_transformed,2196,41,2155,30,4,2013-2014|2015-2016,WTSA2YR,ok,,0.48618804531787757
same_sample_unweighted,odds_ratio,1.3646474623907943,0.9309077984294751,2.0004802836021334,0.1950448733431898,2202,0.11094223852891165,age+sex+eth+marital+PIR_level+edu+smoke+alcohol.user+PA_level+BMI_level,,X2_FL_ln_U,PAH_urine.rds,CHF,Congestive heart failure,natural_log_transformed,2225,40,2185,30,4,2013-2014|2015-2016,WTSA2YR,ok,,0.48618804531787757
same_sample_unweighted,odds_ratio,0.2966082985001653,0.06155841233000552,1.4291545121003812,0.8017730897919271,1943,0.12956513021919158,age+sex+eth+marital+PIR_level+edu+smoke+alcohol.user+PA_level+BMI_level,,FA_ln_S,gas_serum.rds,CHF,Congestive heart failure,natural_log_transformed,1966,39,1927,30,4,2013-2014|2015-2016,WTSA2YR,ok,,0.5515772686474156
same_sample_unweighted,odds_ratio,1.1998520200789367,0.9373870158729628,1.5358062846078608,0.12587850259840372,2135,0.1477811723881983,age+sex+eth+marital+PIR_level+edu+smoke+alcohol.user+PA_level+BMI_level,,X1_NP_ln_U,PAH_urine.rds,CHF,Congestive heart failure,natural_log_transformed,2158,40,2118,30,4,2013-2014|2015-2016,WTSA2YR,ok,,0.5857421818369054
same_sample_unweighted,odds_ratio,1.9611930905315076,0.7837353545077249,4.907623876128986,0.4674252296623197,1009,0.1495887614791493,age+sex+eth+marital+PIR_level+edu+smoke+alcohol.user+PA_level+BMI_level,,MCOCH_binary_U,Phthalates_urine.rds,CHF,Congestive heart failure,binary_above_detection_threshold,1032,28,1004,15,2,2015-2016,WTSB2YR,ok,,0.5857421818369054
same_sample_unweighted,odds_ratio,0.8218178119650108,0.6282408098556066,1.075040821079717,0.13696433390409846,2167,0.1519274183951678,age+sex+eth+marital+PIR_level+edu+smoke+alcohol.user+PA_level+BMI_level,,NPMA_ln_U,VOC_urine.rds,CHF,Congestive heart failure,natural_log_transformed,2190,40,2150,30,4,2013-2014|2015-2016,WTSA2YR,ok,,0.5857421818369054
same_sample_unweighted,odds_ratio,1.4380985420735966,0.8731446629724207,2.3685965274914915,0.2544413864257315,2158,0.15331506772912287,age+sex+eth+marital+PIR_level+edu+smoke+alcohol.user+PA_level+BMI_level,,MA_ln_U,VOC_urine.rds,CHF,Congestive heart failure,natural_log_transformed,2181,41,2140,30,4,2013-2014|2015-2016,WTSA2YR,ok,,0.5857421818369054
same_sample_unweighted,odds_ratio,1.3937282533633009,0.8652461288055708,2.2450010228934656,0.24309747687118188,2208,0.17205364533351217,age+sex+eth+marital+PIR_level+edu+smoke+alcohol.user+PA_level+BMI_level,,Cd_ln_U,HM_urine.rds,CHF,Congestive heart failure,natural_log_transformed,2231,41,2190,30,4,2013-2014|2015-2016,WTSA2YR,ok,,0.6215808425584531
same_sample_unweighted,odds_ratio,1.5991151023615546,0.8097329885474094,3.158039930160366,0.3470106034748409,2209,0.1761062072323622,age+sex+eth+marital+PIR_level+edu+smoke+alcohol.user+PA_level+BMI_level,,Mn_binary_U,HM_urine.rds,CHF,Congestive heart failure,binary_above_detection_threshold,2232,41,2191,30,4,2013-2014|2015-2016,WTSA2YR,ok,,0.6215808425584531
same_sample_unweighted,odds_ratio,0.785720189386657,0.55182663211228,1.1187503104855419,0.18018442037183746,2019,0.18077382738675973,age+sex+eth+marital+PIR_level+edu+smoke+alcohol.user+PA_level+BMI_level,,HIBP_ln_U,Phthalates_urine.rds,CHF,Congestive heart failure,natural_log_transformed,2042,51,1991,30,4,2013-2014|2015-2016,WTSB2YR|WTSSBH2Y,ok,,0.6215808425584531
same_sample_unweighted,odds_ratio,1.2942227542490705,0.8814587271634678,1.9002733605080255,0.19585558120892532,2137,0.18789249863887988,age+sex+eth+marital+PIR_level+edu+smoke+alcohol.user+PA_level+BMI_level,,MB3_Cys_ln_U,VOC_urine.rds,CHF,Congestive heart failure,natural_log_transformed,2160,41,2119,30,4,2013-2014|2015-2016,WTSA2YR,ok,,0.6215808425584531
same_sample_unweighted,odds_ratio,0.6602137420269677,0.3550113867425448,1.2277977592796325,0.31636290321412847,2122,0.18938843607688163,age+sex+eth+marital+PIR_level+edu+smoke+alcohol.user+PA_level+BMI_level,,EtP_binary_U,PCCP_urine.rds,CHF,Congestive heart failure,binary_above_detection_threshold,2145,51,2094,30,4,2013-2014|2015-2016,WTSB2YR,ok,,0.6215808425584531
same_sample_unweighted,odds_ratio,0.3553677572362192,0.07402410707113485,1.706015079138251,0.7992208241631479,819,0.19548813365758627,age+sex+eth+marital+PIR_level+edu+smoke+alcohol.user+PA_level+BMI_level,,X5OHIMI_binary_U,pesticides_urine.rds,CHF,Congestive heart failure,binary_above_detection_threshold,842,24,818,15,2,2015-2016,WTSSBI2Y,ok,,0.6215808425584531
same_sample_unweighted,odds_ratio,1.1778491945200615,0.9184787256969844,1.510463646263323,0.126823531894131,1917,0.1968106618189913,age+sex+eth+marital+PIR_level+edu+smoke+alcohol.user+PA_level+BMI_level,,BCETP_ln_U,BFR_urine.rds,CHF,Congestive heart failure,natural_log_transformed,1940,51,1889,30,4,2013-2014|2015-2016,WTSSBI2Y|WTSSCH2Y,ok,,0.6215808425584531
same_sample_unweighted,odds_ratio,1.280296015254435,0.8792271071184448,1.864316822588098,0.19163293496047631,2169,0.1972594117869959,age+sex+eth+marital+PIR_level+edu+smoke+alcohol.user+PA_level+BMI_level,,X2_NP_ln_U,PAH_urine.rds,CHF,Congestive heart failure,natural_log_transformed,2192,40,2152,30,4,2013-2014|2015-2016,WTSA2YR,ok,,0.6215808425584531
same_sample_unweighted,odds_ratio,1.2525577060901814,0.8872856079743919,1.768202699317509,0.17580891473039661,2120,0.2002408083409782,age+sex+eth+marital+PIR_level+edu+smoke+alcohol.user+PA_level+BMI_level,,MCNP_ln_U,Phthalates_urine.rds,CHF,Congestive heart failure,natural_log_transformed,2143,51,2092,30,4,2013-2014|2015-2016,WTSB2YR,ok,,0.6215808425584531
same_sample_unweighted,odds_ratio,0.6681654791132702,0.35726963933391503,1.2496027043076134,0.3190197007176762,974,0.20625420482327217,age+sex+eth+marital+PIR_level+edu+smoke+alcohol.user+PA_level+BMI_level,,n_PFOA_ln_S,PFC_serum.rds,CHF,Congestive heart failure,natural_log_transformed,997,26,971,15,2,2015-2016,WTSB2YR,ok,,0.6271811534421949
same_sample_unweighted,odds_ratio,0.48239436356889687,0.152056242005067,1.5303832248812685,0.5883264246042482,989,0.21530969745798706,age+sex+eth+marital+PIR_level+edu+smoke+alcohol.user+PA_level+BMI_level,,PFHxA_binary_U,PFC_urine.rds,CHF,Congestive heart failure,binary_above_detection_threshold,1012,23,989,15,2,2013-2014,WTSSBH2Y,ok,,0.6416228984248015
same_sample_unweighted,odds_ratio,1.344205930957442,0.8366498131296598,2.159672489571381,0.24178203361073347,2133,0.22116723535170424,age+sex+eth+marital+PIR_level+edu+smoke+alcohol.user+PA_level+BMI_level,,CEMA_AAM_ln_U,VOC_urine.rds,CHF,Congestive heart failure,natural_log_transformed,2156,41,2115,30,4,2013-2014|2015-2016,WTSA2YR,ok,,0.6428565397187305
same_sample_unweighted,odds_ratio,0.36523056608509297,0.07177449720869471,1.8585064555029487,0.8289688492862002,875,0.224352617888416,age+sex+eth+marital+PIR_level+edu+smoke+alcohol.user+PA_level+BMI_level,,IPPPP_binary_U,BFR_urine.rds,CHF,Congestive heart failure,binary_above_detection_threshold,898,25,873,15,2,2015-2016,WTSSBI2Y,ok,,0.6428565397187305
same_sample_unweighted,odds_ratio,1.5099850466568068,0.7659936985329104,2.9765973864982094,0.34608136949981455,2196,0.23374793355424492,age+sex+eth+marital+PIR_level+edu+smoke+alcohol.user+PA_level+BMI_level,,GAM_Cys_binary_U,VOC_urine.rds,CHF,Congestive heart failure,binary_above_detection_threshold,2219,41,2178,30,4,2013-2014|2015-2016,WTSA2YR,ok,,0.6571404169732545
same_sample_unweighted,odds_ratio,0.5484668207103708,0.19655903064152636,1.5304097320705325,0.5233607980674574,3139,0.2511182310864251,age+sex+eth+marital+PIR_level+edu+smoke+alcohol.user+PA_level+BMI_level,,Furan_binary_S,VOC_serum.rds,CHF,Congestive heart failure,binary_above_detection_threshold,3162,66,3096,30,4,2013-2014|2015-2016,WTSVOC2Y,ok,,0.6929003042940248
same_sample_unweighted,odds_ratio,1.4667305823895833,0.7524785749130659,2.8589499728486314,0.34015023442534165,1097,0.260132337808963,age+sex+eth+marital+PIR_level+edu+smoke+alcohol.user+PA_level+BMI_level,,X4_ABP_ln_U,AA_urine.rds,CHF,Congestive heart failure,natural_log_transformed,1120,13,1107,15,2,2013-2014,WTSA2YR,ok,,0.6969208525558813
same_sample_unweighted,odds_ratio,2.0827706374183337,0.5635800806115551,7.697102288258254,0.6660014497229394,876,0.2706148105868008,age+sex+eth+marital+PIR_level+edu+smoke+alcohol.user+PA_level+BMI_level,,TBPPP_binary_U,BFR_urine.rds,CHF,Congestive heart failure,binary_above_detection_threshold,899,25,874,15,2,2015-2016,WTSSBI2Y,ok,,0.6969208525558813
same_sample_unweighted,odds_ratio,0.7500339941469224,0.44926636097932315,1.2521547154114134,0.26134237899091267,2208,0.2710652448222162,age+sex+eth+marital+PIR_level+edu+smoke+alcohol.user+PA_level+BMI_level,,Pb_ln_U,HM_urine.rds,CHF,Congestive heart failure,natural_log_transformed,2231,41,2190,30,4,2013-2014|2015-2016,WTSA2YR,ok,,0.6969208525558813
same_sample_unweighted,odds_ratio,0.8346592255937825,0.6047621471686492,1.1519504422199514,0.1642946923500424,2208,0.27131199685785456,age+sex+eth+marital+PIR_level+edu+smoke+alcohol.user+PA_level+BMI_level,,Ba_ln_U,HM_urine.rds,CHF,Congestive heart failure,natural_log_transformed,2231,41,2190,30,4,2013-2014|2015-2016,WTSA2YR,ok,,0.6969208525558813
same_sample_unweighted,odds_ratio,2.029153015406871,0.5672583403886474,7.2585304909114035,0.649527730147594,1023,0.27596194832749665,age+sex+eth+marital+PIR_level+edu+smoke+alcohol.user+PA_level+BMI_level,,DPCP_binary_U,BFR_urine.rds,CHF,Congestive heart failure,binary_above_detection_threshold,1046,26,1020,15,2,2013-2014,WTSSCH2Y,ok,,0.6969208525558813
same_sample_unweighted,odds_ratio,1.4469290671320276,0.7279571721234216,2.875998486565635,0.3503592122422159,3137,0.29166759625708844,age+sex+eth+marital+PIR_level+edu+smoke+alcohol.user+PA_level+BMI_level,,DBCM_binary_S,VOC_serum.rds,CHF,Congestive heart failure,binary_above_detection_threshold,3160,66,3094,30,4,2013-2014|2015-2016,WTSVOC2Y,ok,,0.7243078640384363
same_sample_unweighted,odds_ratio,1.179434085981301,0.8571933098069291,1.6228133692362405,0.16273279848726233,2193,0.31051332966262873,age+sex+eth+marital+PIR_level+edu+smoke+alcohol.user+PA_level+BMI_level,,X34_MHA_ln_U,VOC_urine.rds,CHF,Congestive heart failure,natural_log_transformed,2216,41,2175,30,4,2013-2014|2015-2016,WTSA2YR,ok,,0.7584669855693718
same_sample_unweighted,odds_ratio,1.1352268638041823,0.8838158381522215,1.458154489511102,0.12765344413983917,2120,0.3204327192575958,age+sex+eth+marital+PIR_level+edu+smoke+alcohol.user+PA_level+BMI_level,,MCOP_ln_U,Phthalates_urine.rds,CHF,Congestive heart failure,natural_log_transformed,2143,51,2092,30,4,2013-2014|2015-2016,WTSB2YR,ok,,0.770072180151319
same_sample_unweighted,odds_ratio,1.4632387984139776,0.6748685274515315,3.1725702030722585,0.3946326994271967,2210,0.3347583638342587,age+sex+eth+marital+PIR_level+edu+smoke+alcohol.user+PA_level+BMI_level,,AsC_binary_U,HM_urine.rds,CHF,Congestive heart failure,binary_above_detection_threshold,2233,41,2192,30,4,2013-2014|2015-2016,WTSA2YR,ok,,0.7851675850931833
same_sample_unweighted,odds_ratio,1.3745381052034922,0.7174936393511085,2.633270734448759,0.33150846905954723,2160,0.33725319091250827,age+sex+eth+marital+PIR_level+edu+smoke+alcohol.user+PA_level+BMI_level,,PMA_binary_U,VOC_urine.rds,CHF,Congestive heart failure,binary_above_detection_threshold,2183,41,2142,30,4,2013-2014|2015-2016,WTSA2YR,ok,,0.7851675850931833
same_sample_unweighted,odds_ratio,1.3173036016172868,0.7230905653758476,2.399822182622322,0.30591136604319363,3123,0.36765648930267,age+sex+eth+marital+PIR_level+edu+smoke+alcohol.user+PA_level+BMI_level,,m_p_Xylene_binary_S,VOC_serum.rds,CHF,Congestive heart failure,binary_above_detection_threshold,3146,65,3081,30,4,2013-2014|2015-2016,WTSVOC2Y,ok,,0.8349686758439324
same_sample_unweighted,odds_ratio,1.1929093610042187,0.8109060763651773,1.7548675303434964,0.19670477109120946,1007,0.3698518966825472,age+sex+eth+marital+PIR_level+edu+smoke+alcohol.user+PA_level+BMI_level,,DMP_ln_U,pesticides_urine.rds,CHF,Congestive heart failure,natural_log_transformed,1030,28,1002,15,2,2015-2016,WTSB2YR,ok,,0.8349686758439324
same_sample_unweighted,odds_ratio,0.8467074217782056,0.5804186493098286,1.235166132147498,0.1925456857916989,2050,0.3874720670896653,age+sex+eth+marital+PIR_level+edu+smoke+alcohol.user+PA_level+BMI_level,,PFDA_ln_S,PFC_serum.rds,CHF,Congestive heart failure,natural_log_transformed,2073,50,2023,30,4,2013-2014|2015-2016,WTSB2YR,ok,,0.8511878911405666
same_sample_unweighted,odds_ratio,0.5134366690163431,0.10881112169883304,2.4227046737027162,0.7906341178157311,989,0.3991407154913748,age+sex+eth+marital+PIR_level+edu+smoke+alcohol.user+PA_level+BMI_level,,PFBA_binary_U,PFC_urine.rds,CHF,Congestive heart failure,binary_above_detection_threshold,1012,23,989,15,2,2013-2014,WTSSBH2Y,ok,,0.8511878911405666
same_sample_unweighted,odds_ratio,0.6765775149508017,0.27087463421719915,1.689922480411926,0.46648563027174056,1011,0.4022796109733839,age+sex+eth+marital+PIR_level+edu+smoke+alcohol.user+PA_level+BMI_level,,DETP_binary_U,pesticides_urine.rds,CHF,Congestive heart failure,binary_above_detection_threshold,1034,28,1006,15,2,2015-2016,WTSB2YR,ok,,0.8511878911405666
same_sample_unweighted,odds_ratio,0.764397764899377,0.40574010011145684,1.4400941460374634,0.3229658969948512,2050,0.40547996753623555,age+sex+eth+marital+PIR_level+edu+smoke+alcohol.user+PA_level+BMI_level,,PFUnDA_binary_S,PFC_serum.rds,CHF,Congestive heart failure,binary_above_detection_threshold,2073,50,2023,30,4,2013-2014|2015-2016,WTSB2YR,ok,,0.8511878911405666
same_sample_unweighted,odds_ratio,0.9172366629250608,0.7430880767947349,1.1321983518332004,0.10736459277068111,2120,0.42102793531269955,age+sex+eth+marital+PIR_level+edu+smoke+alcohol.user+PA_level+BMI_level,,MEP_ln_U,Phthalates_urine.rds,CHF,Congestive heart failure,natural_log_transformed,2143,51,2092,30,4,2013-2014|2015-2016,WTSB2YR,ok,,0.8511878911405666
same_sample_unweighted,odds_ratio,1.2307540145522067,0.7413776260659405,2.0431631480090635,0.2584711737389464,2207,0.42180782425684554,age+sex+eth+marital+PIR_level+edu+smoke+alcohol.user+PA_level+BMI_level,,Mo_ln_U,HM_urine.rds,CHF,Congestive heart failure,natural_log_transformed,2230,41,2189,30,4,2013-2014|2015-2016,WTSA2YR,ok,,0.8511878911405666
same_sample_unweighted,odds_ratio,1.1626923665239048,0.8046347817304965,1.6800833991610207,0.18770495635324735,2120,0.42194012019145877,age+sex+eth+marital+PIR_level+edu+smoke+alcohol.user+PA_level+BMI_level,,MiBP_ln_U,Phthalates_urine.rds,CHF,Congestive heart failure,natural_log_transformed,2143,51,2092,30,4,2013-2014|2015-2016,WTSB2YR,ok,,0.8511878911405666
same_sample_unweighted,odds_ratio,1.1556415193801433,0.8112364803974644,1.646261421405649,0.1804404112870775,2201,0.4227376103651136,age+sex+eth+marital+PIR_level+edu+smoke+alcohol.user+PA_level+BMI_level,,X3_FL_ln_U,PAH_urine.rds,CHF,Congestive heart failure,natural_log_transformed,2224,41,2183,30,4,2013-2014|2015-2016,WTSA2YR,ok,,0.8511878911405666
same_sample_unweighted,odds_ratio,1.1425960585795905,0.8144829655563721,1.6028889593655429,0.17261497068812487,2208,0.43996291950470445,age+sex+eth+marital+PIR_level+edu+smoke+alcohol.user+PA_level+BMI_level,,U_ln_U,HM_urine.rds,CHF,Congestive heart failure,natural_log_transformed,2231,41,2190,30,4,2013-2014|2015-2016,WTSA2YR,ok,,0.8656532008141574
same_sample_unweighted,odds_ratio,0.871882643185825,0.6121607188687646,1.2417969988232265,0.18033554041019262,2050,0.44710399291052294,age+sex+eth+marital+PIR_level+edu+smoke+alcohol.user+PA_level+BMI_level,,PFHS_ln_S,PFC_serum.rds,CHF,Congestive heart failure,natural_log_transformed,2073,50,2023,30,4,2013-2014|2015-2016,WTSB2YR,ok,,0.8656532008141574
same_sample_unweighted,odds_ratio,1.2621202508374796,0.6881707611284685,2.314756187783876,0.3092736478454276,2121,0.4516248251453239,age+sex+eth+marital+PIR_level+edu+smoke+alcohol.user+PA_level+BMI_level,,MEHP_binary_U,Phthalates_urine.rds,CHF,Congestive heart failure,binary_above_detection_threshold,2144,51,2093,30,4,2013-2014|2015-2016,WTSB2YR,ok,,0.8656532008141574
same_sample_unweighted,odds_ratio,1.2954236197198983,0.6584879587007251,2.548448050347554,0.3450452306363672,2210,0.453160735996673,age+sex+eth+marital+PIR_level+edu+smoke+alcohol.user+PA_level+BMI_level,,AsB_binary_U,HM_urine.rds,CHF,Congestive heart failure,binary_above_detection_threshold,2233,41,2192,30,4,2013-2014|2015-2016,WTSA2YR,ok,,0.8656532008141574
same_sample_unweighted,odds_ratio,1.129244603065152,0.8139419727150288,1.56668830985355,0.1669594428843416,2194,0.4666046332590063,age+sex+eth+marital+PIR_level+edu+smoke+alcohol.user+PA_level+BMI_level,,Thiocyanate_ln_U,PERNT_urine.rds,CHF,Congestive heart failure,natural_log_transformed,2217,41,2176,30,4,2013-2014|2015-2016,WTSA2YR,ok,,0.8723039461840997
same_sample_unweighted,odds_ratio,0.6584136878703314,0.20063667230015514,2.1606647449100214,0.6056016622841957,1042,0.4901353183529591,age+sex+eth+marital+PIR_level+edu+smoke+alcohol.user+PA_level+BMI_level,,X26_DMA_binary_U,AA_urine.rds,CHF,Congestive heart failure,binary_above_detection_threshold,1065,15,1050,15,2,2013-2014,WTSA2YR,ok,,0.8723039461840997
same_sample_unweighted,odds_ratio,1.2716977241894551,0.6370590373229502,2.5385639429973423,0.3524869794252748,2179,0.495316668275697,age+sex+eth+marital+PIR_level+edu+smoke+alcohol.user+PA_level+BMI_level,,HEMA_binary_U,VOC_urine.rds,CHF,Congestive heart failure,binary_above_detection_threshold,2202,41,2161,30,4,2013-2014|2015-2016,WTSA2YR,ok,,0.8723039461840997
same_sample_unweighted,odds_ratio,1.1035459629461533,0.8300149152666558,1.4672190462306454,0.1452463345809845,2120,0.49754654432726836,age+sex+eth+marital+PIR_level+edu+smoke+alcohol.user+PA_level+BMI_level,,MCPP_ln_U,Phthalates_urine.rds,CHF,Congestive heart failure,natural_log_transformed,2143,51,2092,30,4,2013-2014|2015-2016,WTSB2YR,ok,,0.8723039461840997
same_sample_unweighted,odds_ratio,0.9061128052395551,0.6807267430892601,1.2061233441381591,0.1458301245431981,1912,0.4989957704492661,age+sex+eth+marital+PIR_level+edu+smoke+alcohol.user+PA_level+BMI_level,,BDCPP_ln_U,BFR_urine.rds,CHF,Congestive heart failure,natural_log_transformed,1935,50,1885,30,4,2013-2014|2015-2016,WTSSBI2Y|WTSSCH2Y,ok,,0.8723039461840997
same_sample_unweighted,odds_ratio,0.8388576805265083,0.5020129539154599,1.4017212159366215,0.26180771937284314,2208,0.502120194151373,age+sex+eth+marital+PIR_level+edu+smoke+alcohol.user+PA_level+BMI_level,,Sb_ln_U,HM_urine.rds,CHF,Congestive heart failure,natural_log_transformed,2231,41,2190,30,4,2013-2014|2015-2016,WTSA2YR,ok,,0.8723039461840997
same_sample_unweighted,odds_ratio,1.1488653613042523,0.7636702447414434,1.7283528165374926,0.2082533808204139,2198,0.505171541179686,age+sex+eth+marital+PIR_level+edu+smoke+alcohol.user+PA_level+BMI_level,,Perchlorate_ln_U,PERNT_urine.rds,CHF,Congestive heart failure,natural_log_transformed,2221,41,2180,30,4,2013-2014|2015-2016,WTSA2YR,ok,,0.8723039461840997
same_sample_unweighted,odds_ratio,0.9515089318102582,0.8209435881051617,1.1028397814816995,0.07526179772800905,2120,0.5089689230045695,age+sex+eth+marital+PIR_level+edu+smoke+alcohol.user+PA_level+BMI_level,,PrP_ln_U,PCCP_urine.rds,CHF,Congestive heart failure,natural_log_transformed,2143,51,2092,30,4,2013-2014|2015-2016,WTSB2YR,ok,,0.8723039461840997
same_sample_unweighted,odds_ratio,0.6010258809144273,0.12701688238241163,2.843969264191169,0.7921224231101136,1053,0.5204022301672546,age+sex+eth+marital+PIR_level+edu+smoke+alcohol.user+PA_level+BMI_level,,PFHpA_binary_S,PFC_serum.rds,CHF,Congestive heart failure,binary_above_detection_threshold,1076,24,1052,15,2,2013-2014,WTSB2YR,ok,,0.8723039461840997
same_sample_unweighted,odds_ratio,0.8977331330611035,0.6450388227839227,1.2494205770707172,0.16856362812136969,2178,0.52216599621868,age+sex+eth+marital+PIR_level+edu+smoke+alcohol.user+PA_level+BMI_level,,X24D_ln_U,pesticides_urine.rds,CHF,Congestive heart failure,natural_log_transformed,2201,56,2145,30,4,2013-2014|2015-2016,WTSB2YR|WTSC2YR,ok,,0.8723039461840997
same_sample_unweighted,odds_ratio,1.1398842737207033,0.7546373793303637,1.7218020112239292,0.21031915836065818,2202,0.5336035583348109,age+sex+eth+marital+PIR_level+edu+smoke+alcohol.user+PA_level+BMI_level,,X1_PY_ln_U,PAH_urine.rds,CHF,Congestive heart failure,natural_log_transformed,2225,41,2184,30,4,2013-2014|2015-2016,WTSA2YR,ok,,0.8723039461840997
same_sample_unweighted,odds_ratio,0.7836609104836604,0.3614560746383526,1.6990291925084644,0.39466797462467706,3113,0.5367857138876526,age+sex+eth+marital+PIR_level+edu+smoke+alcohol.user+PA_level+BMI_level,,BDCM_binary_S,VOC_serum.rds,CHF,Congestive heart failure,binary_above_detection_threshold,3136,66,3070,30,4,2013-2014|2015-2016,WTSVOC2Y,ok,,0.8723039461840997
same_sample_unweighted,odds_ratio,0.8259683908796053,0.44747947889396017,1.5245923330797295,0.3125258664264689,1920,0.5406797258621638,age+sex+eth+marital+PIR_level+edu+smoke+alcohol.user+PA_level+BMI_level,,DBUP_binary_U,BFR_urine.rds,CHF,Congestive heart failure,binary_above_detection_threshold,1943,51,1892,30,4,2013-2014|2015-2016,WTSSBI2Y|WTSSCH2Y,ok,,0.8723039461840997
same_sample_unweighted,odds_ratio,1.2561819694257697,0.6004604274711279,2.6279719164112287,0.3761745940749269,1055,0.5443115323290226,age+sex+eth+marital+PIR_level+edu+smoke+alcohol.user+PA_level+BMI_level,,o_TLD_ln_U,AA_urine.rds,CHF,Congestive heart failure,natural_log_transformed,1078,14,1064,15,2,2013-2014,WTSA2YR,ok,,0.8723039461840997
same_sample_unweighted,odds_ratio,0.9431644335332221,0.7804786341620076,1.1397610514183452,0.09654523363916442,2120,0.5444581677524918,age+sex+eth+marital+PIR_level+edu+smoke+alcohol.user+PA_level+BMI_level,,MeP_ln_U,PCCP_urine.rds,CHF,Congestive heart failure,natural_log_transformed,2143,51,2092,30,4,2013-2014|2015-2016,WTSB2YR,ok,,0.8723039461840997
same_sample_unweighted,odds_ratio,1.1545864047471162,0.689415079016831,1.9336243238658934,0.26294877036861725,2199,0.5846159618957929,age+sex+eth+marital+PIR_level+edu+smoke+alcohol.user+PA_level+BMI_level,,Nitrate_ln_U,PERNT_urine.rds,CHF,Congestive heart failure,natural_log_transformed,2222,41,2181,30,4,2013-2014|2015-2016,WTSA2YR,ok,,0.8974342077824078
same_sample_unweighted,odds_ratio,1.1217352032580397,0.7394905362156795,1.7015631770862352,0.21233742696344443,1015,0.588500353612691,age+sex+eth+marital+PIR_level+edu+smoke+alcohol.user+PA_level+BMI_level,,DEP_ln_U,pesticides_urine.rds,CHF,Congestive heart failure,natural_log_transformed,1038,28,1010,15,2,2015-2016,WTSB2YR,ok,,0.8974342077824078
same_sample_unweighted,odds_ratio,0.955166334893897,0.8087754520510643,1.1280544247490798,0.08483357086323119,2155,0.5887121906126288,age+sex+eth+marital+PIR_level+edu+smoke+alcohol.user+PA_level+BMI_level,,DEA_ln_U,pesticides_urine.rds,CHF,Congestive heart failure,natural_log_transformed,2178,55,2123,30,4,2013-2014|2015-2016,WTSB2YR|WTSC2YR,ok,,0.8974342077824078
same_sample_unweighted,odds_ratio,1.382380858101599,0.42463114882975,4.500321849002869,0.6019936838881944,3135,0.5906519724782651,age+sex+eth+marital+PIR_level+edu+smoke+alcohol.user+PA_level+BMI_level,,X25_DMF_binary_S,VOC_serum.rds,CHF,Congestive heart failure,binary_above_detection_threshold,3158,66,3092,30,4,2013-2014|2015-2016,WTSVOC2Y,ok,,0.8974342077824078
same_sample_unweighted,odds_ratio,1.1277213325983888,0.7172668351865864,1.7730575869531973,0.23073855751219635,2050,0.6024142067026004,age+sex+eth+marital+PIR_level+edu+smoke+alcohol.user+PA_level+BMI_level,,PFNA_ln_S,PFC_serum.rds,CHF,Congestive heart failure,natural_log_transformed,2073,50,2023,30,4,2013-2014|2015-2016,WTSB2YR,ok,,0.8974342077824078
same_sample_unweighted,odds_ratio,1.1176739538777374,0.7347802960076116,1.70009331219703,0.21388301114696917,2203,0.6029640801982192,age+sex+eth+marital+PIR_level+edu+smoke+alcohol.user+PA_level+BMI_level,,X23_OH_PH_ln_U,PAH_urine.rds,CHF,Congestive heart failure,natural_log_transformed,2226,41,2185,30,4,2013-2014|2015-2016,WTSA2YR,ok,,0.8974342077824078
same_sample_unweighted,odds_ratio,1.1620862157882257,0.6343205847004874,2.1289619247697114,0.3087098572003869,2050,0.6265449571692241,age+sex+eth+marital+PIR_level+edu+smoke+alcohol.user+PA_level+BMI_level,,MeFOSAA_binary_S,PFC_serum.rds,CHF,Congestive heart failure,binary_above_detection_threshold,2073,50,2023,30,4,2013-2014|2015-2016,WTSB2YR,ok,,0.8974342077824078
same_sample_unweighted,odds_ratio,1.3255500567998992,0.4163962105871905,4.219738096570153,0.590167158227957,1131,0.6329787472770718,age+sex+eth+marital+PIR_level+edu+smoke+alcohol.user+PA_level+BMI_level,,PhIP_binary_U,AA_urine.rds,CHF,Congestive heart failure,binary_above_detection_threshold,1154,15,1139,15,2,2013-2014,WTSA2YR,ok,,0.8974342077824078
same_sample_unweighted,odds_ratio,0.877531177229961,0.5053895721746261,1.52369777575174,0.28117723338135725,974,0.6421979305519435,age+sex+eth+marital+PIR_level+edu+smoke+alcohol.user+PA_level+BMI_level,,Sm_PFOS_ln_S,PFC_serum.rds,CHF,Congestive heart failure,natural_log_transformed,997,26,971,15,2,2015-2016,WTSB2YR,ok,,0.8974342077824078
same_sample_unweighted,odds_ratio,0.867997798465227,0.477158489199914,1.5789725954657008,0.3051096648756423,2152,0.6426589790519135,age+sex+eth+marital+PIR_level+edu+smoke+alcohol.user+PA_level+BMI_level,,DCVDMPCA_binary_U,pesticides_urine.rds,CHF,Congestive heart failure,binary_above_detection_threshold,2175,56,2119,30,4,2013-2014|2015-2016,WTSB2YR|WTSC2YR,ok,,0.8974342077824078
same_sample_unweighted,odds_ratio,0.907598221225592,0.6003926791311859,1.3719929636115242,0.21071375668479153,2208,0.6454305244620913,age+sex+eth+marital+PIR_level+edu+smoke+alcohol.user+PA_level+BMI_level,,Sr_ln_U,HM_urine.rds,CHF,Congestive heart failure,natural_log_transformed,2231,41,2190,30,4,2013-2014|2015-2016,WTSA2YR,ok,,0.8974342077824078
same_sample_unweighted,odds_ratio,1.1009202442346984,0.7305617218288848,1.6590321501263565,0.2091150513657318,2158,0.6456758655085748,age+sex+eth+marital+PIR_level+edu+smoke+alcohol.user+PA_level+BMI_level,,TCPY_ln_U,pesticides_urine.rds,CHF,Congestive heart failure,natural_log_transformed,2181,56,2125,30,4,2013-2014|2015-2016,WTSB2YR|WTSC2YR,ok,,0.8974342077824078
same_sample_unweighted,odds_ratio,1.1535238688637242,0.6210301179173603,2.1425970780621593,0.31572379113296667,1922,0.6510081140901689,age+sex+eth+marital+PIR_level+edu+smoke+alcohol.user+PA_level+BMI_level,,BCPP_binary_U,BFR_urine.rds,CHF,Congestive heart failure,binary_above_detection_threshold,1945,51,1894,30,4,2013-2014|2015-2016,WTSSBI2Y|WTSSCH2Y,ok,,0.8974342077824078
same_sample_unweighted,odds_ratio,0.7534876697020311,0.21891504490673674,2.5934428976083854,0.6298025704129411,913,0.6531324238232552,age+sex+eth+marital+PIR_level+edu+smoke+alcohol.user+PA_level+BMI_level,,PPDA_binary_U,AA_urine.rds,CHF,Congestive heart failure,binary_above_detection_threshold,936,24,912,15,2,2015-2016,WTSA2YR,ok,,0.8974342077824078
same_sample_unweighted,odds_ratio,0.85680106791323285,0.43357928044269106,1.6931345732843155,0.3473320980722052,2212,0.6563473646966089,age+sex+eth+marital+PIR_level+edu+smoke+alcohol.user+PA_level+BMI_level,,Hg_binary_U,HM_urine.rds,CHF,Congestive heart failure,binary_above_detection_threshold,2235,41,2194,30,4,2013-2014|2015-2016,WTSA2YR,ok,,0.8974342077824078
same_sample_unweighted,odds_ratio,0.9212328052458275,0.6415857382887771,1.3227692431640545,0.18447559896208823,2142,0.6565122728072648,age+sex+eth+marital+PIR_level+edu+smoke+alcohol.user+PA_level+BMI_level,,ATCA_ln_U,VOC_urine.rds,CHF,Congestive heart failure,natural_log_transformed,2165,40,2125,30,4,2013-2014|2015-2016,WTSA2YR,ok,,0.8974342077824078
same_sample_unweighted,odds_ratio,1.1397889136628416,0.5982590056781879,2.171498891581308,0.3285139530899961,1116,0.6904180924024196,age+sex+eth+marital+PIR_level+edu+smoke+alcohol.user+PA_level+BMI_level,,Norharman_ln_U,AA_urine.rds,CHF,Congestive heart failure,natural_log_transformed,1139,14,1125,15,2,2013-2014,WTSA2YR,ok,,0.9292997365458774
same_sample_unweighted,odds_ratio,1.1242116446896506,0.6293274664624514,2.0082578457287408,0.29585621925184025,2208,0.692297119171761,age+sex+eth+marital+PIR_level+edu+smoke+alcohol.user+PA_level+BMI_level,,Tl_ln_U,HM_urine.rds,CHF,Congestive heart failure,natural_log_transformed,2231,41,2190,30,4,2013-2014|2015-2016,WTSA2YR,ok,,0.9292997365458774
same_sample_unweighted,odds_ratio,0.8943620140316224,0.4883585176516012,1.6379020396514163,0.3085340932205692,2122,0.7174602823402317,age+sex+eth+marital+PIR_level+edu+smoke+alcohol.user+PA_level+BMI_level,,TCC_binary_U,PCCP_urine.rds,CHF,Congestive heart failure,binary_above_detection_threshold,2145,51,2094,30,4,2013-2014|2015-2016,WTSB2YR,ok,,0.9405030794016138
same_sample_unweighted,odds_ratio,1.2397043046543652,0.3770242511921118,4.076307447383423,0.6065902520483211,1012,0.7231660009755309,age+sex+eth+marital+PIR_level+edu+smoke+alcohol.user+PA_level+BMI_level,,MDA_binary_U,pesticides_urine.rds,CHF,Congestive heart failure,binary_above_detection_threshold,1035,28,1007,15,2,2015-2016,WTSB2YR,ok,,0.9405030794016138
same_sample_unweighted,odds_ratio,1.1261800273497609,0.5706755530845825,2.2224212113980815,0.3466889856898356,3071,0.7317784075117841,age+sex+eth+marital+PIR_level+edu+smoke+alcohol.user+PA_level+BMI_level,,Ethylbenzene_binary_S,VOC_serum.rds,CHF,Congestive heart failure,binary_above_detection_threshold,3094,66,3028,30,4,2013-2014|2015-2016,WTSVOC2Y,ok,,0.9405030794016138
same_sample_unweighted,odds_ratio,0.8226848439007551,0.2678181222418206,2.52712679305883,0.5717954065340143,867,0.7328404727486489,age+sex+eth+marital+PIR_level+edu+smoke+alcohol.user+PA_level+BMI_level,,NDMA_binary_U,pesticides_urine.rds,CHF,Congestive heart failure,binary_above_detection_threshold,890,24,866,15,2,2015-2016,WTSSBI2Y,ok,,0.9405030794016138
same_sample_unweighted,odds_ratio,0.8867285224594897,0.44111965374243506,1.7824811610010338,0.35610152971783504,3056,0.7356719870567239,age+sex+eth+marital+PIR_level+edu+smoke+alcohol.user+PA_level+BMI_level,,Benzene_binary_S,VOC_serum.rds,CHF,Congestive heart failure,binary_above_detection_threshold,3079,66,3013,30,4,2013-2014|2015-2016,WTSVOC2Y,ok,,0.9405030794016138
same_sample_unweighted,odds_ratio,1.024189350383598,0.8900195174941202,1.178585193718638,0.07159985842198852,2120,0.7385158408724082,age+sex+eth+marital+PIR_level+edu+smoke+alcohol.user+PA_level+BMI_level,,X25_DCP_ln_U,PCCP_urine.rds,CHF,Congestive heart failure,natural_log_transformed,2143,51,2092,30,4,2013-2014|2015-2016,WTSB2YR,ok,,0.9405030794016138
same_sample_unweighted,odds_ratio,1.0379561682231653,0.8269173225164774,1.3028545633484998,0.11590863437893512,2160,0.747903873191504,age+sex+eth+marital+PIR_level+edu+smoke+alcohol.user+PA_level+BMI_level,,X3PBA_ln_U,pesticides_urine.rds,CHF,Congestive heart failure,natural_log_transformed,2183,56,2127,30,4,2013-2014|2015-2016,WTSB2YR|WTSC2YR,ok,,0.9443870941146957
same_sample_unweighted,odds_ratio,1.033738581790511,0.8392910575170744,1.2732358410246938,0.10625739952577609,2120,0.7548287313147598,age+sex+eth+marital+PIR_level+edu+smoke+alcohol.user+PA_level+BMI_level,,X24_DCP_ln_U,PCCP_urine.rds,CHF,Congestive heart failure,natural_log_transformed,2143,51,2092,30,4,2013-2014|2015-2016,WTSB2YR,ok,,0.9444258473772994
same_sample_unweighted,odds_ratio,0.9267637180846923,0.5581353102436537,1.5388580034171542,0.2585860635962924,2209,0.7686623622628753,age+sex+eth+marital+PIR_level+edu+smoke+alcohol.user+PA_level+BMI_level,,DMA_ln_U,HM_urine.rds,CHF,Congestive heart failure,natural_log_transformed,2232,41,2191,30,4,2013-2014|2015-2016,WTSA2YR,ok,,0.9444258473772994
same_sample_unweighted,odds_ratio,1.067660662935646,0.6837864551501148,1.6670398815225664,0.22721578861238526,2203,0.7732395701540192,age+sex+eth+marital+PIR_level+edu+smoke+alcohol.user+PA_level+BMI_level,,X1_PH_ln_U,PAH_urine.rds,CHF,Congestive heart failure,natural_log_transformed,2226,41,2185,30,4,2013-2014|2015-2016,WTSA2YR,ok,,0.9444258473772994
same_sample_unweighted,odds_ratio,1.0371242663809794,0.8092121978567227,1.3292270516499713,0.1265350373041563,2119,0.7732882777183258,age+sex+eth+marital+PIR_level+edu+smoke+alcohol.user+PA_level+BMI_level,,BPS_ln_U,PCCP_urine.rds,CHF,Congestive heart failure,natural_log_transformed,2142,51,2091,30,4,2013-2014|2015-2016,WTSB2YR,ok,,0.9444258473772994
same_sample_unweighted,odds_ratio,1.0637900091809194,0.6882820136201926,1.6441649806900327,0.22206103550190512,3233,0.7806492577393686,age+sex+eth+marital+PIR_level+edu+smoke+alcohol.user+PA_level+BMI_level,,Pb_ln_S,HM_serum.rds,CHF,Congestive heart failure,natural_log_transformed,3256,68,3188,30,4,2013-2014|2015-2016,WTSH2YR,ok,,0.9456645479932189
same_sample_unweighted,odds_ratio,1.0482454579158984,0.7300960577346272,1.5050328356117575,0.18443822349231173,2139,0.798362870512615,age+sex+eth+marital+PIR_level+edu+smoke+alcohol.user+PA_level+BMI_level,,PNP_ln_U,pesticides_urine.rds,CHF,Congestive heart failure,natural_log_transformed,2162,55,2107,30,4,2013-2014|2015-2016,WTSB2YR|WTSC2YR,ok,,0.9550079207124296
same_sample_unweighted,odds_ratio,1.01849925280623,0.883009203837155,1.1747790662419364,0.07279132694397865,2120,0.8011811415372732,age+sex+eth+marital+PIR_level+edu+smoke+alcohol.user+PA_level+BMI_level,,BP3_ln_U,PCCP_urine.rds,CHF,Congestive heart failure,natural_log_transformed,2143,51,2092,30,4,2013-2014|2015-2016,WTSB2YR,ok,,0.9550079207124296
same_sample_unweighted,odds_ratio,0.9320088790587306,0.49988187395267075,1.7376916345771627,0.3174726230992074,1025,0.8244756862305456,age+sex+eth+marital+PIR_level+edu+smoke+alcohol.user+PA_level+BMI_level,,o_ANS_ln_U,AA_urine.rds,CHF,Congestive heart failure,natural_log_transformed,1048,12,1036,15,2,2013-2014,WTSA2YR,ok,,0.9554686121960912
same_sample_unweighted,odds_ratio,1.0691415011299148,0.5821995773502338,1.9633534511322654,0.3099904243915049,3228,0.8292440916457728,age+sex+eth+marital+PIR_level+edu+smoke+alcohol.user+PA_level+BMI_level,,IHg_binary_S,HM_serum.rds,CHF,Congestive heart failure,binary_above_detection_threshold,3251,68,3183,30,4,2013-2014|2015-2016,WTSH2YR,ok,,0.9554686121960912
same_sample_unweighted,odds_ratio,1.0573725598399666,0.6342430772080736,1.7627890165141427,0.2604512040435629,974,0.8303956889264063,age+sex+eth+marital+PIR_level+edu+smoke+alcohol.user+PA_level+BMI_level,,n_PFOS_ln_S,PFC_serum.rds,CHF,Congestive heart failure,natural_log_transformed,997,26,971,15,2,2015-2016,WTSB2YR,ok,,0.9554686121960912
same_sample_unweighted,odds_ratio,1.0383681148175405,0.7306979863715473,1.47558685254332,0.17919199922614013,2175,0.8335803858191644,age+sex+eth+marital+PIR_level+edu+smoke+alcohol.user+PA_level+BMI_level,,X2_HPMA_ln_U,VOC_urine.rds,CHF,Congestive heart failure,natural_log_transformed,2198,41,2157,30,4,2013-2014|2015-2016,WTSA2YR,ok,,0.9554686121960912
same_sample_unweighted,odds_ratio,1.0316349699835523,0.7713769867190942,1.3797024407218044,0.14827523499044126,3233,0.833630332788536,age+sex+eth+marital+PIR_level+edu+smoke+alcohol.user+PA_level+BMI_level,,THg_ln_S,HM_serum.rds,CHF,Congestive heart failure,natural_log_transformed,3256,68,3188,30,4,2013-2014|2015-2016,WTSH2YR,ok,,0.9554686121960912
same_sample_unweighted,odds_ratio,0.9715565808592562,0.7036498731966891,1.341465728577026,0.16451038251482886,2120,0.8607622359458291,age+sex+eth+marital+PIR_level+edu+smoke+alcohol.user+PA_level+BMI_level,,BPA_ln_U,PCCP_urine.rds,CHF,Congestive heart failure,natural_log_transformed,2143,51,2092,30,4,2013-2014|2015-2016,WTSB2YR,ok,,0.9766179000760208
same_sample_unweighted,odds_ratio,0.9700026067194983,0.6823010900048375,1.3790173734530469,0.1793996247826605,2019,0.8651916967116425,age+sex+eth+marital+PIR_level+edu+smoke+alcohol.user+PA_level+BMI_level,,MHBP_ln_U,Phthalates_urine.rds,CHF,Congestive heart failure,natural_log_transformed,2042,51,1991,30,4,2013-2014|2015-2016,WTSB2YR|WTSSBH2Y,ok,,0.9766179000760208
same_sample_unweighted,odds_ratio,0.903387183678065,0.25407391352270786,3.212090498857319,0.6465270314063483,1132,0.8751238052313585,age+sex+eth+marital+PIR_level+edu+smoke+alcohol.user+PA_level+BMI_level,,A_a_C_binary_U,AA_urine.rds,CHF,Congestive heart failure,binary_above_detection_threshold,1155,15,1140,15,2,2013-2014,WTSA2YR,ok,,0.9782280523044115
same_sample_unweighted,odds_ratio,1.053543269495252,0.514885414547107,2.1557290017140214,0.36508913080732996,2122,0.8863955746088656,age+sex+eth+marital+PIR_level+edu+smoke+alcohol.user+PA_level+BMI_level,,BuP_binary_U,PCCP_urine.rds,CHF,Congestive heart failure,binary_above_detection_threshold,2145,51,2094,30,4,2013-2014|2015-2016,WTSB2YR,ok,,0.9782280523044115
same_sample_unweighted,odds_ratio,1.0491878141383528,0.519959395589038,2.1170789078431307,0.3579841726777912,2208,0.8932999156212216,age+sex+eth+marital+PIR_level+edu+smoke+alcohol.user+PA_level+BMI_level,,Cs_ln_U,HM_urine.rds,CHF,Congestive heart failure,natural_log_transformed,2231,41,2190,30,4,2013-2014|2015-2016,WTSA2YR,ok,,0.9782280523044115
same_sample_unweighted,odds_ratio,1.0209124706424069,0.7457310353522029,1.3976383217320854,0.16018836392802416,3074,0.8971970754267019,age+sex+eth+marital+PIR_level+edu+smoke+alcohol.user+PA_level+BMI_level,,Toluene_ln_S,VOC_serum.rds,CHF,Congestive heart failure,natural_log_transformed,3097,64,3033,30,4,2013-2014|2015-2016,WTSVOC2Y,ok,,0.9782280523044115
same_sample_unweighted,odds_ratio,0.9490220608002486,0.405321504289972,2.2220456165119233,0.4338239549944411,2181,0.9040004461559599,age+sex+eth+marital+PIR_level+edu+smoke+alcohol.user+PA_level+BMI_level,,X4FPBA_binary_U,pesticides_urine.rds,CHF,Congestive heart failure,binary_above_detection_threshold,2204,56,2148,30,4,2013-2014|2015-2016,WTSB2YR|WTSC2YR,ok,,0.9782280523044115
same_sample_unweighted,odds_ratio,1.0467473853410962,0.490174867359754,2.2352841030388224,0.38694414479762695,3232,0.9060098739463678,age+sex+eth+marital+PIR_level+edu+smoke+alcohol.user+PA_level+BMI_level,,Mn_ln_S,HM_serum.rds,CHF,Congestive heart failure,natural_log_transformed,3255,68,3187,30,4,2013-2014|2015-2016,WTSH2YR,ok,,0.9782280523044115
same_sample_unweighted,odds_ratio,0.9848610124460576,0.7029774370363525,1.3797757406346391,0.1719372505156948,2207,0.9293022233418566,age+sex+eth+marital+PIR_level+edu+smoke+alcohol.user+PA_level+BMI_level,,Total_As_ln_U,HM_urine.rds,CHF,Congestive heart failure,natural_log_transformed,2230,41,2189,30,4,2013-2014|2015-2016,WTSA2YR,ok,,0.9948087310275501
same_sample_unweighted,odds_ratio,0.987012670353242,0.7217606054667725,1.3497467221944222,0.15959796691299116,2069,0.9347196130460202,age+sex+eth+marital+PIR_level+edu+smoke+alcohol.user+PA_level+BMI_level,,X2_MHA_ln_U,VOC_urine.rds,CHF,Congestive heart failure,natural_log_transformed,2092,40,2052,30,4,2013-2014|2015-2016,WTSA2YR,ok,,0.9948087310275501
same_sample_unweighted,odds_ratio,0.9802878211456928,0.4966489249140142,1.9348963907511594,0.34673618745345614,2210,0.9542118640938682,age+sex+eth+marital+PIR_level+edu+smoke+alcohol.user+PA_level+BMI_level,,MMA_binary_U,HM_urine.rds,CHF,Congestive heart failure,binary_above_detection_threshold,2233,41,2192,30,4,2013-2014|2015-2016,WTSA2YR,ok,,0.9975713773941506
same_sample_unweighted,odds_ratio,0.9834334759612662,0.5206555782429159,1.8575454524181263,0.324350474617675,3129,0.9589240700616909,age+sex+eth+marital+PIR_level+edu+smoke+alcohol.user+PA_level+BMI_level,,o_Xylene_binary_S,VOC_serum.rds,CHF,Congestive heart failure,binary_above_detection_threshold,3152,66,3086,30,4,2013-2014|2015-2016,WTSVOC2Y,ok,,0.9975713773941506
same_sample_unweighted,odds_ratio,1.0067287459581407,0.6654800785687207,1.5229648498543167,0.21107086216570595,1916,0.9746536284384179,age+sex+eth+marital+PIR_level+edu+smoke+alcohol.user+PA_level+BMI_level,,GLYP_ln_U,GYLP_urine.rds,CHF,Congestive heart failure,natural_log_transformed,1939,52,1887,30,4,2013-2014|2015-2016,WTSSCH2Y|WTSSGL2Y,ok,,0.9975713773941506
same_sample_unweighted,odds_ratio,1.004718018011228,0.7364477682606672,1.370712682177768,0.15829550214658725,1015,0.9762783665924049,age+sex+eth+marital+PIR_level+edu+smoke+alcohol.user+PA_level+BMI_level,,DMTP_ln_U,pesticides_urine.rds,CHF,Congestive heart failure,natural_log_transformed,1038,27,1011,15,2,2015-2016,WTSB2YR,ok,,0.9975713773941506
same_sample_unweighted,odds_ratio,0.9963057587070266,0.5881572090517204,1.6876868115468362,0.2688064200872386,3052,0.9890146121926892,age+sex+eth+marital+PIR_level+edu+smoke+alcohol.user+PA_level+BMI_level,,Chloroform_binary_S,VOC_serum.rds,CHF,Congestive heart failure,binary_above_detection_threshold,3075,65,3010,30,4,2013-2014|2015-2016,WTSVOC2Y,ok,,0.9975713773941506
same_sample_unweighted,odds_ratio,0.9953601090610957,0.41965718377106515,2.360835903742313,0.44012670234700874,1011,0.9915691468033057,age+sex+eth+marital+PIR_level+edu+smoke+alcohol.user+PA_level+BMI_level,,DMDTP_binary_U,pesticides_urine.rds,CHF,Congestive heart failure,binary_above_detection_threshold,1034,28,1006,15,2,2015-2016,WTSB2YR,ok,,0.9975713773941506
same_sample_unweighted,odds_ratio,1.0030743356729128,0.5529190619379563,1.8197204476169022,0.3037164898496585,2121,0.9919360309860823,age+sex+eth+marital+PIR_level+edu+smoke+alcohol.user+PA_level+BMI_level,,BPF_binary_U,PCCP_urine.rds,CHF,Congestive heart failure,binary_above_detection_threshold,2144,51,2093,30,4,2013-2014|2015-2016,WTSB2YR,ok,,0.9975713773941506
same_sample_unweighted,odds_ratio,5.3661800951236894e-9,0,Inf,2587.1177911604527,1131,0.9941270173933332,age+sex+eth+marital+PIR_level+edu+smoke+alcohol.user+PA_level+BMI_level,,MeA_a_C_binary_U,AA_urine.rds,CHF,Congestive heart failure,binary_above_detection_threshold,1154,14,1140,15,2,2013-2014,WTSA2YR,ok,,0.9975713773941506
same_sample_unweighted,odds_ratio,1.0010617608580341,0.5052795792545919,1.9833072425577962,0.3486387149856055,2148,0.9975713773941506,age+sex+eth+marital+PIR_level+edu+smoke+alcohol.user+PA_level+BMI_level,,PHE_Cys_binary_U,VOC_urine.rds,CHF,Congestive heart failure,binary_above_detection_threshold,2171,41,2130,30,4,2013-2014|2015-2016,WTSA2YR,ok,,0.9975713773941506
survey_weighted,odds_ratio,6.580240880810039e-9,1.2917067272002194e-9,3.3521208133161705e-8,0.7638496382998108,15,1.485403788224472e-13,age+sex+eth+marital+PIR_level+edu+smoke+alcohol.user+PA_level+BMI_level,,MeA_a_C_binary_U,AA_urine.rds,CHF,Congestive heart failure,binary_above_detection_threshold,1154,14,1140,15,2,2013-2014,WTSA2YR,ok,,2.2132516444544633e-11
survey_weighted,odds_ratio,0.31308198578382357,0.1459402008567255,0.6716472174693813,0.37373472607169683,30,0.004107798431873265,age+sex+eth+marital+PIR_level+edu+smoke+alcohol.user+PA_level+BMI_level,,As_III_binary_U,HM_urine.rds,CHF,Congestive heart failure,binary_above_detection_threshold,2233,41,2192,30,4,2013-2014|2015-2016,WTSA2YR,ok,,0.2571912396682119
survey_weighted,odds_ratio,9.46189646260526,2.1858005304024473,40.9586709417525,0.6874620611311182,15,0.005178347107413662,age+sex+eth+marital+PIR_level+edu+smoke+alcohol.user+PA_level+BMI_level,,TTCA_binary_U,VOC_urine.rds,CHF,Congestive heart failure,binary_above_detection_threshold,1171,15,1156,15,2,2013-2014,WTSA2YR,ok,,0.2571912396682119
survey_weighted,odds_ratio,2.201219408408643,1.2579679522428198,3.851741115754289,0.27396628635114645,30,0.0072722495382928,age+sex+eth+marital+PIR_level+edu+smoke+alcohol.user+PA_level+BMI_level,,CEMA_CEM_ln_U,VOC_urine.rds,CHF,Congestive heart failure,natural_log_transformed,2207,41,2166,30,4,2013-2014|2015-2016,WTSA2YR,ok,,0.2708912953014068
survey_weighted,odds_ratio,1.83706869797272,1.1707075886141236,2.8827193347796416,0.22061838927129185,30,0.009839353461887627,age+sex+eth+marital+PIR_level+edu+smoke+alcohol.user+PA_level+BMI_level,,PGA_ln_U,VOC_urine.rds,CHF,Congestive heart failure,natural_log_transformed,2183,41,2142,30,4,2013-2014|2015-2016,WTSA2YR,ok,,0.2932127331642513
survey_weighted,odds_ratio,1.5169479299322666,1.0824962486973992,2.1257635071667083,0.16522313606359065,30,0.01720877762295613,age+sex+eth+marital+PIR_level+edu+smoke+alcohol.user+PA_level+BMI_level,,MBzP_ln_U,Phthalates_urine.rds,CHF,Congestive heart failure,natural_log_transformed,2143,51,2092,30,4,2013-2014|2015-2016,WTSB2YR,ok,,0.353350175530545
survey_weighted,odds_ratio,1.819203125301498,1.1087942929664916,2.984773670012705,0.23229513482672295,15,0.021080443712419475,age+sex+eth+marital+PIR_level+edu+smoke+alcohol.user+PA_level+BMI_level,,X4_ABP_ln_U,AA_urine.rds,CHF,Congestive heart failure,natural_log_transformed,1120,13,1107,15,2,2013-2014,WTSA2YR,ok,,0.353350175530545
survey_weighted,odds_ratio,4.00897789861688,1.2263140455970394,13.105862930709483,0.5557360547483917,15,0.024575859226706576,age+sex+eth+marital+PIR_level+edu+smoke+alcohol.user+PA_level+BMI_level,,CYHA_Cys_binary_U,VOC_urine.rds,CHF,Congestive heart failure,binary_above_detection_threshold,1050,26,1024,15,2,2015-2016,WTSA2YR,ok,,0.353350175530545
survey_weighted,odds_ratio,1.3623478151826374,1.043223744570868,1.77909252851254,0.130684753642916,30,0.02463439060631867,age+sex+eth+marital+PIR_level+edu+smoke+alcohol.user+PA_level+BMI_level,,BMA_ln_U,VOC_urine.rds,CHF,Congestive heart failure,natural_log_transformed,2210,41,2169,30,4,2013-2014|2015-2016,WTSA2YR,ok,,0.353350175530545
survey_weighted,odds_ratio,3.985825177912554,1.2233299716946804,12.986522619791323,0.5541617153452304,15,0.024739021097602606,age+sex+eth+marital+PIR_level+edu+smoke+alcohol.user+PA_level+BMI_level,,IPM1_Cys_ln_U,VOC_urine.rds,CHF,Congestive heart failure,natural_log_transformed,1049,26,1023,15,2,2015-2016,WTSA2YR,ok,,0.353350175530545
survey_weighted,odds_ratio,0.29206915096635144,0.1009054896088771,0.8453889800927222,0.4986307381813022,15,0.026086254569369093,age+sex+eth+marital+PIR_level+edu+smoke+alcohol.user+PA_level+BMI_level,,X26_DMA_binary_U,AA_urine.rds,CHF,Congestive heart failure,binary_above_detection_threshold,1065,15,1050,15,2,2013-2014,WTSA2YR,ok,,0.353350175530545
survey_weighted,odds_ratio,1.723086665327016,1.0615899693959157,2.7967744061459663,0.2371620390091988,30,0.02894836697840575,age+sex+eth+marital+PIR_level+edu+smoke+alcohol.user+PA_level+BMI_level,,MHNCH_binary_U,Phthalates_urine.rds,CHF,Congestive heart failure,binary_above_detection_threshold,2144,51,2093,30,4,2013-2014|2015-2016,WTSB2YR,ok,,0.3594422233152047
survey_weighted,odds_ratio,2.063323072588182,1.0556696672585633,4.0327976012898015,0.3281357008952044,30,0.03507828846358613,age+sex+eth+marital+PIR_level+edu+smoke+alcohol.user+PA_level+BMI_level,,MINP_binary_U,Phthalates_urine.rds,CHF,Congestive heart failure,binary_above_detection_threshold,2144,51,2093,30,4,2013-2014|2015-2016,WTSB2YR,ok,,0.4020511523903333
survey_weighted,odds_ratio,1.3778253421349582,1.01176007599409,1.8763368099537505,0.15121143730994585,30,0.04242651419521469,age+sex+eth+marital+PIR_level+edu+smoke+alcohol.user+PA_level+BMI_level,,BCETP_ln_U,BFR_urine.rds,CHF,Congestive heart failure,natural_log_transformed,1940,51,1889,30,4,2013-2014|2015-2016,WTSSBI2Y|WTSSCH2Y,ok,,0.4294372557981352
survey_weighted,odds_ratio,1.6746022494714887,1.0119295300507845,2.7712331843841285,0.24664522033700212,30,0.04516170838919804,age+sex+eth+marital+PIR_level+edu+smoke+alcohol.user+PA_level+BMI_level,,X3_HPMA_ln_U,VOC_urine.rds,CHF,Congestive heart failure,natural_log_transformed,2146,40,2106,30,4,2013-2014|2015-2016,WTSA2YR,ok,,0.4294372557981352
survey_weighted,odds_ratio,1.4367701983374817,1.0034289114772765,2.0572544594032003,0.17577215487935152,30,0.04798783389666222,age+sex+eth+marital+PIR_level+edu+smoke+alcohol.user+PA_level+BMI_level,,MnBP_ln_U,Phthalates_urine.rds,CHF,Congestive heart failure,natural_log_transformed,2143,51,2092,30,4,2013-2014|2015-2016,WTSB2YR,ok,,0.4294372557981352
survey_weighted,odds_ratio,3.761360031095357,0.9891496050617345,14.30302272894167,0.6266581796219557,15,0.05167062584028159,age+sex+eth+marital+PIR_level+edu+smoke+alcohol.user+PA_level+BMI_level,,PhIP_binary_U,AA_urine.rds,CHF,Congestive heart failure,binary_above_detection_threshold,1154,15,1139,15,2,2013-2014,WTSA2YR,ok,,0.4294372557981352
survey_weighted,odds_ratio,0.1977567995250029,0.03852577194336499,1.0151062466928045,0.7674169794181195,15,0.05187832620380156,age+sex+eth+marital+PIR_level+edu+smoke+alcohol.user+PA_level+BMI_level,,PFHpA_binary_S,PFC_serum.rds,CHF,Congestive heart failure,binary_above_detection_threshold,1076,24,1052,15,2,2013-2014,WTSB2YR,ok,,0.4294372557981352
survey_weighted,odds_ratio,0.17560835945964,0.027832236974547418,1.10800637190276,0.8642293864059172,15,0.062448468920319605,age+sex+eth+marital+PIR_level+edu+smoke+alcohol.user+PA_level+BMI_level,,IPPPP_binary_U,BFR_urine.rds,CHF,Congestive heart failure,binary_above_detection_threshold,898,25,873,15,2,2015-2016,WTSSBI2Y,ok,,0.4897274667961906
survey_weighted,odds_ratio,0.7386718858812817,0.5291155392689667,1.031223077941101,0.16337046760920118,30,0.07358343082338507,age+sex+eth+marital+PIR_level+edu+smoke+alcohol.user+PA_level+BMI_level,,X24D_ln_U,pesticides_urine.rds,CHF,Congestive heart failure,natural_log_transformed,2201,56,2145,30,4,2013-2014|2015-2016,WTSB2YR|WTSC2YR,ok,,0.5103411281359306
survey_weighted,odds_ratio,0.12468253763245743,0.011961194721558432,1.299680805500982,1.1477916004707747,30,0.07970664301475357,age+sex+eth+marital+PIR_level+edu+smoke+alcohol.user+PA_level+BMI_level,,Se_ln_S,HM_serum.rds,CHF,Congestive heart failure,natural_log_transformed,3255,68,3187,30,4,2013-2014|2015-2016,WTSH2YR,ok,,0.5103411281359306
survey_weighted,odds_ratio,1.2198581352418432,0.9749436500685968,1.5262973096045167,0.10973568837968208,30,0.0801611016782056,age+sex+eth+marital+PIR_level+edu+smoke+alcohol.user+PA_level+BMI_level,,CEMA_CYM_ln_U,VOC_urine.rds,CHF,Congestive heart failure,natural_log_transformed,2189,41,2148,30,4,2013-2014|2015-2016,WTSA2YR,ok,,0.5103411281359306
survey_weighted,odds_ratio,1.6913609707779997,0.9219430982097646,3.1029050914595793,0.28469136752627794,15,0.08472398676552209,age+sex+eth+marital+PIR_level+edu+smoke+alcohol.user+PA_level+BMI_level,,Harman_ln_U,AA_urine.rds,CHF,Congestive heart failure,natural_log_transformed,1155,15,1140,15,2,2013-2014,WTSA2YR,ok,,0.5103411281359306
survey_weighted,odds_ratio,0.48952584481846756,0.2140462573406746,1.1195503052586995,0.4050610921019382,30,0.08800314211450605,age+sex+eth+marital+PIR_level+edu+smoke+alcohol.user+PA_level+BMI_level,,EtP_binary_U,PCCP_urine.rds,CHF,Congestive heart failure,binary_above_detection_threshold,2145,51,2094,30,4,2013-2014|2015-2016,WTSB2YR,ok,,0.5103411281359306
survey_weighted,odds_ratio,0.7518718616815814,0.5402297970923506,1.0464274637037259,0.16186445275808126,30,0.08827449063792739,age+sex+eth+marital+PIR_level+edu+smoke+alcohol.user+PA_level+BMI_level,,PFHS_ln_S,PFC_serum.rds,CHF,Congestive heart failure,natural_log_transformed,2073,50,2023,30,4,2013-2014|2015-2016,WTSB2YR,ok,,0.5103411281359306
survey_weighted,odds_ratio,0.35233843941444426,0.10320387180744578,1.2028848696745267,0.5760801713490795,15,0.09024516493910585,age+sex+eth+marital+PIR_level+edu+smoke+alcohol.user+PA_level+BMI_level,,PFHxA_binary_U,PFC_urine.rds,CHF,Congestive heart failure,binary_above_detection_threshold,1012,23,989,15,2,2013-2014,WTSSBH2Y,ok,,0.5103411281359306
survey_weighted,odds_ratio,1.5610889455179686,0.9189869641037529,2.6518316265727435,0.259449692769996,30,0.09635351942099721,age+sex+eth+marital+PIR_level+edu+smoke+alcohol.user+PA_level+BMI_level,,Co_ln_U,HM_urine.rds,CHF,Congestive heart failure,natural_log_transformed,2231,41,2190,30,4,2013-2014|2015-2016,WTSA2YR,ok,,0.5103411281359306
survey_weighted,odds_ratio,0.3592975652250346,0.10461580607871938,1.2339888704723943,0.5788812924390281,15,0.09734692292269324,age+sex+eth+marital+PIR_level+edu+smoke+alcohol.user+PA_level+BMI_level,,X5OHIMI_binary_U,pesticides_urine.rds,CHF,Congestive heart failure,binary_above_detection_threshold,842,24,818,15,2,2015-2016,WTSSBI2Y,ok,,0.5103411281359306
survey_weighted,odds_ratio,1.9346929157837192,0.8654261575329175,4.3250792061266505,0.37743414635975,15,0.1008043877353185,age+sex+eth+marital+PIR_level+edu+smoke+alcohol.user+PA_level+BMI_level,,IPM3_Cys_ln_U,VOC_urine.rds,CHF,Congestive heart failure,natural_log_transformed,1049,26,1023,15,2,2015-2016,WTSA2YR,ok,,0.5103411281359306
survey_weighted,odds_ratio,2.5780874414370127,0.8169646375272794,8.135645718782177,0.562710076757077,30,0.10275324727569073,age+sex+eth+marital+PIR_level+edu+smoke+alcohol.user+PA_level+BMI_level,,DHB_Cys_ln_U,VOC_urine.rds,CHF,Congestive heart failure,natural_log_transformed,2097,37,2060,30,4,2013-2014|2015-2016,WTSA2YR,ok,,0.5103411281359306
survey_weighted,odds_ratio,1.816490039150883,0.8509605459551239,3.877542946049093,0.37129992144218477,30,0.11839558249891352,age+sex+eth+marital+PIR_level+edu+smoke+alcohol.user+PA_level+BMI_level,,m_p_Xylene_binary_S,VOC_serum.rds,CHF,Congestive heart failure,binary_above_detection_threshold,3146,65,3081,30,4,2013-2014|2015-2016,WTSVOC2Y,ok,,0.5690626384625198
survey_weighted,odds_ratio,1.6859577034073372,0.8434531730075135,3.3700191885498096,0.3391245197597809,30,0.1339842171346725,age+sex+eth+marital+PIR_level+edu+smoke+alcohol.user+PA_level+BMI_level,,X14_DCB_binary_S,VOC_serum.rds,CHF,Congestive heart failure,binary_above_detection_threshold,3130,65,3065,30,4,2013-2014|2015-2016,WTSVOC2Y,ok,,0.5983083333361627
survey_weighted,odds_ratio,1.4075114077507973,0.8872271888945659,2.232898616888594,0.22596269279900094,30,0.14080962809785313,age+sex+eth+marital+PIR_level+edu+smoke+alcohol.user+PA_level+BMI_level,,Sn_ln_U,HM_urine.rds,CHF,Congestive heart failure,natural_log_transformed,2230,41,2189,30,4,2013-2014|2015-2016,WTSA2YR,ok,,0.5983083333361627
survey_weighted,odds_ratio,1.4437095880530064,0.8792168729387232,2.370629407588093,0.24283713333319962,30,0.14094935813456216,age+sex+eth+marital+PIR_level+edu+smoke+alcohol.user+PA_level+BMI_level,,MA_ln_U,VOC_urine.rds,CHF,Congestive heart failure,natural_log_transformed,2181,41,2140,30,4,2013-2014|2015-2016,WTSA2YR,ok,,0.5983083333361627
survey_weighted,odds_ratio,1.5423903071963827,0.8535449773090371,2.787161687991534,0.28972157923328984,30,0.14518131267044418,age+sex+eth+marital+PIR_level+edu+smoke+alcohol.user+PA_level+BMI_level,,MEOHP_ln_U,Phthalates_urine.rds,CHF,Congestive heart failure,natural_log_transformed,2143,51,2092,30,4,2013-2014|2015-2016,WTSB2YR,ok,,0.5983083333361627
survey_weighted,odds_ratio,1.6363310797390314,0.8276266250874089,3.2352504394564576,0.3337702319127306,30,0.15051456750889744,age+sex+eth+marital+PIR_level+edu+smoke+alcohol.user+PA_level+BMI_level,,MECPP_ln_U,Phthalates_urine.rds,CHF,Congestive heart failure,natural_log_transformed,2143,51,2092,30,4,2013-2014|2015-2016,WTSB2YR,ok,,0.5983083333361627
survey_weighted,odds_ratio,0.634604314254241,0.3326415040869171,1.2106806598760045,0.3030502566152291,15,0.15421586774584978,age+sex+eth+marital+PIR_level+edu+smoke+alcohol.user+PA_level+BMI_level,,X1_AN_ln_U,AA_urine.rds,CHF,Congestive heart failure,natural_log_transformed,1109,14,1095,15,2,2013-2014,WTSA2YR,ok,,0.5983083333361627
survey_weighted,odds_ratio,1.360762934458283,0.8841255056597418,2.094358495419473,0.2111382220523266,30,0.15496369571791618,age+sex+eth+marital+PIR_level+edu+smoke+alcohol.user+PA_level+BMI_level,,X2_NP_ln_U,PAH_urine.rds,CHF,Congestive heart failure,natural_log_transformed,2192,40,2152,30,4,2013-2014|2015-2016,WTSA2YR,ok,,0.5983083333361627
survey_weighted,odds_ratio,0.4264349018738572,0.12870359910443052,1.4129109582134933,0.5865758209439277,30,0.15660419463161307,age+sex+eth+marital+PIR_level+edu+smoke+alcohol.user+PA_level+BMI_level,,Furan_binary_S,VOC_serum.rds,CHF,Congestive heart failure,binary_above_detection_threshold,3162,66,3096,30,4,2013-2014|2015-2016,WTSVOC2Y,ok,,0.5983083333361627
survey_weighted,odds_ratio,1.4733591384386633,0.842990246662499,2.575103519186765,0.2733938907932463,30,0.1666303196945007,age+sex+eth+marital+PIR_level+edu+smoke+alcohol.user+PA_level+BMI_level,,OXY_binary_U,pesticides_urine.rds,CHF,Congestive heart failure,binary_above_detection_threshold,2194,56,2138,30,4,2013-2014|2015-2016,WTSB2YR|WTSC2YR,ok,,0.608967643941853
survey_weighted,odds_ratio,1.3665067241827833,0.870535459756727,2.1450483220506533,0.22078564071597861,30,0.16756827786319445,age+sex+eth+marital+PIR_level+edu+smoke+alcohol.user+PA_level+BMI_level,,W_ln_U,HM_urine.rds,CHF,Congestive heart failure,natural_log_transformed,2230,41,2189,30,4,2013-2014|2015-2016,WTSA2YR,ok,,0.608967643941853
survey_weighted,odds_ratio,1.6999332040372868,0.777199478993309,3.718186870031798,0.38322369181226545,30,0.17640525366554874,age+sex+eth+marital+PIR_level+edu+smoke+alcohol.user+PA_level+BMI_level,,Tl_ln_U,HM_urine.rds,CHF,Congestive heart failure,natural_log_transformed,2231,41,2190,30,4,2013-2014|2015-2016,WTSA2YR,ok,,0.6114282369391374
survey_weighted,odds_ratio,0.8904046076946864,0.7478955223041873,1.0600683407775091,0.08540128037967046,30,0.18420697949946785,age+sex+eth+marital+PIR_level+edu+smoke+alcohol.user+PA_level+BMI_level,,PrP_ln_U,PCCP_urine.rds,CHF,Congestive heart failure,natural_log_transformed,2143,51,2092,30,4,2013-2014|2015-2016,WTSB2YR,ok,,0.6114282369391374
survey_weighted,odds_ratio,0.5100703221936669,0.18084426442748938,1.4386507330292941,0.4864822447524985,15,0.18665879517983883,age+sex+eth+marital+PIR_level+edu+smoke+alcohol.user+PA_level+BMI_level,,X2_AN_ln_U,AA_urine.rds,CHF,Congestive heart failure,natural_log_transformed,1116,13,1103,15,2,2013-2014,WTSA2YR,ok,,0.6114282369391374
survey_weighted,odds_ratio,0.8113096137829371,0.5905121311586822,1.1146651435002293,0.15554220931591003,30,0.18890836234873648,age+sex+eth+marital+PIR_level+edu+smoke+alcohol.user+PA_level+BMI_level,,NPMA_ln_U,VOC_urine.rds,CHF,Congestive heart failure,natural_log_transformed,2190,40,2150,30,4,2013-2014|2015-2016,WTSA2YR,ok,,0.6114282369391374
survey_weighted,odds_ratio,2.2875505323599947,0.6316613352828722,8.284324440654723,0.6037597754112064,15,0.1906782797258712,age+sex+eth+marital+PIR_level+edu+smoke+alcohol.user+PA_level+BMI_level,,TBPPP_binary_U,BFR_urine.rds,CHF,Congestive heart failure,binary_above_detection_threshold,899,25,874,15,2,2015-2016,WTSSBI2Y,ok,,0.6114282369391374
survey_weighted,odds_ratio,0.7440633850896065,0.47165242249153916,1.1738099808889149,0.22322384240256496,30,0.1953845768523678,age+sex+eth+marital+PIR_level+edu+smoke+alcohol.user+PA_level+BMI_level,,HIBP_ln_U,Phthalates_urine.rds,CHF,Congestive heart failure,natural_log_transformed,2042,51,1991,30,4,2013-2014|2015-2016,WTSB2YR|WTSSBH2Y,ok,,0.6114282369391374
survey_weighted,odds_ratio,0.9064655425124589,0.7778669578395271,1.056324312893514,0.0749153293545444,30,0.19985701693237465,age+sex+eth+marital+PIR_level+edu+smoke+alcohol.user+PA_level+BMI_level,,DEA_ln_U,pesticides_urine.rds,CHF,Congestive heart failure,natural_log_transformed,2178,55,2123,30,4,2013-2014|2015-2016,WTSB2YR|WTSC2YR,ok,,0.6114282369391374
survey_weighted,odds_ratio,1.2170625535526856,0.8954203557661331,1.6542412172356913,0.15027486232581483,30,0.2010737155034747,age+sex+eth+marital+PIR_level+edu+smoke+alcohol.user+PA_level+BMI_level,,X2_HPMA_ln_U,VOC_urine.rds,CHF,Congestive heart failure,natural_log_transformed,2198,41,2157,30,4,2013-2014|2015-2016,WTSA2YR,ok,,0.6114282369391374
survey_weighted,odds_ratio,1.702655862377636,0.7020978510047375,4.129106764164372,0.41561940867496394,15,0.21982573572121072,age+sex+eth+marital+PIR_level+edu+smoke+alcohol.user+PA_level+BMI_level,,MCOCH_binary_U,Phthalates_urine.rds,CHF,Congestive heart failure,binary_above_detection_threshold,1032,28,1004,15,2,2015-2016,WTSB2YR,ok,,0.6522791874066266
survey_weighted,odds_ratio,0.6249827390957102,0.28405587240075225,1.3750936421990416,0.3699609408694495,15,0.22326334602508696,age+sex+eth+marital+PIR_level+edu+smoke+alcohol.user+PA_level+BMI_level,,o_ANS_ln_U,AA_urine.rds,CHF,Congestive heart failure,natural_log_transformed,1048,12,1036,15,2,2013-2014,WTSA2YR,ok,,0.6522791874066266
survey_weighted,odds_ratio,1.3230271815880037,0.8199126064773377,2.1348628004893073,0.23428801124636117,30,0.24153391603767954,age+sex+eth+marital+PIR_level+edu+smoke+alcohol.user+PA_level+BMI_level,,PMM_Cys_ln_U,VOC_urine.rds,CHF,Congestive heart failure,natural_log_transformed,2190,41,2149,30,4,2013-2014|2015-2016,WTSA2YR,ok,,0.6920875671079664
survey_weighted,odds_ratio,0.8571140461903693,0.6511456356712172,1.128233758980104,0.13457443303734218,30,0.26096950745386976,age+sex+eth+marital+PIR_level+edu+smoke+alcohol.user+PA_level+BMI_level,,BPS_ln_U,PCCP_urine.rds,CHF,Congestive heart failure,natural_log_transformed,2142,51,2091,30,4,2013-2014|2015-2016,WTSB2YR,ok,,0.733668992653332
survey_weighted,odds_ratio,0.7438237372791573,0.4357640533429463,1.269663589494167,0.2618177403536144,30,0.2672764771440943,age+sex+eth+marital+PIR_level+edu+smoke+alcohol.user+PA_level+BMI_level,,Sb_ln_U,HM_urine.rds,CHF,Congestive heart failure,natural_log_transformed,2231,41,2190,30,4,2013-2014|2015-2016,WTSA2YR,ok,,0.7374850943420379
survey_weighted,odds_ratio,0.6444785477553667,0.28145029136131966,1.4757582822454645,0.3886958953966644,15,0.27613071560756736,age+sex+eth+marital+PIR_level+edu+smoke+alcohol.user+PA_level+BMI_level,,n_PFOA_ln_S,PFC_serum.rds,CHF,Congestive heart failure,natural_log_transformed,997,26,971,15,2,2015-2016,WTSB2YR,ok,,0.748063211373228
survey_weighted,odds_ratio,0.3579283783269365,0.04982071068984505,2.5714752406746326,0.9655431256876555,30,0.29577930353400683,age+sex+eth+marital+PIR_level+edu+smoke+alcohol.user+PA_level+BMI_level,,FA_ln_S,gas_serum.rds,CHF,Congestive heart failure,natural_log_transformed,1966,39,1927,30,4,2013-2014|2015-2016,WTSA2YR,ok,,0.7760394541600887
survey_weighted,odds_ratio,0.6388782383895028,0.26983343344436667,1.5126568945794792,0.42203430196097785,30,0.29687880905710506,age+sex+eth+marital+PIR_level+edu+smoke+alcohol.user+PA_level+BMI_level,,PFUnDA_binary_S,PFC_serum.rds,CHF,Congestive heart failure,binary_above_detection_threshold,2073,50,2023,30,4,2013-2014|2015-2016,WTSB2YR,ok,,0.7760394541600887
survey_weighted,odds_ratio,1.391322137162484,0.7319308356391567,2.6447543881218905,0.3145142202791221,30,0.302082472089162,age+sex+eth+marital+PIR_level+edu+smoke+alcohol.user+PA_level+BMI_level,,MEHP_binary_U,Phthalates_urine.rds,CHF,Congestive heart failure,binary_above_detection_threshold,2144,51,2093,30,4,2013-2014|2015-2016,WTSB2YR,ok,,0.7760394541600887
survey_weighted,odds_ratio,1.2127820141589427,0.8217884775142377,1.7898038900672457,0.1905667131955302,30,0.3194746251220033,age+sex+eth+marital+PIR_level+edu+smoke+alcohol.user+PA_level+BMI_level,,X34_MHA_ln_U,VOC_urine.rds,CHF,Congestive heart failure,natural_log_transformed,2216,41,2175,30,4,2013-2014|2015-2016,WTSA2YR,ok,,0.798794970457869
survey_weighted,odds_ratio,0.7681352767688335,0.44379563183822174,1.329512417625189,0.25738431978896964,15,0.3216624042112224,age+sex+eth+marital+PIR_level+edu+smoke+alcohol.user+PA_level+BMI_level,,Sm_PFOS_ln_S,PFC_serum.rds,CHF,Congestive heart failure,natural_log_transformed,997,26,971,15,2,2015-2016,WTSB2YR,ok,,0.798794970457869
survey_weighted,odds_ratio,1.3188621451326277,0.7470702535003968,2.3282915491734437,0.2783004797345609,30,0.32793455661485404,age+sex+eth+marital+PIR_level+edu+smoke+alcohol.user+PA_level+BMI_level,,Perchlorate_ln_U,PERNT_urine.rds,CHF,Congestive heart failure,natural_log_transformed,2221,41,2180,30,4,2013-2014|2015-2016,WTSA2YR,ok,,0.8010204743543156
survey_weighted,odds_ratio,1.2584668831997388,0.77050929667478,2.0554442405111386,0.2402215129317206,30,0.34621174826821,age+sex+eth+marital+PIR_level+edu+smoke+alcohol.user+PA_level+BMI_level,,X2_FL_ln_U,PAH_urine.rds,CHF,Congestive heart failure,natural_log_transformed,2225,40,2185,30,4,2013-2014|2015-2016,WTSA2YR,ok,,0.8078918361403405
survey_weighted,odds_ratio,1.1840253498621136,0.8130491101002797,1.7242698032634112,0.17635121253677447,15,0.3533180511080666,age+sex+eth+marital+PIR_level+edu+smoke+alcohol.user+PA_level+BMI_level,,DMP_ln_U,pesticides_urine.rds,CHF,Congestive heart failure,natural_log_transformed,1030,28,1002,15,2,2015-2016,WTSB2YR,ok,,0.8078918361403405
survey_weighted,odds_ratio,0.3697410362855179,0.040035098700433196,3.414714546763673,1.0429739359382777,15,0.3552267988601491,age+sex+eth+marital+PIR_level+edu+smoke+alcohol.user+PA_level+BMI_level,,NDMA_binary_U,pesticides_urine.rds,CHF,Congestive heart failure,binary_above_detection_threshold,890,24,866,15,2,2015-2016,WTSSBI2Y,ok,,0.8078918361403405
survey_weighted,odds_ratio,1.6534750542701824,0.5368544149997492,5.092590614338266,0.5277664199392894,15,0.3557722692335842,age+sex+eth+marital+PIR_level+edu+smoke+alcohol.user+PA_level+BMI_level,,X4_MDA_binary_U,AA_urine.rds,CHF,Congestive heart failure,binary_above_detection_threshold,1008,25,983,15,2,2015-2016,WTSA2YR,ok,,0.8078918361403405
survey_weighted,odds_ratio,1.2094888592371857,0.7913110932934515,1.8486576430142094,0.20774012598529568,30,0.36720064498425764,age+sex+eth+marital+PIR_level+edu+smoke+alcohol.user+PA_level+BMI_level,,MCNP_ln_U,Phthalates_urine.rds,CHF,Congestive heart failure,natural_log_transformed,2143,51,2092,30,4,2013-2014|2015-2016,WTSB2YR,ok,,0.8078918361403405
survey_weighted,odds_ratio,0.7548965893433605,0.3992208528329198,1.4274526407084687,0.3119397661741468,30,0.3745691530383065,age+sex+eth+marital+PIR_level+edu+smoke+alcohol.user+PA_level+BMI_level,,DCVDMPCA_binary_U,pesticides_urine.rds,CHF,Congestive heart failure,binary_above_detection_threshold,2175,56,2119,30,4,2013-2014|2015-2016,WTSB2YR|WTSC2YR,ok,,0.8078918361403405
survey_weighted,odds_ratio,0.32792840536230133,0.02431902293067263,4.42193090363962,1.220547975390997,15,0.37543402858247277,age+sex+eth+marital+PIR_level+edu+smoke+alcohol.user+PA_level+BMI_level,,PFBA_binary_U,PFC_urine.rds,CHF,Congestive heart failure,binary_above_detection_threshold,1012,23,989,15,2,2013-2014,WTSSBH2Y,ok,,0.8078918361403405
survey_weighted,odds_ratio,0.6320996908709857,0.21519810730686542,1.8566614000440562,0.5055189269975636,15,0.3785421604471023,age+sex+eth+marital+PIR_level+edu+smoke+alcohol.user+PA_level+BMI_level,,DETP_binary_U,pesticides_urine.rds,CHF,Congestive heart failure,binary_above_detection_threshold,1034,28,1006,15,2,2015-2016,WTSB2YR,ok,,0.8078918361403405
survey_weighted,odds_ratio,0.7317511748814409,0.3579164909288433,1.4960466910892434,0.3501691634305128,30,0.37954650020016,age+sex+eth+marital+PIR_level+edu+smoke+alcohol.user+PA_level+BMI_level,,Pb_ln_U,HM_urine.rds,CHF,Congestive heart failure,natural_log_transformed,2231,41,2190,30,4,2013-2014|2015-2016,WTSA2YR,ok,,0.8078918361403405
survey_weighted,odds_ratio,1.23906248418464,0.753065895972557,2.0387005279678196,0.2438252421904583,30,0.38631638531270995,age+sex+eth+marital+PIR_level+edu+smoke+alcohol.user+PA_level+BMI_level,,CEMA_AAM_ln_U,VOC_urine.rds,CHF,Congestive heart failure,natural_log_transformed,2156,41,2115,30,4,2013-2014|2015-2016,WTSA2YR,ok,,0.8107203015717434
survey_weighted,odds_ratio,0.642858106767388,0.22436515229322093,1.8419373116216184,0.5154303257098022,30,0.39812592085775145,age+sex+eth+marital+PIR_level+edu+smoke+alcohol.user+PA_level+BMI_level,,Hg_binary_U,HM_urine.rds,CHF,Congestive heart failure,binary_above_detection_threshold,2235,41,2194,30,4,2013-2014|2015-2016,WTSA2YR,ok,,0.8238994751084023
survey_weighted,odds_ratio,0.7766792069978063,0.4122963788639192,1.4630994146612213,0.3100883749629929,30,0.42148492198015464,age+sex+eth+marital+PIR_level+edu+smoke+alcohol.user+PA_level+BMI_level,,PFDA_ln_S,PFC_serum.rds,CHF,Congestive heart failure,natural_log_transformed,2073,50,2023,30,4,2013-2014|2015-2016,WTSB2YR,ok,,0.8251792341832994
survey_weighted,odds_ratio,0.6913382673091215,0.27121316553592123,1.7622617947087666,0.4581779153574077,30,0.4267908767152273,age+sex+eth+marital+PIR_level+edu+smoke+alcohol.user+PA_level+BMI_level,,BuP_binary_U,PCCP_urine.rds,CHF,Congestive heart failure,binary_above_detection_threshold,2145,51,2094,30,4,2013-2014|2015-2016,WTSB2YR,ok,,0.8251792341832994
survey_weighted,odds_ratio,1.0938054120136436,0.8707572563852868,1.3739882964822023,0.11166720453839121,30,0.428321407616319,age+sex+eth+marital+PIR_level+edu+smoke+alcohol.user+PA_level+BMI_level,,MCOP_ln_U,Phthalates_urine.rds,CHF,Congestive heart failure,natural_log_transformed,2143,51,2092,30,4,2013-2014|2015-2016,WTSB2YR,ok,,0.8251792341832994
survey_weighted,odds_ratio,1.1134303398741143,0.8442758275817395,1.4683911125385862,0.13549694270240975,30,0.4340194525418767,age+sex+eth+marital+PIR_level+edu+smoke+alcohol.user+PA_level+BMI_level,,Toluene_ln_S,VOC_serum.rds,CHF,Congestive heart failure,natural_log_transformed,3097,64,3033,30,4,2013-2014|2015-2016,WTSVOC2Y,ok,,0.8251792341832994
survey_weighted,odds_ratio,1.3784988517726888,0.5950082532705356,3.1936684472755053,0.41139227943104173,30,0.44134794646012,age+sex+eth+marital+PIR_level+edu+smoke+alcohol.user+PA_level+BMI_level,,GAM_Cys_binary_U,VOC_urine.rds,CHF,Congestive heart failure,binary_above_detection_threshold,2219,41,2178,30,4,2013-2014|2015-2016,WTSA2YR,ok,,0.8251792341832994
survey_weighted,odds_ratio,1.3611164805092046,0.6066090521173256,3.0540890661741082,0.39572392172440857,30,0.44202828288139207,age+sex+eth+marital+PIR_level+edu+smoke+alcohol.user+PA_level+BMI_level,,DBCM_binary_S,VOC_serum.rds,CHF,Congestive heart failure,binary_above_detection_threshold,3160,66,3094,30,4,2013-2014|2015-2016,WTSVOC2Y,ok,,0.8251792341832994
survey_weighted,odds_ratio,0.9101415120991591,0.7109201604585234,1.165190717776067,0.12096327444589673,30,0.442442363145349,age+sex+eth+marital+PIR_level+edu+smoke+alcohol.user+PA_level+BMI_level,,MeP_ln_U,PCCP_urine.rds,CHF,Congestive heart failure,natural_log_transformed,2143,51,2092,30,4,2013-2014|2015-2016,WTSB2YR,ok,,0.8251792341832994
survey_weighted,odds_ratio,0.6700802153930542,0.23405235081907344,1.9184062603510978,0.5150402996699297,30,0.4430492532527782,age+sex+eth+marital+PIR_level+edu+smoke+alcohol.user+PA_level+BMI_level,,Benzene_binary_S,VOC_serum.rds,CHF,Congestive heart failure,binary_above_detection_threshold,3079,66,3013,30,4,2013-2014|2015-2016,WTSVOC2Y,ok,,0.8251792341832994
survey_weighted,odds_ratio,1.9013139671427977,0.31961839863220987,11.31034639157966,0.8366009467990158,15,0.4543838747526264,age+sex+eth+marital+PIR_level+edu+smoke+alcohol.user+PA_level+BMI_level,,DPCP_binary_U,BFR_urine.rds,CHF,Congestive heart failure,binary_above_detection_threshold,1046,26,1020,15,2,2013-2014,WTSSCH2Y,ok,,0.8358419424461894
survey_weighted,odds_ratio,0.516763617492649,0.07752111377231984,3.444798756999302,0.8900211686109613,15,0.46969661002597063,age+sex+eth+marital+PIR_level+edu+smoke+alcohol.user+PA_level+BMI_level,,A_a_C_binary_U,AA_urine.rds,CHF,Congestive heart failure,binary_above_detection_threshold,1155,15,1140,15,2,2013-2014,WTSA2YR,ok,,0.8476159625543219
survey_weighted,odds_ratio,0.7889149364602358,0.4057234357829631,1.5340173183956676,0.32561119174512493,30,0.47216191202690416,age+sex+eth+marital+PIR_level+edu+smoke+alcohol.user+PA_level+BMI_level,,PHE_Cys_binary_U,VOC_urine.rds,CHF,Congestive heart failure,binary_above_detection_threshold,2171,41,2130,30,4,2013-2014|2015-2016,WTSA2YR,ok,,0.8476159625543219
survey_weighted,odds_ratio,1.1998423380478502,0.7092139306591674,2.029883472303059,0.25745253713596217,30,0.48461513748579055,age+sex+eth+marital+PIR_level+edu+smoke+alcohol.user+PA_level+BMI_level,,Cd_ln_U,HM_urine.rds,CHF,Congestive heart failure,natural_log_transformed,2231,41,2190,30,4,2013-2014|2015-2016,WTSA2YR,ok,,0.8481786637489779
survey_weighted,odds_ratio,1.0982272572415424,0.8321220589990449,1.449430519843562,0.13586504485082654,30,0.4957240381836405,age+sex+eth+marital+PIR_level+edu+smoke+alcohol.user+PA_level+BMI_level,,X1_NP_ln_U,PAH_urine.rds,CHF,Congestive heart failure,natural_log_transformed,2158,40,2118,30,4,2013-2014|2015-2016,WTSA2YR,ok,,0.8481786637489779
survey_weighted,odds_ratio,0.7569574113149156,0.33094588403616887,1.7313541282234444,0.4051134900279529,30,0.4971519801192006,age+sex+eth+marital+PIR_level+edu+smoke+alcohol.user+PA_level+BMI_level,,PMA_binary_U,VOC_urine.rds,CHF,Congestive heart failure,binary_above_detection_threshold,2183,41,2142,30,4,2013-2014|2015-2016,WTSA2YR,ok,,0.8481786637489779
survey_weighted,odds_ratio,1.3349566907964425,0.5649663905094134,3.1543635094741003,0.42104464698184313,30,0.4978890302743535,age+sex+eth+marital+PIR_level+edu+smoke+alcohol.user+PA_level+BMI_level,,Mn_binary_U,HM_urine.rds,CHF,Congestive heart failure,binary_above_detection_threshold,2232,41,2191,30,4,2013-2014|2015-2016,WTSA2YR,ok,,0.8481786637489779
survey_weighted,odds_ratio,0.7263598396953519,0.2785539430364849,1.894062639971866,0.4692977198478485,30,0.5009377342946983,age+sex+eth+marital+PIR_level+edu+smoke+alcohol.user+PA_level+BMI_level,,IHg_binary_S,HM_serum.rds,CHF,Congestive heart failure,binary_above_detection_threshold,3251,68,3183,30,4,2013-2014|2015-2016,WTSH2YR,ok,,0.8481786637489779
survey_weighted,odds_ratio,0.7887003645201586,0.37974154655189313,1.6380832454139327,0.35788349378177386,30,0.5122305650234782,age+sex+eth+marital+PIR_level+edu+smoke+alcohol.user+PA_level+BMI_level,,Ethylbenzene_binary_S,VOC_serum.rds,CHF,Congestive heart failure,binary_above_detection_threshold,3094,66,3028,30,4,2013-2014|2015-2016,WTSVOC2Y,ok,,0.8575545414438006
survey_weighted,odds_ratio,0.9517231773485454,0.8153593917500466,1.1108929577156108,0.07572213218635962,30,0.5184399347563284,age+sex+eth+marital+PIR_level+edu+smoke+alcohol.user+PA_level+BMI_level,,BP3_ln_U,PCCP_urine.rds,CHF,Congestive heart failure,natural_log_transformed,2143,51,2092,30,4,2013-2014|2015-2016,WTSB2YR,ok,,0.8576042739752543
survey_weighted,odds_ratio,0.9091736756935258,0.6684680866567113,1.2365538296797873,0.1505908189079001,30,0.5319782653627431,age+sex+eth+marital+PIR_level+edu+smoke+alcohol.user+PA_level+BMI_level,,BPA_ln_U,PCCP_urine.rds,CHF,Congestive heart failure,natural_log_transformed,2143,51,2092,30,4,2013-2014|2015-2016,WTSB2YR,ok,,0.8576042739752543
survey_weighted,odds_ratio,1.2902211003607076,0.5485177956096319,3.0348522894610053,0.41882225475432927,30,0.5474980459989942,age+sex+eth+marital+PIR_level+edu+smoke+alcohol.user+PA_level+BMI_level,,MEHHP_ln_U,Phthalates_urine.rds,CHF,Congestive heart failure,natural_log_transformed,2143,51,2092,30,4,2013-2014|2015-2016,WTSB2YR,ok,,0.8576042739752543
survey_weighted,odds_ratio,0.8887046131721893,0.5912835629919273,1.335731176894416,0.19951755508469005,30,0.5586970800876228,age+sex+eth+marital+PIR_level+edu+smoke+alcohol.user+PA_level+BMI_level,,THg_ln_S,HM_serum.rds,CHF,Congestive heart failure,natural_log_transformed,3256,68,3188,30,4,2013-2014|2015-2016,WTSH2YR,ok,,0.8576042739752543
survey_weighted,odds_ratio,1.1658313164517289,0.6827015555296733,1.9908591791109462,0.2620276659508669,30,0.5625468880380595,age+sex+eth+marital+PIR_level+edu+smoke+alcohol.user+PA_level+BMI_level,,EO_ln_S,gas_serum.rds,CHF,Congestive heart failure,natural_log_transformed,2136,38,2098,30,4,2013-2014|2015-2016,WTSA2YR,ok,,0.8576042739752543
survey_weighted,odds_ratio,1.260026143491093,0.54644705330597,2.905434062963207,0.39196345538471183,15,0.5641835160645836,age+sex+eth+marital+PIR_level+edu+smoke+alcohol.user+PA_level+BMI_level,,Norharman_ln_U,AA_urine.rds,CHF,Congestive heart failure,natural_log_transformed,1139,14,1125,15,2,2013-2014,WTSA2YR,ok,,0.8576042739752543
survey_weighted,odds_ratio,1.2000788775008666,0.6288225681480382,2.290295204361509,0.31645798854159973,30,0.568684889952634,age+sex+eth+marital+PIR_level+edu+smoke+alcohol.user+PA_level+BMI_level,,Cd_ln_S,HM_serum.rds,CHF,Congestive heart failure,natural_log_transformed,3256,68,3188,30,4,2013-2014|2015-2016,WTSH2YR,ok,,0.8576042739752543
survey_weighted,odds_ratio,1.1400619711020852,0.7146758500162524,1.8186444916581612,0.22867116275784388,30,0.570757025801435,age+sex+eth+marital+PIR_level+edu+smoke+alcohol.user+PA_level+BMI_level,,MB3_Cys_ln_U,VOC_urine.rds,CHF,Congestive heart failure,natural_log_transformed,2160,41,2119,30,4,2013-2014|2015-2016,WTSA2YR,ok,,0.8576042739752543
survey_weighted,odds_ratio,0.8063373161163133,0.37404243300995543,1.7382516259708813,0.3761167667469828,30,0.5713803299508992,age+sex+eth+marital+PIR_level+edu+smoke+alcohol.user+PA_level+BMI_level,,Cs_ln_U,HM_urine.rds,CHF,Congestive heart failure,natural_log_transformed,2231,41,2190,30,4,2013-2014|2015-2016,WTSA2YR,ok,,0.8576042739752543
survey_weighted,odds_ratio,1.3283349436249212,0.4817288022795729,3.6627947386691737,0.49665273938336846,30,0.5717979205786723,age+sex+eth+marital+PIR_level+edu+smoke+alcohol.user+PA_level+BMI_level,,HEMA_binary_U,VOC_urine.rds,CHF,Congestive heart failure,binary_above_detection_threshold,2202,41,2161,30,4,2013-2014|2015-2016,WTSA2YR,ok,,0.8576042739752543
survey_weighted,odds_ratio,1.1864703978312081,0.6313127379420165,2.2298172052074734,0.3089385855330281,30,0.5840551452744924,age+sex+eth+marital+PIR_level+edu+smoke+alcohol.user+PA_level+BMI_level,,CMAC_ln_U,VOC_urine.rds,CHF,Congestive heart failure,natural_log_transformed,2196,41,2155,30,4,2013-2014|2015-2016,WTSA2YR,ok,,0.8576042739752543
survey_weighted,odds_ratio,0.9000532168550529,0.6092976088016789,1.3295568232482724,0.19103575405202278,30,0.5855700232998917,age+sex+eth+marital+PIR_level+edu+smoke+alcohol.user+PA_level+BMI_level,,Ba_ln_U,HM_urine.rds,CHF,Congestive heart failure,natural_log_transformed,2231,41,2190,30,4,2013-2014|2015-2016,WTSA2YR,ok,,0.8576042739752543
survey_weighted,odds_ratio,1.141142212023973,0.6949499678115982,1.8738119409712606,0.2428398446102724,30,0.5906723738487939,age+sex+eth+marital+PIR_level+edu+smoke+alcohol.user+PA_level+BMI_level,,Mo_ln_U,HM_urine.rds,CHF,Congestive heart failure,natural_log_transformed,2230,41,2189,30,4,2013-2014|2015-2016,WTSA2YR,ok,,0.8576042739752543
survey_weighted,odds_ratio,1.2446083504889929,0.5444463037029785,2.8451840623607443,0.4048465018543197,30,0.5928405383855785,age+sex+eth+marital+PIR_level+edu+smoke+alcohol.user+PA_level+BMI_level,,BPF_binary_U,PCCP_urine.rds,CHF,Congestive heart failure,binary_above_detection_threshold,2144,51,2093,30,4,2013-2014|2015-2016,WTSB2YR,ok,,0.8576042739752543
survey_weighted,odds_ratio,1.3062549140334012,0.460602759435331,3.704497781403272,0.5104037397667051,30,0.6045155610634485,age+sex+eth+marital+PIR_level+edu+smoke+alcohol.user+PA_level+BMI_level,,AsB_binary_U,HM_urine.rds,CHF,Congestive heart failure,binary_above_detection_threshold,2233,41,2192,30,4,2013-2014|2015-2016,WTSA2YR,ok,,0.8660847942159022
survey_weighted,odds_ratio,1.4407149433151074,0.2836119527005133,7.318660331933524,0.7625269953281327,15,0.6389476627332491,age+sex+eth+marital+PIR_level+edu+smoke+alcohol.user+PA_level+BMI_level,,PPDA_binary_U,AA_urine.rds,CHF,Congestive heart failure,binary_above_detection_threshold,936,24,912,15,2,2015-2016,WTSA2YR,ok,,0.9066971594976583
survey_weighted,odds_ratio,0.8684830043423657,0.45563964905852317,1.6553930949381945,0.31584706570679744,30,0.6584843414071089,age+sex+eth+marital+PIR_level+edu+smoke+alcohol.user+PA_level+BMI_level,,X1_PH_ln_U,PAH_urine.rds,CHF,Congestive heart failure,natural_log_transformed,2226,41,2185,30,4,2013-2014|2015-2016,WTSA2YR,ok,,0.9256053478269738
survey_weighted,odds_ratio,1.1325058528079817,0.6053277566371639,2.118801744313721,0.3067259540256547,30,0.6878562880594392,age+sex+eth+marital+PIR_level+edu+smoke+alcohol.user+PA_level+BMI_level,,BCPP_binary_U,BFR_urine.rds,CHF,Congestive heart failure,binary_above_detection_threshold,1945,51,1894,30,4,2013-2014|2015-2016,WTSSBI2Y|WTSSCH2Y,ok,,0.9578559525313687
survey_weighted,odds_ratio,0.9399137514082745,0.6784532953960797,1.3021351153886376,0.15961262876808735,30,0.700583792836724,age+sex+eth+marital+PIR_level+edu+smoke+alcohol.user+PA_level+BMI_level,,MEP_ln_U,Phthalates_urine.rds,CHF,Congestive heart failure,natural_log_transformed,2143,51,2092,30,4,2013-2014|2015-2016,WTSB2YR,ok,,0.9589505302950029
survey_weighted,odds_ratio,1.0391281296184796,0.8485842492702171,1.2724573555224683,0.09918751596994918,30,0.70151414632319,age+sex+eth+marital+PIR_level+edu+smoke+alcohol.user+PA_level+BMI_level,,X25_DCP_ln_U,PCCP_urine.rds,CHF,Congestive heart failure,natural_log_transformed,2143,51,2092,30,4,2013-2014|2015-2016,WTSB2YR,ok,,0.9589505302950029
survey_weighted,odds_ratio,0.9362796964005157,0.6395590011796083,1.3706627039491222,0.1866231772449477,30,0.7267037273737796,age+sex+eth+marital+PIR_level+edu+smoke+alcohol.user+PA_level+BMI_level,,Total_As_ln_U,HM_urine.rds,CHF,Congestive heart failure,natural_log_transformed,2230,41,2189,30,4,2013-2014|2015-2016,WTSA2YR,ok,,0.9645366288407502
survey_weighted,odds_ratio,1.095659055873681,0.6368494135285839,1.8850119686325577,0.2656737150275343,30,0.7333458844490067,age+sex+eth+marital+PIR_level+edu+smoke+alcohol.user+PA_level+BMI_level,,GLYP_ln_U,GYLP_urine.rds,CHF,Congestive heart failure,natural_log_transformed,1939,52,1887,30,4,2013-2014|2015-2016,WTSSCH2Y|WTSSGL2Y,ok,,0.9645366288407502
survey_weighted,odds_ratio,1.050957975688372,0.7823049797835729,1.4118696610733161,0.14455109545023778,30,0.7333667306338012,age+sex+eth+marital+PIR_level+edu+smoke+alcohol.user+PA_level+BMI_level,,MCPP_ln_U,Phthalates_urine.rds,CHF,Congestive heart failure,natural_log_transformed,2143,51,2092,30,4,2013-2014|2015-2016,WTSB2YR,ok,,0.9645366288407502
survey_weighted,odds_ratio,0.8825620777560059,0.4014242455470231,1.940380606636167,0.3857518079784321,30,0.7482977843342287,age+sex+eth+marital+PIR_level+edu+smoke+alcohol.user+PA_level+BMI_level,,o_Xylene_binary_S,VOC_serum.rds,CHF,Congestive heart failure,binary_above_detection_threshold,3152,66,3086,30,4,2013-2014|2015-2016,WTSVOC2Y,ok,,0.9645366288407502
survey_weighted,odds_ratio,1.0927165548753228,0.6222010393625035,1.9190412644150783,0.2757510978659866,30,0.7500258485331044,age+sex+eth+marital+PIR_level+edu+smoke+alcohol.user+PA_level+BMI_level,,Pb_ln_S,HM_serum.rds,CHF,Congestive heart failure,natural_log_transformed,3256,68,3188,30,4,2013-2014|2015-2016,WTSH2YR,ok,,0.9645366288407502
survey_weighted,odds_ratio,0.9565941484032386,0.7180512584647002,1.274383066629362,0.14045053398489316,30,0.7542243492359765,age+sex+eth+marital+PIR_level+edu+smoke+alcohol.user+PA_level+BMI_level,,X3PBA_ln_U,pesticides_urine.rds,CHF,Congestive heart failure,natural_log_transformed,2183,56,2127,30,4,2013-2014|2015-2016,WTSB2YR|WTSC2YR,ok,,0.9645366288407502
survey_weighted,odds_ratio,1.109153398759461,0.5655088116279041,2.1754236833875016,0.32984160362842,30,0.7556331829194335,age+sex+eth+marital+PIR_level+edu+smoke+alcohol.user+PA_level+BMI_level,,Nitrate_ln_U,PERNT_urine.rds,CHF,Congestive heart failure,natural_log_transformed,2222,41,2181,30,4,2013-2014|2015-2016,WTSA2YR,ok,,0.9645366288407502
survey_weighted,odds_ratio,1.1008412377515266,0.5787840484097815,2.093788579806051,0.3147966332789795,30,0.7623244519744814,age+sex+eth+marital+PIR_level+edu+smoke+alcohol.user+PA_level+BMI_level,,TCPY_ln_U,pesticides_urine.rds,CHF,Congestive heart failure,natural_log_transformed,2181,56,2125,30,4,2013-2014|2015-2016,WTSB2YR|WTSC2YR,ok,,0.9645366288407502
survey_weighted,odds_ratio,0.9369066556228769,0.5990732985864623,1.465253222638423,0.21897161494918885,30,0.768040081121883,age+sex+eth+marital+PIR_level+edu+smoke+alcohol.user+PA_level+BMI_level,,Sr_ln_U,HM_urine.rds,CHF,Congestive heart failure,natural_log_transformed,2231,41,2190,30,4,2013-2014|2015-2016,WTSA2YR,ok,,0.9645366288407502
survey_weighted,odds_ratio,0.9533404310516592,0.6831712073972438,1.3303517004768752,0.16316459706545378,30,0.7716507292845052,age+sex+eth+marital+PIR_level+edu+smoke+alcohol.user+PA_level+BMI_level,,PNP_ln_U,pesticides_urine.rds,CHF,Congestive heart failure,natural_log_transformed,2162,55,2107,30,4,2013-2014|2015-2016,WTSB2YR|WTSC2YR,ok,,0.9645366288407502
survey_weighted,odds_ratio,1.1158967044660129,0.4965302264732115,2.507854282875747,0.37991479596119737,15,0.7768080232274498,age+sex+eth+marital+PIR_level+edu+smoke+alcohol.user+PA_level+BMI_level,,DMDTP_binary_U,pesticides_urine.rds,CHF,Congestive heart failure,binary_above_detection_threshold,1034,28,1006,15,2,2015-2016,WTSB2YR,ok,,0.9645366288407502
survey_weighted,odds_ratio,0.9629750430657215,0.7060245118313442,1.3134401398643611,0.15197655850798297,30,0.8056344719394958,age+sex+eth+marital+PIR_level+edu+smoke+alcohol.user+PA_level+BMI_level,,BDCPP_ln_U,BFR_urine.rds,CHF,Congestive heart failure,natural_log_transformed,1935,50,1885,30,4,2013-2014|2015-2016,WTSSBI2Y|WTSSCH2Y,ok,,0.9741637816868361
survey_weighted,odds_ratio,1.0433904823615343,0.7355263818412973,1.4801150924828874,0.17120358209532213,30,0.8057479764242709,age+sex+eth+marital+PIR_level+edu+smoke+alcohol.user+PA_level+BMI_level,,DPHP_ln_U,BFR_urine.rds,CHF,Congestive heart failure,natural_log_transformed,1942,51,1891,30,4,2013-2014|2015-2016,WTSSBI2Y|WTSSCH2Y,ok,,0.9741637816868361
survey_weighted,odds_ratio,0.9107079108154775,0.4021831364216736,2.0622169944796225,0.3834548533606928,15,0.8105960095143488,age+sex+eth+marital+PIR_level+edu+smoke+alcohol.user+PA_level+BMI_level,,o_TLD_ln_U,AA_urine.rds,CHF,Congestive heart failure,natural_log_transformed,1078,14,1064,15,2,2013-2014,WTSA2YR,ok,,0.9741637816868361
survey_weighted,odds_ratio,1.1058991120067896,0.4432461533486838,2.759218183164494,0.44768203658232336,30,0.8236250309558235,age+sex+eth+marital+PIR_level+edu+smoke+alcohol.user+PA_level+BMI_level,,AsC_binary_U,HM_urine.rds,CHF,Congestive heart failure,binary_above_detection_threshold,2233,41,2192,30,4,2013-2014|2015-2016,WTSA2YR,ok,,0.9741637816868361
survey_weighted,odds_ratio,0.975561907762508,0.752536585969208,1.2646840746639343,0.12709567970493618,30,0.8469639919404548,age+sex+eth+marital+PIR_level+edu+smoke+alcohol.user+PA_level+BMI_level,,U_ln_U,HM_urine.rds,CHF,Congestive heart failure,natural_log_transformed,2231,41,2190,30,4,2013-2014|2015-2016,WTSA2YR,ok,,0.9741637816868361
survey_weighted,odds_ratio,1.0611244440789662,0.5609389234481533,2.007322078668281,0.312138760162203,30,0.8505322543281832,age+sex+eth+marital+PIR_level+edu+smoke+alcohol.user+PA_level+BMI_level,,X1_PY_ln_U,PAH_urine.rds,CHF,Congestive heart failure,natural_log_transformed,2225,41,2184,30,4,2013-2014|2015-2016,WTSA2YR,ok,,0.9741637816868361
survey_weighted,odds_ratio,0.9494381824076001,0.5328374356603592,1.6917596285183647,0.28284866793922653,30,0.8556894866114396,age+sex+eth+marital+PIR_level+edu+smoke+alcohol.user+PA_level+BMI_level,,Mn_ln_S,HM_serum.rds,CHF,Congestive heart failure,natural_log_transformed,3255,68,3187,30,4,2013-2014|2015-2016,WTSH2YR,ok,,0.9741637816868361
survey_weighted,odds_ratio,1.0567299754043429,0.5533041147776667,2.0181997767480473,0.3168170345608911,30,0.8629038894319692,age+sex+eth+marital+PIR_level+edu+smoke+alcohol.user+PA_level+BMI_level,,Chloroform_binary_S,VOC_serum.rds,CHF,Congestive heart failure,binary_above_detection_threshold,3075,65,3010,30,4,2013-2014|2015-2016,WTSVOC2Y,ok,,0.9741637816868361
survey_weighted,odds_ratio,0.9699282668517956,0.6658729117335077,1.4128234175932874,0.17646361310257846,15,0.8649425480880567,age+sex+eth+marital+PIR_level+edu+smoke+alcohol.user+PA_level+BMI_level,,DEP_ln_U,pesticides_urine.rds,CHF,Congestive heart failure,natural_log_transformed,1038,28,1010,15,2,2015-2016,WTSB2YR,ok,,0.9741637816868361
survey_weighted,odds_ratio,1.0354411094849192,0.6799924387080851,1.5766914897587854,0.20589864382951464,30,0.8668149082105063,age+sex+eth+marital+PIR_level+edu+smoke+alcohol.user+PA_level+BMI_level,,Thiocyanate_ln_U,PERNT_urine.rds,CHF,Congestive heart failure,natural_log_transformed,2217,41,2176,30,4,2013-2014|2015-2016,WTSA2YR,ok,,0.9741637816868361
survey_weighted,odds_ratio,1.0829854475499985,0.38338434750615363,3.059221085144185,0.5084722179236271,30,0.8764635951815725,age+sex+eth+marital+PIR_level+edu+smoke+alcohol.user+PA_level+BMI_level,,X4FPBA_binary_U,pesticides_urine.rds,CHF,Congestive heart failure,binary_above_detection_threshold,2204,56,2148,30,4,2013-2014|2015-2016,WTSB2YR|WTSC2YR,ok,,0.9741637816868361
survey_weighted,odds_ratio,1.0377356065885548,0.636205909558854,1.6926834111434714,0.23957334751870757,30,0.8781623133419807,age+sex+eth+marital+PIR_level+edu+smoke+alcohol.user+PA_level+BMI_level,,MiBP_ln_U,Phthalates_urine.rds,CHF,Congestive heart failure,natural_log_transformed,2143,51,2092,30,4,2013-2014|2015-2016,WTSB2YR,ok,,0.9741637816868361
survey_weighted,odds_ratio,0.9513045097505907,0.4242009045246991,2.1333765690240747,0.3954550892034839,30,0.9003865714324116,age+sex+eth+marital+PIR_level+edu+smoke+alcohol.user+PA_level+BMI_level,,TCC_binary_U,PCCP_urine.rds,CHF,Congestive heart failure,binary_above_detection_threshold,2145,51,2094,30,4,2013-2014|2015-2016,WTSB2YR,ok,,0.9741637816868361
survey_weighted,odds_ratio,1.0221272326281772,0.685890965091136,1.5231926543037613,0.1953326959251579,30,0.9115343706627258,age+sex+eth+marital+PIR_level+edu+smoke+alcohol.user+PA_level+BMI_level,,X2_MHA_ln_U,VOC_urine.rds,CHF,Congestive heart failure,natural_log_transformed,2092,40,2052,30,4,2013-2014|2015-2016,WTSA2YR,ok,,0.9741637816868361
survey_weighted,odds_ratio,0.950605819698116,0.3610830347238865,2.5026139074491067,0.473977670479982,30,0.9156006110875909,age+sex+eth+marital+PIR_level+edu+smoke+alcohol.user+PA_level+BMI_level,,X25_DMF_binary_S,VOC_serum.rds,CHF,Congestive heart failure,binary_above_detection_threshold,3158,66,3092,30,4,2013-2014|2015-2016,WTSVOC2Y,ok,,0.9741637816868361
survey_weighted,odds_ratio,0.94018749106795,0.2594790332887345,3.4066433312823055,0.6040036996761894,15,0.920020398133659,age+sex+eth+marital+PIR_level+edu+smoke+alcohol.user+PA_level+BMI_level,,MDA_binary_U,pesticides_urine.rds,CHF,Congestive heart failure,binary_above_detection_threshold,1035,28,1007,15,2,2015-2016,WTSB2YR,ok,,0.9741637816868361
survey_weighted,odds_ratio,1.012543997557067,0.7660037773297796,1.3384338006305385,0.1309128578843721,15,0.9253978160216793,age+sex+eth+marital+PIR_level+edu+smoke+alcohol.user+PA_level+BMI_level,,DMTP_ln_U,pesticides_urine.rds,CHF,Congestive heart failure,natural_log_transformed,1038,27,1011,15,2,2015-2016,WTSB2YR,ok,,0.9741637816868361
survey_weighted,odds_ratio,0.9794166202386887,0.6212780775047252,1.5440057370968154,0.22287836080271248,30,0.9262727616395453,age+sex+eth+marital+PIR_level+edu+smoke+alcohol.user+PA_level+BMI_level,,X3_FL_ln_U,PAH_urine.rds,CHF,Congestive heart failure,natural_log_transformed,2224,41,2183,30,4,2013-2014|2015-2016,WTSA2YR,ok,,0.9741637816868361
survey_weighted,odds_ratio,1.0241323440784051,0.6039970194727622,1.7365103210328463,0.2585510932238115,30,0.9271296890302552,age+sex+eth+marital+PIR_level+edu+smoke+alcohol.user+PA_level+BMI_level,,ATCA_ln_U,VOC_urine.rds,CHF,Congestive heart failure,natural_log_transformed,2165,40,2125,30,4,2013-2014|2015-2016,WTSA2YR,ok,,0.9741637816868361
survey_weighted,odds_ratio,0.9791340708245748,0.5950653712508515,1.611089428098076,0.23364255266462597,15,0.9292811176820877,age+sex+eth+marital+PIR_level+edu+smoke+alcohol.user+PA_level+BMI_level,,n_PFOS_ln_S,PFC_serum.rds,CHF,Congestive heart failure,natural_log_transformed,997,26,971,15,2,2015-2016,WTSB2YR,ok,,0.9741637816868361
survey_weighted,odds_ratio,1.0361635078803848,0.4313446140143008,2.4890418940698513,0.42911654353648027,30,0.9345714067426983,age+sex+eth+marital+PIR_level+edu+smoke+alcohol.user+PA_level+BMI_level,,DBUP_binary_U,BFR_urine.rds,CHF,Congestive heart failure,binary_above_detection_threshold,1943,51,1892,30,4,2013-2014|2015-2016,WTSSBI2Y|WTSSCH2Y,ok,,0.9741637816868361
survey_weighted,odds_ratio,1.033867407306314,0.43102540436504005,2.4798580433208812,0.42839278381209295,30,0.938545028760538,age+sex+eth+marital+PIR_level+edu+smoke+alcohol.user+PA_level+BMI_level,,BDCM_binary_S,VOC_serum.rds,CHF,Congestive heart failure,binary_above_detection_threshold,3136,66,3070,30,4,2013-2014|2015-2016,WTSVOC2Y,ok,,0.9741637816868361
survey_weighted,odds_ratio,1.023109450484221,0.5165117202129651,2.0265812114360804,0.3346780533298198,30,0.9460284257831841,age+sex+eth+marital+PIR_level+edu+smoke+alcohol.user+PA_level+BMI_level,,MeFOSAA_binary_S,PFC_serum.rds,CHF,Congestive heart failure,binary_above_detection_threshold,2073,50,2023,30,4,2013-2014|2015-2016,WTSB2YR,ok,,0.9741637816868361
survey_weighted,odds_ratio,1.0179014300288511,0.5985426172772018,1.7310769381270683,0.2600047973154207,30,0.9460463002671611,age+sex+eth+marital+PIR_level+edu+smoke+alcohol.user+PA_level+BMI_level,,MHBP_ln_U,Phthalates_urine.rds,CHF,Congestive heart failure,natural_log_transformed,2042,51,1991,30,4,2013-2014|2015-2016,WTSB2YR|WTSSBH2Y,ok,,0.9741637816868361
survey_weighted,odds_ratio,1.0178675783935556,0.55522838578341,1.8659968288237285,0.2967701844083727,30,0.9528100580612255,age+sex+eth+marital+PIR_level+edu+smoke+alcohol.user+PA_level+BMI_level,,DMA_ln_U,HM_urine.rds,CHF,Congestive heart failure,natural_log_transformed,2232,41,2191,30,4,2013-2014|2015-2016,WTSA2YR,ok,,0.9741637816868361
survey_weighted,odds_ratio,1.0122555578234445,0.5979054782591655,1.7137513396395199,0.2578028536257134,30,0.9626274913540237,age+sex+eth+marital+PIR_level+edu+smoke+alcohol.user+PA_level+BMI_level,,PFNA_ln_S,PFC_serum.rds,CHF,Congestive heart failure,natural_log_transformed,2073,50,2023,30,4,2013-2014|2015-2016,WTSB2YR,ok,,0.9741637816868361
survey_weighted,odds_ratio,0.9865622329837858,0.5217402797394782,1.8654972164233825,0.31193511446576094,30,0.9656933568229711,age+sex+eth+marital+PIR_level+edu+smoke+alcohol.user+PA_level+BMI_level,,X23_OH_PH_ln_U,PAH_urine.rds,CHF,Congestive heart failure,natural_log_transformed,2226,41,2185,30,4,2013-2014|2015-2016,WTSA2YR,ok,,0.9741637816868361
survey_weighted,odds_ratio,0.9836100178852639,0.43120078456000716,2.2437080402612546,0.40379316363496176,30,0.9676257697292063,age+sex+eth+marital+PIR_level+edu+smoke+alcohol.user+PA_level+BMI_level,,MMA_binary_U,HM_urine.rds,CHF,Congestive heart failure,binary_above_detection_threshold,2233,41,2192,30,4,2013-2014|2015-2016,WTSA2YR,ok,,0.9741637816868361
survey_weighted,odds_ratio,1.0021499052962515,0.7292239964842193,1.3772235109202404,0.15567067231178677,30,0.9890842526480497,age+sex+eth+marital+PIR_level+edu+smoke+alcohol.user+PA_level+BMI_level,,X24_DCP_ln_U,PCCP_urine.rds,CHF,Congestive heart failure,natural_log_transformed,2143,51,2092,30,4,2013-2014|2015-2016,WTSB2YR,ok,,0.9890842526480497
