method,effect_scale,estimate,conf_low,conf_high,std_error_link_scale,reference_df,p_value,covariates_used,covariates_dropped_no_variation,exposure,module_rds,outcome,transform,n,events,non_events,n_strata,n_psu,cycles,weight_variables,status,error,p_fdr_bh
same_sample_unweighted,odds_ratio,0.5495966861852395,0.38547154370713443,0.783602635257784,0.1809815590947541,2212,9.418089213963732e-4,age+sex+eth+marital+PIR_level+edu+smoke+alcohol.user+PA_level+BMI_level,,As_III_binary_U,HM_urine.rds,CVD,binary_above_detection_threshold,2235,178,2057,30,4,2013-2014|2015-2016,WTSA2YR,ok,,0.08199344070163958
same_sample_unweighted,odds_ratio,0.566061177120405,0.3971361717796413,0.806839766841316,0.1808313510369279,974,0.00165027174092152,age+sex+eth+marital+PIR_level+edu+smoke+alcohol.user+PA_level+BMI_level,,n_PFOA_ln_S,PFC_serum.rds,CVD,natural_log_transformed,997,97,900,15,2,2015-2016,WTSB2YR,ok,,0.08199344070163958
same_sample_unweighted,odds_ratio,2.110520485239511,1.325389104917657,3.3607464419985216,0.23736584742938402,1028,0.0016508746449994548,age+sex+eth+marital+PIR_level+edu+smoke+alcohol.user+PA_level+BMI_level,,IPM1_Cys_ln_U,VOC_urine.rds,CVD,natural_log_transformed,1051,89,962,15,2,2015-2016,WTSA2YR,ok,,0.08199344070163958
same_sample_unweighted,odds_ratio,1.443184916006435,1.1323060951484019,1.8394166654340298,0.12377578114306827,3236,0.0030381977580968564,age+sex+eth+marital+PIR_level+edu+smoke+alcohol.user+PA_level+BMI_level,,Cd_ln_S,HM_serum.rds,CVD,natural_log_transformed,3259,257,3002,30,4,2013-2014|2015-2016,WTSH2YR,ok,,0.09190176852138048
same_sample_unweighted,odds_ratio,1.480134497157622,1.1415828404337791,1.9190881748394064,0.13251121257363413,2210,0.0030839519638047137,age+sex+eth+marital+PIR_level+edu+smoke+alcohol.user+PA_level+BMI_level,,Cd_ln_U,HM_urine.rds,CVD,natural_log_transformed,2233,177,2056,30,4,2013-2014|2015-2016,WTSA2YR,ok,,0.09190176852138048
same_sample_unweighted,odds_ratio,1.1952370863130108,1.0593983876006623,1.3484933611551995,0.06155387400524455,2168,0.0037630144237557404,age+sex+eth+marital+PIR_level+edu+smoke+alcohol.user+PA_level+BMI_level,,CEMA_CYM_ln_U,VOC_urine.rds,CVD,natural_log_transformed,2191,173,2018,30,4,2013-2014|2015-2016,WTSA2YR,ok,,0.09344819152326755
same_sample_unweighted,odds_ratio,1.3434735457922393,1.087922642142913,1.6590528575527819,0.1076491277869336,2204,0.006092048034579494,age+sex+eth+marital+PIR_level+edu+smoke+alcohol.user+PA_level+BMI_level,,X2_FL_ln_U,PAH_urine.rds,CVD,natural_log_transformed,2227,176,2051,30,4,2013-2014|2015-2016,WTSA2YR,ok,,0.12967359387890637
same_sample_unweighted,odds_ratio,0.7761869170737703,0.6432759004276075,0.936559460467902,0.09582811208695294,2144,0.0081951888565798,age+sex+eth+marital+PIR_level+edu+smoke+alcohol.user+PA_level+BMI_level,,ATCA_ln_U,VOC_urine.rds,CVD,natural_log_transformed,2167,171,1996,30,4,2013-2014|2015-2016,WTSA2YR,ok,,0.13878349020007313
same_sample_unweighted,odds_ratio,1.2628978364261487,1.0617058518807738,1.5022154605482487,0.08853838286493478,2210,0.008382895381212471,age+sex+eth+marital+PIR_level+edu+smoke+alcohol.user+PA_level+BMI_level,,U_ln_U,HM_urine.rds,CVD,natural_log_transformed,2233,177,2056,30,4,2013-2014|2015-2016,WTSA2YR,ok,,0.13878349020007313
same_sample_unweighted,odds_ratio,0.4220598883796244,0.21842054409265244,0.8155576670638528,0.33609031540851053,989,0.010270219184142367,age+sex+eth+marital+PIR_level+edu+smoke+alcohol.user+PA_level+BMI_level,,PFHxA_binary_U,PFC_urine.rds,CVD,binary_above_detection_threshold,1012,83,929,15,2,2013-2014,WTSSBH2Y,ok,,0.15302626584372128
same_sample_unweighted,odds_ratio,1.4176873132276375,1.0788482988580428,1.8629471077759532,0.13935603471438632,1028,0.012260047337335234,age+sex+eth+marital+PIR_level+edu+smoke+alcohol.user+PA_level+BMI_level,,IPM3_Cys_ln_U,VOC_urine.rds,CVD,natural_log_transformed,1051,89,962,15,2,2015-2016,WTSA2YR,ok,,0.1570801235354245
same_sample_unweighted,odds_ratio,1.4944945497103908,1.089768051894801,2.0495315083155625,0.16113723576459546,1055,0.012650748204195263,age+sex+eth+marital+PIR_level+edu+smoke+alcohol.user+PA_level+BMI_level,,o_TLD_ln_U,AA_urine.rds,CVD,natural_log_transformed,1078,77,1001,15,2,2013-2014,WTSA2YR,ok,,0.1570801235354245
same_sample_unweighted,odds_ratio,1.3409816173042404,1.0617595044209212,1.6936337188039994,0.11912180837005018,2186,0.013776416774559168,age+sex+eth+marital+PIR_level+edu+smoke+alcohol.user+PA_level+BMI_level,,CEMA_CEM_ln_U,VOC_urine.rds,CVD,natural_log_transformed,2209,175,2034,30,4,2013-2014|2015-2016,WTSA2YR,ok,,0.15789893072379355
same_sample_unweighted,odds_ratio,1.2901666985014557,1.0500395599188626,1.585207046914276,0.10507519307549194,2125,0.015322803531049404,age+sex+eth+marital+PIR_level+edu+smoke+alcohol.user+PA_level+BMI_level,,X3_HPMA_ln_U,VOC_urine.rds,CVD,natural_log_transformed,2148,169,1979,30,4,2013-2014|2015-2016,WTSA2YR,ok,,0.1630784090090258
same_sample_unweighted,odds_ratio,0.3390002020472187,0.1345659110085008,0.8540137403803206,0.47140997844636756,989,0.021749094387777997,age+sex+eth+marital+PIR_level+edu+smoke+alcohol.user+PA_level+BMI_level,,PFBA_binary_U,PFC_urine.rds,CVD,binary_above_detection_threshold,1012,83,929,15,2,2013-2014,WTSSBH2Y,ok,,0.2160410042519281
same_sample_unweighted,odds_ratio,0.7974886691642628,0.6533143146631142,0.9734796302042431,0.10174129487238488,2050,0.026138518154194837,age+sex+eth+marital+PIR_level+edu+smoke+alcohol.user+PA_level+BMI_level,,PFHS_ln_S,PFC_serum.rds,CVD,natural_log_transformed,2073,185,1888,30,4,2013-2014|2015-2016,WTSB2YR,ok,,0.2303211628494314
same_sample_unweighted,odds_ratio,1.2818390731329297,1.029721521904856,1.5956852163007502,0.11174053491091641,2204,0.026278253479465326,age+sex+eth+marital+PIR_level+edu+smoke+alcohol.user+PA_level+BMI_level,,X1_PY_ln_U,PAH_urine.rds,CVD,natural_log_transformed,2227,176,2051,30,4,2013-2014|2015-2016,WTSA2YR,ok,,0.2303211628494314
same_sample_unweighted,odds_ratio,1.36411497469164,1.0329248643145623,1.8014956638814057,0.14189617680887995,1097,0.028650607078301096,age+sex+eth+marital+PIR_level+edu+smoke+alcohol.user+PA_level+BMI_level,,X4_ABP_ln_U,AA_urine.rds,CVD,natural_log_transformed,1120,77,1043,15,2,2013-2014,WTSA2YR,ok,,0.23716335859260354
same_sample_unweighted,odds_ratio,1.3387566104511217,1.0094015142348898,1.7755761575066464,0.14407595635283066,2162,0.04287629595623571,age+sex+eth+marital+PIR_level+edu+smoke+alcohol.user+PA_level+BMI_level,,PGA_ln_U,VOC_urine.rds,CVD,natural_log_transformed,2185,171,2014,30,4,2013-2014|2015-2016,WTSA2YR,ok,,0.31061320207551163
same_sample_unweighted,odds_ratio,1.2129530440681833,1.0049023461462026,1.4640776715832449,0.09600561609402451,2203,0.04433577251855475,age+sex+eth+marital+PIR_level+edu+smoke+alcohol.user+PA_level+BMI_level,,X3_FL_ln_U,PAH_urine.rds,CVD,natural_log_transformed,2226,177,2049,30,4,2013-2014|2015-2016,WTSA2YR,ok,,0.31061320207551163
same_sample_unweighted,odds_ratio,0.8139700121028217,0.6640153592154405,0.9977889387761941,0.1038887684692435,2180,0.04756094507011122,age+sex+eth+marital+PIR_level+edu+smoke+alcohol.user+PA_level+BMI_level,,X24D_ln_U,pesticides_urine.rds,CVD,natural_log_transformed,2203,194,2009,30,4,2013-2014|2015-2016,WTSB2YR|WTSC2YR,ok,,0.31061320207551163
same_sample_unweighted,odds_ratio,1.2455791287254443,1.0012988911883063,1.5494547927394684,0.1113808920773782,2121,0.04865321672666722,age+sex+eth+marital+PIR_level+edu+smoke+alcohol.user+PA_level+BMI_level,,MECPP_ln_U,Phthalates_urine.rds,CVD,natural_log_transformed,2144,190,1954,30,4,2013-2014|2015-2016,WTSB2YR,ok,,0.31061320207551163
same_sample_unweighted,odds_ratio,1.4574353064788885,1.001359237091502,2.121234412078544,0.19149328274267807,2076,0.04917661011313853,age+sex+eth+marital+PIR_level+edu+smoke+alcohol.user+PA_level+BMI_level,,DHB_Cys_ln_U,VOC_urine.rds,CVD,natural_log_transformed,2099,165,1934,30,4,2013-2014|2015-2016,WTSA2YR,ok,,0.31061320207551163
same_sample_unweighted,odds_ratio,1.1457515624082795,0.9999812019179297,1.3127713203440328,0.0694296463576847,2137,0.05003165671014953,age+sex+eth+marital+PIR_level+edu+smoke+alcohol.user+PA_level+BMI_level,,X1_NP_ln_U,PAH_urine.rds,CVD,natural_log_transformed,2160,163,1997,30,4,2013-2014|2015-2016,WTSA2YR,ok,,0.31061320207551163
same_sample_unweighted,odds_ratio,1.179706803151074,0.9982097082106894,1.3942041736856987,0.08523515395799057,2209,0.05250852128450126,age+sex+eth+marital+PIR_level+edu+smoke+alcohol.user+PA_level+BMI_level,,Sn_ln_U,HM_urine.rds,CVD,natural_log_transformed,2232,177,2055,30,4,2013-2014|2015-2016,WTSA2YR,ok,,0.3129507868556275
same_sample_unweighted,odds_ratio,0.7085366743314017,0.4971885426610696,1.0097260411224511,0.18073419118103,2214,0.05659704061367691,age+sex+eth+marital+PIR_level+edu+smoke+alcohol.user+PA_level+BMI_level,,Hg_binary_U,HM_urine.rds,CVD,binary_above_detection_threshold,2237,178,2059,30,4,2013-2014|2015-2016,WTSA2YR,ok,,0.3243445789014561
same_sample_unweighted,odds_ratio,1.2158843199997083,0.9912461456068022,1.4914304445705053,0.10421826294165885,2139,0.060710393260287286,age+sex+eth+marital+PIR_level+edu+smoke+alcohol.user+PA_level+BMI_level,,MB3_Cys_ln_U,VOC_urine.rds,CVD,natural_log_transformed,2162,170,1992,30,4,2013-2014|2015-2016,WTSA2YR,ok,,0.3350314294734372
same_sample_unweighted,odds_ratio,1.2147953026298342,0.9838476702906729,1.4999554014855918,0.10758350132413537,2121,0.07051307181986191,age+sex+eth+marital+PIR_level+edu+smoke+alcohol.user+PA_level+BMI_level,,MiBP_ln_U,Phthalates_urine.rds,CVD,natural_log_transformed,2144,190,1954,30,4,2013-2014|2015-2016,WTSB2YR,ok,,0.3597019203358031
same_sample_unweighted,odds_ratio,0.5096298479326221,0.24541525978807396,1.0582984209217816,0.37282978969716374,820,0.07060886113950535,age+sex+eth+marital+PIR_level+edu+smoke+alcohol.user+PA_level+BMI_level,,X5OHIMI_binary_U,pesticides_urine.rds,CVD,binary_above_detection_threshold,843,86,757,15,2,2015-2016,WTSSBI2Y,ok,,0.3597019203358031
same_sample_unweighted,odds_ratio,0.7993064001325323,0.6259957721607357,1.020599099395804,0.12469654358917354,2050,0.07242320543673889,age+sex+eth+marital+PIR_level+edu+smoke+alcohol.user+PA_level+BMI_level,,PFNA_ln_S,PFC_serum.rds,CVD,natural_log_transformed,2073,185,1888,30,4,2013-2014|2015-2016,WTSB2YR,ok,,0.3597019203358031
same_sample_unweighted,odds_ratio,0.7319575857554278,0.5148051500799335,1.0407081344499505,0.1795615084712232,2123,0.08225517050197105,age+sex+eth+marital+PIR_level+edu+smoke+alcohol.user+PA_level+BMI_level,,TCC_binary_U,PCCP_urine.rds,CVD,binary_above_detection_threshold,2146,190,1956,30,4,2013-2014|2015-2016,WTSB2YR,ok,,0.3953554969288286
same_sample_unweighted,odds_ratio,1.1525740705384746,0.9779778331311842,1.3583405912426605,0.08381074309584606,2121,0.09021458780118442,age+sex+eth+marital+PIR_level+edu+smoke+alcohol.user+PA_level+BMI_level,,MBzP_ln_U,Phthalates_urine.rds,CVD,natural_log_transformed,2144,190,1954,30,4,2013-2014|2015-2016,WTSB2YR,ok,,0.42006167444926495
same_sample_unweighted,odds_ratio,1.2367673446018441,0.9589982256642371,1.5949909225473742,0.1297814917352281,2115,0.1015520978158933,age+sex+eth+marital+PIR_level+edu+smoke+alcohol.user+PA_level+BMI_level,,EO_ln_S,gas_serum.rds,CVD,natural_log_transformed,2138,170,1968,30,4,2013-2014|2015-2016,WTSA2YR,ok,,0.45361546696756927
same_sample_unweighted,odds_ratio,1.5053187089240936,0.9152222666671976,2.475884272012451,0.2538786300404051,1010,0.10717442593899386,age+sex+eth+marital+PIR_level+edu+smoke+alcohol.user+PA_level+BMI_level,,MCOCH_binary_U,Phthalates_urine.rds,CVD,binary_above_detection_threshold,1033,103,930,15,2,2015-2016,WTSB2YR,ok,,0.45361546696756927
same_sample_unweighted,odds_ratio,1.1812024547339386,0.9639594292314629,1.4474045242566547,0.10369528306382413,2171,0.10827746028767915,age+sex+eth+marital+PIR_level+edu+smoke+alcohol.user+PA_level+BMI_level,,X2_NP_ln_U,PAH_urine.rds,CVD,natural_log_transformed,2194,172,2022,30,4,2013-2014|2015-2016,WTSA2YR,ok,,0.45361546696756927
same_sample_unweighted,odds_ratio,1.3603949996296425,0.9296504905534526,1.9907207857391278,0.1942493237458369,2173,0.11309514733294716,age+sex+eth+marital+PIR_level+edu+smoke+alcohol.user+PA_level+BMI_level,,OXY_binary_U,pesticides_urine.rds,CVD,binary_above_detection_threshold,2196,193,2003,30,4,2013-2014|2015-2016,WTSB2YR|WTSC2YR,ok,,0.45361546696756927
same_sample_unweighted,odds_ratio,1.2263325552723334,0.9507577572863564,1.581782030801582,0.12986158321509664,2210,0.11615491664608657,age+sex+eth+marital+PIR_level+edu+smoke+alcohol.user+PA_level+BMI_level,,Co_ln_U,HM_urine.rds,CVD,natural_log_transformed,2233,177,2056,30,4,2013-2014|2015-2016,WTSA2YR,ok,,0.45361546696756927
same_sample_unweighted,odds_ratio,1.1814513976576215,0.9590753589244351,1.455388663715135,0.10639445865381546,2121,0.11706293198079723,age+sex+eth+marital+PIR_level+edu+smoke+alcohol.user+PA_level+BMI_level,,MEOHP_ln_U,Phthalates_urine.rds,CVD,natural_log_transformed,2144,190,1954,30,4,2013-2014|2015-2016,WTSB2YR,ok,,0.45361546696756927
same_sample_unweighted,odds_ratio,1.4965013638228895,0.9018397409753922,2.483275276272036,0.25839679152808254,1148,0.11873156517943087,age+sex+eth+marital+PIR_level+edu+smoke+alcohol.user+PA_level+BMI_level,,TTCA_binary_U,VOC_urine.rds,CVD,binary_above_detection_threshold,1171,86,1085,15,2,2013-2014,WTSA2YR,ok,,0.45361546696756927
same_sample_unweighted,odds_ratio,1.1751036770051935,0.9550363822882474,1.4458806777628654,0.10579899614405275,2169,0.12722866411632452,age+sex+eth+marital+PIR_level+edu+smoke+alcohol.user+PA_level+BMI_level,,PMM_Cys_ln_U,VOC_urine.rds,CVD,natural_log_transformed,2192,173,2019,30,4,2013-2014|2015-2016,WTSA2YR,ok,,0.4739267738333089
same_sample_unweighted,odds_ratio,1.1996310377690123,0.9464946836383625,1.5204677338986672,0.12092261290097056,2205,0.1322698509524033,age+sex+eth+marital+PIR_level+edu+smoke+alcohol.user+PA_level+BMI_level,,X1_PH_ln_U,PAH_urine.rds,CVD,natural_log_transformed,2228,177,2051,30,4,2013-2014|2015-2016,WTSA2YR,ok,,0.4806879949245876
same_sample_unweighted,odds_ratio,0.47479688699992983,0.17831066489656322,1.2642658476743145,0.49968253323799866,1945,0.13604478609335022,age+sex+eth+marital+PIR_level+edu+smoke+alcohol.user+PA_level+BMI_level,,FA_ln_S,gas_serum.rds,CVD,natural_log_transformed,1968,162,1806,30,4,2013-2014|2015-2016,WTSA2YR,ok,,0.48263507447402815
same_sample_unweighted,odds_ratio,1.1988482920175088,0.9307756000948109,1.5441286032067212,0.12913421016006235,2135,0.1601876612248292,age+sex+eth+marital+PIR_level+edu+smoke+alcohol.user+PA_level+BMI_level,,CEMA_AAM_ln_U,VOC_urine.rds,CVD,natural_log_transformed,2158,166,1992,30,4,2013-2014|2015-2016,WTSA2YR,ok,,0.5238879772929297
same_sample_unweighted,odds_ratio,0.8607370533686778,0.6981689205144449,1.06115905946642,0.10680195284210589,2050,0.1602734738934355,age+sex+eth+marital+PIR_level+edu+smoke+alcohol.user+PA_level+BMI_level,,PFDA_ln_S,PFC_serum.rds,CVD,natural_log_transformed,2073,185,1888,30,4,2013-2014|2015-2016,WTSB2YR,ok,,0.5238879772929297
same_sample_unweighted,odds_ratio,1.1758703591179687,0.9371485328879513,1.4754023006271273,0.11577870615312154,2205,0.1617244350233757,age+sex+eth+marital+PIR_level+edu+smoke+alcohol.user+PA_level+BMI_level,,X23_OH_PH_ln_U,PAH_urine.rds,CVD,natural_log_transformed,2228,177,2051,30,4,2013-2014|2015-2016,WTSA2YR,ok,,0.5238879772929297
same_sample_unweighted,odds_ratio,1.141958038899759,0.947932377849739,1.3756974580464187,0.09501015281949592,2189,0.16236551946276734,age+sex+eth+marital+PIR_level+edu+smoke+alcohol.user+PA_level+BMI_level,,BMA_ln_U,VOC_urine.rds,CVD,natural_log_transformed,2212,175,2037,30,4,2013-2014|2015-2016,WTSA2YR,ok,,0.5238879772929297
same_sample_unweighted,odds_ratio,0.7350887514551369,0.4759367595190718,1.1353514132043396,0.22179298108502543,3116,0.16525325458233353,age+sex+eth+marital+PIR_level+edu+smoke+alcohol.user+PA_level+BMI_level,,BDCM_binary_S,VOC_serum.rds,CVD,binary_above_detection_threshold,3139,243,2896,30,4,2013-2014|2015-2016,WTSVOC2Y,ok,,0.5238879772929297
same_sample_unweighted,odds_ratio,0.8879556212653474,0.7470358780116062,1.0554582564834714,0.08816924882690007,1913,0.17772636785902307,age+sex+eth+marital+PIR_level+edu+smoke+alcohol.user+PA_level+BMI_level,,BDCPP_ln_U,BFR_urine.rds,CVD,natural_log_transformed,1936,174,1762,30,4,2013-2014|2015-2016,WTSSBI2Y|WTSSCH2Y,ok,,0.5516922668957174
same_sample_unweighted,odds_ratio,1.1303302164158313,0.942336744434501,1.3558278457128186,0.09280905593336372,2177,0.18682831563587504,age+sex+eth+marital+PIR_level+edu+smoke+alcohol.user+PA_level+BMI_level,,X2_HPMA_ln_U,VOC_urine.rds,CVD,natural_log_transformed,2200,173,2027,30,4,2013-2014|2015-2016,WTSA2YR,ok,,0.5577720755169837
same_sample_unweighted,odds_ratio,1.5739823045910242,0.8021705676955875,3.0883959034829838,0.34390577007240575,3138,0.18717183742180662,age+sex+eth+marital+PIR_level+edu+smoke+alcohol.user+PA_level+BMI_level,,X25_DMF_binary_S,VOC_serum.rds,CVD,binary_above_detection_threshold,3161,243,2918,30,4,2013-2014|2015-2016,WTSVOC2Y,ok,,0.5577720755169837
same_sample_unweighted,odds_ratio,1.1253730835235762,0.940627575444935,1.3464038373745315,0.09149280544269199,1921,0.19671353677639297,age+sex+eth+marital+PIR_level+edu+smoke+alcohol.user+PA_level+BMI_level,,DPHP_ln_U,BFR_urine.rds,CVD,natural_log_transformed,1944,178,1766,30,4,2013-2014|2015-2016,WTSSBI2Y|WTSSCH2Y,ok,,0.5747120976408343
same_sample_unweighted,odds_ratio,1.1257720513385396,0.9285780273122608,1.364842451897472,0.09825177171642753,2121,0.22790607064709661,age+sex+eth+marital+PIR_level+edu+smoke+alcohol.user+PA_level+BMI_level,,MCNP_ln_U,Phthalates_urine.rds,CVD,natural_log_transformed,2144,190,1954,30,4,2013-2014|2015-2016,WTSB2YR,ok,,0.6428823028584596
same_sample_unweighted,odds_ratio,1.61227057651685,0.740783981971243,3.5090073154455497,0.396787750215556,1024,0.2286762553791836,age+sex+eth+marital+PIR_level+edu+smoke+alcohol.user+PA_level+BMI_level,,DPCP_binary_U,BFR_urine.rds,CVD,binary_above_detection_threshold,1047,83,964,15,2,2013-2014,WTSSCH2Y,ok,,0.6428823028584596
same_sample_unweighted,odds_ratio,0.91702774203681,0.7935637726371876,1.0597004407982251,0.07377881453359668,2120,0.24038837038297783,age+sex+eth+marital+PIR_level+edu+smoke+alcohol.user+PA_level+BMI_level,,BPS_ln_U,PCCP_urine.rds,CVD,natural_log_transformed,2143,190,1953,30,4,2013-2014|2015-2016,WTSB2YR,ok,,0.6632938367974758
same_sample_unweighted,odds_ratio,0.7358619181387793,0.43784832977671073,1.2367130938766588,0.2648874788715222,1012,0.2469054988405078,age+sex+eth+marital+PIR_level+edu+smoke+alcohol.user+PA_level+BMI_level,,DETP_binary_U,pesticides_urine.rds,CVD,binary_above_detection_threshold,1035,104,931,15,2,2015-2016,WTSB2YR,ok,,0.663438023367821
same_sample_unweighted,odds_ratio,0.6443325247300107,0.30501486243667625,1.361128435212371,0.3815653944521403,1013,0.24934583428589246,age+sex+eth+marital+PIR_level+edu+smoke+alcohol.user+PA_level+BMI_level,,MDA_binary_U,pesticides_urine.rds,CVD,binary_above_detection_threshold,1036,105,931,15,2,2015-2016,WTSB2YR,ok,,0.663438023367821
same_sample_unweighted,odds_ratio,0.8419349263677999,0.6252864167055496,1.1336475594219657,0.15178488865629142,974,0.2569922272550761,age+sex+eth+marital+PIR_level+edu+smoke+alcohol.user+PA_level+BMI_level,,Sm_PFOS_ln_S,PFC_serum.rds,CVD,natural_log_transformed,997,97,900,15,2,2015-2016,WTSB2YR,ok,,0.6677657960058193
same_sample_unweighted,odds_ratio,1.351895683276998,0.7974320850611448,2.291884127439949,0.26932455352017315,3142,0.26292850626633996,age+sex+eth+marital+PIR_level+edu+smoke+alcohol.user+PA_level+BMI_level,,Furan_binary_S,VOC_serum.rds,CVD,binary_above_detection_threshold,3165,244,2921,30,4,2013-2014|2015-2016,WTSVOC2Y,ok,,0.6677657960058193
same_sample_unweighted,odds_ratio,0.9450375293097443,0.8550983389930753,1.0444365180916322,0.051025509836028576,2157,0.26790943802238765,age+sex+eth+marital+PIR_level+edu+smoke+alcohol.user+PA_level+BMI_level,,DEA_ln_U,pesticides_urine.rds,CVD,natural_log_transformed,2180,189,1991,30,4,2013-2014|2015-2016,WTSB2YR|WTSC2YR,ok,,0.6677657960058193
same_sample_unweighted,odds_ratio,0.8802904193294683,0.7022006683551888,1.1035466886956644,0.11532490455925448,2200,0.2688989782573769,age+sex+eth+marital+PIR_level+edu+smoke+alcohol.user+PA_level+BMI_level,,Perchlorate_ln_U,PERNT_urine.rds,CVD,natural_log_transformed,2223,176,2047,30,4,2013-2014|2015-2016,WTSA2YR,ok,,0.6677657960058193
same_sample_unweighted,odds_ratio,1.6164538959104617,0.6615751494254334,3.9495485885063677,0.4558076072803343,1029,0.29207020736128775,age+sex+eth+marital+PIR_level+edu+smoke+alcohol.user+PA_level+BMI_level,,CYHA_Cys_binary_U,VOC_urine.rds,CVD,binary_above_detection_threshold,1052,89,963,15,2,2015-2016,WTSA2YR,ok,,0.70280270122912
same_sample_unweighted,odds_ratio,1.2152243858544858,0.8453788544424474,1.7468739609643846,0.18515602631984018,1924,0.29244139245775463,age+sex+eth+marital+PIR_level+edu+smoke+alcohol.user+PA_level+BMI_level,,BCPP_binary_U,BFR_urine.rds,CVD,binary_above_detection_threshold,1947,178,1769,30,4,2013-2014|2015-2016,WTSSBI2Y|WTSSCH2Y,ok,,0.70280270122912
same_sample_unweighted,odds_ratio,0.6322576916029338,0.258432217745317,1.5468264447779527,0.45646941074700287,877,0.31520658940917495,age+sex+eth+marital+PIR_level+edu+smoke+alcohol.user+PA_level+BMI_level,,TBPPP_binary_U,BFR_urine.rds,CVD,binary_above_detection_threshold,900,95,805,15,2,2015-2016,WTSSBI2Y,ok,,0.7454886003486836
same_sample_unweighted,odds_ratio,1.338215364163236,0.7459807585046578,2.400625405502815,0.29816485666394343,1042,0.32851960282985493,age+sex+eth+marital+PIR_level+edu+smoke+alcohol.user+PA_level+BMI_level,,X26_DMA_binary_U,AA_urine.rds,CVD,binary_above_detection_threshold,1065,82,983,15,2,2013-2014,WTSA2YR,ok,,0.7506332162027618
same_sample_unweighted,odds_ratio,1.1262586624100184,0.8868080055640665,1.4303643705232263,0.12195529967738632,2175,0.3295813940548804,age+sex+eth+marital+PIR_level+edu+smoke+alcohol.user+PA_level+BMI_level,,CMAC_ln_U,VOC_urine.rds,CVD,natural_log_transformed,2198,172,2026,30,4,2013-2014|2015-2016,WTSA2YR,ok,,0.7506332162027618
same_sample_unweighted,odds_ratio,0.5774890618553489,0.19022872673539193,1.7531191123749692,0.5665728234794936,3235,0.33249525013008235,age+sex+eth+marital+PIR_level+edu+smoke+alcohol.user+PA_level+BMI_level,,Se_ln_S,HM_serum.rds,CVD,natural_log_transformed,3258,256,3002,30,4,2013-2014|2015-2016,WTSH2YR,ok,,0.7506332162027618
same_sample_unweighted,odds_ratio,1.0866713427821086,0.9120571168838304,1.2947156327867102,0.08937504666589456,2196,0.35236867179874987,age+sex+eth+marital+PIR_level+edu+smoke+alcohol.user+PA_level+BMI_level,,Thiocyanate_ln_U,PERNT_urine.rds,CVD,natural_log_transformed,2219,175,2044,30,4,2013-2014|2015-2016,WTSA2YR,ok,,0.7776399863080211
same_sample_unweighted,odds_ratio,1.0824452833326457,0.9151966977006464,1.2802578881161366,0.08563366521563935,1016,0.35489610113386194,age+sex+eth+marital+PIR_level+edu+smoke+alcohol.user+PA_level+BMI_level,,DMTP_ln_U,pesticides_urine.rds,CVD,natural_log_transformed,1039,104,935,15,2,2015-2016,WTSB2YR,ok,,0.7776399863080211
same_sample_unweighted,odds_ratio,1.1227489437865994,0.871294836616063,1.4467722495288857,0.1293671465796924,2210,0.3708015669508662,age+sex+eth+marital+PIR_level+edu+smoke+alcohol.user+PA_level+BMI_level,,Sb_ln_U,HM_urine.rds,CVD,natural_log_transformed,2233,177,2056,30,4,2013-2014|2015-2016,WTSA2YR,ok,,0.8007164271837545
same_sample_unweighted,odds_ratio,1.1141848207054494,0.8680541197194926,1.4301041680345794,0.12736165222790077,1016,0.3959119096859462,age+sex+eth+marital+PIR_level+edu+smoke+alcohol.user+PA_level+BMI_level,,DEP_ln_U,pesticides_urine.rds,CVD,natural_log_transformed,1039,105,934,15,2,2015-2016,WTSB2YR,ok,,0.8092101841311092
same_sample_unweighted,odds_ratio,1.1133456059387643,0.8592495269957448,1.4425826250926674,0.13217868151602644,2211,0.41661604474370395,age+sex+eth+marital+PIR_level+edu+smoke+alcohol.user+PA_level+BMI_level,,DMA_ln_U,HM_urine.rds,CVD,natural_log_transformed,2234,178,2056,30,4,2013-2014|2015-2016,WTSA2YR,ok,,0.8092101841311092
same_sample_unweighted,odds_ratio,0.8709302086419195,0.623655715379306,1.2162470568616977,0.1703926044018124,3126,0.41734871496395864,age+sex+eth+marital+PIR_level+edu+smoke+alcohol.user+PA_level+BMI_level,,m_p_Xylene_binary_S,VOC_serum.rds,CVD,binary_above_detection_threshold,3149,243,2906,30,4,2013-2014|2015-2016,WTSVOC2Y,ok,,0.8092101841311092
same_sample_unweighted,odds_ratio,0.9339883249932693,0.7865187591151194,1.1091079279598635,0.08767883792717084,2071,0.4360500868215113,age+sex+eth+marital+PIR_level+edu+smoke+alcohol.user+PA_level+BMI_level,,X2_MHA_ln_U,VOC_urine.rds,CVD,natural_log_transformed,2094,164,1930,30,4,2013-2014|2015-2016,WTSA2YR,ok,,0.8092101841311092
same_sample_unweighted,odds_ratio,0.7409341963015139,0.34747372351171707,1.5799280524026686,0.38634524769937983,876,0.43768854572517124,age+sex+eth+marital+PIR_level+edu+smoke+alcohol.user+PA_level+BMI_level,,IPPPP_binary_U,BFR_urine.rds,CVD,binary_above_detection_threshold,899,95,804,15,2,2015-2016,WTSSBI2Y,ok,,0.8092101841311092
same_sample_unweighted,odds_ratio,1.2702066066219682,0.6932200503891084,2.327435310909531,0.308978823877181,1132,0.43887345250251986,age+sex+eth+marital+PIR_level+edu+smoke+alcohol.user+PA_level+BMI_level,,A_a_C_binary_U,AA_urine.rds,CVD,binary_above_detection_threshold,1155,85,1070,15,2,2013-2014,WTSA2YR,ok,,0.8092101841311092
same_sample_unweighted,odds_ratio,1.1459585102343435,0.8113867680059323,1.6184894294072525,0.17615213969664334,2050,0.4392677253469195,age+sex+eth+marital+PIR_level+edu+smoke+alcohol.user+PA_level+BMI_level,,MeFOSAA_binary_S,PFC_serum.rds,CVD,binary_above_detection_threshold,2073,185,1888,30,4,2013-2014|2015-2016,WTSB2YR,ok,,0.8092101841311092
same_sample_unweighted,odds_ratio,0.8180571076230376,0.48819016269338694,1.3708130201568185,0.26338603380419173,1131,0.4457813947586926,age+sex+eth+marital+PIR_level+edu+smoke+alcohol.user+PA_level+BMI_level,,PhIP_binary_U,AA_urine.rds,CVD,binary_above_detection_threshold,1154,85,1069,15,2,2013-2014,WTSA2YR,ok,,0.8092101841311092
same_sample_unweighted,odds_ratio,1.1110126667728473,0.8465225545973192,1.4581408835785592,0.13872211285695513,1132,0.4479309214427978,age+sex+eth+marital+PIR_level+edu+smoke+alcohol.user+PA_level+BMI_level,,Harman_ln_U,AA_urine.rds,CVD,natural_log_transformed,1155,85,1070,15,2,2013-2014,WTSA2YR,ok,,0.8092101841311092
same_sample_unweighted,odds_ratio,0.9602546415382595,0.8646317787548843,1.066452794418022,0.05351872520050874,2121,0.4485674988762505,age+sex+eth+marital+PIR_level+edu+smoke+alcohol.user+PA_level+BMI_level,,MeP_ln_U,PCCP_urine.rds,CVD,natural_log_transformed,2144,190,1954,30,4,2013-2014|2015-2016,WTSB2YR,ok,,0.8092101841311092
same_sample_unweighted,odds_ratio,1.0752489890542414,0.8910237846373003,1.2975640026632893,0.0958876854459231,2209,0.4492668565751383,age+sex+eth+marital+PIR_level+edu+smoke+alcohol.user+PA_level+BMI_level,,W_ln_U,HM_urine.rds,CVD,natural_log_transformed,2232,177,2055,30,4,2013-2014|2015-2016,WTSA2YR,ok,,0.8092101841311092
same_sample_unweighted,odds_ratio,1.0719007018874798,0.8954410005194736,1.2831343595393971,0.09177330552653329,2121,0.4493042566458205,age+sex+eth+marital+PIR_level+edu+smoke+alcohol.user+PA_level+BMI_level,,BPA_ln_U,PCCP_urine.rds,CVD,natural_log_transformed,2144,190,1954,30,4,2013-2014|2015-2016,WTSB2YR,ok,,0.8092101841311092
same_sample_unweighted,odds_ratio,0.9161902381535687,0.7296894765048604,1.1503585833641958,0.11612711227648408,2160,0.45099706947715285,age+sex+eth+marital+PIR_level+edu+smoke+alcohol.user+PA_level+BMI_level,,TCPY_ln_U,pesticides_urine.rds,CVD,natural_log_transformed,2183,192,1991,30,4,2013-2014|2015-2016,WTSB2YR|WTSC2YR,ok,,0.8092101841311092
same_sample_unweighted,odds_ratio,0.8705648833595523,0.6046568979573187,1.2534103533742007,0.18596316498405588,2150,0.4560428015278049,age+sex+eth+marital+PIR_level+edu+smoke+alcohol.user+PA_level+BMI_level,,PHE_Cys_binary_U,VOC_urine.rds,CVD,binary_above_detection_threshold,2173,173,2000,30,4,2013-2014|2015-2016,WTSA2YR,ok,,0.8092101841311092
same_sample_unweighted,odds_ratio,1.1480422749042898,0.7984444322028242,1.6507110724426872,0.18528300973388948,2122,0.4561990299799542,age+sex+eth+marital+PIR_level+edu+smoke+alcohol.user+PA_level+BMI_level,,MHNCH_binary_U,Phthalates_urine.rds,CVD,binary_above_detection_threshold,2145,190,1955,30,4,2013-2014|2015-2016,WTSB2YR,ok,,0.8092101841311092
same_sample_unweighted,odds_ratio,0.8768447841586485,0.6174488020583921,1.2452154299159466,0.17894912409654024,2162,0.46268779084704276,age+sex+eth+marital+PIR_level+edu+smoke+alcohol.user+PA_level+BMI_level,,PMA_binary_U,VOC_urine.rds,CVD,binary_above_detection_threshold,2185,172,2013,30,4,2013-2014|2015-2016,WTSA2YR,ok,,0.8110644804259926
same_sample_unweighted,odds_ratio,0.8747050097879827,0.6016509486880103,1.2716822865760107,0.19092659003094514,2181,0.4832080939398292,age+sex+eth+marital+PIR_level+edu+smoke+alcohol.user+PA_level+BMI_level,,HEMA_binary_U,VOC_urine.rds,CVD,binary_above_detection_threshold,2204,174,2030,30,4,2013-2014|2015-2016,WTSA2YR,ok,,0.8219194118987619
same_sample_unweighted,odds_ratio,0.9428605614084138,0.7981189959610567,1.1138514967795181,0.08503253219185526,2121,0.4889789684143931,age+sex+eth+marital+PIR_level+edu+smoke+alcohol.user+PA_level+BMI_level,,MCPP_ln_U,Phthalates_urine.rds,CVD,natural_log_transformed,2144,190,1954,30,4,2013-2014|2015-2016,WTSB2YR,ok,,0.8219194118987619
same_sample_unweighted,odds_ratio,0.9306939751372237,0.7582478343327538,1.1423590495566163,0.10455305754938492,2020,0.4921019509190076,age+sex+eth+marital+PIR_level+edu+smoke+alcohol.user+PA_level+BMI_level,,MHBP_ln_U,Phthalates_urine.rds,CVD,natural_log_transformed,2043,186,1857,30,4,2013-2014|2015-2016,WTSB2YR|WTSSBH2Y,ok,,0.8219194118987619
same_sample_unweighted,odds_ratio,0.8889391584195009,0.6338893439190907,1.246610051031924,0.17253092139303705,2122,0.4950176278919453,age+sex+eth+marital+PIR_level+edu+smoke+alcohol.user+PA_level+BMI_level,,MEHP_binary_U,Phthalates_urine.rds,CVD,binary_above_detection_threshold,2145,190,1955,30,4,2013-2014|2015-2016,WTSB2YR,ok,,0.8219194118987619
same_sample_unweighted,odds_ratio,1.071357799164985,0.8772737153680815,1.30838017111917,0.10197281577156311,2121,0.4990830358048576,age+sex+eth+marital+PIR_level+edu+smoke+alcohol.user+PA_level+BMI_level,,MEHHP_ln_U,Phthalates_urine.rds,CVD,natural_log_transformed,2144,190,1954,30,4,2013-2014|2015-2016,WTSB2YR,ok,,0.8219194118987619
same_sample_unweighted,odds_ratio,0.9443511227264599,0.7946235132415923,1.1222912840279726,0.08807795253127401,2210,0.5156441072279232,age+sex+eth+marital+PIR_level+edu+smoke+alcohol.user+PA_level+BMI_level,,Ba_ln_U,HM_urine.rds,CVD,natural_log_transformed,2233,177,2056,30,4,2013-2014|2015-2016,WTSA2YR,ok,,0.8219194118987619
same_sample_unweighted,odds_ratio,0.9360317539914783,0.7643222396225212,1.1463168269355524,0.10339981900286851,2020,0.5226128580133738,age+sex+eth+marital+PIR_level+edu+smoke+alcohol.user+PA_level+BMI_level,,HIBP_ln_U,Phthalates_urine.rds,CVD,natural_log_transformed,2043,186,1857,30,4,2013-2014|2015-2016,WTSB2YR|WTSSBH2Y,ok,,0.8219194118987619
same_sample_unweighted,odds_ratio,1.0474676652810957,0.9084647397554377,1.2077392349919898,0.07264149157311152,2121,0.5232027984369556,age+sex+eth+marital+PIR_level+edu+smoke+alcohol.user+PA_level+BMI_level,,MCOP_ln_U,Phthalates_urine.rds,CVD,natural_log_transformed,2144,190,1954,30,4,2013-2014|2015-2016,WTSB2YR,ok,,0.8219194118987619
same_sample_unweighted,odds_ratio,0.7893393850359235,0.3716943773611002,1.67626066660565,0.38425421575643287,1053,0.5381379186310681,age+sex+eth+marital+PIR_level+edu+smoke+alcohol.user+PA_level+BMI_level,,PFHpA_binary_S,PFC_serum.rds,CVD,binary_above_detection_threshold,1076,88,988,15,2,2013-2014,WTSB2YR,ok,,0.8219194118987619
same_sample_unweighted,odds_ratio,0.9515461790135185,0.8120970495590705,1.1149407959145243,0.08085269294963571,3236,0.5390232206730514,age+sex+eth+marital+PIR_level+edu+smoke+alcohol.user+PA_level+BMI_level,,THg_ln_S,HM_serum.rds,CVD,natural_log_transformed,3259,257,3002,30,4,2013-2014|2015-2016,WTSH2YR,ok,,0.8219194118987619
same_sample_unweighted,odds_ratio,0.8839812165886658,0.5948346567154353,1.3136806715271883,0.20212225238800674,3059,0.5417802342207827,age+sex+eth+marital+PIR_level+edu+smoke+alcohol.user+PA_level+BMI_level,,Benzene_binary_S,VOC_serum.rds,CVD,binary_above_detection_threshold,3082,240,2842,30,4,2013-2014|2015-2016,WTSVOC2Y,ok,,0.8219194118987619
same_sample_unweighted,odds_ratio,1.1385389984870165,0.7498259395231757,1.7287626137609142,0.2130957729439995,3140,0.5426160950870458,age+sex+eth+marital+PIR_level+edu+smoke+alcohol.user+PA_level+BMI_level,,DBCM_binary_S,VOC_serum.rds,CVD,binary_above_detection_threshold,3163,244,2919,30,4,2013-2014|2015-2016,WTSVOC2Y,ok,,0.8219194118987619
same_sample_unweighted,odds_ratio,1.0638240589452752,0.8674915259099135,1.3045909897548977,0.1040935222962368,1086,0.5522649757594804,age+sex+eth+marital+PIR_level+edu+smoke+alcohol.user+PA_level+BMI_level,,X1_AN_ln_U,AA_urine.rds,CVD,natural_log_transformed,1109,78,1031,15,2,2013-2014,WTSA2YR,ok,,0.8219194118987619
same_sample_unweighted,odds_ratio,1.0730630011970235,0.8466186018813445,1.3600743026189064,0.12093189338017536,1917,0.5598160206470417,age+sex+eth+marital+PIR_level+edu+smoke+alcohol.user+PA_level+BMI_level,,GLYP_ln_U,GYLP_urine.rds,CVD,natural_log_transformed,1940,177,1763,30,4,2013-2014|2015-2016,WTSSCH2Y|WTSSGL2Y,ok,,0.8219194118987619
same_sample_unweighted,odds_ratio,1.1162276533676898,0.7689992346422105,1.6202411108022035,0.1901158089172077,2211,0.563023030871298,age+sex+eth+marital+PIR_level+edu+smoke+alcohol.user+PA_level+BMI_level,,Mn_binary_U,HM_urine.rds,CVD,binary_above_detection_threshold,2234,177,2057,30,4,2013-2014|2015-2016,WTSA2YR,ok,,0.8219194118987619
same_sample_unweighted,odds_ratio,0.9399612684082472,0.7611621613834149,1.1607607825667887,0.10765108299805923,2141,0.5651830202021301,age+sex+eth+marital+PIR_level+edu+smoke+alcohol.user+PA_level+BMI_level,,PNP_ln_U,pesticides_urine.rds,CVD,natural_log_transformed,2164,192,1972,30,4,2013-2014|2015-2016,WTSB2YR|WTSC2YR,ok,,0.8219194118987619
same_sample_unweighted,odds_ratio,1.134238170540904,0.7381892092146279,1.7427730065042564,0.21914500458427513,2212,0.5654368708742699,age+sex+eth+marital+PIR_level+edu+smoke+alcohol.user+PA_level+BMI_level,,AsC_binary_U,HM_urine.rds,CVD,binary_above_detection_threshold,2235,178,2057,30,4,2013-2014|2015-2016,WTSA2YR,ok,,0.8219194118987619
same_sample_unweighted,odds_ratio,1.1990736495885186,0.6428144876311513,2.2366913702208433,0.3180917669794472,915,0.5681724793662583,age+sex+eth+marital+PIR_level+edu+smoke+alcohol.user+PA_level+BMI_level,,PPDA_binary_U,AA_urine.rds,CVD,binary_above_detection_threshold,938,83,855,15,2,2015-2016,WTSA2YR,ok,,0.8219194118987619
same_sample_unweighted,odds_ratio,1.1081083600234733,0.7742692895678895,1.5858876932070887,0.18290638541829676,2198,0.5746339318159214,age+sex+eth+marital+PIR_level+edu+smoke+alcohol.user+PA_level+BMI_level,,GAM_Cys_binary_U,VOC_urine.rds,CVD,binary_above_detection_threshold,2221,175,2046,30,4,2013-2014|2015-2016,WTSA2YR,ok,,0.8232736138516565
same_sample_unweighted,odds_ratio,0.8510924499426601,0.47260208294188083,1.5327024245013299,0.30014173321064536,868,0.591133198253687,age+sex+eth+marital+PIR_level+edu+smoke+alcohol.user+PA_level+BMI_level,,NDMA_binary_U,pesticides_urine.rds,CVD,binary_above_detection_threshold,891,94,797,15,2,2015-2016,WTSSBI2Y,ok,,0.8388461575218988
same_sample_unweighted,odds_ratio,1.0742179594661512,0.8205326344509634,1.406335563011155,0.13744870557873176,2160,0.6024572846704404,age+sex+eth+marital+PIR_level+edu+smoke+alcohol.user+PA_level+BMI_level,,MA_ln_U,VOC_urine.rds,CVD,natural_log_transformed,2183,175,2008,30,4,2013-2014|2015-2016,WTSA2YR,ok,,0.84079134729113
same_sample_unweighted,odds_ratio,0.9145860431464156,0.6528003335853323,1.2813529455846646,0.17204409828325448,3231,0.6037897594641001,age+sex+eth+marital+PIR_level+edu+smoke+alcohol.user+PA_level+BMI_level,,IHg_binary_S,HM_serum.rds,CVD,binary_above_detection_threshold,3254,257,2997,30,4,2013-2014|2015-2016,WTSH2YR,ok,,0.84079134729113
same_sample_unweighted,odds_ratio,0.94513379721531,0.7585545856018979,1.1776052924785003,0.11220192930324424,2210,0.615019373120679,age+sex+eth+marital+PIR_level+edu+smoke+alcohol.user+PA_level+BMI_level,,Sr_ln_U,HM_urine.rds,CVD,natural_log_transformed,2233,177,2056,30,4,2013-2014|2015-2016,WTSA2YR,ok,,0.8484989499535293
same_sample_unweighted,odds_ratio,0.9017451523193326,0.5983472675248531,1.3589839276697981,0.20926947985790872,2123,0.621156982470614,age+sex+eth+marital+PIR_level+edu+smoke+alcohol.user+PA_level+BMI_level,,BuP_binary_U,PCCP_urine.rds,CVD,binary_above_detection_threshold,2146,190,1956,30,4,2013-2014|2015-2016,WTSB2YR,ok,,0.8491044989735916
same_sample_unweighted,odds_ratio,1.0682914988165872,0.8112559773676282,1.4067652606356376,0.14042721566828303,2201,0.6380505450298051,age+sex+eth+marital+PIR_level+edu+smoke+alcohol.user+PA_level+BMI_level,,Nitrate_ln_U,PERNT_urine.rds,CVD,natural_log_transformed,2224,176,2048,30,4,2013-2014|2015-2016,WTSA2YR,ok,,0.8598965455340978
same_sample_unweighted,odds_ratio,1.0401739770874852,0.8725230365062414,1.2400382079794598,0.08967216162724789,3077,0.6604845373375378,age+sex+eth+marital+PIR_level+edu+smoke+alcohol.user+PA_level+BMI_level,,Toluene_ln_S,VOC_serum.rds,CVD,natural_log_transformed,3100,236,2864,30,4,2013-2014|2015-2016,WTSVOC2Y,ok,,0.8598965455340978
same_sample_unweighted,odds_ratio,0.9692092932731643,0.8427501620856067,1.1146442877475775,0.07133295925729038,2162,0.6610726508507823,age+sex+eth+marital+PIR_level+edu+smoke+alcohol.user+PA_level+BMI_level,,X3PBA_ln_U,pesticides_urine.rds,CVD,natural_log_transformed,2185,192,1993,30,4,2013-2014|2015-2016,WTSB2YR|WTSC2YR,ok,,0.8598965455340978
same_sample_unweighted,odds_ratio,0.9092571336127319,0.5929537469006334,1.394288406721523,0.21812213659793897,3235,0.6627499220812183,age+sex+eth+marital+PIR_level+edu+smoke+alcohol.user+PA_level+BMI_level,,Mn_ln_S,HM_serum.rds,CVD,natural_log_transformed,3258,256,3002,30,4,2013-2014|2015-2016,WTSH2YR,ok,,0.8598965455340978
same_sample_unweighted,odds_ratio,1.0835244866565392,0.7500081152085228,1.565350146721953,0.18770262946859542,1922,0.6691072607838793,age+sex+eth+marital+PIR_level+edu+smoke+alcohol.user+PA_level+BMI_level,,DBUP_binary_U,BFR_urine.rds,CVD,binary_above_detection_threshold,1945,178,1767,30,4,2013-2014|2015-2016,WTSSBI2Y|WTSSCH2Y,ok,,0.8598965455340978
same_sample_unweighted,odds_ratio,0.8396794853184235,0.37313362591118887,1.8895687472359493,0.4138257939553474,1131,0.6728476929668605,age+sex+eth+marital+PIR_level+edu+smoke+alcohol.user+PA_level+BMI_level,,MeA_a_C_binary_U,AA_urine.rds,CVD,binary_above_detection_threshold,1154,84,1070,15,2,2013-2014,WTSA2YR,ok,,0.8598965455340978
same_sample_unweighted,odds_ratio,1.0497427145331975,0.8366730196226754,1.3170733857445174,0.11575061814098364,1008,0.6749282991416117,age+sex+eth+marital+PIR_level+edu+smoke+alcohol.user+PA_level+BMI_level,,DMP_ln_U,pesticides_urine.rds,CVD,natural_log_transformed,1031,105,926,15,2,2015-2016,WTSB2YR,ok,,0.8598965455340978
same_sample_unweighted,odds_ratio,1.0532582604882779,0.826269043367515,1.3426050173264998,0.12384069643638873,3236,0.675220777365701,age+sex+eth+marital+PIR_level+edu+smoke+alcohol.user+PA_level+BMI_level,,Pb_ln_S,HM_serum.rds,CVD,natural_log_transformed,3259,257,3002,30,4,2013-2014|2015-2016,WTSH2YR,ok,,0.8598965455340978
same_sample_unweighted,odds_ratio,1.0620419315999121,0.7914421559144649,1.4251617203448204,0.15004963963947965,3055,0.688304819796099,age+sex+eth+marital+PIR_level+edu+smoke+alcohol.user+PA_level+BMI_level,,Chloroform_binary_S,VOC_serum.rds,CVD,binary_above_detection_threshold,3078,238,2840,30,4,2013-2014|2015-2016,WTSVOC2Y,ok,,0.8691306622849047
same_sample_unweighted,odds_ratio,1.0617354723803494,0.7810740341454846,1.4432463044863597,0.15663050414281512,1116,0.7021206439425569,age+sex+eth+marital+PIR_level+edu+smoke+alcohol.user+PA_level+BMI_level,,Norharman_ln_U,AA_urine.rds,CVD,natural_log_transformed,1139,81,1058,15,2,2013-2014,WTSA2YR,ok,,0.8703160811821968
same_sample_unweighted,odds_ratio,0.9353776699260571,0.6628671437481535,1.3199196756819747,0.17570516188136948,2123,0.7037893399043886,age+sex+eth+marital+PIR_level+edu+smoke+alcohol.user+PA_level+BMI_level,,EtP_binary_U,PCCP_urine.rds,CVD,binary_above_detection_threshold,2146,190,1956,30,4,2013-2014|2015-2016,WTSB2YR,ok,,0.8703160811821968
same_sample_unweighted,odds_ratio,0.9104389620483279,0.5584096503967257,1.4843925118893266,0.24940969804051324,987,0.7067667504902404,age+sex+eth+marital+PIR_level+edu+smoke+alcohol.user+PA_level+BMI_level,,X4_MDA_binary_U,AA_urine.rds,CVD,binary_above_detection_threshold,1010,88,922,15,2,2015-2016,WTSA2YR,ok,,0.8703160811821968
same_sample_unweighted,odds_ratio,1.0289261871769757,0.8833369820313772,1.1985110101740797,0.07784032818006409,1919,0.7141143003684122,age+sex+eth+marital+PIR_level+edu+smoke+alcohol.user+PA_level+BMI_level,,BCETP_ln_U,BFR_urine.rds,CVD,natural_log_transformed,1942,178,1764,30,4,2013-2014|2015-2016,WTSSBI2Y|WTSSCH2Y,ok,,0.8704801733993061
same_sample_unweighted,odds_ratio,0.93944545689896,0.6688351960131123,1.3195444434577774,0.1733460810446096,1093,0.7185843042155345,age+sex+eth+marital+PIR_level+edu+smoke+alcohol.user+PA_level+BMI_level,,X2_AN_ln_U,AA_urine.rds,CVD,natural_log_transformed,1116,73,1043,15,2,2013-2014,WTSA2YR,ok,,0.8704801733993061
same_sample_unweighted,odds_ratio,1.05261329291334,0.779273914669334,1.4218296334069076,0.15340516271732849,3110,0.7381897026709637,age+sex+eth+marital+PIR_level+edu+smoke+alcohol.user+PA_level+BMI_level,,X14_DCB_binary_S,VOC_serum.rds,CVD,binary_above_detection_threshold,3133,237,2896,30,4,2013-2014|2015-2016,WTSVOC2Y,ok,,0.8811856940118272
same_sample_unweighted,odds_ratio,1.062752723932933,0.7426539986194927,1.5208204013260187,0.18285411285186667,2050,0.7392497432985128,age+sex+eth+marital+PIR_level+edu+smoke+alcohol.user+PA_level+BMI_level,,PFUnDA_binary_S,PFC_serum.rds,CVD,binary_above_detection_threshold,2073,185,1888,30,4,2013-2014|2015-2016,WTSB2YR,ok,,0.8811856940118272
same_sample_unweighted,odds_ratio,0.9862930273848317,0.9074589650810152,1.0719756741629525,0.04250340901675451,2121,0.7453916868589715,age+sex+eth+marital+PIR_level+edu+smoke+alcohol.user+PA_level+BMI_level,,X25_DCP_ln_U,PCCP_urine.rds,CVD,natural_log_transformed,2144,190,1954,30,4,2013-2014|2015-2016,WTSB2YR,ok,,0.8814552487459266
same_sample_unweighted,odds_ratio,1.0236724119629574,0.8593974838595723,1.219348702660723,0.08924669129397947,2195,0.7932010909625254,age+sex+eth+marital+PIR_level+edu+smoke+alcohol.user+PA_level+BMI_level,,X34_MHA_ln_U,VOC_urine.rds,CVD,natural_log_transformed,2218,175,2043,30,4,2013-2014|2015-2016,WTSA2YR,ok,,0.9206387317938559
same_sample_unweighted,odds_ratio,1.0103183910586517,0.9329969168189575,1.094047829002003,0.04062263552013071,2121,0.8004966263535677,age+sex+eth+marital+PIR_level+edu+smoke+alcohol.user+PA_level+BMI_level,,BP3_ln_U,PCCP_urine.rds,CVD,natural_log_transformed,2144,190,1954,30,4,2013-2014|2015-2016,WTSB2YR,ok,,0.9206387317938559
same_sample_unweighted,odds_ratio,1.049511841098395,0.7205125018541756,1.5287383657760183,0.19190028890704075,2122,0.8011769265572679,age+sex+eth+marital+PIR_level+edu+smoke+alcohol.user+PA_level+BMI_level,,MINP_binary_U,Phthalates_urine.rds,CVD,binary_above_detection_threshold,2145,190,1955,30,4,2013-2014|2015-2016,WTSB2YR,ok,,0.9206387317938559
same_sample_unweighted,odds_ratio,0.985487844716724,0.8784339377643724,1.105588309299727,0.058672550821508955,2121,0.8032418465315522,age+sex+eth+marital+PIR_level+edu+smoke+alcohol.user+PA_level+BMI_level,,MEP_ln_U,Phthalates_urine.rds,CVD,natural_log_transformed,2144,190,1954,30,4,2013-2014|2015-2016,WTSB2YR,ok,,0.9206387317938559
same_sample_unweighted,odds_ratio,1.04069840590963,0.7315618952186892,1.4804669012169955,0.17983263095026908,3132,0.8244472662026255,age+sex+eth+marital+PIR_level+edu+smoke+alcohol.user+PA_level+BMI_level,,o_Xylene_binary_S,VOC_serum.rds,CVD,binary_above_detection_threshold,3155,243,2912,30,4,2013-2014|2015-2016,WTSVOC2Y,ok,,0.9375784110795508
same_sample_unweighted,odds_ratio,1.0558600892665562,0.6416904186915582,1.7373495000583004,0.25408884789742797,2183,0.8306063776006758,age+sex+eth+marital+PIR_level+edu+smoke+alcohol.user+PA_level+BMI_level,,X4FPBA_binary_U,pesticides_urine.rds,CVD,binary_above_detection_threshold,2206,194,2012,30,4,2013-2014|2015-2016,WTSB2YR|WTSC2YR,ok,,0.9375784110795508
same_sample_unweighted,odds_ratio,1.0180643176674566,0.8553704389493696,1.2117030326425078,0.08884027455250947,2209,0.8402919535252914,age+sex+eth+marital+PIR_level+edu+smoke+alcohol.user+PA_level+BMI_level,,Total_As_ln_U,HM_urine.rds,CVD,natural_log_transformed,2232,177,2055,30,4,2013-2014|2015-2016,WTSA2YR,ok,,0.9413797073328453
same_sample_unweighted,odds_ratio,0.9760762147296642,0.7509929231921666,1.268620179417061,0.13374962282686878,2210,0.8563328046369969,age+sex+eth+marital+PIR_level+edu+smoke+alcohol.user+PA_level+BMI_level,,Pb_ln_U,HM_urine.rds,CVD,natural_log_transformed,2233,177,2056,30,4,2013-2014|2015-2016,WTSA2YR,ok,,0.9456870095569917
same_sample_unweighted,odds_ratio,0.9927163837064534,0.9156657189029577,1.0762506427126168,0.041222005052316706,2121,0.8592420771031886,age+sex+eth+marital+PIR_level+edu+smoke+alcohol.user+PA_level+BMI_level,,PrP_ln_U,PCCP_urine.rds,CVD,natural_log_transformed,2144,190,1954,30,4,2013-2014|2015-2016,WTSB2YR,ok,,0.9456870095569917
same_sample_unweighted,odds_ratio,1.0316418385631663,0.7114660244757975,1.4959040157372891,0.18958469066558678,2210,0.8694834117327341,age+sex+eth+marital+PIR_level+edu+smoke+alcohol.user+PA_level+BMI_level,,Cs_ln_U,HM_urine.rds,CVD,natural_log_transformed,2233,177,2056,30,4,2013-2014|2015-2016,WTSA2YR,ok,,0.9456870095569917
same_sample_unweighted,odds_ratio,1.0287394524021738,0.7239252555452074,1.4618979691925331,0.17928969767938382,2154,0.8744284599756088,age+sex+eth+marital+PIR_level+edu+smoke+alcohol.user+PA_level+BMI_level,,DCVDMPCA_binary_U,pesticides_urine.rds,CVD,binary_above_detection_threshold,2177,194,1983,30,4,2013-2014|2015-2016,WTSB2YR|WTSC2YR,ok,,0.9456870095569917
same_sample_unweighted,odds_ratio,0.9784645316241289,0.7445792255685434,1.2858172868244924,0.13937260057115,1025,0.8758711900594958,age+sex+eth+marital+PIR_level+edu+smoke+alcohol.user+PA_level+BMI_level,,o_ANS_ln_U,AA_urine.rds,CVD,natural_log_transformed,1048,76,972,15,2,2013-2014,WTSA2YR,ok,,0.9456870095569917
same_sample_unweighted,odds_ratio,1.022508669119389,0.7195838082996512,1.4529565095340833,0.17925909259493664,2212,0.9011785295351048,age+sex+eth+marital+PIR_level+edu+smoke+alcohol.user+PA_level+BMI_level,,AsB_binary_U,HM_urine.rds,CVD,binary_above_detection_threshold,2235,178,2057,30,4,2013-2014|2015-2016,WTSA2YR,ok,,0.9647419852878858
same_sample_unweighted,odds_ratio,1.0121952993963954,0.8268901389591544,1.2390271401830892,0.10316769750471358,2121,0.9064689794651276,age+sex+eth+marital+PIR_level+edu+smoke+alcohol.user+PA_level+BMI_level,,MnBP_ln_U,Phthalates_urine.rds,CVD,natural_log_transformed,2144,190,1954,30,4,2013-2014|2015-2016,WTSB2YR,ok,,0.9647419852878858
same_sample_unweighted,odds_ratio,0.9948883529300687,0.8779631693772804,1.1273853725526437,0.06378988557987969,2121,0.9359683813584099,age+sex+eth+marital+PIR_level+edu+smoke+alcohol.user+PA_level+BMI_level,,X24_DCP_ln_U,PCCP_urine.rds,CVD,natural_log_transformed,2144,190,1954,30,4,2013-2014|2015-2016,WTSB2YR,ok,,0.9864249567206234
same_sample_unweighted,odds_ratio,0.9963938532451514,0.8718545866886469,1.1387228167892465,0.06812368178211174,2169,0.9577072360094081,age+sex+eth+marital+PIR_level+edu+smoke+alcohol.user+PA_level+BMI_level,,NPMA_ln_U,VOC_urine.rds,CVD,natural_log_transformed,2192,175,2017,30,4,2013-2014|2015-2016,WTSA2YR,ok,,0.9864249567206234
same_sample_unweighted,odds_ratio,0.9895112314216781,0.6660664624397891,1.4700221859588933,0.20195353572255045,3074,0.958360696986594,age+sex+eth+marital+PIR_level+edu+smoke+alcohol.user+PA_level+BMI_level,,Ethylbenzene_binary_S,VOC_serum.rds,CVD,binary_above_detection_threshold,3097,241,2856,30,4,2013-2014|2015-2016,WTSVOC2Y,ok,,0.9864249567206234
same_sample_unweighted,odds_ratio,1.0075378869929061,0.7551338440466918,1.3443081669947798,0.1471301972504506,974,0.9592931385583023,age+sex+eth+marital+PIR_level+edu+smoke+alcohol.user+PA_level+BMI_level,,n_PFOS_ln_S,PFC_serum.rds,CVD,natural_log_transformed,997,97,900,15,2,2015-2016,WTSB2YR,ok,,0.9864249567206234
same_sample_unweighted,odds_ratio,1.007799190413135,0.7192217961679273,1.4121641107220133,0.17212276692791398,2122,0.9639989033968519,age+sex+eth+marital+PIR_level+edu+smoke+alcohol.user+PA_level+BMI_level,,BPF_binary_U,PCCP_urine.rds,CVD,binary_above_detection_threshold,2145,190,1955,30,4,2013-2014|2015-2016,WTSB2YR,ok,,0.9864249567206234
same_sample_unweighted,odds_ratio,1.0064368266945338,0.745584734351798,1.3585512678281682,0.15306540900617735,2210,0.9665640515517516,age+sex+eth+marital+PIR_level+edu+smoke+alcohol.user+PA_level+BMI_level,,Tl_ln_U,HM_urine.rds,CVD,natural_log_transformed,2233,177,2056,30,4,2013-2014|2015-2016,WTSA2YR,ok,,0.9864249567206234
same_sample_unweighted,odds_ratio,0.9946925505087724,0.69749850324423035,1.418516692775184,0.18109175981767042,2212,0.9765566433181198,age+sex+eth+marital+PIR_level+edu+smoke+alcohol.user+PA_level+BMI_level,,MMA_binary_U,HM_urine.rds,CVD,binary_above_detection_threshold,2235,178,2057,30,4,2013-2014|2015-2016,WTSA2YR,ok,,0.9898431282612234
same_sample_unweighted,odds_ratio,0.9971437289812615,0.6150058692410623,1.6167254102365711,0.24656734185258908,1012,0.9907441746452081,age+sex+eth+marital+PIR_level+edu+smoke+alcohol.user+PA_level+BMI_level,,DMDTP_binary_U,pesticides_urine.rds,CVD,binary_above_detection_threshold,1035,104,931,15,2,2015-2016,WTSB2YR,ok,,0.9947952454688085
same_sample_unweighted,odds_ratio,0.9991304056245808,0.7693103161559259,1.2976058509544397,0.13336514761557317,2209,0.9947952454688085,age+sex+eth+marital+PIR_level+edu+smoke+alcohol.user+PA_level+BMI_level,,Mo_ln_U,HM_urine.rds,CVD,natural_log_transformed,2232,177,2055,30,4,2013-2014|2015-2016,WTSA2YR,ok,,0.9947952454688085
survey_weighted,odds_ratio,1.6080332200911456,1.202591214372566,2.1501660797229305,0.13630782691534088,15,0.0033253436434742783,age+sex+eth+marital+PIR_level+edu+smoke+alcohol.user+PA_level+BMI_level,,IPM3_Cys_ln_U,VOC_urine.rds,CVD,natural_log_transformed,1051,89,962,15,2,2015-2016,WTSA2YR,ok,,0.2942663328076152
survey_weighted,odds_ratio,1.2146575613091415,1.0653341064460793,1.384911064348944,0.0642292996621568,30,0.005027517887886427,age+sex+eth+marital+PIR_level+edu+smoke+alcohol.user+PA_level+BMI_level,,CEMA_CYM_ln_U,VOC_urine.rds,CVD,natural_log_transformed,2191,173,2018,30,4,2013-2014|2015-2016,WTSA2YR,ok,,0.2942663328076152
survey_weighted,odds_ratio,1.5536196232287942,1.140529422664408,2.1163276332168794,0.1513485078269783,30,0.006732113214145686,age+sex+eth+marital+PIR_level+edu+smoke+alcohol.user+PA_level+BMI_level,,Co_ln_U,HM_urine.rds,CVD,natural_log_transformed,2233,177,2056,30,4,2013-2014|2015-2016,WTSA2YR,ok,,0.2942663328076152
survey_weighted,odds_ratio,1.2133836768567725,1.0500113706260923,1.4021752415734023,0.06784673418962557,15,0.012148476491421478,age+sex+eth+marital+PIR_level+edu+smoke+alcohol.user+PA_level+BMI_level,,DMTP_ln_U,pesticides_urine.rds,CVD,natural_log_transformed,1039,104,935,15,2,2015-2016,WTSB2YR,ok,,0.2942663328076152
survey_weighted,odds_ratio,1.2896974733549744,1.0584403533558742,1.5714816309719393,0.09676045604794133,30,0.013366444781765335,age+sex+eth+marital+PIR_level+edu+smoke+alcohol.user+PA_level+BMI_level,,U_ln_U,HM_urine.rds,CVD,natural_log_transformed,2233,177,2056,30,4,2013-2014|2015-2016,WTSA2YR,ok,,0.2942663328076152
survey_weighted,odds_ratio,0.26637203249080876,0.09626992180313157,0.7370324849581046,0.4774863287800191,15,0.014285313768781154,age+sex+eth+marital+PIR_level+edu+smoke+alcohol.user+PA_level+BMI_level,,PFBA_binary_U,PFC_urine.rds,CVD,binary_above_detection_threshold,1012,83,929,15,2,2013-2014,WTSSBH2Y,ok,,0.2942663328076152
survey_weighted,odds_ratio,3.1825164917993707,1.2989206356617573,7.797559714196765,0.4204362219108581,15,0.014781680598877732,age+sex+eth+marital+PIR_level+edu+smoke+alcohol.user+PA_level+BMI_level,,IPM1_Cys_ln_U,VOC_urine.rds,CVD,natural_log_transformed,1051,89,962,15,2,2015-2016,WTSA2YR,ok,,0.2942663328076152
survey_weighted,odds_ratio,0.6748977941797676,0.4923037078485535,0.92521552311533,0.1544678546605298,30,0.016291018615467757,age+sex+eth+marital+PIR_level+edu+smoke+alcohol.user+PA_level+BMI_level,,X24D_ln_U,pesticides_urine.rds,CVD,natural_log_transformed,2203,194,2009,30,4,2013-2014|2015-2016,WTSB2YR|WTSC2YR,ok,,0.2942663328076152
survey_weighted,odds_ratio,1.4630274098633687,1.0670504704730739,2.0059493540755904,0.15453843280437854,30,0.019772442669703825,age+sex+eth+marital+PIR_level+edu+smoke+alcohol.user+PA_level+BMI_level,,X1_PY_ln_U,PAH_urine.rds,CVD,natural_log_transformed,2227,176,2051,30,4,2013-2014|2015-2016,WTSA2YR,ok,,0.2942663328076152
survey_weighted,odds_ratio,0.5606500650759338,0.3441854814468094,0.9132532091369614,0.23890849487728402,30,0.02168361645543403,age+sex+eth+marital+PIR_level+edu+smoke+alcohol.user+PA_level+BMI_level,,As_III_binary_U,HM_urine.rds,CVD,binary_above_detection_threshold,2235,178,2057,30,4,2013-2014|2015-2016,WTSA2YR,ok,,0.2942663328076152
survey_weighted,odds_ratio,1.3504669266853406,1.042165766792581,1.7499720084683288,0.12689266193531334,30,0.02454080934731128,age+sex+eth+marital+PIR_level+edu+smoke+alcohol.user+PA_level+BMI_level,,X3_HPMA_ln_U,VOC_urine.rds,CVD,natural_log_transformed,2148,169,1979,30,4,2013-2014|2015-2016,WTSA2YR,ok,,0.2942663328076152
survey_weighted,odds_ratio,0.8532000746472291,0.7429731518135515,0.9797801785988572,0.0677354113241986,30,0.02590327222837342,age+sex+eth+marital+PIR_level+edu+smoke+alcohol.user+PA_level+BMI_level,,BPS_ln_U,PCCP_urine.rds,CVD,natural_log_transformed,2143,190,1953,30,4,2013-2014|2015-2016,WTSB2YR,ok,,0.2942663328076152
survey_weighted,odds_ratio,1.3417876236495105,1.0344991282494824,1.7403533534392817,0.12735097909401835,30,0.028036951471467647,age+sex+eth+marital+PIR_level+edu+smoke+alcohol.user+PA_level+BMI_level,,X2_FL_ln_U,PAH_urine.rds,CVD,natural_log_transformed,2227,176,2051,30,4,2013-2014|2015-2016,WTSA2YR,ok,,0.2942663328076152
survey_weighted,odds_ratio,1.5287322235059422,1.0525731679434234,2.2202943057646314,0.17509256937902637,15,0.028451952036524064,age+sex+eth+marital+PIR_level+edu+smoke+alcohol.user+PA_level+BMI_level,,o_TLD_ln_U,AA_urine.rds,CVD,natural_log_transformed,1078,77,1001,15,2,2013-2014,WTSA2YR,ok,,0.2942663328076152
survey_weighted,odds_ratio,0.4341055444610278,0.2071119079076488,0.9098830947751887,0.3471949082646602,15,0.029624127463853882,age+sex+eth+marital+PIR_level+edu+smoke+alcohol.user+PA_level+BMI_level,,PFHxA_binary_U,PFC_urine.rds,CVD,binary_above_detection_threshold,1012,83,929,15,2,2013-2014,WTSSBH2Y,ok,,0.2942663328076152
survey_weighted,odds_ratio,0.6931565830285679,0.48803587491612727,0.9844892010826288,0.17180225135840846,30,0.041198771818706514,age+sex+eth+marital+PIR_level+edu+smoke+alcohol.user+PA_level+BMI_level,,PFNA_ln_S,PFC_serum.rds,CVD,natural_log_transformed,2073,185,1888,30,4,2013-2014|2015-2016,WTSB2YR,ok,,0.3828091104595595
survey_weighted,odds_ratio,0.5814921028080383,0.3441090733413289,0.9826333910489857,0.24614174492235155,15,0.04367620723364101,age+sex+eth+marital+PIR_level+edu+smoke+alcohol.user+PA_level+BMI_level,,n_PFOA_ln_S,PFC_serum.rds,CVD,natural_log_transformed,997,97,900,15,2,2015-2016,WTSB2YR,ok,,0.3828091104595595
survey_weighted,odds_ratio,1.286799751587087,0.9993628589437904,1.6569092856168703,0.12378155846568942,30,0.05054427834334512,age+sex+eth+marital+PIR_level+edu+smoke+alcohol.user+PA_level+BMI_level,,EO_ln_S,gas_serum.rds,CVD,natural_log_transformed,2138,170,1968,30,4,2013-2014|2015-2016,WTSA2YR,ok,,0.4037891353104139
survey_weighted,odds_ratio,0.7385308427094998,0.5395503603006486,1.0108932284454044,0.15371442607240376,30,0.057916396826842895,age+sex+eth+marital+PIR_level+edu+smoke+alcohol.user+PA_level+BMI_level,,ATCA_ln_U,VOC_urine.rds,CVD,natural_log_transformed,2167,171,1996,30,4,2013-2014|2015-2016,WTSA2YR,ok,,0.4037891353104139
survey_weighted,odds_ratio,1.3999938474546483,0.9875592945549084,1.9846735114717646,0.17088150004184874,30,0.05824948065512557,age+sex+eth+marital+PIR_level+edu+smoke+alcohol.user+PA_level+BMI_level,,X2_HPMA_ln_U,VOC_urine.rds,CVD,natural_log_transformed,2200,173,2027,30,4,2013-2014|2015-2016,WTSA2YR,ok,,0.4037891353104139
survey_weighted,odds_ratio,0.5402288740006833,0.2850983968755981,1.0236719655473647,0.3129643724348536,30,0.058429744920794446,age+sex+eth+marital+PIR_level+edu+smoke+alcohol.user+PA_level+BMI_level,,Hg_binary_U,HM_urine.rds,CVD,binary_above_detection_threshold,2237,178,2059,30,4,2013-2014|2015-2016,WTSA2YR,ok,,0.4037891353104139
survey_weighted,odds_ratio,0.6534030533195554,0.4191616206555178,1.0185463769789858,0.21737432521407035,30,0.05961987232771212,age+sex+eth+marital+PIR_level+edu+smoke+alcohol.user+PA_level+BMI_level,,PMA_binary_U,VOC_urine.rds,CVD,binary_above_detection_threshold,2185,172,2013,30,4,2013-2014|2015-2016,WTSA2YR,ok,,0.4037891353104139
survey_weighted,odds_ratio,1.30114950547619,0.9740388898463929,1.738113388745618,0.141779396776043,30,0.07319157117572817,age+sex+eth+marital+PIR_level+edu+smoke+alcohol.user+PA_level+BMI_level,,Cd_ln_S,HM_serum.rds,CVD,natural_log_transformed,3259,257,3002,30,4,2013-2014|2015-2016,WTSH2YR,ok,,0.47415409152971727
survey_weighted,odds_ratio,0.4823178907287714,0.21299487318018398,1.0921884843690872,0.38346454264098206,15,0.07662377312557417,age+sex+eth+marital+PIR_level+edu+smoke+alcohol.user+PA_level+BMI_level,,MDA_binary_U,pesticides_urine.rds,CVD,binary_above_detection_threshold,1036,105,931,15,2,2015-2016,WTSB2YR,ok,,0.47570592482127294
survey_weighted,odds_ratio,1.274535656502734,0.9646744445590749,1.683926788834279,0.13639047921994507,30,0.08544471446771386,age+sex+eth+marital+PIR_level+edu+smoke+alcohol.user+PA_level+BMI_level,,DMA_ln_U,HM_urine.rds,CVD,natural_log_transformed,2234,178,2056,30,4,2013-2014|2015-2016,WTSA2YR,ok,,0.501835597698979
survey_weighted,odds_ratio,1.361157145948087,0.9477716411694993,1.9548472390241063,0.1772422039309428,30,0.09217670854940965,age+sex+eth+marital+PIR_level+edu+smoke+alcohol.user+PA_level+BMI_level,,Cd_ln_U,HM_urine.rds,CVD,natural_log_transformed,2233,177,2056,30,4,2013-2014|2015-2016,WTSA2YR,ok,,0.501835597698979
survey_weighted,odds_ratio,1.5847789659288367,0.9186385456432588,2.7339636277637656,0.26701015769362835,30,0.09491823885069743,age+sex+eth+marital+PIR_level+edu+smoke+alcohol.user+PA_level+BMI_level,,OXY_binary_U,pesticides_urine.rds,CVD,binary_above_detection_threshold,2196,193,2003,30,4,2013-2014|2015-2016,WTSB2YR|WTSC2YR,ok,,0.501835597698979
survey_weighted,odds_ratio,0.7424651094001409,0.5214432127336878,1.0571706088311876,0.17303053832668977,30,0.09555688743608692,age+sex+eth+marital+PIR_level+edu+smoke+alcohol.user+PA_level+BMI_level,,Chloroform_binary_S,VOC_serum.rds,CVD,binary_above_detection_threshold,3078,238,2840,30,4,2013-2014|2015-2016,WTSVOC2Y,ok,,0.501835597698979
survey_weighted,odds_ratio,0.7779082794542561,0.5762749035261856,1.0500913497024842,0.1469068505830802,30,0.09767270022329122,age+sex+eth+marital+PIR_level+edu+smoke+alcohol.user+PA_level+BMI_level,,Perchlorate_ln_U,PERNT_urine.rds,CVD,natural_log_transformed,2223,176,2047,30,4,2013-2014|2015-2016,WTSA2YR,ok,,0.501835597698979
survey_weighted,odds_ratio,1.2320029598333406,0.9507609789780402,1.5964383547478016,0.1268850545915634,30,0.11054776871918721,age+sex+eth+marital+PIR_level+edu+smoke+alcohol.user+PA_level+BMI_level,,GLYP_ln_U,GYLP_urine.rds,CVD,natural_log_transformed,1940,177,1763,30,4,2013-2014|2015-2016,WTSSCH2Y|WTSSGL2Y,ok,,0.5490539179719631
survey_weighted,odds_ratio,1.2200209817850187,0.9485961770846374,1.569109418688787,0.12321575978393831,30,0.11700206176698275,age+sex+eth+marital+PIR_level+edu+smoke+alcohol.user+PA_level+BMI_level,,Sn_ln_U,HM_urine.rds,CVD,natural_log_transformed,2232,177,2055,30,4,2013-2014|2015-2016,WTSA2YR,ok,,0.5623647484929171
survey_weighted,odds_ratio,0.662212051766541,0.3842594314917114,1.14122065866407,0.26650112013283545,30,0.13244607787647317,age+sex+eth+marital+PIR_level+edu+smoke+alcohol.user+PA_level+BMI_level,,BDCM_binary_S,VOC_serum.rds,CVD,binary_above_detection_threshold,3139,243,2896,30,4,2013-2014|2015-2016,WTSVOC2Y,ok,,0.5980508664995314
survey_weighted,odds_ratio,1.4264042896228797,0.8885932951610299,2.2897192771253567,0.23173814410219745,30,0.13585877040935576,age+sex+eth+marital+PIR_level+edu+smoke+alcohol.user+PA_level+BMI_level,,CEMA_CEM_ln_U,VOC_urine.rds,CVD,natural_log_transformed,2209,175,2034,30,4,2013-2014|2015-2016,WTSA2YR,ok,,0.5980508664995314
survey_weighted,odds_ratio,1.268693084411632,0.9231036763074245,1.7436634516206342,0.15570940482044301,30,0.1368879802756305,age+sex+eth+marital+PIR_level+edu+smoke+alcohol.user+PA_level+BMI_level,,X1_PH_ln_U,PAH_urine.rds,CVD,natural_log_transformed,2228,177,2051,30,4,2013-2014|2015-2016,WTSA2YR,ok,,0.5980508664995314
survey_weighted,odds_ratio,1.245025071782135,0.9263885692762726,1.6732583721073904,0.14474913857995886,30,0.14048174716431946,age+sex+eth+marital+PIR_level+edu+smoke+alcohol.user+PA_level+BMI_level,,X23_OH_PH_ln_U,PAH_urine.rds,CVD,natural_log_transformed,2228,177,2051,30,4,2013-2014|2015-2016,WTSA2YR,ok,,0.5980508664995314
survey_weighted,odds_ratio,1.8508934381515472,0.7827170609971705,4.376813397970431,0.4037873965328724,15,0.14813015241932564,age+sex+eth+marital+PIR_level+edu+smoke+alcohol.user+PA_level+BMI_level,,MCOCH_binary_U,Phthalates_urine.rds,CVD,binary_above_detection_threshold,1033,103,930,15,2,2015-2016,WTSB2YR,ok,,0.6130942419577645
survey_weighted,odds_ratio,0.840387202064401,0.6586404624453882,1.072285548281498,0.11932048273259005,30,0.15540682188864272,age+sex+eth+marital+PIR_level+edu+smoke+alcohol.user+PA_level+BMI_level,,BDCPP_ln_U,BFR_urine.rds,CVD,natural_log_transformed,1936,174,1762,30,4,2013-2014|2015-2016,WTSSBI2Y|WTSSCH2Y,ok,,0.6258274719299396
survey_weighted,odds_ratio,0.8942673046564507,0.7612417369367708,1.050538841177514,0.0788600777119957,30,0.16676344017604522,age+sex+eth+marital+PIR_level+edu+smoke+alcohol.user+PA_level+BMI_level,,X3PBA_ln_U,pesticides_urine.rds,CVD,natural_log_transformed,2185,192,1993,30,4,2013-2014|2015-2016,WTSB2YR|WTSC2YR,ok,,0.6309365786777807
survey_weighted,odds_ratio,1.1903172450164752,0.9251038299362337,1.531563374763321,0.12342582521566564,30,0.1683749902664481,age+sex+eth+marital+PIR_level+edu+smoke+alcohol.user+PA_level+BMI_level,,X2_NP_ln_U,PAH_urine.rds,CVD,natural_log_transformed,2194,172,2022,30,4,2013-2014|2015-2016,WTSA2YR,ok,,0.6309365786777807
survey_weighted,odds_ratio,1.3841433829053744,0.8599095115594716,2.227970360469995,0.23307838536097367,30,0.17333959690728523,age+sex+eth+marital+PIR_level+edu+smoke+alcohol.user+PA_level+BMI_level,,DBUP_binary_U,BFR_urine.rds,CVD,binary_above_detection_threshold,1945,178,1767,30,4,2013-2014|2015-2016,WTSSBI2Y|WTSSCH2Y,ok,,0.6309365786777807
survey_weighted,odds_ratio,0.8111322022668448,0.5968198755183752,1.1024020421283787,0.15023250178630723,30,0.1737568325268178,age+sex+eth+marital+PIR_level+edu+smoke+alcohol.user+PA_level+BMI_level,,PFDA_ln_S,PFC_serum.rds,CVD,natural_log_transformed,2073,185,1888,30,4,2013-2014|2015-2016,WTSB2YR,ok,,0.6309365786777807
survey_weighted,odds_ratio,1.5209305915469649,0.8014368430732489,2.8863532844745676,0.3005801796178189,15,0.1833170480376697,age+sex+eth+marital+PIR_level+edu+smoke+alcohol.user+PA_level+BMI_level,,TTCA_binary_U,VOC_urine.rds,CVD,binary_above_detection_threshold,1171,86,1085,15,2,2013-2014,WTSA2YR,ok,,0.6309365786777807
survey_weighted,odds_ratio,0.8630636777729815,0.6909847498835825,1.0779961670883802,0.10888396418966065,30,0.18631914258819032,age+sex+eth+marital+PIR_level+edu+smoke+alcohol.user+PA_level+BMI_level,,MEHHP_ln_U,Phthalates_urine.rds,CVD,natural_log_transformed,2144,190,1954,30,4,2013-2014|2015-2016,WTSB2YR,ok,,0.6309365786777807
survey_weighted,odds_ratio,1.158746246597754,0.9260833742321194,1.4498617525854016,0.1097452053668806,30,0.18948857729119184,age+sex+eth+marital+PIR_level+edu+smoke+alcohol.user+PA_level+BMI_level,,X3_FL_ln_U,PAH_urine.rds,CVD,natural_log_transformed,2226,177,2049,30,4,2013-2014|2015-2016,WTSA2YR,ok,,0.6309365786777807
survey_weighted,odds_ratio,1.344710521718312,0.8549052759449663,2.1151423884022664,0.22178400710200905,30,0.19177774999999284,age+sex+eth+marital+PIR_level+edu+smoke+alcohol.user+PA_level+BMI_level,,Furan_binary_S,VOC_serum.rds,CVD,binary_above_detection_threshold,3165,244,2921,30,4,2013-2014|2015-2016,WTSVOC2Y,ok,,0.6309365786777807
survey_weighted,odds_ratio,1.4256322717521372,0.8188017822981452,2.482197056968672,0.2715253107179466,30,0.2014742532514834,age+sex+eth+marital+PIR_level+edu+smoke+alcohol.user+PA_level+BMI_level,,MeFOSAA_binary_S,PFC_serum.rds,CVD,binary_above_detection_threshold,2073,185,1888,30,4,2013-2014|2015-2016,WTSB2YR,ok,,0.6309365786777807
survey_weighted,odds_ratio,1.2520704495678094,0.8720832241890855,1.7976270695249972,0.1696821585641638,15,0.2050597952406389,age+sex+eth+marital+PIR_level+edu+smoke+alcohol.user+PA_level+BMI_level,,X4_ABP_ln_U,AA_urine.rds,CVD,natural_log_transformed,1120,77,1043,15,2,2013-2014,WTSA2YR,ok,,0.6309365786777807
survey_weighted,odds_ratio,1.5118466010503886,0.7846902952195391,2.9128436518615657,0.32111189850532723,30,0.20787123823560194,age+sex+eth+marital+PIR_level+edu+smoke+alcohol.user+PA_level+BMI_level,,Mn_ln_S,HM_serum.rds,CVD,natural_log_transformed,3258,256,3002,30,4,2013-2014|2015-2016,WTSH2YR,ok,,0.6309365786777807
survey_weighted,odds_ratio,1.1888936242670831,0.9010836806115506,1.5686312827945381,0.13572150802934257,30,0.2121516468569764,age+sex+eth+marital+PIR_level+edu+smoke+alcohol.user+PA_level+BMI_level,,MB3_Cys_ln_U,VOC_urine.rds,CVD,natural_log_transformed,2162,170,1992,30,4,2013-2014|2015-2016,WTSA2YR,ok,,0.6309365786777807
survey_weighted,odds_ratio,1.314865776554999,0.84659578176492,2.042145788573806,0.21557678137819283,30,0.21392528264422916,age+sex+eth+marital+PIR_level+edu+smoke+alcohol.user+PA_level+BMI_level,,PGA_ln_U,VOC_urine.rds,CVD,natural_log_transformed,2185,171,2014,30,4,2013-2014|2015-2016,WTSA2YR,ok,,0.6309365786777807
survey_weighted,odds_ratio,0.9195025824562743,0.802356048318036,1.053752883045042,0.06672978049189436,30,0.2182219210787574,age+sex+eth+marital+PIR_level+edu+smoke+alcohol.user+PA_level+BMI_level,,DEA_ln_U,pesticides_urine.rds,CVD,natural_log_transformed,2180,189,1991,30,4,2013-2014|2015-2016,WTSB2YR|WTSC2YR,ok,,0.6309365786777807
survey_weighted,odds_ratio,0.8607563589026734,0.6740131605491954,1.0992389359099324,0.1197498660415702,30,0.22019263148486307,age+sex+eth+marital+PIR_level+edu+smoke+alcohol.user+PA_level+BMI_level,,HIBP_ln_U,Phthalates_urine.rds,CVD,natural_log_transformed,2043,186,1857,30,4,2013-2014|2015-2016,WTSB2YR|WTSSBH2Y,ok,,0.6309365786777807
survey_weighted,odds_ratio,1.128205415860281,0.9209497573886363,1.3821030410884123,0.09938832528559924,30,0.23432901373143905,age+sex+eth+marital+PIR_level+edu+smoke+alcohol.user+PA_level+BMI_level,,BMA_ln_U,VOC_urine.rds,CVD,natural_log_transformed,2212,175,2037,30,4,2013-2014|2015-2016,WTSA2YR,ok,,0.6523768969746595
survey_weighted,odds_ratio,0.336522193359564,0.053390451400014666,2.1211131139359636,0.9014625729815952,30,0.2364318955478632,age+sex+eth+marital+PIR_level+edu+smoke+alcohol.user+PA_level+BMI_level,,Se_ln_S,HM_serum.rds,CVD,natural_log_transformed,3258,256,3002,30,4,2013-2014|2015-2016,WTSH2YR,ok,,0.6523768969746595
survey_weighted,odds_ratio,1.1710270347630127,0.8913286485199027,1.5384946040082703,0.13363703573098112,30,0.24671788074703047,age+sex+eth+marital+PIR_level+edu+smoke+alcohol.user+PA_level+BMI_level,,Sb_ln_U,HM_urine.rds,CVD,natural_log_transformed,2233,177,2056,30,4,2013-2014|2015-2016,WTSA2YR,ok,,0.6683811678419552
survey_weighted,odds_ratio,0.8115472332937279,0.5465644339592455,1.2049977476503961,0.19355418781238615,30,0.2892601004565176,age+sex+eth+marital+PIR_level+edu+smoke+alcohol.user+PA_level+BMI_level,,PFHS_ln_S,PFC_serum.rds,CVD,natural_log_transformed,2073,185,1888,30,4,2013-2014|2015-2016,WTSB2YR,ok,,0.7318322239421191
survey_weighted,odds_ratio,0.7190454131192495,0.3778381588820064,1.368380334208892,0.3018877766715172,15,0.29182396154152634,age+sex+eth+marital+PIR_level+edu+smoke+alcohol.user+PA_level+BMI_level,,DETP_binary_U,pesticides_urine.rds,CVD,binary_above_detection_threshold,1035,104,931,15,2,2015-2016,WTSB2YR,ok,,0.7318322239421191
survey_weighted,odds_ratio,0.911473468186022,0.7637543819042767,1.0877631642985186,0.0865781827818434,30,0.2928762393832634,age+sex+eth+marital+PIR_level+edu+smoke+alcohol.user+PA_level+BMI_level,,MeP_ln_U,PCCP_urine.rds,CVD,natural_log_transformed,2144,190,1954,30,4,2013-2014|2015-2016,WTSB2YR,ok,,0.7318322239421191
survey_weighted,odds_ratio,1.5477424847222219,0.657775967834181,3.641827789637339,0.40145838292101804,15,0.29375697564388953,age+sex+eth+marital+PIR_level+edu+smoke+alcohol.user+PA_level+BMI_level,,PPDA_binary_U,AA_urine.rds,CVD,binary_above_detection_threshold,938,83,855,15,2,2015-2016,WTSA2YR,ok,,0.7318322239421191
survey_weighted,odds_ratio,0.7767318154348716,0.4787971758946155,1.2600582114576673,0.23690181985625675,30,0.29469753984246405,age+sex+eth+marital+PIR_level+edu+smoke+alcohol.user+PA_level+BMI_level,,PFUnDA_binary_S,PFC_serum.rds,CVD,binary_above_detection_threshold,2073,185,1888,30,4,2013-2014|2015-2016,WTSB2YR,ok,,0.7318322239421191
survey_weighted,odds_ratio,1.3000469296298955,0.7548183027458226,2.239111072283113,0.2550745721261162,15,0.3199147784666152,age+sex+eth+marital+PIR_level+edu+smoke+alcohol.user+PA_level+BMI_level,,CYHA_Cys_binary_U,VOC_urine.rds,CVD,binary_above_detection_threshold,1052,89,963,15,2,2015-2016,WTSA2YR,ok,,0.7739254852933188
survey_weighted,odds_ratio,1.2707110241470778,0.7816472895634362,2.0657738195327937,0.23793509058429682,30,0.32203610797440113,age+sex+eth+marital+PIR_level+edu+smoke+alcohol.user+PA_level+BMI_level,,X25_DMF_binary_S,VOC_serum.rds,CVD,binary_above_detection_threshold,3161,243,2918,30,4,2013-2014|2015-2016,WTSVOC2Y,ok,,0.7739254852933188
survey_weighted,odds_ratio,1.2822221236145537,0.734814050348358,2.2374280588499764,0.2726043773556946,30,0.36907863927211426,age+sex+eth+marital+PIR_level+edu+smoke+alcohol.user+PA_level+BMI_level,,AsC_binary_U,HM_urine.rds,CVD,binary_above_detection_threshold,2235,178,2057,30,4,2013-2014|2015-2016,WTSA2YR,ok,,0.8595379610852535
survey_weighted,odds_ratio,1.3211177369558362,0.6944108930117487,2.513428421794329,0.30175219435503436,15,0.3706819553718823,age+sex+eth+marital+PIR_level+edu+smoke+alcohol.user+PA_level+BMI_level,,DMDTP_binary_U,pesticides_urine.rds,CVD,binary_above_detection_threshold,1035,104,931,15,2,2015-2016,WTSB2YR,ok,,0.8595379610852535
survey_weighted,odds_ratio,0.9131724583136761,0.7431914653854101,1.1220311016222455,0.10085385532273336,30,0.3749662246345066,age+sex+eth+marital+PIR_level+edu+smoke+alcohol.user+PA_level+BMI_level,,PNP_ln_U,pesticides_urine.rds,CVD,natural_log_transformed,2164,192,1972,30,4,2013-2014|2015-2016,WTSB2YR|WTSC2YR,ok,,0.8595379610852535
survey_weighted,odds_ratio,1.0824454136342954,0.9022115795315365,1.2986843663725833,0.08917956670040812,30,0.38141959637603606,age+sex+eth+marital+PIR_level+edu+smoke+alcohol.user+PA_level+BMI_level,,X1_NP_ln_U,PAH_urine.rds,CVD,natural_log_transformed,2160,163,1997,30,4,2013-2014|2015-2016,WTSA2YR,ok,,0.8610836342428694
survey_weighted,odds_ratio,0.5716512201168927,0.15237909848388156,2.144553424403538,0.6473952882696633,30,0.3945466061003463,age+sex+eth+marital+PIR_level+edu+smoke+alcohol.user+PA_level+BMI_level,,FA_ln_S,gas_serum.rds,CVD,natural_log_transformed,1968,162,1806,30,4,2013-2014|2015-2016,WTSA2YR,ok,,0.8665324003372114
survey_weighted,odds_ratio,0.9422693301241153,0.8171877907541057,1.086496274832026,0.06973713221401925,30,0.4005879958780185,age+sex+eth+marital+PIR_level+edu+smoke+alcohol.user+PA_level+BMI_level,,X24_DCP_ln_U,PCCP_urine.rds,CVD,natural_log_transformed,2144,190,1954,30,4,2013-2014|2015-2016,WTSB2YR,ok,,0.8665324003372114
survey_weighted,odds_ratio,0.9266212881065641,0.7704223152034944,1.1144887610705771,0.09039250408422228,30,0.4058421621266678,age+sex+eth+marital+PIR_level+edu+smoke+alcohol.user+PA_level+BMI_level,,MCPP_ln_U,Phthalates_urine.rds,CVD,natural_log_transformed,2144,190,1954,30,4,2013-2014|2015-2016,WTSB2YR,ok,,0.8665324003372114
survey_weighted,odds_ratio,1.1347532687000375,0.8329776226493159,1.5458578307661541,0.15138222262420306,30,0.41027774021983743,age+sex+eth+marital+PIR_level+edu+smoke+alcohol.user+PA_level+BMI_level,,PMM_Cys_ln_U,VOC_urine.rds,CVD,natural_log_transformed,2192,173,2019,30,4,2013-2014|2015-2016,WTSA2YR,ok,,0.8665324003372114
survey_weighted,odds_ratio,1.2026156285495992,0.7571602477005802,1.910143003973027,0.22655118020386084,30,0.4218447087227496,age+sex+eth+marital+PIR_level+edu+smoke+alcohol.user+PA_level+BMI_level,,Mn_binary_U,HM_urine.rds,CVD,binary_above_detection_threshold,2234,177,2057,30,4,2013-2014|2015-2016,WTSA2YR,ok,,0.8665324003372114
survey_weighted,odds_ratio,1.2874055347546913,0.6808350400503137,2.4343826528002,0.31193889529647817,30,0.4243942529261968,age+sex+eth+marital+PIR_level+edu+smoke+alcohol.user+PA_level+BMI_level,,BCPP_binary_U,BFR_urine.rds,CVD,binary_above_detection_threshold,1947,178,1769,30,4,2013-2014|2015-2016,WTSSBI2Y|WTSSCH2Y,ok,,0.8665324003372114
survey_weighted,odds_ratio,1.0755363988736153,0.8948138170546155,1.2927589217494388,0.09007569986382753,30,0.42521027824916713,age+sex+eth+marital+PIR_level+edu+smoke+alcohol.user+PA_level+BMI_level,,DPHP_ln_U,BFR_urine.rds,CVD,natural_log_transformed,1944,178,1766,30,4,2013-2014|2015-2016,WTSSBI2Y|WTSSCH2Y,ok,,0.8665324003372114
survey_weighted,odds_ratio,1.1644346081837014,0.7872325067998608,1.7223729267072103,0.19168220823436852,30,0.43331192140611074,age+sex+eth+marital+PIR_level+edu+smoke+alcohol.user+PA_level+BMI_level,,Nitrate_ln_U,PERNT_urine.rds,CVD,natural_log_transformed,2224,176,2048,30,4,2013-2014|2015-2016,WTSA2YR,ok,,0.8665324003372114
survey_weighted,odds_ratio,0.9330531767044489,0.7756226444856058,1.1224378720088026,0.09048551529889948,30,0.44978359869898565,age+sex+eth+marital+PIR_level+edu+smoke+alcohol.user+PA_level+BMI_level,,THg_ln_S,HM_serum.rds,CVD,natural_log_transformed,3259,257,3002,30,4,2013-2014|2015-2016,WTSH2YR,ok,,0.8665324003372114
survey_weighted,odds_ratio,0.767260119906498,0.3698701222910788,1.5916075836362107,0.34233696105736633,15,0.4510244178197258,age+sex+eth+marital+PIR_level+edu+smoke+alcohol.user+PA_level+BMI_level,,NDMA_binary_U,pesticides_urine.rds,CVD,binary_above_detection_threshold,891,94,797,15,2,2015-2016,WTSSBI2Y,ok,,0.8665324003372114
survey_weighted,odds_ratio,0.9538104760654172,0.8401187665339149,1.082887873110512,0.06214729985791234,30,0.4526336427815637,age+sex+eth+marital+PIR_level+edu+smoke+alcohol.user+PA_level+BMI_level,,PrP_ln_U,PCCP_urine.rds,CVD,natural_log_transformed,2144,190,1954,30,4,2013-2014|2015-2016,WTSB2YR,ok,,0.8665324003372114
survey_weighted,odds_ratio,0.8971438014682106,0.6673900283750509,1.2059919481753534,0.1448589961061297,30,0.4595272498168419,age+sex+eth+marital+PIR_level+edu+smoke+alcohol.user+PA_level+BMI_level,,Mo_ln_U,HM_urine.rds,CVD,natural_log_transformed,2232,177,2055,30,4,2013-2014|2015-2016,WTSA2YR,ok,,0.8665324003372114
survey_weighted,odds_ratio,1.1456145022837279,0.789502515465508,1.6623539027851664,0.18229371612648235,30,0.4616363831970812,age+sex+eth+marital+PIR_level+edu+smoke+alcohol.user+PA_level+BMI_level,,CEMA_AAM_ln_U,VOC_urine.rds,CVD,natural_log_transformed,2158,166,1992,30,4,2013-2014|2015-2016,WTSA2YR,ok,,0.8665324003372114
survey_weighted,odds_ratio,1.2973755887145688,0.63224081479935,2.6622504887266008,0.35197476477496387,30,0.46525229548306646,age+sex+eth+marital+PIR_level+edu+smoke+alcohol.user+PA_level+BMI_level,,DHB_Cys_ln_U,VOC_urine.rds,CVD,natural_log_transformed,2099,165,1934,30,4,2013-2014|2015-2016,WTSA2YR,ok,,0.8665324003372114
survey_weighted,odds_ratio,1.0641062316868084,0.8903603996214845,1.271757001767014,0.08728716975296706,30,0.48205806214706204,age+sex+eth+marital+PIR_level+edu+smoke+alcohol.user+PA_level+BMI_level,,MCOP_ln_U,Phthalates_urine.rds,CVD,natural_log_transformed,2144,190,1954,30,4,2013-2014|2015-2016,WTSB2YR,ok,,0.8820965225416805
survey_weighted,odds_ratio,0.7363250537456023,0.2941087958119853,1.8434490654269982,0.4305623464488517,15,0.488058305262399,age+sex+eth+marital+PIR_level+edu+smoke+alcohol.user+PA_level+BMI_level,,TBPPP_binary_U,BFR_urine.rds,CVD,binary_above_detection_threshold,900,95,805,15,2,2015-2016,WTSSBI2Y,ok,,0.8820965225416805
survey_weighted,odds_ratio,0.762919128724033,0.3365214463416297,1.7295943640458407,0.38400634703021796,15,0.4918040951401439,age+sex+eth+marital+PIR_level+edu+smoke+alcohol.user+PA_level+BMI_level,,PFHpA_binary_S,PFC_serum.rds,CVD,binary_above_detection_threshold,1076,88,988,15,2,2013-2014,WTSB2YR,ok,,0.8820965225416805
survey_weighted,odds_ratio,0.8852713199457173,0.6094226146295669,1.2859800261839678,0.1751775919271127,15,0.4972893147214843,age+sex+eth+marital+PIR_level+edu+smoke+alcohol.user+PA_level+BMI_level,,DEP_ln_U,pesticides_urine.rds,CVD,natural_log_transformed,1039,105,934,15,2,2015-2016,WTSB2YR,ok,,0.8820965225416805
survey_weighted,odds_ratio,0.9108119044016243,0.6853735570756794,1.210403168659323,0.13924311375828974,30,0.5074140784112623,age+sex+eth+marital+PIR_level+edu+smoke+alcohol.user+PA_level+BMI_level,,MHBP_ln_U,Phthalates_urine.rds,CVD,natural_log_transformed,2043,186,1857,30,4,2013-2014|2015-2016,WTSB2YR|WTSSBH2Y,ok,,0.8845138616998544
survey_weighted,odds_ratio,0.851981140201844,0.5189518762266476,1.3987267346204102,0.24274588550027645,30,0.5143453033119014,age+sex+eth+marital+PIR_level+edu+smoke+alcohol.user+PA_level+BMI_level,,PHE_Cys_binary_U,VOC_urine.rds,CVD,binary_above_detection_threshold,2173,173,2000,30,4,2013-2014|2015-2016,WTSA2YR,ok,,0.8845138616998544
survey_weighted,odds_ratio,0.8312207780823616,0.4493609549075466,1.5375790316673175,0.2885683900826316,15,0.5314413815677257,age+sex+eth+marital+PIR_level+edu+smoke+alcohol.user+PA_level+BMI_level,,X4_MDA_binary_U,AA_urine.rds,CVD,binary_above_detection_threshold,1010,88,922,15,2,2015-2016,WTSA2YR,ok,,0.8845138616998544
survey_weighted,odds_ratio,0.9511462155663286,0.8048052922693943,1.1240968866334486,0.08180467022776756,30,0.5449648658496938,age+sex+eth+marital+PIR_level+edu+smoke+alcohol.user+PA_level+BMI_level,,NPMA_ln_U,VOC_urine.rds,CVD,natural_log_transformed,2192,175,2017,30,4,2013-2014|2015-2016,WTSA2YR,ok,,0.8845138616998544
survey_weighted,odds_ratio,1.4493960756300932,0.39997222626893,5.252237145684789,0.6040523649277216,15,0.5481394254177612,age+sex+eth+marital+PIR_level+edu+smoke+alcohol.user+PA_level+BMI_level,,DPCP_binary_U,BFR_urine.rds,CVD,binary_above_detection_threshold,1047,83,964,15,2,2013-2014,WTSSCH2Y,ok,,0.8845138616998544
survey_weighted,odds_ratio,1.0664706884081996,0.855679855328304,1.3291883899703134,0.10782780110522411,30,0.5550992325028916,age+sex+eth+marital+PIR_level+edu+smoke+alcohol.user+PA_level+BMI_level,,MECPP_ln_U,Phthalates_urine.rds,CVD,natural_log_transformed,2144,190,1954,30,4,2013-2014|2015-2016,WTSB2YR,ok,,0.8845138616998544
survey_weighted,odds_ratio,0.8701581112297109,0.5402700721675673,1.401475257552331,0.23337032359945853,30,0.5556693889212757,age+sex+eth+marital+PIR_level+edu+smoke+alcohol.user+PA_level+BMI_level,,TCC_binary_U,PCCP_urine.rds,CVD,binary_above_detection_threshold,2146,190,1956,30,4,2013-2014|2015-2016,WTSB2YR,ok,,0.8845138616998544
survey_weighted,odds_ratio,0.9002719257487456,0.6211750671013272,1.3047683064187545,0.18170146811948132,30,0.5674495251480502,age+sex+eth+marital+PIR_level+edu+smoke+alcohol.user+PA_level+BMI_level,,GAM_Cys_binary_U,VOC_urine.rds,CVD,binary_above_detection_threshold,2221,175,2046,30,4,2013-2014|2015-2016,WTSA2YR,ok,,0.8845138616998544
survey_weighted,odds_ratio,0.9114363227195514,0.6474104728635016,1.283136750473427,0.16047352110441176,15,0.5719225776013814,age+sex+eth+marital+PIR_level+edu+smoke+alcohol.user+PA_level+BMI_level,,o_ANS_ln_U,AA_urine.rds,CVD,natural_log_transformed,1048,76,972,15,2,2013-2014,WTSA2YR,ok,,0.8845138616998544
survey_weighted,odds_ratio,1.1337137631294474,0.7231736184287322,1.7773144151770495,0.22014923038438194,30,0.5728803487387535,age+sex+eth+marital+PIR_level+edu+smoke+alcohol.user+PA_level+BMI_level,,X14_DCB_binary_S,VOC_serum.rds,CVD,binary_above_detection_threshold,3133,237,2896,30,4,2013-2014|2015-2016,WTSVOC2Y,ok,,0.8845138616998544
survey_weighted,odds_ratio,1.0829914132159921,0.812384793571768,1.4437375125436263,0.1407785752373001,30,0.5753824769327216,age+sex+eth+marital+PIR_level+edu+smoke+alcohol.user+PA_level+BMI_level,,Sr_ln_U,HM_urine.rds,CVD,natural_log_transformed,2233,177,2056,30,4,2013-2014|2015-2016,WTSA2YR,ok,,0.8845138616998544
survey_weighted,odds_ratio,0.8260838738649676,0.4055740410900331,1.6825893610588922,0.33376012258221177,15,0.5755015201387466,age+sex+eth+marital+PIR_level+edu+smoke+alcohol.user+PA_level+BMI_level,,A_a_C_binary_U,AA_urine.rds,CVD,binary_above_detection_threshold,1155,85,1070,15,2,2013-2014,WTSA2YR,ok,,0.8845138616998544
survey_weighted,odds_ratio,1.0604821559033513,0.8578812210553323,1.3109302026753227,0.10381244392059717,30,0.5758244603012475,age+sex+eth+marital+PIR_level+edu+smoke+alcohol.user+PA_level+BMI_level,,MCNP_ln_U,Phthalates_urine.rds,CVD,natural_log_transformed,2144,190,1954,30,4,2013-2014|2015-2016,WTSB2YR,ok,,0.8845138616998544
survey_weighted,odds_ratio,0.8722883811663864,0.5239265378675804,1.4522780674839286,0.2496085184060611,30,0.5881549587070449,age+sex+eth+marital+PIR_level+edu+smoke+alcohol.user+PA_level+BMI_level,,DBCM_binary_S,VOC_serum.rds,CVD,binary_above_detection_threshold,3163,244,2919,30,4,2013-2014|2015-2016,WTSVOC2Y,ok,,0.8942356004831602
survey_weighted,odds_ratio,0.8696939442748882,0.49302964946634625,1.534121847493558,0.2662845337388174,15,0.6077289377822053,age+sex+eth+marital+PIR_level+edu+smoke+alcohol.user+PA_level+BMI_level,,Norharman_ln_U,AA_urine.rds,CVD,natural_log_transformed,1139,81,1058,15,2,2013-2014,WTSA2YR,ok,,0.914662744742915
survey_weighted,odds_ratio,1.092668007074747,0.7523482669550162,1.5869291206277016,0.18272701985538853,30,0.6311998895839799,age+sex+eth+marital+PIR_level+edu+smoke+alcohol.user+PA_level+BMI_level,,MINP_binary_U,Phthalates_urine.rds,CVD,binary_above_detection_threshold,2145,190,1955,30,4,2013-2014|2015-2016,WTSB2YR,ok,,0.9250800860952663
survey_weighted,odds_ratio,1.0469780120420809,0.8600588192874058,1.2745209201014924,0.0962958824124172,30,0.6370028848996075,age+sex+eth+marital+PIR_level+edu+smoke+alcohol.user+PA_level+BMI_level,,MnBP_ln_U,Phthalates_urine.rds,CVD,natural_log_transformed,2144,190,1954,30,4,2013-2014|2015-2016,WTSB2YR,ok,,0.9250800860952663
survey_weighted,odds_ratio,1.1467061718290565,0.6245243137953302,2.1054985618090467,0.28509173605417404,15,0.6380308965916195,age+sex+eth+marital+PIR_level+edu+smoke+alcohol.user+PA_level+BMI_level,,n_PFOS_ln_S,PFC_serum.rds,CVD,natural_log_transformed,997,97,900,15,2,2015-2016,WTSB2YR,ok,,0.9250800860952663
survey_weighted,odds_ratio,0.8329757204000152,0.36837406951902074,1.8835434092358065,0.38279375700691187,15,0.6399497687304898,age+sex+eth+marital+PIR_level+edu+smoke+alcohol.user+PA_level+BMI_level,,MeA_a_C_binary_U,AA_urine.rds,CVD,binary_above_detection_threshold,1154,84,1070,15,2,2013-2014,WTSA2YR,ok,,0.9250800860952663
survey_weighted,odds_ratio,0.7718618830424175,0.23803001472310337,2.5029228653656874,0.5519290149238788,15,0.6456934829121321,age+sex+eth+marital+PIR_level+edu+smoke+alcohol.user+PA_level+BMI_level,,IPPPP_binary_U,BFR_urine.rds,CVD,binary_above_detection_threshold,899,95,804,15,2,2015-2016,WTSSBI2Y,ok,,0.9250800860952663
survey_weighted,odds_ratio,0.9372978518941157,0.696935160967835,1.260558101194538,0.14508775676403177,30,0.6585780441636547,age+sex+eth+marital+PIR_level+edu+smoke+alcohol.user+PA_level+BMI_level,,X2_MHA_ln_U,VOC_urine.rds,CVD,natural_log_transformed,2094,164,1930,30,4,2013-2014|2015-2016,WTSA2YR,ok,,0.934553605527472
survey_weighted,odds_ratio,1.100611011554195,0.6940638588426182,1.7452927181287297,0.225756752632383,30,0.6741287400664893,age+sex+eth+marital+PIR_level+edu+smoke+alcohol.user+PA_level+BMI_level,,MMA_binary_U,HM_urine.rds,CVD,binary_above_detection_threshold,2235,178,2057,30,4,2013-2014|2015-2016,WTSA2YR,ok,,0.9475960591500651
survey_weighted,odds_ratio,0.9158023127086001,0.5811328349469891,1.4432051082416057,0.22270347027446924,30,0.6956804735426299,age+sex+eth+marital+PIR_level+edu+smoke+alcohol.user+PA_level+BMI_level,,IHg_binary_S,HM_serum.rds,CVD,binary_above_detection_threshold,3254,257,2997,30,4,2013-2014|2015-2016,WTSH2YR,ok,,0.9548280976492394
survey_weighted,odds_ratio,1.0831869773355656,0.7038786202467721,1.6668982323372956,0.21106730959637174,30,0.7076597199912267,age+sex+eth+marital+PIR_level+edu+smoke+alcohol.user+PA_level+BMI_level,,DCVDMPCA_binary_U,pesticides_urine.rds,CVD,binary_above_detection_threshold,2177,194,1983,30,4,2013-2014|2015-2016,WTSB2YR|WTSC2YR,ok,,0.9548280976492394
survey_weighted,odds_ratio,0.9366447566795321,0.6433168758120272,1.3637189279511486,0.1839454229123076,30,0.724466407532845,age+sex+eth+marital+PIR_level+edu+smoke+alcohol.user+PA_level+BMI_level,,m_p_Xylene_binary_S,VOC_serum.rds,CVD,binary_above_detection_threshold,3149,243,2906,30,4,2013-2014|2015-2016,WTSVOC2Y,ok,,0.9548280976492394
survey_weighted,odds_ratio,1.0395753138752946,0.8310539722677301,1.3004171441114973,0.10961946564946343,30,0.7257676169919084,age+sex+eth+marital+PIR_level+edu+smoke+alcohol.user+PA_level+BMI_level,,Toluene_ln_S,VOC_serum.rds,CVD,natural_log_transformed,3100,236,2864,30,4,2013-2014|2015-2016,WTSVOC2Y,ok,,0.9548280976492394
survey_weighted,odds_ratio,1.0716843120029067,0.7173280925624731,1.6010905978746657,0.1965719535958084,30,0.7271546752344826,age+sex+eth+marital+PIR_level+edu+smoke+alcohol.user+PA_level+BMI_level,,MiBP_ln_U,Phthalates_urine.rds,CVD,natural_log_transformed,2144,190,1954,30,4,2013-2014|2015-2016,WTSB2YR,ok,,0.9548280976492394
survey_weighted,odds_ratio,1.0570491551984118,0.763835225347589,1.4628193089644645,0.15907985046499315,30,0.7297029527656342,age+sex+eth+marital+PIR_level+edu+smoke+alcohol.user+PA_level+BMI_level,,MA_ln_U,VOC_urine.rds,CVD,natural_log_transformed,2183,175,2008,30,4,2013-2014|2015-2016,WTSA2YR,ok,,0.9548280976492394
survey_weighted,odds_ratio,0.9247911000193666,0.5752846893327415,1.486635390326484,0.22271361995234218,15,0.7304202380129416,age+sex+eth+marital+PIR_level+edu+smoke+alcohol.user+PA_level+BMI_level,,X2_AN_ln_U,AA_urine.rds,CVD,natural_log_transformed,1116,73,1043,15,2,2013-2014,WTSA2YR,ok,,0.9548280976492394
survey_weighted,odds_ratio,0.9099095140860333,0.5225457720459473,1.5844264141352213,0.2715761923838292,30,0.7305396183356596,age+sex+eth+marital+PIR_level+edu+smoke+alcohol.user+PA_level+BMI_level,,Ethylbenzene_binary_S,VOC_serum.rds,CVD,binary_above_detection_threshold,3097,241,2856,30,4,2013-2014|2015-2016,WTSVOC2Y,ok,,0.9548280976492394
survey_weighted,odds_ratio,0.9831783491979136,0.8844237343383732,1.0929598887965914,0.05183160143647201,30,0.7457102516400183,age+sex+eth+marital+PIR_level+edu+smoke+alcohol.user+PA_level+BMI_level,,X25_DCP_ln_U,PCCP_urine.rds,CVD,natural_log_transformed,2144,190,1954,30,4,2013-2014|2015-2016,WTSB2YR,ok,,0.9568297563098194
survey_weighted,odds_ratio,1.0406730650108422,0.8034491101331345,1.3479390475142896,0.12667708070636013,30,0.7551535559812513,age+sex+eth+marital+PIR_level+edu+smoke+alcohol.user+PA_level+BMI_level,,W_ln_U,HM_urine.rds,CVD,natural_log_transformed,2232,177,2055,30,4,2013-2014|2015-2016,WTSA2YR,ok,,0.9568297563098194
survey_weighted,odds_ratio,0.9301922628748001,0.581135270707653,1.4889091912430472,0.23033545005869868,30,0.7555680056576344,age+sex+eth+marital+PIR_level+edu+smoke+alcohol.user+PA_level+BMI_level,,Benzene_binary_S,VOC_serum.rds,CVD,binary_above_detection_threshold,3082,240,2842,30,4,2013-2014|2015-2016,WTSVOC2Y,ok,,0.9568297563098194
survey_weighted,odds_ratio,1.0718467051483047,0.6743827780183139,1.703565685222878,0.22687495071076705,30,0.7618533363526028,age+sex+eth+marital+PIR_level+edu+smoke+alcohol.user+PA_level+BMI_level,,Tl_ln_U,HM_urine.rds,CVD,natural_log_transformed,2233,177,2056,30,4,2013-2014|2015-2016,WTSA2YR,ok,,0.9568297563098194
survey_weighted,odds_ratio,0.9378651057726645,0.5736227288298631,1.5333962767135372,0.24072900424848862,30,0.791693670118239,age+sex+eth+marital+PIR_level+edu+smoke+alcohol.user+PA_level+BMI_level,,HEMA_binary_U,VOC_urine.rds,CVD,binary_above_detection_threshold,2204,174,2030,30,4,2013-2014|2015-2016,WTSA2YR,ok,,0.9568297563098194
survey_weighted,odds_ratio,1.0510635154184673,0.7104206481575789,1.5550427993736813,0.19179641989924864,30,0.7968971050973912,age+sex+eth+marital+PIR_level+edu+smoke+alcohol.user+PA_level+BMI_level,,Cs_ln_U,HM_urine.rds,CVD,natural_log_transformed,2233,177,2056,30,4,2013-2014|2015-2016,WTSA2YR,ok,,0.9568297563098194
survey_weighted,odds_ratio,0.9427489757128444,0.5841917921400558,1.5213764437733484,0.2343324506291328,30,0.8030750278103727,age+sex+eth+marital+PIR_level+edu+smoke+alcohol.user+PA_level+BMI_level,,MEHP_binary_U,Phthalates_urine.rds,CVD,binary_above_detection_threshold,2145,190,1955,30,4,2013-2014|2015-2016,WTSB2YR,ok,,0.9568297563098194
survey_weighted,odds_ratio,1.0450698009250057,0.7171954783809665,1.522835714568297,0.18434882132554747,30,0.8126295012354029,age+sex+eth+marital+PIR_level+edu+smoke+alcohol.user+PA_level+BMI_level,,Pb_ln_S,HM_serum.rds,CVD,natural_log_transformed,3259,257,3002,30,4,2013-2014|2015-2016,WTSH2YR,ok,,0.9568297563098194
survey_weighted,odds_ratio,1.037357132068765,0.7583099299793703,1.4190897110937322,0.1534268147968457,30,0.8126945037373174,age+sex+eth+marital+PIR_level+edu+smoke+alcohol.user+PA_level+BMI_level,,X34_MHA_ln_U,VOC_urine.rds,CVD,natural_log_transformed,2218,175,2043,30,4,2013-2014|2015-2016,WTSA2YR,ok,,0.9568297563098194
survey_weighted,odds_ratio,1.1226729596930702,0.39664659356443743,3.1776261157307535,0.4881288429160817,15,0.81582269281842,age+sex+eth+marital+PIR_level+edu+smoke+alcohol.user+PA_level+BMI_level,,X5OHIMI_binary_U,pesticides_urine.rds,CVD,binary_above_detection_threshold,843,86,757,15,2,2015-2016,WTSSBI2Y,ok,,0.9568297563098194
survey_weighted,odds_ratio,0.9782107419540791,0.8066599496644695,1.1862449053933708,0.09441586758502911,30,0.8170891765636701,age+sex+eth+marital+PIR_level+edu+smoke+alcohol.user+PA_level+BMI_level,,MEP_ln_U,Phthalates_urine.rds,CVD,natural_log_transformed,2144,190,1954,30,4,2013-2014|2015-2016,WTSB2YR,ok,,0.9568297563098194
survey_weighted,odds_ratio,1.0184063248876283,0.8550014380691778,1.213040582613862,0.0856355411390196,30,0.8327803421280986,age+sex+eth+marital+PIR_level+edu+smoke+alcohol.user+PA_level+BMI_level,,MBzP_ln_U,Phthalates_urine.rds,CVD,natural_log_transformed,2144,190,1954,30,4,2013-2014|2015-2016,WTSB2YR,ok,,0.9568297563098194
survey_weighted,odds_ratio,0.9681876744948181,0.701810416325135,1.335670362306807,0.15095953944941132,15,0.8333071397805758,age+sex+eth+marital+PIR_level+edu+smoke+alcohol.user+PA_level+BMI_level,,Harman_ln_U,AA_urine.rds,CVD,natural_log_transformed,1155,85,1070,15,2,2013-2014,WTSA2YR,ok,,0.9568297563098194
survey_weighted,odds_ratio,0.9679211595160994,0.7066519472445115,1.325788989462474,0.1540501546686253,30,0.8338117833983864,age+sex+eth+marital+PIR_level+edu+smoke+alcohol.user+PA_level+BMI_level,,CMAC_ln_U,VOC_urine.rds,CVD,natural_log_transformed,2198,172,2026,30,4,2013-2014|2015-2016,WTSA2YR,ok,,0.9568297563098194
survey_weighted,odds_ratio,1.0280684332504133,0.7865195747622897,1.3437996171492546,0.1311379398223206,30,0.8342454426837169,age+sex+eth+marital+PIR_level+edu+smoke+alcohol.user+PA_level+BMI_level,,Thiocyanate_ln_U,PERNT_urine.rds,CVD,natural_log_transformed,2219,175,2044,30,4,2013-2014|2015-2016,WTSA2YR,ok,,0.9568297563098194
survey_weighted,odds_ratio,0.9737095447906023,0.746311577693842,1.2703947063853047,0.1302323165745114,30,0.8392860900919937,age+sex+eth+marital+PIR_level+edu+smoke+alcohol.user+PA_level+BMI_level,,TCPY_ln_U,pesticides_urine.rds,CVD,natural_log_transformed,2183,192,1991,30,4,2013-2014|2015-2016,WTSB2YR|WTSC2YR,ok,,0.9568297563098194
survey_weighted,odds_ratio,1.0239256635114804,0.7980658757450538,1.3137057932951257,0.11691952275146335,15,0.8424588086040594,age+sex+eth+marital+PIR_level+edu+smoke+alcohol.user+PA_level+BMI_level,,DMP_ln_U,pesticides_urine.rds,CVD,natural_log_transformed,1031,105,926,15,2,2015-2016,WTSB2YR,ok,,0.9568297563098194
survey_weighted,odds_ratio,1.0474274134017831,0.6427252023891946,1.7069568491593266,0.23913317143175244,30,0.847661260623464,age+sex+eth+marital+PIR_level+edu+smoke+alcohol.user+PA_level+BMI_level,,o_Xylene_binary_S,VOC_serum.rds,CVD,binary_above_detection_threshold,3155,243,2912,30,4,2013-2014|2015-2016,WTSVOC2Y,ok,,0.9568297563098194
survey_weighted,odds_ratio,0.9245698199746375,0.3623257348036702,2.3592841189465372,0.4395060369470969,15,0.8607628989279533,age+sex+eth+marital+PIR_level+edu+smoke+alcohol.user+PA_level+BMI_level,,PhIP_binary_U,AA_urine.rds,CVD,binary_above_detection_threshold,1154,85,1069,15,2,2013-2014,WTSA2YR,ok,,0.9643133228591356
survey_weighted,odds_ratio,1.0499855135576344,0.560907571673349,1.965510245104919,0.30699895547078593,30,0.8748272341842988,age+sex+eth+marital+PIR_level+edu+smoke+alcohol.user+PA_level+BMI_level,,X4FPBA_binary_U,pesticides_urine.rds,CVD,binary_above_detection_threshold,2206,194,2012,30,4,2013-2014|2015-2016,WTSB2YR|WTSC2YR,ok,,0.9727556559213472
survey_weighted,odds_ratio,0.9786944981303053,0.7128213071499725,1.3437349740571192,0.15521375217709146,30,0.8905757702006096,age+sex+eth+marital+PIR_level+edu+smoke+alcohol.user+PA_level+BMI_level,,Pb_ln_U,HM_urine.rds,CVD,natural_log_transformed,2233,177,2056,30,4,2013-2014|2015-2016,WTSA2YR,ok,,0.9829317759991913
survey_weighted,odds_ratio,1.0123912082250013,0.8235588574983287,1.244520593955676,0.1010811875116957,30,0.9038434021819527,age+sex+eth+marital+PIR_level+edu+smoke+alcohol.user+PA_level+BMI_level,,MEOHP_ln_U,Phthalates_urine.rds,CVD,natural_log_transformed,2144,190,1954,30,4,2013-2014|2015-2016,WTSB2YR,ok,,0.9850263642790837
survey_weighted,odds_ratio,1.0176760917997425,0.7189620471131479,1.4404997203667531,0.1701381193254794,30,0.9186601662036242,age+sex+eth+marital+PIR_level+edu+smoke+alcohol.user+PA_level+BMI_level,,BPF_binary_U,PCCP_urine.rds,CVD,binary_above_detection_threshold,2145,190,1955,30,4,2013-2014|2015-2016,WTSB2YR,ok,,0.9850263642790837
survey_weighted,odds_ratio,0.9872632548159095,0.7546980194856201,1.291495020715733,0.13152947844859186,30,0.9230111840349153,age+sex+eth+marital+PIR_level+edu+smoke+alcohol.user+PA_level+BMI_level,,BPA_ln_U,PCCP_urine.rds,CVD,natural_log_transformed,2144,190,1954,30,4,2013-2014|2015-2016,WTSB2YR,ok,,0.9850263642790837
survey_weighted,odds_ratio,1.0245408165737655,0.6085678888589249,1.7248427070212544,0.2550547709723791,30,0.9249023139277235,age+sex+eth+marital+PIR_level+edu+smoke+alcohol.user+PA_level+BMI_level,,MHNCH_binary_U,Phthalates_urine.rds,CVD,binary_above_detection_threshold,2145,190,1955,30,4,2013-2014|2015-2016,WTSB2YR,ok,,0.9850263642790837
survey_weighted,odds_ratio,1.021845846566518,0.6089860522376808,1.7146023793295608,0.2534287518836334,30,0.9326108620718174,age+sex+eth+marital+PIR_level+edu+smoke+alcohol.user+PA_level+BMI_level,,AsB_binary_U,HM_urine.rds,CVD,binary_above_detection_threshold,2235,178,2057,30,4,2013-2014|2015-2016,WTSA2YR,ok,,0.9850263642790837
survey_weighted,odds_ratio,0.9777912553089441,0.5540541203135326,1.7255999078530608,0.2781381265014931,30,0.9361787267610487,age+sex+eth+marital+PIR_level+edu+smoke+alcohol.user+PA_level+BMI_level,,EtP_binary_U,PCCP_urine.rds,CVD,binary_above_detection_threshold,2146,190,1956,30,4,2013-2014|2015-2016,WTSB2YR,ok,,0.9850263642790837
survey_weighted,odds_ratio,0.9762869378174303,0.4932502028458832,1.9323584246973813,0.3343040634064759,30,0.9432477425783026,age+sex+eth+marital+PIR_level+edu+smoke+alcohol.user+PA_level+BMI_level,,BuP_binary_U,PCCP_urine.rds,CVD,binary_above_detection_threshold,2146,190,1956,30,4,2013-2014|2015-2016,WTSB2YR,ok,,0.9850263642790837
survey_weighted,odds_ratio,0.9931379389596311,0.7878381166563362,1.2519360829951176,0.11339179157248037,30,0.9519809905572292,age+sex+eth+marital+PIR_level+edu+smoke+alcohol.user+PA_level+BMI_level,,BCETP_ln_U,BFR_urine.rds,CVD,natural_log_transformed,1942,178,1764,30,4,2013-2014|2015-2016,WTSSBI2Y|WTSSCH2Y,ok,,0.9850263642790837
survey_weighted,odds_ratio,0.9961422211378295,0.869175644659873,1.14165569506002,0.0667613234939092,30,0.9542150851480982,age+sex+eth+marital+PIR_level+edu+smoke+alcohol.user+PA_level+BMI_level,,BP3_ln_U,PCCP_urine.rds,CVD,natural_log_transformed,2144,190,1954,30,4,2013-2014|2015-2016,WTSB2YR,ok,,0.9850263642790837
survey_weighted,odds_ratio,0.9921398786920593,0.7215136562311395,1.3642729148507715,0.14943482906448305,15,0.9585827034930681,age+sex+eth+marital+PIR_level+edu+smoke+alcohol.user+PA_level+BMI_level,,X1_AN_ln_U,AA_urine.rds,CVD,natural_log_transformed,1109,78,1031,15,2,2013-2014,WTSA2YR,ok,,0.9850263642790837
survey_weighted,odds_ratio,0.9959165589600506,0.8132002375108729,1.219687042205969,0.09924537907843321,30,0.9673864028838146,age+sex+eth+marital+PIR_level+edu+smoke+alcohol.user+PA_level+BMI_level,,Ba_ln_U,HM_urine.rds,CVD,natural_log_transformed,2233,177,2056,30,4,2013-2014|2015-2016,WTSA2YR,ok,,0.9872642056827972
survey_weighted,odds_ratio,1.0071434801272134,0.5376241990603339,1.8867044886290962,0.2945007848276523,15,0.9810356113661751,age+sex+eth+marital+PIR_level+edu+smoke+alcohol.user+PA_level+BMI_level,,Sm_PFOS_ln_S,PFC_serum.rds,CVD,natural_log_transformed,997,97,900,15,2,2015-2016,WTSB2YR,ok,,0.9943830346500687
survey_weighted,odds_ratio,1.0055038561153113,0.47540765021353504,2.1266759258262686,0.35143754579153597,15,0.9877449575431311,age+sex+eth+marital+PIR_level+edu+smoke+alcohol.user+PA_level+BMI_level,,X26_DMA_binary_U,AA_urine.rds,CVD,binary_above_detection_threshold,1065,82,983,15,2,2013-2014,WTSA2YR,ok,,0.9944189099589631
survey_weighted,odds_ratio,0.999352440557843,0.8223526071037407,1.2144489989109128,0.09545163461903743,30,0.9946302373559355,age+sex+eth+marital+PIR_level+edu+smoke+alcohol.user+PA_level+BMI_level,,Total_As_ln_U,HM_urine.rds,CVD,natural_log_transformed,2232,177,2055,30,4,2013-2014|2015-2016,WTSA2YR,ok,,0.9946302373559355
same_sample_unweighted,beta,-10.23099339332021,-11.374496836041759,-9.08748995059866,0.5832326519804079,3563,3.835571828569499e-66,age+sex+eth+marital+PIR_level+edu+alcohol.user,,X25_DMF_binary_S,VOC_serum.rds,LE8,binary_above_detection_threshold,3581,,,30,4,2013-2014|2015-2016,WTSVOC2Y,ok,,5.7150020245685536e-64
same_sample_unweighted,beta,-9.094721094702756,-10.340109597514362,-7.849332591891149,0.635198424413509,3568,2.96580864089953e-45,age+sex+eth+marital+PIR_level+edu+alcohol.user,,Furan_binary_S,VOC_serum.rds,LE8,binary_above_detection_threshold,3586,,,30,4,2013-2014|2015-2016,WTSVOC2Y,ok,,2.20952743747015e-43
same_sample_unweighted,beta,-1.733558241616414,-2.0085106894418256,-1.4586057937910022,0.14021487974186764,2441,4.2194157183875835e-34,age+sex+eth+marital+PIR_level+edu+alcohol.user,,CEMA_CYM_ln_U,VOC_urine.rds,LE8,natural_log_transformed,2459,,,30,4,2013-2014|2015-2016,WTSA2YR,ok,,2.0956431401324997e-32
same_sample_unweighted,beta,-3.345349380743631,-3.877607611350162,-2.8130911501371,0.2714281861457924,2397,6.900147863612869e-34,age+sex+eth+marital+PIR_level+edu+alcohol.user,,EO_ln_S,gas_serum.rds,LE8,natural_log_transformed,2415,,,30,4,2013-2014|2015-2016,WTSA2YR,ok,,2.570305079195794e-32
same_sample_unweighted,beta,-3.3720071427405625,-3.934490706710549,-2.809523578770576,0.28689208761314483,3672,2.4494515221565063e-31,age+sex+eth+marital+PIR_level+edu+alcohol.user,,Cd_ln_S,HM_serum.rds,LE8,natural_log_transformed,3690,,,30,4,2013-2014|2015-2016,WTSH2YR,ok,,7.299365536026389e-30
same_sample_unweighted,beta,-5.488505490612833,-6.439784833318782,-4.537226147906884,0.4851860315537949,3466,3.683852003478177e-29,age+sex+eth+marital+PIR_level+edu+alcohol.user,,Benzene_binary_S,VOC_serum.rds,LE8,binary_above_detection_threshold,3484,,,30,4,2013-2014|2015-2016,WTSVOC2Y,ok,,9.14823247530414e-28
same_sample_unweighted,beta,-2.535159306604869,-2.976389551532462,-2.0939290616772763,0.22504362412314152,3494,6.1128450728925e-29,age+sex+eth+marital+PIR_level+edu+alcohol.user,,Toluene_ln_S,VOC_serum.rds,LE8,natural_log_transformed,3512,,,30,4,2013-2014|2015-2016,WTSVOC2Y,ok,,1.3011627369442606e-27
same_sample_unweighted,beta,-5.711236532444502,-6.709563698000033,-4.712909366888971,0.5091824398425494,3473,1.0480754910840911e-28,age+sex+eth+marital+PIR_level+edu+alcohol.user,,Ethylbenzene_binary_S,VOC_serum.rds,LE8,binary_above_detection_threshold,3491,,,30,4,2013-2014|2015-2016,WTSVOC2Y,ok,,1.9520406021441197e-27
same_sample_unweighted,beta,-10.60306179463755,-12.537141298633529,-8.668982290641573,0.9857716971681023,1169,8.535401143161636e-26,age+sex+eth+marital+PIR_level+edu+alcohol.user,,CYHA_Cys_binary_U,VOC_urine.rds,LE8,binary_above_detection_threshold,1187,,,15,2,2015-2016,WTSA2YR,ok,,1.4130830781456488e-24
same_sample_unweighted,beta,-2.9569749748208274,-3.5112566396747966,-2.402693309966858,0.2826636650819782,2475,4.312705924552834e-25,age+sex+eth+marital+PIR_level+edu+alcohol.user,,X2_FL_ln_U,PAH_urine.rds,LE8,natural_log_transformed,2493,,,30,4,2013-2014|2015-2016,WTSA2YR,ok,,6.425931827583723e-24
same_sample_unweighted,beta,-2.599104913933625,-3.1229719723091276,-2.075237855558122,0.26714973126386227,2409,5.7204786672439285e-22,age+sex+eth+marital+PIR_level+edu+alcohol.user,,MB3_Cys_ln_U,VOC_urine.rds,LE8,natural_log_transformed,2427,,,30,4,2013-2014|2015-2016,WTSA2YR,ok,,7.211090324574064e-21
same_sample_unweighted,beta,-3.020669241117193,-3.6296658858045214,-2.411672596429865,0.3105638360133655,2435,5.807589523146898e-22,age+sex+eth+marital+PIR_level+edu+alcohol.user,,X2_NP_ln_U,PAH_urine.rds,LE8,natural_log_transformed,2453,,,30,4,2013-2014|2015-2016,WTSA2YR,ok,,7.211090324574064e-21
same_sample_unweighted,beta,-4.976961996211792,-6.053999029556686,-3.8999249628668986,0.5492492934630759,2468,2.5535904160489507e-19,age+sex+eth+marital+PIR_level+edu+alcohol.user,,GAM_Cys_binary_U,VOC_urine.rds,LE8,binary_above_detection_threshold,2486,,,30,4,2013-2014|2015-2016,WTSA2YR,ok,,2.926807476856105e-18
same_sample_unweighted,beta,-2.830874111888297,-3.4565711027578256,-2.2051771210187683,0.31908086163235827,2443,1.3581405235159176e-18,age+sex+eth+marital+PIR_level+edu+alcohol.user,,CMAC_ln_U,VOC_urine.rds,LE8,natural_log_transformed,2461,,,30,4,2013-2014|2015-2016,WTSA2YR,ok,,1.4454495571705122e-17
same_sample_unweighted,beta,-4.3332366835665574,-5.322904846828117,-3.3435685203049976,0.5047701957134324,3557,1.3421983740874163e-17,age+sex+eth+marital+PIR_level+edu+alcohol.user,,o_Xylene_binary_S,VOC_serum.rds,LE8,binary_above_detection_threshold,3575,,,30,4,2013-2014|2015-2016,WTSVOC2Y,ok,,1.3332503849268335e-16
same_sample_unweighted,beta,-2.037441024710557,-2.5086986368927953,-1.5661834125283187,0.240324201216434,2471,3.8843223359893915e-17,age+sex+eth+marital+PIR_level+edu+alcohol.user,,X3_FL_ln_U,PAH_urine.rds,LE8,natural_log_transformed,2489,,,30,4,2013-2014|2015-2016,WTSA2YR,ok,,3.617275175390121e-16
same_sample_unweighted,beta,2.0653654197854654,1.5851556960484618,2.545575143522469,0.24492870362767025,3672,4.7979158558942144e-17,age+sex+eth+marital+PIR_level+edu+alcohol.user,,THg_ln_S,HM_serum.rds,LE8,natural_log_transformed,3690,,,30,4,2013-2014|2015-2016,WTSH2YR,ok,,4.2052321325190474e-16
same_sample_unweighted,beta,-2.499770299768767,-3.082700209605508,-1.9168403899320259,0.29727115082699807,2440,6.930054014831772e-17,age+sex+eth+marital+PIR_level+edu+alcohol.user,,PMM_Cys_ln_U,VOC_urine.rds,LE8,natural_log_transformed,2458,,,30,4,2013-2014|2015-2016,WTSA2YR,ok,,5.736544712277412e-16
same_sample_unweighted,beta,-2.9626810984921983,-3.662089140942145,-2.2632730560422516,0.3566713919419454,2454,1.6090583423963179e-16,age+sex+eth+marital+PIR_level+edu+alcohol.user,,CEMA_CEM_ln_U,VOC_urine.rds,LE8,natural_log_transformed,2472,,,30,4,2013-2014|2015-2016,WTSA2YR,ok,,1.2618404895634281e-15
same_sample_unweighted,beta,3.320440849785953,2.534278641372942,4.1066030581989645,0.4009154070304502,2488,1.9506702027358352e-16,age+sex+eth+marital+PIR_level+edu+alcohol.user,,DMA_ln_U,HM_urine.rds,LE8,natural_log_transformed,2506,,,30,4,2013-2014|2015-2016,WTSA2YR,ok,,1.4532493010381972e-15
same_sample_unweighted,beta,3.9686301723224715,3.019749978866003,4.9175103657789405,0.4838955456729659,2484,3.7653310676718984e-16,age+sex+eth+marital+PIR_level+edu+alcohol.user,,Tl_ln_U,HM_urine.rds,LE8,natural_log_transformed,2502,,,30,4,2013-2014|2015-2016,WTSA2YR,ok,,2.671592043252918e-15
same_sample_unweighted,beta,-2.7524355466126087,-3.416501456796316,-2.0883696364289013,0.3384639644960931,1167,1.069342882749476e-15,age+sex+eth+marital+PIR_level+edu+alcohol.user,,IPM3_Cys_ln_U,VOC_urine.rds,LE8,natural_log_transformed,1185,,,15,2,2015-2016,WTSA2YR,ok,,7.242367705894178e-15
same_sample_unweighted,beta,-4.4306726124715015,-5.522854843799099,-3.338490381143904,0.5569662107670449,2410,2.7292088944777857e-15,age+sex+eth+marital+PIR_level+edu+alcohol.user,,PHE_Cys_binary_U,VOC_urine.rds,LE8,binary_above_detection_threshold,2428,,,30,4,2013-2014|2015-2016,WTSA2YR,ok,,1.7680527185964785e-14
same_sample_unweighted,beta,2.151856267399769,1.6053698963485683,2.6983426384509697,0.2786887856102695,2483,1.6563568614616377e-14,age+sex+eth+marital+PIR_level+edu+alcohol.user,,Total_As_ln_U,HM_urine.rds,LE8,natural_log_transformed,2501,,,30,4,2013-2014|2015-2016,WTSA2YR,ok,,1.0283215514907666e-13
same_sample_unweighted,beta,1.3188204652005948,0.9768415968756763,1.6607993335255133,0.17439455547028518,2409,5.59666689089749e-14,age+sex+eth+marital+PIR_level+edu+alcohol.user,,MeP_ln_U,PCCP_urine.rds,LE8,natural_log_transformed,2427,,,30,4,2013-2014|2015-2016,WTSB2YR,ok,,3.335613466974904e-13
same_sample_unweighted,beta,-2.2438285873947272,-2.8313271692602426,-1.6563300055292118,0.29959737203081205,2382,9.682509802559043e-14,age+sex+eth+marital+PIR_level+edu+alcohol.user,,X3_HPMA_ln_U,VOC_urine.rds,LE8,natural_log_transformed,2400,,,30,4,2013-2014|2015-2016,WTSA2YR,ok,,5.548822925312683e-13
same_sample_unweighted,beta,-7.252174834229691,-9.211221628361109,-5.293128040098273,0.9985726570153188,1261,6.63027012265078e-13,age+sex+eth+marital+PIR_level+edu+alcohol.user,,MeA_a_C_binary_U,AA_urine.rds,LE8,binary_above_detection_threshold,1279,,,15,2,2013-2014,WTSA2YR,ok,,3.658926845462838e-12
same_sample_unweighted,beta,3.1435089405224046,2.277877226152254,4.009140654892555,0.4414406153362492,2471,1.398754335046908e-12,age+sex+eth+marital+PIR_level+edu+alcohol.user,,Nitrate_ln_U,PERNT_urine.rds,LE8,natural_log_transformed,2489,,,30,4,2013-2014|2015-2016,WTSA2YR,ok,,7.44337128292819e-12
same_sample_unweighted,beta,4.2089508515743805,3.0437174592110736,5.3741842439376875,0.5942280723344775,2484,1.828559755469128e-12,age+sex+eth+marital+PIR_level+edu+alcohol.user,,Cs_ln_U,HM_urine.rds,LE8,natural_log_transformed,2502,,,30,4,2013-2014|2015-2016,WTSA2YR,ok,,9.395013916031037e-12
same_sample_unweighted,beta,0.9391942916891016,0.6749517029494437,1.2034368804287596,0.13475238696850264,2409,4.082315067681507e-12,age+sex+eth+marital+PIR_level+edu+alcohol.user,,BP3_ln_U,PCCP_urine.rds,LE8,natural_log_transformed,2427,,,30,4,2013-2014|2015-2016,WTSB2YR,ok,,2.0275498169484822e-11
same_sample_unweighted,beta,-5.212778387235273,-6.719079161961278,-3.7064776125092687,0.767796677695921,1260,1.7314095600226543e-11,age+sex+eth+marital+PIR_level+edu+alcohol.user,,A_a_C_binary_U,AA_urine.rds,LE8,binary_above_detection_threshold,1278,,,15,2,2013-2014,WTSA2YR,ok,,8.321936272366951e-11
same_sample_unweighted,beta,-1.6391403689714674,-2.123071269709015,-1.1552094682339196,0.24678682196164833,2465,3.7960737177668705e-11,age+sex+eth+marital+PIR_level+edu+alcohol.user,,Thiocyanate_ln_U,PERNT_urine.rds,LE8,natural_log_transformed,2483,,,30,4,2013-2014|2015-2016,WTSA2YR,ok,,1.767546824835199e-10
same_sample_unweighted,beta,2.137996225932344,1.494634493114313,2.7813579587503754,0.32808998032952286,2455,8.703212040936409e-11,age+sex+eth+marital+PIR_level+edu+alcohol.user,,X24D_ln_U,pesticides_urine.rds,LE8,natural_log_transformed,2473,,,30,4,2013-2014|2015-2016,WTSB2YR|WTSC2YR,ok,,3.929632103331894e-10
same_sample_unweighted,beta,-4.370917759163398,-5.6955321259661345,-3.046303392360662,0.6751351381559532,1167,1.40140985716462e-10,age+sex+eth+marital+PIR_level+edu+alcohol.user,,IPM1_Cys_ln_U,VOC_urine.rds,LE8,natural_log_transformed,1185,,,15,2,2015-2016,WTSA2YR,ok,,6.141472609339071e-10
same_sample_unweighted,beta,0.8818323536266257,0.6119049417732565,1.151759765479995,0.1376514029360651,2409,1.7874289849948826e-10,age+sex+eth+marital+PIR_level+edu+alcohol.user,,PrP_ln_U,PCCP_urine.rds,LE8,natural_log_transformed,2427,,,30,4,2013-2014|2015-2016,WTSB2YR,ok,,7.609340536121071e-10
same_sample_unweighted,beta,-3.4310558950362675,-4.524975627614221,-2.3371361624583145,0.5578568384588461,2450,8.997137592496488e-10,age+sex+eth+marital+PIR_level+edu+alcohol.user,,HEMA_binary_U,VOC_urine.rds,LE8,binary_above_detection_threshold,2468,,,30,4,2013-2014|2015-2016,WTSA2YR,ok,,3.7238152813388246e-9
same_sample_unweighted,beta,-1.496714486957675,-1.9772283732875189,-1.016200600627831,0.24491737314251724,1200,1.33540493452069e-9,age+sex+eth+marital+PIR_level+edu+alcohol.user,,X1_AN_ln_U,AA_urine.rds,LE8,natural_log_transformed,1218,,,15,2,2013-2014,WTSA2YR,ok,,5.377711763340076e-9
same_sample_unweighted,beta,3.5382035961521594,2.392114685812997,4.684292506491322,0.5844485562257128,2348,1.6411144542809588e-9,age+sex+eth+marital+PIR_level+edu+alcohol.user,,PFUnDA_binary_S,PFC_serum.rds,LE8,binary_above_detection_threshold,2366,,,30,4,2013-2014|2015-2016,WTSB2YR,ok,,6.434896149680602e-9
same_sample_unweighted,beta,-1.1260900906943503,-1.5087572132529337,-0.7434229681357668,0.1951432877892435,2396,8.920067405045876e-9,age+sex+eth+marital+PIR_level+edu+alcohol.user,,X1_NP_ln_U,PAH_urine.rds,LE8,natural_log_transformed,2414,,,30,4,2013-2014|2015-2016,WTSA2YR,ok,,3.4079231880816295e-8
same_sample_unweighted,beta,1.943187363201981,1.263145179720507,2.6232295466834548,0.34679665195532566,2470,2.3370265283849997e-8,age+sex+eth+marital+PIR_level+edu+alcohol.user,,Perchlorate_ln_U,PERNT_urine.rds,LE8,natural_log_transformed,2488,,,30,4,2013-2014|2015-2016,WTSA2YR,ok,,8.705423818234124e-8
same_sample_unweighted,beta,1.824130742980899,1.1549492784197297,2.4933122075420684,0.34125384592541497,2409,9.871368496709695e-8,age+sex+eth+marital+PIR_level+edu+alcohol.user,,PNP_ln_U,pesticides_urine.rds,LE8,natural_log_transformed,2427,,,30,4,2013-2014|2015-2016,WTSB2YR|WTSC2YR,ok,,3.5873997707554747e-7
same_sample_unweighted,beta,-1.4189153875512555,-1.9508966091377211,-0.8869341659647898,0.27128760648732425,2409,1.838164931082973e-7,age+sex+eth+marital+PIR_level+edu+alcohol.user,,MBzP_ln_U,Phthalates_urine.rds,LE8,natural_log_transformed,2427,,,30,4,2013-2014|2015-2016,WTSB2YR,ok,,6.521108922175309e-7
same_sample_unweighted,beta,-1.890573881600337,-2.616726283668042,-1.1644214795326322,0.3703116176324975,2476,3.552684441387488e-7,age+sex+eth+marital+PIR_level+edu+alcohol.user,,X23_OH_PH_ln_U,PAH_urine.rds,LE8,natural_log_transformed,2494,,,30,4,2013-2014|2015-2016,WTSA2YR,ok,,1.2310464692249667e-6
same_sample_unweighted,beta,4.620496485305898,2.7966345944435873,6.444358376168209,0.9294072529597371,978,7.844435679758882e-7,age+sex+eth+marital+PIR_level+edu+alcohol.user,,NDMA_binary_U,pesticides_urine.rds,LE8,binary_above_detection_threshold,996,,,15,2,2015-2016,WTSSBI2Y,ok,,2.656411173372894e-6
same_sample_unweighted,beta,1.7785590467812948,1.0510860778261184,2.506032015736471,0.370981700695317,2431,1.7318829000352748e-6,age+sex+eth+marital+PIR_level+edu+alcohol.user,,TCPY_ln_U,pesticides_urine.rds,LE8,natural_log_transformed,2449,,,30,4,2013-2014|2015-2016,WTSB2YR|WTSC2YR,ok,,5.734456713450132e-6
same_sample_unweighted,beta,1.8326512014738048,1.0478573878021484,2.617445015145461,0.4002172595932007,2484,4.899127837760823e-6,age+sex+eth+marital+PIR_level+edu+alcohol.user,,Pb_ln_U,HM_urine.rds,LE8,natural_log_transformed,2502,,,30,4,2013-2014|2015-2016,WTSA2YR,ok,,1.5868914083181798e-5
same_sample_unweighted,beta,1.5974307938490815,0.9057683515576055,2.2890932361405576,0.35272353374239185,2484,6.210745863086992e-6,age+sex+eth+marital+PIR_level+edu+alcohol.user,,Sr_ln_U,HM_urine.rds,LE8,natural_log_transformed,2502,,,30,4,2013-2014|2015-2016,WTSA2YR,ok,,1.968938582127578e-5
same_sample_unweighted,beta,1.368682518685586,0.7632193922909735,1.9741456450801986,0.3087633822208403,2459,9.710524398804186e-6,age+sex+eth+marital+PIR_level+edu+alcohol.user,,BMA_ln_U,VOC_urine.rds,LE8,natural_log_transformed,2477,,,30,4,2013-2014|2015-2016,WTSA2YR,ok,,2.983820591380258e-5
same_sample_unweighted,beta,2.517560213374704,1.4033333499896146,3.6317870767597937,0.568208148391883,2411,9.812564360914943e-6,age+sex+eth+marital+PIR_level+edu+alcohol.user,,EtP_binary_U,PCCP_urine.rds,LE8,binary_above_detection_threshold,2429,,,30,4,2013-2014|2015-2016,WTSB2YR,ok,,2.983820591380258e-5
same_sample_unweighted,beta,-1.130095627629342,-1.632996951315842,-0.6271943039428419,0.25646082973255524,2461,1.0955406299976357e-5,age+sex+eth+marital+PIR_level+edu+alcohol.user,,X34_MHA_ln_U,VOC_urine.rds,LE8,natural_log_transformed,2479,,,30,4,2013-2014|2015-2016,WTSA2YR,ok,,3.264711077392955e-5
same_sample_unweighted,beta,1.4333771632747734,0.7614460897772164,2.1053082367723306,0.34265155368498057,2348,2.980060455093076e-5,age+sex+eth+marital+PIR_level+edu+alcohol.user,,PFDA_ln_S,PFC_serum.rds,LE8,natural_log_transformed,2366,,,30,4,2013-2014|2015-2016,WTSB2YR,ok,,8.706451133507222e-5
same_sample_unweighted,beta,1.216456767036746,0.6411724532684486,1.7917410808050436,0.2932008876779634,1121,3.593562701427736e-5,age+sex+eth+marital+PIR_level+edu+alcohol.user,,DMTP_ln_U,pesticides_urine.rds,LE8,natural_log_transformed,1139,,,15,2,2015-2016,WTSB2YR,ok,,1.0274070657895295e-4
same_sample_unweighted,beta,-1.737235370034287,-2.560884687092015,-0.9135860529765593,0.4200266984482259,2419,3.6545352004594e-5,age+sex+eth+marital+PIR_level+edu+alcohol.user,,MA_ln_U,VOC_urine.rds,LE8,natural_log_transformed,2437,,,30,4,2013-2014|2015-2016,WTSA2YR,ok,,1.0274070657895295e-4
same_sample_unweighted,beta,-3.3636684930518808,-4.976429871560734,-1.7509071145430277,0.8219857751795746,1149,4.5729289355998325e-5,age+sex+eth+marital+PIR_level+edu+alcohol.user,,X26_DMA_binary_U,AA_urine.rds,LE8,binary_above_detection_threshold,1167,,,15,2,2013-2014,WTSA2YR,ok,,1.2617896507488425e-4
same_sample_unweighted,beta,-2.2403936511779707,-3.320752795730126,-1.1600345066258158,0.5509394465537968,2432,4.9242638196285715e-5,age+sex+eth+marital+PIR_level+edu+alcohol.user,,PMA_binary_U,VOC_urine.rds,LE8,binary_above_detection_threshold,2450,,,30,4,2013-2014|2015-2016,WTSA2YR,ok,,1.3340278347721038e-4
same_sample_unweighted,beta,-1.3908884329165134,-2.0928454024419767,-0.6889314633910502,0.3579671222997834,2398,1.0487769183994873e-4,age+sex+eth+marital+PIR_level+edu+alcohol.user,,CEMA_AAM_ln_U,VOC_urine.rds,LE8,natural_log_transformed,2416,,,30,4,2013-2014|2015-2016,WTSA2YR,ok,,2.790495729312921e-4
same_sample_unweighted,beta,1.3873099319774624,0.6861323663328442,2.0884874976220806,0.3575624567627932,2306,1.0742446465774302e-4,age+sex+eth+marital+PIR_level+edu+alcohol.user,,MHBP_ln_U,Phthalates_urine.rds,LE8,natural_log_transformed,2324,,,30,4,2013-2014|2015-2016,WTSB2YR|WTSSBH2Y,ok,,2.8081131989480195e-4
same_sample_unweighted,beta,2.15657355368689,1.063962210971061,3.249184896402719,0.5571940341939317,2490,1.1144136920675046e-4,age+sex+eth+marital+PIR_level+edu+alcohol.user,,MMA_binary_U,HM_urine.rds,LE8,binary_above_detection_threshold,2508,,,30,4,2013-2014|2015-2016,WTSA2YR,ok,,2.862890346863072e-4
same_sample_unweighted,beta,2.1527896925609706,1.0486237839855976,3.256955601136344,0.5630864635628561,2490,1.3496406518432726e-4,age+sex+eth+marital+PIR_level+edu+alcohol.user,,As_III_binary_U,HM_urine.rds,LE8,binary_above_detection_threshold,2508,,,30,4,2013-2014|2015-2016,WTSA2YR,ok,,3.4084145275364e-4
same_sample_unweighted,beta,1.6132736746410472,0.7730918421917801,2.4534555070903146,0.42846311816833876,2483,1.702394003242454e-4,age+sex+eth+marital+PIR_level+edu+alcohol.user,,Mo_ln_U,HM_urine.rds,LE8,natural_log_transformed,2501,,,30,4,2013-2014|2015-2016,WTSA2YR,ok,,4.2276117747187613e-4
same_sample_unweighted,beta,-1.2498646479464788,-1.9214297524515438,-0.5782995434414138,0.342302457712926,1223,2.7188787560068983e-4,age+sex+eth+marital+PIR_level+edu+alcohol.user,,X4_ABP_ln_U,AA_urine.rds,LE8,natural_log_transformed,1241,,,15,2,2013-2014,WTSA2YR,ok,,6.571619740752297e-4
same_sample_unweighted,beta,-1.6986953686541169,-2.6129470774888643,-0.7844436598193696,0.46630444126337406,3549,2.734499489440553e-4,age+sex+eth+marital+PIR_level+edu+alcohol.user,,m_p_Xylene_binary_S,VOC_serum.rds,LE8,binary_above_detection_threshold,3567,,,30,4,2013-2014|2015-2016,WTSVOC2Y,ok,,6.571619740752297e-4
same_sample_unweighted,beta,1.591391335879884,0.7286178156920717,2.4541648560676963,0.43972464691056873,1124,3.0882267138724733e-4,age+sex+eth+marital+PIR_level+edu+alcohol.user,,DEP_ln_U,pesticides_urine.rds,LE8,natural_log_transformed,1142,,,15,2,2015-2016,WTSB2YR,ok,,7.303901275666643e-4
same_sample_unweighted,beta,-1.5135282274459798,-2.384018983310123,-0.6430374715818369,0.44391433124286406,2424,6.614539662097888e-4,age+sex+eth+marital+PIR_level+edu+alcohol.user,,PGA_ln_U,VOC_urine.rds,LE8,natural_log_transformed,2442,,,30,4,2013-2014|2015-2016,WTSA2YR,ok,,0.0015399475150821647
same_sample_unweighted,beta,-1.260489633583696,-2.013242605025326,-0.5077366621420663,0.3838769516405576,2476,0.0010392488908857042,age+sex+eth+marital+PIR_level+edu+alcohol.user,,X1_PH_ln_U,PAH_urine.rds,LE8,natural_log_transformed,2494,,,30,4,2013-2014|2015-2016,WTSA2YR,ok,,0.0023822782267995373
same_sample_unweighted,beta,1.7802303074566743,0.6782329222888803,2.8822276926244683,0.5619808108923559,2492,0.0015546804613550628,age+sex+eth+marital+PIR_level+edu+alcohol.user,,Hg_binary_U,HM_urine.rds,LE8,binary_above_detection_threshold,2510,,,30,4,2013-2014|2015-2016,WTSA2YR,ok,,0.0035098089203318846
same_sample_unweighted,beta,0.6742209250861582,0.2544695230723943,1.093972327099922,0.21405631719627055,2434,0.0016540083401021372,age+sex+eth+marital+PIR_level+edu+alcohol.user,,NPMA_ln_U,VOC_urine.rds,LE8,natural_log_transformed,2452,,,30,4,2013-2014|2015-2016,WTSA2YR,ok,,0.0036783170548540067
same_sample_unweighted,beta,1.366624058542025,0.5005289904472694,2.2327191266367805,0.44167804162265206,2484,0.001995660887156402,age+sex+eth+marital+PIR_level+edu+alcohol.user,,Co_ln_U,HM_urine.rds,LE8,natural_log_transformed,2502,,,30,4,2013-2014|2015-2016,WTSA2YR,ok,,0.004372845179210352
same_sample_unweighted,beta,1.1295431075559934,0.38315504466338224,1.8759311704486046,0.38040459355829154,1117,0.0030483173877150684,age+sex+eth+marital+PIR_level+edu+alcohol.user,,DMP_ln_U,pesticides_urine.rds,LE8,natural_log_transformed,1135,,,15,2,2015-2016,WTSB2YR,ok,,0.00658259841694993
same_sample_unweighted,beta,2.3407163310021617,0.750660637782784,3.9307720242215396,0.8103887505515902,1117,0.00394695159209867,age+sex+eth+marital+PIR_level+edu+alcohol.user,,DMDTP_binary_U,pesticides_urine.rds,LE8,binary_above_detection_threshold,1135,,,15,2,2015-2016,WTSB2YR,ok,,0.008401368388895741
same_sample_unweighted,beta,1.5996566586989227,0.5109630806532928,2.6883502367445526,0.5548481878173144,1088,0.004015921372653992,age+sex+eth+marital+PIR_level+edu+alcohol.user,,n_PFOA_ln_S,PFC_serum.rds,LE8,natural_log_transformed,1106,,,15,2,2015-2016,WTSB2YR,ok,,0.008427778655287954
same_sample_unweighted,beta,-0.7702029517208325,-1.3021408053299837,-0.23826509811168128,0.27126955454956536,2483,0.00455871012357246,age+sex+eth+marital+PIR_level+edu+alcohol.user,,Sn_ln_U,HM_urine.rds,LE8,natural_log_transformed,2501,,,30,4,2013-2014|2015-2016,WTSA2YR,ok,,0.009433997339059676
same_sample_unweighted,beta,0.6637547442271899,0.19999563948804694,1.127513848966333,0.23649832877799423,2431,0.005046727091335275,age+sex+eth+marital+PIR_level+edu+alcohol.user,,X3PBA_ln_U,pesticides_urine.rds,LE8,natural_log_transformed,2449,,,30,4,2013-2014|2015-2016,WTSB2YR|WTSC2YR,ok,,0.010300853926150082
same_sample_unweighted,beta,-0.82670865323733,-1.4076750350826295,-0.24574227139203053,0.2962724338639881,2484,0.005305042672774761,age+sex+eth+marital+PIR_level+edu+alcohol.user,,U_ln_U,HM_urine.rds,LE8,natural_log_transformed,2502,,,30,4,2013-2014|2015-2016,WTSA2YR,ok,,0.01068177511139783
same_sample_unweighted,beta,1.759815335827721,0.520759208521379,2.998871463134063,0.6318657456448608,2411,0.005392775587010577,age+sex+eth+marital+PIR_level+edu+alcohol.user,,BuP_binary_U,PCCP_urine.rds,LE8,binary_above_detection_threshold,2429,,,30,4,2013-2014|2015-2016,WTSB2YR,ok,,0.01071364749952768
same_sample_unweighted,beta,2.303411840912499,0.6423549129849371,3.9644687688400606,0.8465761043403738,1118,0.0066123614391310264,age+sex+eth+marital+PIR_level+edu+alcohol.user,,DETP_binary_U,pesticides_urine.rds,LE8,binary_above_detection_threshold,1136,,,15,2,2015-2016,WTSB2YR,ok,,0.012963708610927934
same_sample_unweighted,beta,-1.5218758773243575,-2.67267522025657,-0.37107653439214516,0.5868499975572619,2343,0.009565251590029626,age+sex+eth+marital+PIR_level+edu+alcohol.user,,DHB_Cys_ln_U,VOC_urine.rds,LE8,natural_log_transformed,2361,,,30,4,2013-2014|2015-2016,WTSA2YR,ok,,0.018509382946940448
same_sample_unweighted,beta,1.4213544589730085,0.342631258265949,2.500077659680068,0.5501115616158145,2490,0.009829555394846897,age+sex+eth+marital+PIR_level+edu+alcohol.user,,AsB_binary_U,HM_urine.rds,LE8,binary_above_detection_threshold,2508,,,30,4,2013-2014|2015-2016,WTSA2YR,ok,,0.018709138781904642
same_sample_unweighted,beta,-1.5490159101193797,-2.7260636721496248,-0.37196814808913437,0.6002532210053637,2486,0.009919610495103804,age+sex+eth+marital+PIR_level+edu+alcohol.user,,Mn_binary_U,HM_urine.rds,LE8,binary_above_detection_threshold,2504,,,30,4,2013-2014|2015-2016,WTSA2YR,ok,,0.018709138781904642
same_sample_unweighted,beta,-1.1108245361575246,-1.9827640788028236,-0.2388849935122257,0.444429180542164,1207,0.012570916137996402,age+sex+eth+marital+PIR_level+edu+alcohol.user,,X2_AN_ln_U,AA_urine.rds,LE8,natural_log_transformed,1225,,,15,2,2013-2014,WTSA2YR,ok,,0.0234133313070183
same_sample_unweighted,beta,-1.4647065251651676,-2.6397130684192094,-0.2896999819111261,0.599173876415922,2197,0.014581661546627713,age+sex+eth+marital+PIR_level+edu+alcohol.user,,DBUP_binary_U,BFR_urine.rds,LE8,binary_above_detection_threshold,2215,,,30,4,2013-2014|2015-2016,WTSSBI2Y|WTSSCH2Y,ok,,0.026823056425278137
same_sample_unweighted,beta,-0.6090177393982534,-1.0993005083508682,-0.11873497044563858,0.25001920103374586,2335,0.014929779148964532,age+sex+eth+marital+PIR_level+edu+alcohol.user,,X2_MHA_ln_U,VOC_urine.rds,LE8,natural_log_transformed,2353,,,30,4,2013-2014|2015-2016,WTSA2YR,ok,,0.027128501136533114
same_sample_unweighted,beta,1.0088592178057751,0.1708453764210376,1.8468730591905127,0.4271091859304926,1133,0.018341868053756236,age+sex+eth+marital+PIR_level+edu+alcohol.user,,o_ANS_ln_U,AA_urine.rds,LE8,natural_log_transformed,1151,,,15,2,2013-2014,WTSA2YR,ok,,0.03292696795192385
same_sample_unweighted,beta,-1.3001619983197745,-2.394183052600889,-0.20614094403866035,0.5579038154346262,2409,0.019865020144838107,age+sex+eth+marital+PIR_level+edu+alcohol.user,,BPF_binary_U,PCCP_urine.rds,LE8,binary_above_detection_threshold,2427,,,30,4,2013-2014|2015-2016,WTSB2YR,ok,,0.035236761923581876
same_sample_unweighted,beta,2.670462492800948,0.39991522784326206,4.941009757758634,1.1572704595821026,1175,0.02119714132955877,age+sex+eth+marital+PIR_level+edu+alcohol.user,,PFBA_binary_U,PFC_urine.rds,LE8,binary_above_detection_threshold,1193,,,15,2,2013-2014,WTSSBH2Y,ok,,0.037157341860050076
same_sample_unweighted,beta,0.6560298082020062,0.09502235307395557,1.2170372633300568,0.28609408279133186,2484,0.021927956128337426,age+sex+eth+marital+PIR_level+edu+alcohol.user,,Ba_ln_U,HM_urine.rds,LE8,natural_log_transformed,2502,,,30,4,2013-2014|2015-2016,WTSA2YR,ok,,0.03799145887351484
same_sample_unweighted,beta,-1.3104318967918809,-2.452981370381531,-0.16788242320223046,0.5826513494415516,2410,0.0245971019556643,age+sex+eth+marital+PIR_level+edu+alcohol.user,,MHNCH_binary_U,Phthalates_urine.rds,LE8,binary_above_detection_threshold,2428,,,30,4,2013-2014|2015-2016,WTSB2YR,ok,,0.04212607116544806
same_sample_unweighted,beta,0.9852721804254698,0.10034442710517211,1.8701999337457675,0.4513443796897509,3466,0.02910474132391185,age+sex+eth+marital+PIR_level+edu+alcohol.user,,Chloroform_binary_S,VOC_serum.rds,LE8,binary_above_detection_threshold,3484,,,30,4,2013-2014|2015-2016,WTSVOC2Y,ok,,0.04927961883253256
same_sample_unweighted,beta,-1.6518121267175094,-3.1702199263347985,-0.1334043271002201,0.773980681442306,1282,0.03301754604465121,age+sex+eth+marital+PIR_level+edu+alcohol.user,,TTCA_binary_U,VOC_urine.rds,LE8,binary_above_detection_threshold,1300,,,15,2,2013-2014,WTSA2YR,ok,,0.05527656585003405
same_sample_unweighted,beta,-0.6340945073992962,-1.2277302104830194,-0.040458804315572916,0.30273328293451846,2483,0.03631080406919538,age+sex+eth+marital+PIR_level+edu+alcohol.user,,W_ln_U,HM_urine.rds,LE8,natural_log_transformed,2501,,,30,4,2013-2014|2015-2016,WTSA2YR,ok,,0.06011455340344568
same_sample_unweighted,beta,0.6484865235311011,0.02951822493239642,1.2674548221298059,0.315631815595412,2195,0.04003905250149566,age+sex+eth+marital+PIR_level+edu+alcohol.user,,DPHP_ln_U,BFR_urine.rds,LE8,natural_log_transformed,2213,,,30,4,2013-2014|2015-2016,WTSSBI2Y|WTSSCH2Y,ok,,0.06555844860135004
same_sample_unweighted,beta,-0.7016416441880237,-1.3947612129047067,-0.00852207547134054,0.3534659904096134,2475,0.04725102617156123,age+sex+eth+marital+PIR_level+edu+alcohol.user,,X1_PY_ln_U,PAH_urine.rds,LE8,natural_log_transformed,2493,,,30,4,2013-2014|2015-2016,WTSA2YR,ok,,0.07652611847350678
same_sample_unweighted,beta,0.9885500002001139,0.009706854851142865,1.9673931455490847,0.4988633682667994,1088,0.04777487147886061,age+sex+eth+marital+PIR_level+edu+alcohol.user,,n_PFOS_ln_S,PFC_serum.rds,LE8,natural_log_transformed,1106,,,15,2,2015-2016,WTSB2YR,ok,,0.0765425360252713
same_sample_unweighted,beta,-0.6568978124204564,-1.3254914373640734,0.011695812523160432,0.34095407293273555,2409,0.05414126372484819,age+sex+eth+marital+PIR_level+edu+alcohol.user,,MEHHP_ln_U,Phthalates_urine.rds,LE8,natural_log_transformed,2427,,,30,4,2013-2014|2015-2016,WTSB2YR,ok,,0.08581966271279128
same_sample_unweighted,beta,0.9837895578531648,-0.041778102557253005,2.009357218263583,0.5230858518572967,3670,0.06008613268802028,age+sex+eth+marital+PIR_level+edu+alcohol.user,,IHg_binary_S,HM_serum.rds,LE8,binary_above_detection_threshold,3688,,,30,4,2013-2014|2015-2016,WTSH2YR,ok,,0.09396094399628686
same_sample_unweighted,beta,0.6168466458628328,-0.02733802188746648,1.261031313613132,0.328502261572348,2348,0.06053859478955395,age+sex+eth+marital+PIR_level+edu+alcohol.user,,PFHS_ln_S,PFC_serum.rds,LE8,natural_log_transformed,2366,,,30,4,2013-2014|2015-2016,WTSB2YR,ok,,0.09396094399628686
same_sample_unweighted,beta,-0.43828795139931764,-0.9028411588815152,0.026265256082879884,0.23690211231288782,2407,0.06442444619712899,age+sex+eth+marital+PIR_level+edu+alcohol.user,,BPS_ln_U,PCCP_urine.rds,LE8,natural_log_transformed,2425,,,30,4,2013-2014|2015-2016,WTSB2YR,ok,,0.09896126271517752
same_sample_unweighted,beta,-0.6422813964906907,-1.3696572298048921,0.0850944368235107,0.3709361078438941,2484,0.08348412816367698,age+sex+eth+marital+PIR_level+edu+alcohol.user,,Cd_ln_U,HM_urine.rds,LE8,natural_log_transformed,2502,,,30,4,2013-2014|2015-2016,WTSA2YR,ok,,0.12692994996314153
same_sample_unweighted,beta,-1.0043972545118556,-2.152207025491048,0.143412516467337,0.5853056551866304,2199,0.08629890355573067,age+sex+eth+marital+PIR_level+edu+alcohol.user,,BCPP_binary_U,BFR_urine.rds,LE8,binary_above_detection_threshold,2217,,,30,4,2013-2014|2015-2016,WTSSBI2Y|WTSSCH2Y,ok,,0.12988420838185727
same_sample_unweighted,beta,1.892279877230855,-0.2948561096115401,4.079415864073249,1.1144492298911657,927,0.08985267214555974,age+sex+eth+marital+PIR_level+edu+alcohol.user,,X5OHIMI_binary_U,pesticides_urine.rds,LE8,binary_above_detection_threshold,945,,,15,2,2015-2016,WTSSBI2Y,ok,,0.133880481496884
same_sample_unweighted,beta,-0.5992851157229275,-1.2962821706529724,0.0977119392071173,0.3554386040108611,2409,0.09191682434563546,age+sex+eth+marital+PIR_level+edu+alcohol.user,,MEOHP_ln_U,Phthalates_urine.rds,LE8,natural_log_transformed,2427,,,30,4,2013-2014|2015-2016,WTSB2YR,ok,,0.13560006759900675
same_sample_unweighted,beta,0.6796339992124238,-0.11382470040283577,1.4730926988276836,0.40462462138093325,2348,0.09315546060470496,age+sex+eth+marital+PIR_level+edu+alcohol.user,,PFNA_ln_S,PFC_serum.rds,LE8,natural_log_transformed,2366,,,30,4,2013-2014|2015-2016,WTSB2YR,ok,,0.13608003558922588
same_sample_unweighted,beta,-0.5703004853486918,-1.260368939704205,0.1197679690068214,0.35190531488353827,2409,0.1052326632024368,age+sex+eth+marital+PIR_level+edu+alcohol.user,,MiBP_ln_U,Phthalates_urine.rds,LE8,natural_log_transformed,2427,,,30,4,2013-2014|2015-2016,WTSB2YR,ok,,0.15222977492391343
same_sample_unweighted,beta,1.0668003734418328,-0.24420918678702042,2.3778099336706857,0.6685638657985028,2447,0.11069393688548303,age+sex+eth+marital+PIR_level+edu+alcohol.user,,OXY_binary_U,pesticides_urine.rds,LE8,binary_above_detection_threshold,2465,,,30,4,2013-2014|2015-2016,WTSB2YR|WTSC2YR,ok,,0.15859035188400933
same_sample_unweighted,beta,0.6057484023367398,-0.15138006274885818,1.3628768674223377,0.3860837330639347,2191,0.11680258255282161,age+sex+eth+marital+PIR_level+edu+alcohol.user,,GLYP_ln_U,GYLP_urine.rds,LE8,natural_log_transformed,2209,,,30,4,2013-2014|2015-2016,WTSSCH2Y|WTSSGL2Y,ok,,0.1657484266701945
same_sample_unweighted,beta,-0.47930161821249045,-1.0815784570915112,0.12297522066653027,0.30713535634769523,2409,0.11876013353287959,age+sex+eth+marital+PIR_level+edu+alcohol.user,,BPA_ln_U,PCCP_urine.rds,LE8,natural_log_transformed,2427,,,30,4,2013-2014|2015-2016,WTSB2YR,ok,,0.16693641411697227
same_sample_unweighted,beta,2.842165414990037,-0.772092471760597,6.456423301740671,1.8430284908240246,2200,0.12318900247094064,age+sex+eth+marital+PIR_level+edu+alcohol.user,,FA_ln_S,gas_serum.rds,LE8,natural_log_transformed,2218,,,30,4,2013-2014|2015-2016,WTSA2YR,ok,,0.17154356418850614
same_sample_unweighted,beta,-0.8782823911094615,-2.0129284198973387,0.2563636376784155,0.5786210513172145,2411,0.12917354956781998,age+sex+eth+marital+PIR_level+edu+alcohol.user,,TCC_binary_U,PCCP_urine.rds,LE8,binary_above_detection_threshold,2429,,,30,4,2013-2014|2015-2016,WTSB2YR,ok,,0.17821165634819608
same_sample_unweighted,beta,0.8742989856698099,-0.2719702576441446,2.0205682289837643,0.58454996924676494,2424,0.13486755785268317,age+sex+eth+marital+PIR_level+edu+alcohol.user,,DCVDMPCA_binary_U,pesticides_urine.rds,LE8,binary_above_detection_threshold,2442,,,30,4,2013-2014|2015-2016,WTSB2YR|WTSC2YR,ok,,0.18347728431194416
same_sample_unweighted,beta,-1.2295979878061085,-2.8444256773856376,0.38522970177342053,0.8230124599386259,1115,0.1354530286866702,age+sex+eth+marital+PIR_level+edu+alcohol.user,,MCOCH_binary_U,Phthalates_urine.rds,LE8,binary_above_detection_threshold,1133,,,15,2,2015-2016,WTSB2YR,ok,,0.18347728431194416
same_sample_unweighted,beta,-1.7423215575296962,-4.090196479866854,0.6055533648074616,1.1967499952242147,1242,0.1456791692916665,age+sex+eth+marital+PIR_level+edu+alcohol.user,,PFHpA_binary_S,PFC_serum.rds,LE8,binary_above_detection_threshold,1260,,,15,2,2013-2014,WTSB2YR,ok,,0.19555131733746223
same_sample_unweighted,beta,-0.7182235055968871,-1.6943181683737827,0.2578711571800085,0.49750494196206163,1178,0.14910305079493752,age+sex+eth+marital+PIR_level+edu+alcohol.user,,o_TLD_ln_U,AA_urine.rds,LE8,natural_log_transformed,1196,,,15,2,2013-2014,WTSA2YR,ok,,0.19836030864683651
same_sample_unweighted,beta,-0.9296672575439298,-2.267225084270283,0.4078905691824235,0.6822150579910993,3672,0.17305472772097552,age+sex+eth+marital+PIR_level+edu+alcohol.user,,Mn_ln_S,HM_serum.rds,LE8,natural_log_transformed,3690,,,30,4,2013-2014|2015-2016,WTSH2YR,ok,,0.22818720734889694
same_sample_unweighted,beta,1.5392196320752778,-0.6961591891472068,3.774598453297762,1.1392878381887386,1120,0.17695654842451036,age+sex+eth+marital+PIR_level+edu+alcohol.user,,MDA_binary_U,pesticides_urine.rds,LE8,binary_above_detection_threshold,1138,,,15,2,2015-2016,WTSB2YR,ok,,0.2312853132916846
same_sample_unweighted,beta,-1.5300353018692663,-3.7691668192559398,0.7090962155174072,1.1410860223982917,1025,0.18026334847593106,age+sex+eth+marital+PIR_level+edu+alcohol.user,,PPDA_binary_U,AA_urine.rds,LE8,binary_above_detection_threshold,1043,,,15,2,2015-2016,WTSA2YR,ok,,0.23355859932968462
same_sample_unweighted,beta,0.27893771253465116,-0.13125125600182108,0.6891266810711234,0.20917878106657403,2409,0.18249728427257403,age+sex+eth+marital+PIR_level+edu+alcohol.user,,X24_DCP_ln_U,PCCP_urine.rds,LE8,natural_log_transformed,2427,,,30,4,2013-2014|2015-2016,WTSB2YR,ok,,0.2344146151432201
same_sample_unweighted,beta,0.5264557441353516,-0.2599622205933735,1.3128737088640765,0.4008562106560856,1262,0.1893111250527943,age+sex+eth+marital+PIR_level+edu+alcohol.user,,Harman_ln_U,AA_urine.rds,LE8,natural_log_transformed,1280,,,15,2,2013-2014,WTSA2YR,ok,,0.24108852677663545
same_sample_unweighted,beta,-2.1243496569072224,-5.489530375746389,1.240831061931944,1.716394546374313,3672,0.21591333991091882,age+sex+eth+marital+PIR_level+edu+alcohol.user,,Se_ln_S,HM_serum.rds,LE8,natural_log_transformed,3690,,,30,4,2013-2014|2015-2016,WTSH2YR,ok,,0.27263633598921105
same_sample_unweighted,beta,0.44742703564352176,-0.2821663975423549,1.1770204688293984,0.3721256878657995,3672,0.2293036948833546,age+sex+eth+marital+PIR_level+edu+alcohol.user,,Pb_ln_S,HM_serum.rds,LE8,natural_log_transformed,3690,,,30,4,2013-2014|2015-2016,WTSH2YR,ok,,0.28711134905562885
same_sample_unweighted,beta,1.0839649971573062,-0.7197464498155048,2.8876764441301175,0.9193298934610044,1175,0.23860436337338603,age+sex+eth+marital+PIR_level+edu+alcohol.user,,PFHxA_binary_U,PFC_urine.rds,LE8,binary_above_detection_threshold,1193,,,15,2,2013-2014,WTSSBH2Y,ok,,0.2962670845219543
same_sample_unweighted,beta,-0.3288801360984116,-0.895761722760167,0.23800145056334376,0.2890703249849408,2184,0.25536359439163764,age+sex+eth+marital+PIR_level+edu+alcohol.user,,BDCPP_ln_U,BFR_urine.rds,LE8,natural_log_transformed,2202,,,30,4,2013-2014|2015-2016,WTSSBI2Y|WTSSCH2Y,ok,,0.31445599639961985
same_sample_unweighted,beta,0.5601115136814038,-0.44890923007752803,1.5691322574403355,0.5142432567203562,1088,0.2763088107692041,age+sex+eth+marital+PIR_level+edu+alcohol.user,,Sm_PFOS_ln_S,PFC_serum.rds,LE8,natural_log_transformed,1106,,,15,2,2015-2016,WTSB2YR,ok,,0.33745912134927386
same_sample_unweighted,beta,0.35149064812848396,-0.32898730429610124,1.031968600553069,0.34700677882950076,2306,0.3112038950673175,age+sex+eth+marital+PIR_level+edu+alcohol.user,,HIBP_ln_U,Phthalates_urine.rds,LE8,natural_log_transformed,2324,,,30,4,2013-2014|2015-2016,WTSB2YR|WTSSBH2Y,ok,,0.37698683223601875
same_sample_unweighted,beta,0.20326327194827712,-0.19905903881068218,0.6055855827072364,0.20516712299873469,2409,0.3219215824902065,age+sex+eth+marital+PIR_level+edu+alcohol.user,,MEP_ln_U,Phthalates_urine.rds,LE8,natural_log_transformed,2427,,,30,4,2013-2014|2015-2016,WTSB2YR,ok,,0.3848203409152938
same_sample_unweighted,beta,-0.8299251633252631,-2.475707517996466,0.8158571913459396,0.8392864873239757,2456,0.32283585647256197,age+sex+eth+marital+PIR_level+edu+alcohol.user,,X4FPBA_binary_U,pesticides_urine.rds,LE8,binary_above_detection_threshold,2474,,,30,4,2013-2014|2015-2016,WTSB2YR|WTSC2YR,ok,,0.3848203409152938
same_sample_unweighted,beta,-1.0331571819432523,-3.2952597453397496,1.2289453814532452,1.1527340915256457,983,0.3703297685186324,age+sex+eth+marital+PIR_level+edu+alcohol.user,,IPPPP_binary_U,BFR_urine.rds,LE8,binary_above_detection_threshold,1001,,,15,2,2015-2016,WTSSBI2Y,ok,,0.4379296468990177
same_sample_unweighted,beta,-0.19979317853753178,-0.6953287611493012,0.2957424040742377,0.2526895092785457,2195,0.4292239339004945,age+sex+eth+marital+PIR_level+edu+alcohol.user,,BCETP_ln_U,BFR_urine.rds,LE8,natural_log_transformed,2213,,,30,4,2013-2014|2015-2016,WTSSBI2Y|WTSSCH2Y,ok,,0.503577686229714
same_sample_unweighted,beta,-0.24620084059936462,-0.9664570954113153,0.474055414212586,0.36729979837023174,2409,0.5027311888982756,age+sex+eth+marital+PIR_level+edu+alcohol.user,,MECPP_ln_U,Phthalates_urine.rds,LE8,natural_log_transformed,2427,,,30,4,2013-2014|2015-2016,WTSB2YR,ok,,0.5852105245768989
same_sample_unweighted,beta,-0.10005405835221595,-0.40511901192281163,0.2050108952183797,0.15557059016492614,2426,0.5201924221788834,age+sex+eth+marital+PIR_level+edu+alcohol.user,,DEA_ln_U,pesticides_urine.rds,LE8,natural_log_transformed,2444,,,30,4,2013-2014|2015-2016,WTSB2YR|WTSC2YR,ok,,0.6008424101135941
same_sample_unweighted,beta,0.3281940557485524,-0.8092825371482976,1.4656706486454025,0.5800567010655162,2348,0.5715861853237015,age+sex+eth+marital+PIR_level+edu+alcohol.user,,MeFOSAA_binary_S,PFC_serum.rds,LE8,binary_above_detection_threshold,2366,,,30,4,2013-2014|2015-2016,WTSB2YR,ok,,0.6467881288470856
same_sample_unweighted,beta,0.45409262393333305,-1.120691385637386,2.028876633504052,0.8026038133680266,1115,0.5716610446998256,age+sex+eth+marital+PIR_level+edu+alcohol.user,,X4_MDA_binary_U,AA_urine.rds,LE8,binary_above_detection_threshold,1133,,,15,2,2015-2016,WTSA2YR,ok,,0.6467881288470856
same_sample_unweighted,beta,0.2316018635767709,-0.5759378100143601,1.0391415371679018,0.41181684863872753,2484,0.5739007696510657,age+sex+eth+marital+PIR_level+edu+alcohol.user,,Sb_ln_U,HM_urine.rds,LE8,natural_log_transformed,2502,,,30,4,2013-2014|2015-2016,WTSA2YR,ok,,0.6467881288470856
same_sample_unweighted,beta,0.14342440132116271,-0.36118443391385247,0.648033236556178,0.25732886344187195,2409,0.577334370044714,age+sex+eth+marital+PIR_level+edu+alcohol.user,,MCPP_ln_U,Phthalates_urine.rds,LE8,natural_log_transformed,2427,,,30,4,2013-2014|2015-2016,WTSB2YR,ok,,0.6467881288470856
same_sample_unweighted,beta,-0.18758645665766663,-0.8710983564851036,0.4959254431697704,0.34856175328295963,2409,0.5905074701524924,age+sex+eth+marital+PIR_level+edu+alcohol.user,,MnBP_ln_U,Phthalates_urine.rds,LE8,natural_log_transformed,2427,,,30,4,2013-2014|2015-2016,WTSB2YR,ok,,0.6533502113151918
same_sample_unweighted,beta,-0.2503667277832349,-1.1665305398593833,0.6657970842929134,0.46698540692257273,1247,0.5919616008560463,age+sex+eth+marital+PIR_level+edu+alcohol.user,,Norharman_ln_U,AA_urine.rds,LE8,natural_log_transformed,1265,,,15,2,2013-2014,WTSA2YR,ok,,0.6533502113151918
same_sample_unweighted,beta,0.6378137745027803,-1.7912364709448834,3.0668640199504438,1.2378112654935995,985,0.606476159571087,age+sex+eth+marital+PIR_level+edu+alcohol.user,,TBPPP_binary_U,BFR_urine.rds,LE8,binary_above_detection_threshold,1003,,,15,2,2015-2016,WTSSBI2Y,ok,,0.664448145412441
same_sample_unweighted,beta,-0.06179043338571,-0.3361302895601957,0.2125494227887757,0.13990156029136513,2409,0.6587670876428736,age+sex+eth+marital+PIR_level+edu+alcohol.user,,X25_DCP_ln_U,PCCP_urine.rds,LE8,natural_log_transformed,2427,,,30,4,2013-2014|2015-2016,WTSB2YR,ok,,0.7164693142977238
same_sample_unweighted,beta,-0.28397280544214776,-1.608750321466266,1.0408047105819704,0.6756897694909693,3564,0.6743128391073441,age+sex+eth+marital+PIR_level+edu+alcohol.user,,DBCM_binary_S,VOC_serum.rds,LE8,binary_above_detection_threshold,3582,,,30,4,2013-2014|2015-2016,WTSVOC2Y,ok,,0.7280624132390888
same_sample_unweighted,beta,-0.29932712767900804,-1.8352436739125308,1.236589418554515,0.7828937209229853,1262,0.7022777876026343,age+sex+eth+marital+PIR_level+edu+alcohol.user,,PhIP_binary_U,AA_urine.rds,LE8,binary_above_detection_threshold,1280,,,15,2,2013-2014,WTSA2YR,ok,,0.7479820672217331
same_sample_unweighted,beta,0.23503963058066826,-0.9726678157806011,1.4427470769419377,0.6159774335859746,3532,0.7028019423559908,age+sex+eth+marital+PIR_level+edu+alcohol.user,,BDCM_binary_S,VOC_serum.rds,LE8,binary_above_detection_threshold,3550,,,30,4,2013-2014|2015-2016,WTSVOC2Y,ok,,0.7479820672217331
same_sample_unweighted,beta,0.22402792158325618,-0.9523184461295919,1.4003742892961042,0.5998863195001757,2410,0.7088459325757013,age+sex+eth+marital+PIR_level+edu+alcohol.user,,MINP_binary_U,Phthalates_urine.rds,LE8,binary_above_detection_threshold,2428,,,30,4,2013-2014|2015-2016,WTSB2YR,ok,,0.7490641415161666
same_sample_unweighted,beta,0.4740727370485886,-2.116530973758867,3.0646764478560438,1.3204221427751834,1195,0.7196351791942659,age+sex+eth+marital+PIR_level+edu+alcohol.user,,DPCP_binary_U,BFR_urine.rds,LE8,binary_above_detection_threshold,1213,,,15,2,2013-2014,WTSSCH2Y,ok,,0.7551101528165184
same_sample_unweighted,beta,-0.16010168426286614,-1.0733893620914419,0.7531859935657095,0.4658120277339072,3533,0.7310889885093933,age+sex+eth+marital+PIR_level+edu+alcohol.user,,X14_DCB_binary_S,VOC_serum.rds,LE8,binary_above_detection_threshold,3551,,,30,4,2013-2014|2015-2016,WTSVOC2Y,ok,,0.7617640509643329
same_sample_unweighted,beta,-0.08027097084519763,-0.6587251761637559,0.49818323447336066,0.2949889585143389,2444,0.7855564503001307,age+sex+eth+marital+PIR_level+edu+alcohol.user,,X2_HPMA_ln_U,VOC_urine.rds,LE8,natural_log_transformed,2462,,,30,4,2013-2014|2015-2016,WTSA2YR,ok,,0.812832715935552
same_sample_unweighted,beta,0.04633733789840978,-0.38918190356324317,0.4818565793600627,0.22209613385028698,2409,0.8347497310057855,age+sex+eth+marital+PIR_level+edu+alcohol.user,,MCOP_ln_U,Phthalates_urine.rds,LE8,natural_log_transformed,2427,,,30,4,2013-2014|2015-2016,WTSB2YR,ok,,0.857777309792152
same_sample_unweighted,beta,-0.030324907986914736,-0.6408614487488173,0.5802116327749878,0.31134738505685955,2408,0.9224176853686509,age+sex+eth+marital+PIR_level+edu+alcohol.user,,ATCA_ln_U,VOC_urine.rds,LE8,natural_log_transformed,2426,,,30,4,2013-2014|2015-2016,WTSA2YR,ok,,0.9390887467262263
same_sample_unweighted,beta,0.05231795555829823,-1.0594421847391866,1.164078095855783,0.566950106733239,2410,0.9264835286493642,age+sex+eth+marital+PIR_level+edu+alcohol.user,,MEHP_binary_U,Phthalates_urine.rds,LE8,binary_above_detection_threshold,2428,,,30,4,2013-2014|2015-2016,WTSB2YR,ok,,0.9390887467262263
same_sample_unweighted,beta,-0.022376146003308003,-0.6293407376720133,0.5845884456653974,0.30952590921406387,2409,0.9423757920520844,age+sex+eth+marital+PIR_level+edu+alcohol.user,,MCNP_ln_U,Phthalates_urine.rds,LE8,natural_log_transformed,2427,,,30,4,2013-2014|2015-2016,WTSB2YR,ok,,0.9487431960524364
same_sample_unweighted,beta,-0.03965336305563453,-1.4185347822520336,1.3392280561407643,0.7031818823401316,2490,0.9550345863340374,age+sex+eth+marital+PIR_level+edu+alcohol.user,,AsC_binary_U,HM_urine.rds,LE8,binary_above_detection_threshold,2508,,,30,4,2013-2014|2015-2016,WTSA2YR,ok,,0.9550345863340374
survey_weighted,beta,-3.4759044849579053,-4.010486653141024,-2.9413223167747864,0.26175849678318686,30,4.2646114976115594e-14,age+sex+eth+marital+PIR_level+edu+alcohol.user,,EO_ln_S,gas_serum.rds,LE8,natural_log_transformed,2415,,,30,4,2013-2014|2015-2016,WTSA2YR,ok,,6.3542711314412235e-12
survey_weighted,beta,-10.723402518073332,-12.637882553701747,-8.808922482444917,0.9374263603866709,30,1.8273225711206835e-12,age+sex+eth+marital+PIR_level+edu+alcohol.user,,X25_DMF_binary_S,VOC_serum.rds,LE8,binary_above_detection_threshold,3581,,,30,4,2013-2014|2015-2016,WTSVOC2Y,ok,,1.0462090017400061e-10
survey_weighted,beta,-1.6375108998198673,-1.9315580885548131,-1.3434637110849215,0.14398039195391932,30,2.1064610773288714e-12,age+sex+eth+marital+PIR_level+edu+alcohol.user,,CEMA_CYM_ln_U,VOC_urine.rds,LE8,natural_log_transformed,2459,,,30,4,2013-2014|2015-2016,WTSA2YR,ok,,1.0462090017400061e-10
survey_weighted,beta,-10.208785143682334,-12.218654863097276,-8.198915424267392,0.9841339793883426,30,1.9349605970135592e-11,age+sex+eth+marital+PIR_level+edu+alcohol.user,,Furan_binary_S,VOC_serum.rds,LE8,binary_above_detection_threshold,3586,,,30,4,2013-2014|2015-2016,WTSVOC2Y,ok,,7.207728223875508e-10
survey_weighted,beta,-3.1233300903017467,-3.7892732782929666,-2.457386902310527,0.3260795032203051,30,1.2354853883980897e-10,age+sex+eth+marital+PIR_level+edu+alcohol.user,,X2_FL_ln_U,PAH_urine.rds,LE8,natural_log_transformed,2493,,,30,4,2013-2014|2015-2016,WTSA2YR,ok,,3.6817464574263073e-9
survey_weighted,beta,-2.9211640078997863,-3.5844968777314605,-2.257831138068112,0.32480135928241294,30,5.093247366875136e-10,age+sex+eth+marital+PIR_level+edu+alcohol.user,,Toluene_ln_S,VOC_serum.rds,LE8,natural_log_transformed,3512,,,30,4,2013-2014|2015-2016,WTSVOC2Y,ok,,1.2648230961073255e-8
survey_weighted,beta,-2.4390781609384025,-3.0180217724498855,-1.8601345494269195,0.2834801055682887,30,1.3419800730524897e-9,age+sex+eth+marital+PIR_level+edu+alcohol.user,,MB3_Cys_ln_U,VOC_urine.rds,LE8,natural_log_transformed,2427,,,30,4,2013-2014|2015-2016,WTSA2YR,ok,,2.856500441211728e-8
survey_weighted,beta,4.026815779093979,3.0605131347827985,4.993118423405159,0.47315070098984363,30,1.697854183117171e-9,age+sex+eth+marital+PIR_level+edu+alcohol.user,,DMA_ln_U,HM_urine.rds,LE8,natural_log_transformed,2506,,,30,4,2013-2014|2015-2016,WTSA2YR,ok,,3.1622534160557314e-8
survey_weighted,beta,-5.730617262985921,-7.120189410415337,-4.341045115556504,0.6804048809168551,30,2.1227154285999947e-9,age+sex+eth+marital+PIR_level+edu+alcohol.user,,GAM_Cys_binary_U,VOC_urine.rds,LE8,binary_above_detection_threshold,2486,,,30,4,2013-2014|2015-2016,WTSA2YR,ok,,3.5142733206822136e-8
survey_weighted,beta,-3.6436623848300154,-4.534497982311791,-2.7528267873482397,0.43619821377563356,30,2.530229683204117e-9,age+sex+eth+marital+PIR_level+edu+alcohol.user,,Cd_ln_S,HM_serum.rds,LE8,natural_log_transformed,3690,,,30,4,2013-2014|2015-2016,WTSH2YR,ok,,3.770042227974134e-8
survey_weighted,beta,-2.10106855018736,-2.656877287626998,-1.5452598127477217,0.27215209984580796,30,1.2995224507540011e-8,age+sex+eth+marital+PIR_level+edu+alcohol.user,,X3_FL_ln_U,PAH_urine.rds,LE8,natural_log_transformed,2489,,,30,4,2013-2014|2015-2016,WTSA2YR,ok,,1.7602622287486015e-7
survey_weighted,beta,2.389042377429655,1.7464714308633311,3.0316133239959786,0.31463527042326417,30,1.8160506091135942e-8,age+sex+eth+marital+PIR_level+edu+alcohol.user,,THg_ln_S,HM_serum.rds,LE8,natural_log_transformed,3690,,,30,4,2013-2014|2015-2016,WTSH2YR,ok,,2.254929506316046e-7
survey_weighted,beta,-3.4012653865479225,-4.328368320119855,-2.4741624529759902,0.4539565378318864,30,2.3696344699316102e-8,age+sex+eth+marital+PIR_level+edu+alcohol.user,,X2_NP_ln_U,PAH_urine.rds,LE8,natural_log_transformed,2453,,,30,4,2013-2014|2015-2016,WTSA2YR,ok,,2.7159656616908457e-7
survey_weighted,beta,-4.907867152894166,-6.265546901527702,-3.5501874042606305,0.6647887476739666,30,3.1736045791018835e-8,age+sex+eth+marital+PIR_level+edu+alcohol.user,,PHE_Cys_binary_U,VOC_urine.rds,LE8,binary_above_detection_threshold,2428,,,30,4,2013-2014|2015-2016,WTSA2YR,ok,,3.3776220163298615e-7
survey_weighted,beta,-3.071884308677874,-3.9446928435106523,-2.199075773845096,0.4273712511471278,30,5.3439497369337086e-8,age+sex+eth+marital+PIR_level+edu+alcohol.user,,CEMA_CEM_ln_U,VOC_urine.rds,LE8,natural_log_transformed,2472,,,30,4,2013-2014|2015-2016,WTSA2YR,ok,,5.182100290744074e-7
survey_weighted,beta,2.558353128558286,1.8299271951475813,3.286779061968991,0.3566742190363561,30,5.564671453148e-8,age+sex+eth+marital+PIR_level+edu+alcohol.user,,Total_As_ln_U,HM_urine.rds,LE8,natural_log_transformed,2501,,,30,4,2013-2014|2015-2016,WTSA2YR,ok,,5.182100290744074e-7
survey_weighted,beta,-10.12703853579592,-12.385025978733205,-7.869051092858635,1.0593670620264566,15,9.008588146698501e-8,age+sex+eth+marital+PIR_level+edu+alcohol.user,,CYHA_Cys_binary_U,VOC_urine.rds,LE8,binary_above_detection_threshold,1187,,,15,2,2015-2016,WTSA2YR,ok,,7.895762552106334e-7
survey_weighted,beta,-2.5529330687251983,-3.3243250321874322,-1.7815411052629644,0.3777125628278329,30,1.708805151566441e-7,age+sex+eth+marital+PIR_level+edu+alcohol.user,,PMM_Cys_ln_U,VOC_urine.rds,LE8,natural_log_transformed,2458,,,30,4,2013-2014|2015-2016,WTSA2YR,ok,,1.4145109310188875e-6
survey_weighted,beta,-2.065533763540357,-2.696378614402586,-1.4346889126781281,0.3088935802447989,30,2.0811382939317008e-7,age+sex+eth+marital+PIR_level+edu+alcohol.user,,X3_HPMA_ln_U,VOC_urine.rds,LE8,natural_log_transformed,2400,,,30,4,2013-2014|2015-2016,WTSA2YR,ok,,1.6320505568201234e-6
survey_weighted,beta,-5.439583729798548,-6.815683632934294,-4.063483826662801,0.6456169258157816,15,4.5232624336819633e-7,age+sex+eth+marital+PIR_level+edu+alcohol.user,,A_a_C_binary_U,AA_urine.rds,LE8,binary_above_detection_threshold,1278,,,15,2,2013-2014,WTSA2YR,ok,,3.344557690351668e-6
survey_weighted,beta,-5.299531081401788,-6.993310306928016,-3.6057518558755612,0.8293600691231143,30,4.713806140764096e-7,age+sex+eth+marital+PIR_level+edu+alcohol.user,,Benzene_binary_S,VOC_serum.rds,LE8,binary_above_detection_threshold,3484,,,30,4,2013-2014|2015-2016,WTSVOC2Y,ok,,3.344557690351668e-6
survey_weighted,beta,2.39685076950835,1.6036794887619,3.1900220502548002,0.38837681931183843,30,8.642446684267076e-7,age+sex+eth+marital+PIR_level+edu+alcohol.user,,X24D_ln_U,pesticides_urine.rds,LE8,natural_log_transformed,2473,,,30,4,2013-2014|2015-2016,WTSB2YR|WTSC2YR,ok,,5.853293436162701e-6
survey_weighted,beta,3.9337885565332975,2.6250971226770683,5.242479990389526,0.6408015883573154,30,9.463736813637995e-7,age+sex+eth+marital+PIR_level+edu+alcohol.user,,Tl_ln_U,HM_urine.rds,LE8,natural_log_transformed,2502,,,30,4,2013-2014|2015-2016,WTSA2YR,ok,,5.892006073458074e-6
survey_weighted,beta,-3.752356346317745,-5.000894984646813,-2.503817707988677,0.6113477339797736,30,9.490479581408978e-7,age+sex+eth+marital+PIR_level+edu+alcohol.user,,HEMA_binary_U,VOC_urine.rds,LE8,binary_above_detection_threshold,2468,,,30,4,2013-2014|2015-2016,WTSA2YR,ok,,5.892006073458074e-6
survey_weighted,beta,-7.843345467203018,-10.037272133053587,-5.649418801352447,1.0293120334098207,15,1.5597890070044428e-6,age+sex+eth+marital+PIR_level+edu+alcohol.user,,MeA_a_C_binary_U,AA_urine.rds,LE8,binary_above_detection_threshold,1279,,,15,2,2013-2014,WTSA2YR,ok,,9.29634248174648e-6
survey_weighted,beta,-1.6821610798463948,-2.2923678876763045,-1.0719542720164854,0.29878814942011006,30,3.937859991513189e-6,age+sex+eth+marital+PIR_level+edu+alcohol.user,,MBzP_ln_U,Phthalates_urine.rds,LE8,natural_log_transformed,2427,,,30,4,2013-2014|2015-2016,WTSB2YR,ok,,2.2566966874440968e-5
survey_weighted,beta,-5.714518886465742,-7.818071832650384,-3.6109659402810994,1.0300060306323622,30,4.9594241597877055e-6,age+sex+eth+marital+PIR_level+edu+alcohol.user,,Ethylbenzene_binary_S,VOC_serum.rds,LE8,binary_above_detection_threshold,3491,,,30,4,2013-2014|2015-2016,WTSVOC2Y,ok,,2.7368674066976596e-5
survey_weighted,beta,1.563802656021308,0.9763452110551158,2.1512601009875003,0.2876489095045316,30,6.792257552786178e-6,age+sex+eth+marital+PIR_level+edu+alcohol.user,,BMA_ln_U,VOC_urine.rds,LE8,natural_log_transformed,2477,,,30,4,2013-2014|2015-2016,WTSA2YR,ok,,3.614451340589788e-5
survey_weighted,beta,-2.7278684226500753,-3.623603448382971,-1.8321333969171796,0.42024688203334976,15,1.0186586321109997e-5,age+sex+eth+marital+PIR_level+edu+alcohol.user,,IPM3_Cys_ln_U,VOC_urine.rds,LE8,natural_log_transformed,1185,,,15,2,2015-2016,WTSA2YR,ok,,5.233797799466861e-5
survey_weighted,beta,1.0068552123250643,0.615634040425745,1.3980763842243835,0.19156169427455355,30,1.1304303533654548e-5,age+sex+eth+marital+PIR_level+edu+alcohol.user,,BP3_ln_U,PCCP_urine.rds,LE8,natural_log_transformed,2427,,,30,4,2013-2014|2015-2016,WTSB2YR,ok,,5.6144707550484257e-5
survey_weighted,beta,-1.5982989182031242,-2.1396264495746875,-1.0569713868315611,0.25397154368455677,15,1.4408724104384234e-5,age+sex+eth+marital+PIR_level+edu+alcohol.user,,X1_AN_ln_U,AA_urine.rds,LE8,natural_log_transformed,1218,,,15,2,2013-2014,WTSA2YR,ok,,6.92548352113952e-5
survey_weighted,beta,0.8400863605555263,0.5068396245324485,1.1733330965786042,0.1631744750779342,30,1.532085858575466e-5,age+sex+eth+marital+PIR_level+edu+alcohol.user,,PrP_ln_U,PCCP_urine.rds,LE8,natural_log_transformed,2427,,,30,4,2013-2014|2015-2016,WTSB2YR,ok,,7.133774778992014e-5
survey_weighted,beta,-2.3812000625996683,-3.340679077148955,-1.4217210480503817,0.4698095063608704,30,1.920267634076873e-5,age+sex+eth+marital+PIR_level+edu+alcohol.user,,CMAC_ln_U,VOC_urine.rds,LE8,natural_log_transformed,2461,,,30,4,2013-2014|2015-2016,WTSA2YR,ok,,8.67029931749861e-5
survey_weighted,beta,-4.350095960307905,-6.109023451330489,-2.5911684692853205,0.8612599585307927,30,2.0180488844649158e-5,age+sex+eth+marital+PIR_level+edu+alcohol.user,,o_Xylene_binary_S,VOC_serum.rds,LE8,binary_above_detection_threshold,3575,,,30,4,2013-2014|2015-2016,WTSVOC2Y,ok,,8.84380246427272e-5
survey_weighted,beta,2.2879171942867487,1.3574749708480534,3.218359417725444,0.4555916232273045,30,2.1902204841623794e-5,age+sex+eth+marital+PIR_level+edu+alcohol.user,,TCPY_ln_U,pesticides_urine.rds,LE8,natural_log_transformed,2449,,,30,4,2013-2014|2015-2016,WTSB2YR|WTSC2YR,ok,,9.324081489719843e-5
survey_weighted,beta,3.055610112247094,1.7197971992475984,4.391423025246589,0.6540816377746131,30,5.879733172925701e-5,age+sex+eth+marital+PIR_level+edu+alcohol.user,,Nitrate_ln_U,PERNT_urine.rds,LE8,natural_log_transformed,2489,,,30,4,2013-2014|2015-2016,WTSA2YR,ok,,2.4335562299053598e-4
survey_weighted,beta,-2.2595798959449533,-3.26771530160593,-1.2514444902839768,0.4936341390447051,30,7.660892647989006e-5,age+sex+eth+marital+PIR_level+edu+alcohol.user,,X23_OH_PH_ln_U,PAH_urine.rds,LE8,natural_log_transformed,2494,,,30,4,2013-2014|2015-2016,WTSA2YR,ok,,3.0850621744604376e-4
survey_weighted,beta,-1.6298440613613183,-2.3621887537743955,-0.8974993689482411,0.3585930418605496,30,8.388472593641435e-5,age+sex+eth+marital+PIR_level+edu+alcohol.user,,Thiocyanate_ln_U,PERNT_urine.rds,LE8,natural_log_transformed,2483,,,30,4,2013-2014|2015-2016,WTSA2YR,ok,,3.2891642538225623e-4
survey_weighted,beta,2.5123136930474876,1.3746625290942227,3.649964857000753,0.5570516120134462,30,9.25577734133451e-5,age+sex+eth+marital+PIR_level+edu+alcohol.user,,Perchlorate_ln_U,PERNT_urine.rds,LE8,natural_log_transformed,2488,,,30,4,2013-2014|2015-2016,WTSA2YR,ok,,3.5361815996380564e-4
survey_weighted,beta,1.1189607003686008,0.6083532542016885,1.6295681465355132,0.25001925898353156,30,1.0195663331560728e-4,age+sex+eth+marital+PIR_level+edu+alcohol.user,,MeP_ln_U,PCCP_urine.rds,LE8,natural_log_transformed,2427,,,30,4,2013-2014|2015-2016,WTSB2YR,ok,,3.7978845910063716e-4
survey_weighted,beta,4.110241855440841,2.2264085760230845,5.994075134858598,0.9224201568235266,30,1.07697043498128e-4,age+sex+eth+marital+PIR_level+edu+alcohol.user,,PFUnDA_binary_S,PFC_serum.rds,LE8,binary_above_detection_threshold,2366,,,30,4,2013-2014|2015-2016,WTSB2YR,ok,,3.9138681661514814e-4
survey_weighted,beta,1.8059204175575083,0.9710673559166944,2.640773479198322,0.40878632969119966,30,1.1983260397854783e-4,age+sex+eth+marital+PIR_level+edu+alcohol.user,,PNP_ln_U,pesticides_urine.rds,LE8,natural_log_transformed,2427,,,30,4,2013-2014|2015-2016,WTSB2YR|WTSC2YR,ok,,4.251204284000863e-4
survey_weighted,beta,3.958246228415468,2.0788806518569647,5.837611804973971,0.9202325432925949,30,1.658243518785232e-4,age+sex+eth+marital+PIR_level+edu+alcohol.user,,Cs_ln_U,HM_urine.rds,LE8,natural_log_transformed,2502,,,30,4,2013-2014|2015-2016,WTSA2YR,ok,,5.74600661160464e-4
survey_weighted,beta,2.688943380895761,1.3858120692321407,3.992074692559381,0.6380790710088324,30,2.1134159233251543e-4,age+sex+eth+marital+PIR_level+edu+alcohol.user,,MMA_binary_U,HM_urine.rds,LE8,binary_above_detection_threshold,2508,,,30,4,2013-2014|2015-2016,WTSA2YR,ok,,7.156794831260181e-4
survey_weighted,beta,-4.1504873417160075,-6.006963088330297,-2.294011595101718,0.8709921144892642,15,2.504035027918124e-4,age+sex+eth+marital+PIR_level+edu+alcohol.user,,IPM1_Cys_ln_U,VOC_urine.rds,LE8,natural_log_transformed,1185,,,15,2,2015-2016,WTSA2YR,ok,,8.291138203551122e-4
survey_weighted,beta,2.319155282848575,1.167816500555291,3.4704940651418594,0.5637537629912883,30,2.790615821112262e-4,age+sex+eth+marital+PIR_level+edu+alcohol.user,,Pb_ln_U,HM_urine.rds,LE8,natural_log_transformed,2502,,,30,4,2013-2014|2015-2016,WTSA2YR,ok,,9.039168637950588e-4
survey_weighted,beta,1.4936561636763146,0.81426967060685,2.1730426567457792,0.318743877604215,15,2.926551905520124e-4,age+sex+eth+marital+PIR_level+edu+alcohol.user,,DMTP_ln_U,pesticides_urine.rds,LE8,natural_log_transformed,1139,,,15,2,2015-2016,WTSB2YR,ok,,9.277792211116988e-4
survey_weighted,beta,2.029890600206347,1.0619832848664377,2.997797915546256,0.45410754261401537,15,4.493401501130437e-4,age+sex+eth+marital+PIR_level+edu+alcohol.user,,DEP_ln_U,pesticides_urine.rds,LE8,natural_log_transformed,1142,,,15,2,2015-2016,WTSB2YR,ok,,0.0013948267159759064
survey_weighted,beta,-1.0778409550819985,-1.656958522058866,-0.49872338810513095,0.28356528297194394,30,6.577104354724313e-4,age+sex+eth+marital+PIR_level+edu+alcohol.user,,X1_NP_ln_U,PAH_urine.rds,LE8,natural_log_transformed,2414,,,30,4,2013-2014|2015-2016,WTSA2YR,ok,,0.001999976630314128
survey_weighted,beta,2.516785673430225,1.1370671793108376,3.8965041675496126,0.6755800333409957,30,8.073588578730627e-4,age+sex+eth+marital+PIR_level+edu+alcohol.user,,As_III_binary_U,HM_urine.rds,LE8,binary_above_detection_threshold,2508,,,30,4,2013-2014|2015-2016,WTSA2YR,ok,,0.002405929396461727
survey_weighted,beta,1.0607081342726628,0.46282868386380627,1.6585875846815192,0.29275205106162805,30,0.0010629112298966338,age+sex+eth+marital+PIR_level+edu+alcohol.user,,X3PBA_ln_U,pesticides_urine.rds,LE8,natural_log_transformed,2449,,,30,4,2013-2014|2015-2016,WTSB2YR|WTSC2YR,ok,,0.0031053681030313415
survey_weighted,beta,0.7972134771130351,0.330215095803724,1.2642118584223463,0.22866605279253116,30,0.0015312128107409636,age+sex+eth+marital+PIR_level+edu+alcohol.user,,NPMA_ln_U,VOC_urine.rds,LE8,natural_log_transformed,2452,,,30,4,2013-2014|2015-2016,WTSA2YR,ok,,0.004387513630776992
survey_weighted,beta,1.813234807235169,0.7325959987427839,2.893873615727554,0.5291354761007409,30,0.0017925344041128978,age+sex+eth+marital+PIR_level+edu+alcohol.user,,Sr_ln_U,HM_urine.rds,LE8,natural_log_transformed,2502,,,30,4,2013-2014|2015-2016,WTSA2YR,ok,,0.005039389173826826
survey_weighted,beta,1.6371101367257739,0.6437521376637853,2.6304681357877624,0.4863983725565494,30,0.002104503805763695,age+sex+eth+marital+PIR_level+edu+alcohol.user,,Co_ln_U,HM_urine.rds,LE8,natural_log_transformed,2502,,,30,4,2013-2014|2015-2016,WTSA2YR,ok,,0.005806871612199825
survey_weighted,beta,-2.218624309929373,-3.570059384468677,-0.867189235390069,0.6617310390538634,30,0.0021775619270731315,age+sex+eth+marital+PIR_level+edu+alcohol.user,,PMA_binary_U,VOC_urine.rds,LE8,binary_above_detection_threshold,2450,,,30,4,2013-2014|2015-2016,WTSA2YR,ok,,0.005899213220616302
survey_weighted,beta,-3.8430378848970674,-6.136370722956292,-1.5497050468378437,1.0759498590227872,15,0.0027822095291657445,age+sex+eth+marital+PIR_level+edu+alcohol.user,,X26_DMA_binary_U,AA_urine.rds,LE8,binary_above_detection_threshold,1167,,,15,2,2013-2014,WTSA2YR,ok,,0.007402664640101713
survey_weighted,beta,1.7560957600275096,0.6193902594654823,2.892801260589537,0.5565885673357786,30,0.003634780054164755,age+sex+eth+marital+PIR_level+edu+alcohol.user,,Mo_ln_U,HM_urine.rds,LE8,natural_log_transformed,2501,,,30,4,2013-2014|2015-2016,WTSA2YR,ok,,0.00950144259772892
survey_weighted,beta,-1.358518606532117,-2.245141937983143,-0.4718952750810911,0.4341356750493471,30,0.0038835352830478625,age+sex+eth+marital+PIR_level+edu+alcohol.user,,X1_PH_ln_U,PAH_urine.rds,LE8,natural_log_transformed,2494,,,30,4,2013-2014|2015-2016,WTSA2YR,ok,,0.009976668227140198
survey_weighted,beta,-2.338255357350698,-3.944946939855811,-0.7315637748455857,0.7867175496334087,30,0.0057801207826692,age+sex+eth+marital+PIR_level+edu+alcohol.user,,Mn_ln_S,HM_serum.rds,LE8,natural_log_transformed,3690,,,30,4,2013-2014|2015-2016,WTSH2YR,ok,,0.0145972541799612
survey_weighted,beta,1.506579076302144,0.4592189938439073,2.5539391587603806,0.5128405268487594,30,0.006300111539483288,age+sex+eth+marital+PIR_level+edu+alcohol.user,,PFDA_ln_S,PFC_serum.rds,LE8,natural_log_transformed,2366,,,30,4,2013-2014|2015-2016,WTSB2YR,ok,,0.015645276989716832
survey_weighted,beta,2.2200967903947504,0.6325120391129093,3.8076815416765912,0.7773618776395378,30,0.007716814976172648,age+sex+eth+marital+PIR_level+edu+alcohol.user,,EtP_binary_U,PCCP_urine.rds,LE8,binary_above_detection_threshold,2429,,,30,4,2013-2014|2015-2016,WTSB2YR,ok,,0.01884926936802827
survey_weighted,beta,-1.2192277180942777,-2.098244872894445,-0.34021056329411026,0.4304113058412179,30,0.008171035200403562,age+sex+eth+marital+PIR_level+edu+alcohol.user,,X34_MHA_ln_U,VOC_urine.rds,LE8,natural_log_transformed,2479,,,30,4,2013-2014|2015-2016,WTSA2YR,ok,,0.019636842659034367
survey_weighted,beta,-1.9405293087099733,-3.3651050943804544,-0.5159535230394923,0.6975444345219893,30,0.009252228224322813,age+sex+eth+marital+PIR_level+edu+alcohol.user,,Mn_binary_U,HM_urine.rds,LE8,binary_above_detection_threshold,2504,,,30,4,2013-2014|2015-2016,WTSA2YR,ok,,0.02188225405435078
survey_weighted,beta,-1.6230678497684008,-2.8676450160780984,-0.37849068345870296,0.6094079966997905,30,0.012322011292278954,age+sex+eth+marital+PIR_level+edu+alcohol.user,,MA_ln_U,VOC_urine.rds,LE8,natural_log_transformed,2437,,,30,4,2013-2014|2015-2016,WTSA2YR,ok,,0.028687182539836938
survey_weighted,beta,3.291061956673079,0.7698068711190102,5.812317042227148,1.1828828370844313,15,0.013950560331353461,age+sex+eth+marital+PIR_level+edu+alcohol.user,,DETP_binary_U,pesticides_urine.rds,LE8,binary_above_detection_threshold,1136,,,15,2,2015-2016,WTSB2YR,ok,,0.031978976759564084
survey_weighted,beta,1.548908262452703,0.2806066703725587,2.8172098545328472,0.6210246767843929,30,0.018364965746216867,age+sex+eth+marital+PIR_level+edu+alcohol.user,,MHBP_ln_U,Phthalates_urine.rds,LE8,natural_log_transformed,2324,,,30,4,2013-2014|2015-2016,WTSB2YR|WTSSBH2Y,ok,,0.041231859848778085
survey_weighted,beta,-1.4188162988977027,-2.565518313228762,-0.27211428456664355,0.537991629555512,15,0.018660703547855942,age+sex+eth+marital+PIR_level+edu+alcohol.user,,X2_AN_ln_U,AA_urine.rds,LE8,natural_log_transformed,1225,,,15,2,2013-2014,WTSA2YR,ok,,0.041231859848778085
survey_weighted,beta,4.321628444246539,0.8232925391335648,7.819964349359513,1.6412942602374472,15,0.018817224628972548,age+sex+eth+marital+PIR_level+edu+alcohol.user,,NDMA_binary_U,pesticides_urine.rds,LE8,binary_above_detection_threshold,996,,,15,2,2015-2016,WTSSBI2Y,ok,,0.041231859848778085
survey_weighted,beta,1.3524033782341849,0.2514444205630775,2.4533623359052923,0.5165306211280579,15,0.01938164312709088,age+sex+eth+marital+PIR_level+edu+alcohol.user,,DMP_ln_U,pesticides_urine.rds,LE8,natural_log_transformed,1135,,,15,2,2015-2016,WTSB2YR,ok,,0.04185311341937016
survey_weighted,beta,-1.2796647405504027,-2.3535919978949984,-0.20573748320580676,0.5258491608360556,30,0.021122801635464775,age+sex+eth+marital+PIR_level+edu+alcohol.user,,Cd_ln_U,HM_urine.rds,LE8,natural_log_transformed,2502,,,30,4,2013-2014|2015-2016,WTSA2YR,ok,,0.044484349709631936
survey_weighted,beta,-1.3525190220450038,-2.4728263150801686,-0.23221172900983933,0.5256081690364114,15,0.02119724046566354,age+sex+eth+marital+PIR_level+edu+alcohol.user,,X4_ABP_ln_U,AA_urine.rds,LE8,natural_log_transformed,1241,,,15,2,2013-2014,WTSA2YR,ok,,0.044484349709631936
survey_weighted,beta,-0.6434842743513561,-1.1887934350886875,-0.09817511361402476,0.2670109754723625,30,0.02229409385491213,age+sex+eth+marital+PIR_level+edu+alcohol.user,,U_ln_U,HM_urine.rds,LE8,natural_log_transformed,2502,,,30,4,2013-2014|2015-2016,WTSA2YR,ok,,0.046136388671970945
survey_weighted,beta,-0.8467666577572546,-1.5839424319284352,-0.10959088358607383,0.36095858409914644,30,0.025784417018617053,age+sex+eth+marital+PIR_level+edu+alcohol.user,,Sn_ln_U,HM_urine.rds,LE8,natural_log_transformed,2501,,,30,4,2013-2014|2015-2016,WTSA2YR,ok,,0.05262846761334166
survey_weighted,beta,1.115067846816184,0.1023761597121231,2.127759533920245,0.49586512513523695,30,0.03202894361792449,age+sex+eth+marital+PIR_level+edu+alcohol.user,,Chloroform_binary_S,VOC_serum.rds,LE8,binary_above_detection_threshold,3484,,,30,4,2013-2014|2015-2016,WTSVOC2Y,ok,,0.06449071079825336
survey_weighted,beta,1.0458740337057975,0.09242103151859737,1.9993270358929975,0.46685886559621925,30,0.03263515550266633,age+sex+eth+marital+PIR_level+edu+alcohol.user,,Hg_binary_U,HM_urine.rds,LE8,binary_above_detection_threshold,2510,,,30,4,2013-2014|2015-2016,WTSA2YR,ok,,0.06483517559863045
survey_weighted,beta,-1.5456963560321972,-2.9720602819066664,-0.1193324301577281,0.6984199985039012,30,0.034638546135293824,age+sex+eth+marital+PIR_level+edu+alcohol.user,,m_p_Xylene_binary_S,VOC_serum.rds,LE8,binary_above_detection_threshold,3567,,,30,4,2013-2014|2015-2016,WTSVOC2Y,ok,,0.06790978123893131
survey_weighted,beta,1.7151285415665063,0.08397347566831193,3.3462836074647004,0.798696109750401,30,0.03996165117962963,age+sex+eth+marital+PIR_level+edu+alcohol.user,,DCVDMPCA_binary_U,pesticides_urine.rds,LE8,binary_above_detection_threshold,2442,,,30,4,2013-2014|2015-2016,WTSB2YR|WTSC2YR,ok,,0.0773283899449976
survey_weighted,beta,-1.5855109622656376,-3.0999951739506812,-0.07102675058059393,0.74156815218863,30,0.0407762670635314,age+sex+eth+marital+PIR_level+edu+alcohol.user,,DBUP_binary_U,BFR_urine.rds,LE8,binary_above_detection_threshold,2215,,,30,4,2013-2014|2015-2016,WTSSBI2Y|WTSSCH2Y,ok,,0.0778931255444382
survey_weighted,beta,-2.536873246930282,-4.988878819215163,-0.0848676746454009,1.1503934387716972,15,0.04346011018790042,age+sex+eth+marital+PIR_level+edu+alcohol.user,,IPPPP_binary_U,BFR_urine.rds,LE8,binary_above_detection_threshold,1001,,,15,2,2015-2016,WTSSBI2Y,ok,,0.08196906858224257
survey_weighted,beta,1.5739236003478576,0.024757772814670842,3.1230894278810446,0.7268132763266206,15,0.046874620681997506,age+sex+eth+marital+PIR_level+edu+alcohol.user,,n_PFOA_ln_S,PFC_serum.rds,LE8,natural_log_transformed,1106,,,15,2,2015-2016,WTSB2YR,ok,,0.08724564535025003
survey_weighted,beta,2.7835207029451046,0.03592985263414006,5.5311115532560695,1.2890714941081913,15,0.04742884076087418,age+sex+eth+marital+PIR_level+edu+alcohol.user,,PFBA_binary_U,PFC_urine.rds,LE8,binary_above_detection_threshold,1193,,,15,2,2013-2014,WTSSBH2Y,ok,,0.08724564535025003
survey_weighted,beta,-1.0914915161744767,-2.183617801949846,6.347696008923709e-4,0.534760326618379,30,0.05012501602359554,age+sex+eth+marital+PIR_level+edu+alcohol.user,,CEMA_AAM_ln_U,VOC_urine.rds,LE8,natural_log_transformed,2416,,,30,4,2013-2014|2015-2016,WTSA2YR,ok,,0.09108082179897238
survey_weighted,beta,-1.5264146216326586,-3.0899294630993985,0.037100219834081294,0.7655760310739458,30,0.055332638682489756,age+sex+eth+marital+PIR_level+edu+alcohol.user,,BPF_binary_U,PCCP_urine.rds,LE8,binary_above_detection_threshold,2427,,,30,4,2013-2014|2015-2016,WTSB2YR,ok,,0.09933208630952979
survey_weighted,beta,-1.4203137924307174,-2.8943228737449664,0.05369528888353159,0.7217494790013614,30,0.058386282496495454,age+sex+eth+marital+PIR_level+edu+alcohol.user,,MHNCH_binary_U,Phthalates_urine.rds,LE8,binary_above_detection_threshold,2428,,,30,4,2013-2014|2015-2016,WTSB2YR,ok,,0.10356614395211693
survey_weighted,beta,1.4134225055376906,-0.1497804046143425,2.976625415689724,0.7654232937083977,30,0.07469313337811627,age+sex+eth+marital+PIR_level+edu+alcohol.user,,BuP_binary_U,PCCP_urine.rds,LE8,binary_above_detection_threshold,2429,,,30,4,2013-2014|2015-2016,WTSB2YR,ok,,0.1309326690981097
survey_weighted,beta,1.2141481848346414,-0.14504362757102562,2.5733399972403084,0.66552913065639685,30,0.07807634301034712,age+sex+eth+marital+PIR_level+edu+alcohol.user,,IHg_binary_S,HM_serum.rds,LE8,binary_above_detection_threshold,3688,,,30,4,2013-2014|2015-2016,WTSH2YR,ok,,0.1348571125628154
survey_weighted,beta,0.7598014519136506,-0.0953968017059813,1.6149997055332825,0.4187483658123082,30,0.07961937388981273,age+sex+eth+marital+PIR_level+edu+alcohol.user,,Ba_ln_U,HM_urine.rds,LE8,natural_log_transformed,2502,,,30,4,2013-2014|2015-2016,WTSA2YR,ok,,0.1348571125628154
survey_weighted,beta,-1.403883207773019,-2.9841844028844413,0.17641798733840353,0.7737954797537191,30,0.0796471537283742,age+sex+eth+marital+PIR_level+edu+alcohol.user,,BCPP_binary_U,BFR_urine.rds,LE8,binary_above_detection_threshold,2217,,,30,4,2013-2014|2015-2016,WTSSBI2Y|WTSSCH2Y,ok,,0.1348571125628154
survey_weighted,beta,-1.0027662214623703,-2.142008576800362,0.13647613387562108,0.5578307398814332,30,0.0823104426220681,age+sex+eth+marital+PIR_level+edu+alcohol.user,,PGA_ln_U,VOC_urine.rds,LE8,natural_log_transformed,2442,,,30,4,2013-2014|2015-2016,WTSA2YR,ok,,0.1378006286594174
survey_weighted,beta,-1.6772174583577355,-3.6194619229294416,0.2650270062139706,0.9112317336423843,15,0.08554703364141555,age+sex+eth+marital+PIR_level+edu+alcohol.user,,TTCA_binary_U,VOC_urine.rds,LE8,binary_above_detection_threshold,1300,,,15,2,2013-2014,WTSA2YR,ok,,0.14050787268584544
survey_weighted,beta,0.6539537341406957,-0.09788376411648592,1.4057912323978772,0.3681377065716469,30,0.08581353298263045,age+sex+eth+marital+PIR_level+edu+alcohol.user,,DPHP_ln_U,BFR_urine.rds,LE8,natural_log_transformed,2213,,,30,4,2013-2014|2015-2016,WTSSBI2Y|WTSSCH2Y,ok,,0.14050787268584544
survey_weighted,beta,1.899451902888865,-0.29163758774665816,4.090541393524388,1.0728683549910907,30,0.08681599856390476,age+sex+eth+marital+PIR_level+edu+alcohol.user,,OXY_binary_U,pesticides_urine.rds,LE8,binary_above_detection_threshold,2465,,,30,4,2013-2014|2015-2016,WTSB2YR|WTSC2YR,ok,,0.1406041715871936
survey_weighted,beta,1.0657496524864367,-0.2105611215473573,2.3420604265202307,0.6249463777939414,30,0.09846545770325188,age+sex+eth+marital+PIR_level+edu+alcohol.user,,Pb_ln_S,HM_serum.rds,LE8,natural_log_transformed,3690,,,30,4,2013-2014|2015-2016,WTSH2YR,ok,,0.1577564859976831
survey_weighted,beta,1.068669419746502,-0.24431088643847843,2.3816497259314824,0.6429016374058732,30,0.10687620058393461,age+sex+eth+marital+PIR_level+edu+alcohol.user,,AsB_binary_U,HM_urine.rds,LE8,binary_above_detection_threshold,2508,,,30,4,2013-2014|2015-2016,WTSA2YR,ok,,0.16941014773410912
survey_weighted,beta,0.9679071510854567,-0.3274827883078977,2.263297090478811,0.6077506934620639,15,0.13209882760433447,age+sex+eth+marital+PIR_level+edu+alcohol.user,,n_PFOS_ln_S,PFC_serum.rds,LE8,natural_log_transformed,1106,,,15,2,2015-2016,WTSB2YR,ok,,0.20718658224258776
survey_weighted,beta,-0.5460913096865773,-1.2737646620959313,0.18158204272277678,0.35630571727302446,30,0.13584152228293966,age+sex+eth+marital+PIR_level+edu+alcohol.user,,BPA_ln_U,PCCP_urine.rds,LE8,natural_log_transformed,2427,,,30,4,2013-2014|2015-2016,WTSB2YR,ok,,0.21039547650518503
survey_weighted,beta,-0.6789790726296943,-1.5864317398756989,0.22847359461631034,0.44433477249626785,30,0.13696886725505333,age+sex+eth+marital+PIR_level+edu+alcohol.user,,MEHHP_ln_U,Phthalates_urine.rds,LE8,natural_log_transformed,2427,,,30,4,2013-2014|2015-2016,WTSB2YR,ok,,0.21039547650518503
survey_weighted,beta,-1.7528934780997887,-4.171246917343051,0.6654599611434742,1.1346050598669646,15,0.14319478360067198,age+sex+eth+marital+PIR_level+edu+alcohol.user,,PPDA_binary_U,AA_urine.rds,LE8,binary_above_detection_threshold,1043,,,15,2,2015-2016,WTSA2YR,ok,,0.21604268535756777
survey_weighted,beta,-0.86571486097863,-2.0428117918015256,0.31138206984426553,0.57636625671128,30,0.14354513993556517,age+sex+eth+marital+PIR_level+edu+alcohol.user,,DBCM_binary_S,VOC_serum.rds,LE8,binary_above_detection_threshold,3582,,,30,4,2013-2014|2015-2016,WTSVOC2Y,ok,,0.21604268535756777
survey_weighted,beta,0.8588945390738043,-0.3679853977735841,2.085774475921193,0.5756082471683266,15,0.15639106733389374,age+sex+eth+marital+PIR_level+edu+alcohol.user,,o_ANS_ln_U,AA_urine.rds,LE8,natural_log_transformed,1151,,,15,2,2013-2014,WTSA2YR,ok,,0.23005585012701854
survey_weighted,beta,-1.1917333087568993,-2.86887005870933,0.48540344119553147,0.8212110704317559,30,0.1571043573226351,age+sex+eth+marital+PIR_level+edu+alcohol.user,,DHB_Cys_ln_U,VOC_urine.rds,LE8,natural_log_transformed,2361,,,30,4,2013-2014|2015-2016,WTSA2YR,ok,,0.23005585012701854
survey_weighted,beta,-1.7121934535635883,-4.167473288286108,0.7430863811589317,1.1519296057639958,15,0.1578963758292877,age+sex+eth+marital+PIR_level+edu+alcohol.user,,MCOCH_binary_U,Phthalates_urine.rds,LE8,binary_above_detection_threshold,1133,,,15,2,2015-2016,WTSB2YR,ok,,0.23005585012701854
survey_weighted,beta,-1.8580625569612241,-4.48549278503547,0.769367671113022,1.2865228730709066,30,0.1590318963965296,age+sex+eth+marital+PIR_level+edu+alcohol.user,,X4FPBA_binary_U,pesticides_urine.rds,LE8,binary_above_detection_threshold,2474,,,30,4,2013-2014|2015-2016,WTSB2YR|WTSC2YR,ok,,0.23005585012701854
survey_weighted,beta,-0.5194127416704845,-1.2795480538148487,0.24072257047387968,0.3722007363900144,30,0.17310437259150976,age+sex+eth+marital+PIR_level+edu+alcohol.user,,X2_MHA_ln_U,VOC_urine.rds,LE8,natural_log_transformed,2353,,,30,4,2013-2014|2015-2016,WTSA2YR,ok,,0.24800530303975918
survey_weighted,beta,0.5891236567912601,-0.29564893041924667,1.4738962440017669,0.43322945696134957,30,0.18401276474602385,age+sex+eth+marital+PIR_level+edu+alcohol.user,,PFHS_ln_S,PFC_serum.rds,LE8,natural_log_transformed,2366,,,30,4,2013-2014|2015-2016,WTSB2YR,ok,,0.2611228756872148
survey_weighted,beta,-2.5148215195371884,-6.318675557569609,1.2890325184952327,1.8625595357250158,30,0.18705207653717837,age+sex+eth+marital+PIR_level+edu+alcohol.user,,Se_ln_S,HM_serum.rds,LE8,natural_log_transformed,3690,,,30,4,2013-2014|2015-2016,WTSH2YR,ok,,0.2629316924909394
survey_weighted,beta,-0.4951284989527949,-1.2495285018975126,0.2592715039919227,0.36939243861272675,30,0.19018316573180752,age+sex+eth+marital+PIR_level+edu+alcohol.user,,MiBP_ln_U,Phthalates_urine.rds,LE8,natural_log_transformed,2427,,,30,4,2013-2014|2015-2016,WTSB2YR,ok,,0.2634926868779934
survey_weighted,beta,1.100878120309003,-0.6124535279901813,2.8142097686081873,0.8038340160893735,15,0.19098798780418313,age+sex+eth+marital+PIR_level+edu+alcohol.user,,DMDTP_binary_U,pesticides_urine.rds,LE8,binary_above_detection_threshold,1135,,,15,2,2015-2016,WTSB2YR,ok,,0.2634926868779934
survey_weighted,beta,0.3967980547605876,-0.2167423666588144,1.0103384761799896,0.30042045542277246,30,0.1965523526097127,age+sex+eth+marital+PIR_level+edu+alcohol.user,,X24_DCP_ln_U,PCCP_urine.rds,LE8,natural_log_transformed,2427,,,30,4,2013-2014|2015-2016,WTSB2YR,ok,,0.26868165631969904
survey_weighted,beta,0.7224278870828622,-0.4556921178215647,1.9005478919872891,0.5768672055824136,30,0.2201250940284153,age+sex+eth+marital+PIR_level+edu+alcohol.user,,PFNA_ln_S,PFC_serum.rds,LE8,natural_log_transformed,2366,,,30,4,2013-2014|2015-2016,WTSB2YR,ok,,0.2964845192691743
survey_weighted,beta,0.6066876140959981,-0.38432696831491564,1.597702196506912,0.48525091711109963,30,0.22087101771059292,age+sex+eth+marital+PIR_level+edu+alcohol.user,,Sb_ln_U,HM_urine.rds,LE8,natural_log_transformed,2502,,,30,4,2013-2014|2015-2016,WTSA2YR,ok,,0.2964845192691743
survey_weighted,beta,0.8709120285648726,-0.6253337915496653,2.3671578486794105,0.7326377122200387,30,0.24386890975450093,age+sex+eth+marital+PIR_level+edu+alcohol.user,,MeFOSAA_binary_S,PFC_serum.rds,LE8,binary_above_detection_threshold,2366,,,30,4,2013-2014|2015-2016,WTSB2YR,ok,,0.32443274601268424
survey_weighted,beta,2.702659460611445,-2.0344342686428587,7.439753189865749,2.3195209408218043,30,0.25312749373329263,age+sex+eth+marital+PIR_level+edu+alcohol.user,,FA_ln_S,gas_serum.rds,LE8,natural_log_transformed,2218,,,30,4,2013-2014|2015-2016,WTSA2YR,ok,,0.33376988111735045
survey_weighted,beta,-0.5475046867895211,-1.5347858511642718,0.43977647758522953,0.4834228466082419,30,0.26637078693418037,age+sex+eth+marital+PIR_level+edu+alcohol.user,,MEOHP_ln_U,Phthalates_urine.rds,LE8,natural_log_transformed,2427,,,30,4,2013-2014|2015-2016,WTSB2YR,ok,,0.34815129169467435
survey_weighted,beta,-0.5042657870132484,-1.4868945505905775,0.47836297656408067,0.4811447956150617,30,0.30298429055958914,age+sex+eth+marital+PIR_level+edu+alcohol.user,,MnBP_ln_U,Phthalates_urine.rds,LE8,natural_log_transformed,2427,,,30,4,2013-2014|2015-2016,WTSB2YR,ok,,0.3925622547250329
survey_weighted,beta,1.4983305203779713,-1.6717708827619935,4.668431923517936,1.4872983551235843,15,0.3297097316624783,age+sex+eth+marital+PIR_level+edu+alcohol.user,,X5OHIMI_binary_U,pesticides_urine.rds,LE8,binary_above_detection_threshold,945,,,15,2,2015-2016,WTSSBI2Y,ok,,0.4235064656699075
survey_weighted,beta,-0.4727236447690839,-1.5516230075864472,0.6061757180482794,0.5061810471023914,15,0.3651452911260471,age+sex+eth+marital+PIR_level+edu+alcohol.user,,Norharman_ln_U,AA_urine.rds,LE8,natural_log_transformed,1265,,,15,2,2013-2014,WTSA2YR,ok,,0.4614320282772743
survey_weighted,beta,-0.49530750162160236,-1.5973335736558731,0.6067185704126683,0.5396077632218336,30,0.3659908296194093,age+sex+eth+marital+PIR_level+edu+alcohol.user,,X1_PY_ln_U,PAH_urine.rds,LE8,natural_log_transformed,2493,,,30,4,2013-2014|2015-2016,WTSA2YR,ok,,0.4614320282772743
survey_weighted,beta,-0.3510159719592163,-1.1419459320469054,0.4399139881284728,0.3872793552336026,30,0.37196597891098493,age+sex+eth+marital+PIR_level+edu+alcohol.user,,BCETP_ln_U,BFR_urine.rds,LE8,natural_log_transformed,2213,,,30,4,2013-2014|2015-2016,WTSSBI2Y|WTSSCH2Y,ok,,0.4614320282772743
survey_weighted,beta,-0.8572145637408963,-2.802885208508483,1.0884560810266908,0.9526988618802574,30,0.3754061334476061,age+sex+eth+marital+PIR_level+edu+alcohol.user,,TCC_binary_U,PCCP_urine.rds,LE8,binary_above_detection_threshold,2429,,,30,4,2013-2014|2015-2016,WTSB2YR,ok,,0.4614320282772743
survey_weighted,beta,0.39058571084572924,-0.4996729538463539,1.2808443755378125,0.43591571827024084,30,0.37738008187651706,age+sex+eth+marital+PIR_level+edu+alcohol.user,,GLYP_ln_U,GYLP_urine.rds,LE8,natural_log_transformed,2209,,,30,4,2013-2014|2015-2016,WTSSCH2Y|WTSSGL2Y,ok,,0.4614320282772743
survey_weighted,beta,1.0833611454496774,-1.457441710601478,3.6241640015008327,1.1920539528341842,15,0.377816828522332,age+sex+eth+marital+PIR_level+edu+alcohol.user,,PFHxA_binary_U,PFC_urine.rds,LE8,binary_above_detection_threshold,1193,,,15,2,2013-2014,WTSSBH2Y,ok,,0.4614320282772743
survey_weighted,beta,-0.48750980388336485,-1.6408735069620177,0.6658538991952881,0.564745266734641,30,0.39485548604894916,age+sex+eth+marital+PIR_level+edu+alcohol.user,,MECPP_ln_U,Phthalates_urine.rds,LE8,natural_log_transformed,2427,,,30,4,2013-2014|2015-2016,WTSB2YR,ok,,0.478320873343849
survey_weighted,beta,1.7827151846040106,-2.5894857356087444,6.154916104816766,2.0512805143902666,15,0.39849944654504466,age+sex+eth+marital+PIR_level+edu+alcohol.user,,DPCP_binary_U,BFR_urine.rds,LE8,binary_above_detection_threshold,1213,,,15,2,2013-2014,WTSSCH2Y,ok,,0.4788420768968682
survey_weighted,beta,1.4116794045915602,-2.0804617426137577,4.903820551796878,1.6383879010789295,15,0.40245715634060664,age+sex+eth+marital+PIR_level+edu+alcohol.user,,TBPPP_binary_U,BFR_urine.rds,LE8,binary_above_detection_threshold,1003,,,15,2,2015-2016,WTSSBI2Y,ok,,0.47972893035800307
survey_weighted,beta,0.3072313302550911,-0.47456829064593253,1.0890309511561147,0.3828086788757568,30,0.42853500677482814,age+sex+eth+marital+PIR_level+edu+alcohol.user,,HIBP_ln_U,Phthalates_urine.rds,LE8,natural_log_transformed,2324,,,30,4,2013-2014|2015-2016,WTSB2YR|WTSSBH2Y,ok,,0.5035761977412251
survey_weighted,beta,-0.28191103249976524,-1.0003598931740139,0.4365378281744834,0.351788939060282,30,0.42922266518882946,age+sex+eth+marital+PIR_level+edu+alcohol.user,,W_ln_U,HM_urine.rds,LE8,natural_log_transformed,2501,,,30,4,2013-2014|2015-2016,WTSA2YR,ok,,0.5035761977412251
survey_weighted,beta,0.329302216928971,-0.5559642881128192,1.2145687219707613,0.41533542601839807,15,0.4402214007051064,age+sex+eth+marital+PIR_level+edu+alcohol.user,,Harman_ln_U,AA_urine.rds,LE8,natural_log_transformed,1280,,,15,2,2013-2014,WTSA2YR,ok,,0.5124452242582879
survey_weighted,beta,-1.1444436592560867,-4.448839195797856,2.159951877285682,1.550304366071188,15,0.4717819613114759,age+sex+eth+marital+PIR_level+edu+alcohol.user,,PFHpA_binary_S,PFC_serum.rds,LE8,binary_above_detection_threshold,1260,,,15,2,2013-2014,WTSB2YR,ok,,0.5449264514372861
survey_weighted,beta,-0.6112312680871084,-2.4373159283730796,1.2148533921988631,0.8567337022309826,15,0.4865240649477631,age+sex+eth+marital+PIR_level+edu+alcohol.user,,PhIP_binary_U,AA_urine.rds,LE8,binary_above_detection_threshold,1280,,,15,2,2013-2014,WTSA2YR,ok,,0.5565304616896084
survey_weighted,beta,0.6220859245642626,-1.1927776859023167,2.4369495350308417,0.8886491147970927,30,0.4892985938344879,age+sex+eth+marital+PIR_level+edu+alcohol.user,,AsC_binary_U,HM_urine.rds,LE8,binary_above_detection_threshold,2508,,,30,4,2013-2014|2015-2016,WTSA2YR,ok,,0.5565304616896084
survey_weighted,beta,0.49508768333962555,-1.0696048296800922,2.0597801963593434,0.7661526786947587,30,0.5230629825277178,age+sex+eth+marital+PIR_level+edu+alcohol.user,,MINP_binary_U,Phthalates_urine.rds,LE8,binary_above_detection_threshold,2428,,,30,4,2013-2014|2015-2016,WTSB2YR,ok,,0.5864673006748397
survey_weighted,beta,0.27139514143308097,-0.5872217725042953,1.1300120553704573,0.4204223149992526,30,0.5234909462399575,age+sex+eth+marital+PIR_level+edu+alcohol.user,,MCNP_ln_U,Phthalates_urine.rds,LE8,natural_log_transformed,2427,,,30,4,2013-2014|2015-2016,WTSB2YR,ok,,0.5864673006748397
survey_weighted,beta,0.18439458029196598,-0.4296980445674735,0.7984872051514055,0.3006908421864649,30,0.544341693876411,age+sex+eth+marital+PIR_level+edu+alcohol.user,,MEP_ln_U,Phthalates_urine.rds,LE8,natural_log_transformed,2427,,,30,4,2013-2014|2015-2016,WTSB2YR,ok,,0.6052754655789943
survey_weighted,beta,0.16134507090301445,-0.4273871425519127,0.7500772843579415,0.2882731007013534,30,0.5798426658303429,age+sex+eth+marital+PIR_level+edu+alcohol.user,,MCPP_ln_U,Phthalates_urine.rds,LE8,natural_log_transformed,2427,,,30,4,2013-2014|2015-2016,WTSB2YR,ok,,0.6399744978423785
survey_weighted,beta,0.45720124509021004,-1.3046435393490068,2.219046029529427,0.8265946468728209,15,0.5883346597606267,age+sex+eth+marital+PIR_level+edu+alcohol.user,,Sm_PFOS_ln_S,PFC_serum.rds,LE8,natural_log_transformed,1106,,,15,2,2015-2016,WTSB2YR,ok,,0.6445725316495102
survey_weighted,beta,0.4263074238909606,-1.4882988195163989,2.34091366729832,0.8982648673978033,15,0.6419148214150573,age+sex+eth+marital+PIR_level+edu+alcohol.user,,X4_MDA_binary_U,AA_urine.rds,LE8,binary_above_detection_threshold,1133,,,15,2,2015-2016,WTSA2YR,ok,,0.6981409371594418
survey_weighted,beta,-0.6877062049556321,-4.101158904795103,2.725746494883839,1.6014700920086793,15,0.6737205767969305,age+sex+eth+marital+PIR_level+edu+alcohol.user,,MDA_binary_U,pesticides_urine.rds,LE8,binary_above_detection_threshold,1138,,,15,2,2015-2016,WTSB2YR,ok,,0.7214078357396363
survey_weighted,beta,0.1659680132614243,-0.6403293439999284,0.972265370522777,0.39480401097982726,30,0.6772032775899005,age+sex+eth+marital+PIR_level+edu+alcohol.user,,X2_HPMA_ln_U,VOC_urine.rds,LE8,natural_log_transformed,2462,,,30,4,2013-2014|2015-2016,WTSA2YR,ok,,0.7214078357396363
survey_weighted,beta,-0.22430673805050724,-1.352827341101731,0.9042138650007165,0.5294615607496561,15,0.6778328657956314,age+sex+eth+marital+PIR_level+edu+alcohol.user,,o_TLD_ln_U,AA_urine.rds,LE8,natural_log_transformed,1196,,,15,2,2013-2014,WTSA2YR,ok,,0.7214078357396363
survey_weighted,beta,-0.07248662254520984,-0.5167103445186496,0.37173709942822997,0.217514426443362,30,0.7412637212933635,age+sex+eth+marital+PIR_level+edu+alcohol.user,,DEA_ln_U,pesticides_urine.rds,LE8,natural_log_transformed,2444,,,30,4,2013-2014|2015-2016,WTSB2YR|WTSC2YR,ok,,0.7790712041386124
survey_weighted,beta,0.05047106404491358,-0.2603394258854947,0.36128155397532186,0.15218855298735093,30,0.7424705435414964,age+sex+eth+marital+PIR_level+edu+alcohol.user,,X25_DCP_ln_U,PCCP_urine.rds,LE8,natural_log_transformed,2427,,,30,4,2013-2014|2015-2016,WTSB2YR,ok,,0.7790712041386124
survey_weighted,beta,0.14264872433970863,-0.7595630297160838,1.0448604783955011,0.44176855603771364,30,0.7490080320835759,age+sex+eth+marital+PIR_level+edu+alcohol.user,,ATCA_ln_U,VOC_urine.rds,LE8,natural_log_transformed,2426,,,30,4,2013-2014|2015-2016,WTSA2YR,ok,,0.7804349425206489
survey_weighted,beta,0.0875124866433442,-0.555975615823465,0.7310005891101534,0.3150843563900535,30,0.783114775147784,age+sex+eth+marital+PIR_level+edu+alcohol.user,,MCOP_ln_U,Phthalates_urine.rds,LE8,natural_log_transformed,2427,,,30,4,2013-2014|2015-2016,WTSB2YR,ok,,0.8103062603959711
survey_weighted,beta,0.17397299987021847,-1.4126769973236275,1.7606229970640643,0.7769041747091031,30,0.8243289530686027,age+sex+eth+marital+PIR_level+edu+alcohol.user,,BDCM_binary_S,VOC_serum.rds,LE8,binary_above_detection_threshold,3550,,,30,4,2013-2014|2015-2016,WTSVOC2Y,ok,,0.8470690621187711
survey_weighted,beta,0.11632313383436713,-1.0885553979503384,1.3212016656190726,0.5899695351945659,30,0.8450258237540609,age+sex+eth+marital+PIR_level+edu+alcohol.user,,X14_DCB_binary_S,VOC_serum.rds,LE8,binary_above_detection_threshold,3551,,,30,4,2013-2014|2015-2016,WTSVOC2Y,ok,,0.8623893680777746
survey_weighted,beta,0.11719214129620983,-1.4667746972855082,1.7011589798779279,0.7755903643975312,30,0.8809078625790091,age+sex+eth+marital+PIR_level+edu+alcohol.user,,MEHP_binary_U,Phthalates_urine.rds,LE8,binary_above_detection_threshold,2428,,,30,4,2013-2014|2015-2016,WTSB2YR,ok,,0.8928930035664786
survey_weighted,beta,-0.033776589411541866,-0.6624788657509784,0.5949256869278947,0.3078444672744987,30,0.9133623842046116,age+sex+eth+marital+PIR_level+edu+alcohol.user,,BPS_ln_U,PCCP_urine.rds,LE8,natural_log_transformed,2425,,,30,4,2013-2014|2015-2016,WTSB2YR,ok,,0.9195337516654536
survey_weighted,beta,-0.024595757776368167,-0.6761603648793749,0.6269688493266387,0.3190390219936943,30,0.9390612298455114,age+sex+eth+marital+PIR_level+edu+alcohol.user,,BDCPP_ln_U,BFR_urine.rds,LE8,natural_log_transformed,2202,,,30,4,2013-2014|2015-2016,WTSSBI2Y|WTSSCH2Y,ok,,0.9390612298455114
