"Pollutant","Modifier","n","CVD_events","CVD_nonevents","exposure_scale","cycles","weight_variables","status","error","Beta_Interaction","SE_Interaction","OR_Interaction","OR_Interaction_Low","OR_Interaction_High","P_Interaction","Exposure_OR_Healthy","Exposure_OR_Healthy_Low","Exposure_OR_Healthy_High","Exposure_OR_Risk","Exposure_OR_Risk_Low","Exposure_OR_Risk_High","N_Healthy","Events_Healthy","N_Risk","Events_Risk","P_FDR_BH_all","P_FDR_BH_family","FDR_significant"
"Furan_binary_S","Smoking",3586,375,3211,"binary: high/present vs low/absent","2013-2014|2015-2016","WTSVOC2Y","ok",,13.6644208568453,0.463025831279984,859770.572817713,346934.134758672,2130679.46858988,7.97121269081957e-12,2.14737181548815e-06,8.23524191620445e-07,5.599356716989e-06,1.84624709585486,1.06321574298692,3.20596112448124,1951,138,1635,237,3.63487298701373e-09,9.08718246753431e-10,TRUE
"X2_NP_ln_U","Smoking",2453,256,2197,"continuous: per 1-SD increase in transformed concentration","2013-2014|2015-2016","WTSA2YR","ok",,0.589075069956588,0.161220797436459,1.8023206237287,1.31400839243798,2.47209960713482,0.00379519063315154,0.853235134265663,0.651226263545248,1.11790668635212,1.53780327937693,1.21397947429065,1.94800569214258,1324,87,1129,169,0.540399791019577,0.180133263673192,FALSE
"MiBP_ln_U","Smoking",2423,263,2160,"continuous: per 1-SD increase in transformed concentration","2013-2014|2015-2016","WTSB2YR","ok",,-0.502344732191302,0.142431163383813,0.60511017373019,0.457714426427407,0.799971120005442,0.00474034904403138,1.48166106565628,1.21431434050786,1.80786756793431,0.89656818484853,0.698675520053034,1.15051191434555,1321,100,1102,163,0.540399791019577,0.180133263673192,FALSE
"Thiocyanate_ln_U","Smoking",2483,258,2225,"continuous: per 1-SD increase in transformed concentration","2013-2014|2015-2016","WTSA2YR","ok",,0.419032353808849,0.170084048341562,1.52048954762258,1.08944415764529,2.12208074016976,0.0314726427125449,0.871149742579368,0.633259583282489,1.19840566811851,1.32457407800603,1.04784165162598,1.6743908637369,1334,84,1149,174,0.752023385371741,0.448624939746881,FALSE
"X1_NP_ln_U","Smoking",2414,247,2167,"continuous: per 1-SD increase in transformed concentration","2013-2014|2015-2016","WTSA2YR","ok",,0.405869440781131,0.166612317715798,1.50060662163966,1.0825390975357,2.08012831872294,0.0330556470612443,0.939591732440573,0.743239051695849,1.18781786513548,1.4099575753382,1.0802559753236,1.84028638550976,1304,85,1110,162,0.752023385371741,0.448624939746881,FALSE
"NPMA_ln_U","Smoking",2452,259,2193,"continuous: per 1-SD increase in transformed concentration","2013-2014|2015-2016","WTSA2YR","ok",,-0.403003363221366,0.17013409433794,0.668309851645808,0.478802928912152,0.932822317569382,0.0372346880031203,1.20246858214462,0.944648555629386,1.5306546359789,0.803621599741817,0.653079695217319,0.988865034851064,1318,85,1134,174,0.752023385371741,0.448624939746881,FALSE
"MEHHP_ln_U","Smoking",2423,263,2160,"continuous: per 1-SD increase in transformed concentration","2013-2014|2015-2016","WTSB2YR","ok",,-0.485471419138594,0.212468275186498,0.615407013726445,0.405794161832415,0.933295321040393,0.0431619522536063,1.33599885229992,1.05594343190063,1.69033006828217,0.82218306403585,0.611820569138506,1.10487457415696,1321,100,1102,163,0.752023385371741,0.448624939746881,FALSE
"HIBP_ln_U","Smoking",2320,256,2064,"continuous: per 1-SD increase in transformed concentration","2013-2014|2015-2016","WTSB2YR|WTSSBH2Y","ok",,-0.376131207640491,0.171134387459034,0.686512251480051,0.490880477716354,0.960109625106215,0.050272737577087,1.19958159388919,0.927215381959511,1.55195440929448,0.823527460854894,0.656854795130145,1.03249224000525,1258,97,1062,159,0.752023385371741,0.448624939746881,FALSE
"CEMA_CYM_ln_U","Smoking",2459,258,2201,"continuous: per 1-SD increase in transformed concentration","2013-2014|2015-2016","WTSA2YR","ok",,0.322694940903659,0.148926316250143,1.38084404761034,1.03127856848191,1.84889935861628,0.0530712655525494,1.04090278464458,0.745674023803024,1.45301911089106,1.43732441431749,1.15959521482598,1.7815712289768,1324,84,1135,174,0.752023385371741,0.448624939746881,FALSE
"X34_MHA_ln_U","Smoking",2479,258,2221,"continuous: per 1-SD increase in transformed concentration","2013-2014|2015-2016","WTSA2YR","ok",,0.591529762021167,0.274738194359373,1.80675020026057,1.05447488225689,3.09570795954373,0.054356166367667,0.760926340558974,0.52807906113979,1.09644357893448,1.37480381818847,0.986361703376114,1.9162195085598,1332,85,1147,173,0.752023385371741,0.448624939746881,FALSE
"BCPP_binary_U","Smoking",2216,261,1955,"binary: high/present vs low/absent","2013-2014|2015-2016","WTSSBI2Y|WTSSCH2Y","ok",,-0.717715243692899,0.340004927317716,0.487865637665377,0.250542953716267,0.949988322897272,0.0584859023364844,1.99049202723043,1.03185010850304,3.83976168420029,0.971092662132622,0.532921532097779,1.7695306000036,1151,93,1065,168,0.752023385371741,0.448624939746881,FALSE
"Benzene_binary_S","Smoking",3484,368,3116,"binary: high/present vs low/absent","2013-2014|2015-2016","WTSVOC2Y","ok",,0.917585933796986,0.43886483684569,2.50324010264771,1.05909085228773,5.91659440544517,0.0605550590457866,0.597565702048704,0.29184502146525,1.22354243520127,1.49585042933515,0.92302361722117,2.4241725403284,1893,136,1591,232,0.752023385371741,0.448624939746881,FALSE
"Tl_ln_U","Smoking",2502,262,2240,"continuous: per 1-SD increase in transformed concentration","2013-2014|2015-2016","WTSA2YR","ok",,0.396322752057772,0.190571708727002,1.48634896233022,1.0230641604629,2.15942784743873,0.0617352817723974,0.774459558987177,0.623803380573569,0.961501054956012,1.15111716186731,0.894642463559363,1.48111762443469,1347,88,1155,174,0.752023385371741,0.448624939746881,FALSE
"MB3_Cys_ln_U","Smoking",2427,253,2174,"continuous: per 1-SD increase in transformed concentration","2013-2014|2015-2016","WTSA2YR","ok",,0.569052419692832,0.274660174099992,1.76659227001824,1.03119515936677,3.0264380317734,0.0625736749499313,0.833615359676966,0.497362357403569,1.39719976299994,1.47265845057381,1.17706419213146,1.84248482499435,1301,82,1126,171,0.752023385371741,0.448624939746881,FALSE
"IHg_binary_S","Smoking",3688,394,3294,"binary: high/present vs low/absent","2013-2014|2015-2016","WTSH2YR","ok",,-0.761035484696893,0.37625566682903,0.467182416217622,0.22346586817713,0.976701327157185,0.0681049808773875,1.35684575549706,0.755524366608815,2.43675847606858,0.633894478487739,0.408784092304019,0.98296929215729,2002,140,1686,254,0.752023385371741,0.448624939746881,FALSE
"MEOHP_ln_U","Smoking",2423,263,2160,"continuous: per 1-SD increase in transformed concentration","2013-2014|2015-2016","WTSB2YR","ok",,-0.417902264833784,0.207034291891156,0.658426576711147,0.438809686020403,0.987958039056143,0.0685906632962908,1.38891461035498,1.12194037940136,1.71941738640947,0.914498292240128,0.687152587378989,1.2170617441754,1321,100,1102,163,0.752023385371741,0.448624939746881,FALSE
"DBUP_binary_U","Smoking",2214,261,1953,"binary: high/present vs low/absent","2013-2014|2015-2016","WTSSBI2Y|WTSSCH2Y","ok",,-0.936489213134265,0.464793198370784,0.392001656618005,0.157633291727505,0.974827697291866,0.0690236159574373,2.63732795002299,1.37845000440059,5.04588392307854,1.03383692545398,0.644468286856361,1.65845055564442,1150,93,1064,168,0.752023385371741,0.448624939746881,FALSE
"Sr_ln_U","Smoking",2502,262,2240,"continuous: per 1-SD increase in transformed concentration","2013-2014|2015-2016","WTSA2YR","ok",,0.342126763425782,0.171085633365587,1.4079387613432,1.00682208716918,1.96885982236058,0.0708355168021391,0.766499305169274,0.616247450652096,0.95338517701498,1.07918408229045,0.819221299354679,1.42164062920055,1347,88,1155,174,0.752023385371741,0.448624939746881,FALSE
"Co_ln_U","Smoking",2502,262,2240,"continuous: per 1-SD increase in transformed concentration","2013-2014|2015-2016","WTSA2YR","ok",,0.254136555035707,0.133745060245557,1.28934785918989,0.992028181782766,1.67577689074319,0.0839281939455277,1.06809610925006,0.908791981300332,1.25532500513788,1.37714743187061,1.08774310097335,1.74355051979711,1347,88,1155,174,0.752023385371741,0.496678933858426,FALSE
"m_p_Xylene_binary_S","Smoking",3567,374,3193,"binary: high/present vs low/absent","2013-2014|2015-2016","WTSVOC2Y","ok",,0.557630498987643,0.296934571094888,1.74652919076098,0.975933080131951,3.12558747754279,0.0871366550628817,0.658270784782457,0.431644615697127,1.00388238458223,1.1496891410477,0.770307123267385,1.71591963921666,1942,138,1625,236,0.752023385371741,0.496678933858426,FALSE
"Pb_ln_U","Sleep",2497,260,2237,"continuous: per 1-SD increase in transformed concentration","2013-2014|2015-2016","WTSA2YR","ok",,0.578121524843144,0.162764014564878,1.78268655112566,1.29576863069735,2.4525762271726,0.00453690335252181,0.679208727694878,0.517835464068513,0.890870803155071,1.21081626426883,0.928514393643887,1.57894808723903,1370,125,1127,135,0.540399791019577,0.517206982187486,FALSE
"X34_MHA_ln_U","Diet",2479,258,2221,"continuous: per 1-SD increase in transformed concentration","2013-2014|2015-2016","WTSA2YR","ok",,0.663607337520717,0.20991897457492,1.9417843871496,1.28680981957113,2.93013508976376,0.00905866311884733,0.859376987293404,0.637528552440762,1.15842467519619,1.66872481660199,1.1963158939693,2.3276816161859,1265,132,1214,126,0.679962255485354,0.526022310581047,FALSE
"X14_DCB_binary_S","Diet",3551,366,3185,"binary: high/present vs low/absent","2013-2014|2015-2016","WTSVOC2Y","ok",,0.854229640455529,0.279813589687953,2.34956367441513,1.3577039550443,4.06601854522183,0.0109913610826532,0.924658092446827,0.630710452523121,1.35560237587162,2.17254306526706,1.35290917604287,3.48873631284352,1815,191,1736,175,0.679962255485354,0.526022310581047,FALSE
"X3_FL_ln_U","Diet",2489,261,2228,"continuous: per 1-SD increase in transformed concentration","2013-2014|2015-2016","WTSA2YR","ok",,0.463223226095436,0.158431072038605,1.58918805106805,1.16497348243445,2.16787652228775,0.0138426923837118,1.04777186700622,0.777180012422617,1.4125760669881,1.66510653129155,1.29854734343192,2.13513952692872,1267,132,1222,129,0.679962255485354,0.526022310581047,FALSE
"X2_MHA_ln_U","Smoking",2353,249,2104,"continuous: per 1-SD increase in transformed concentration","2013-2014|2015-2016","WTSA2YR","ok",,0.384894975667293,0.218643328093231,1.46945998428242,0.957292829499855,2.2556448548094,0.106082558508096,0.800772451171497,0.612930858485618,1.0461808370026,1.17670307351226,0.853223420430343,1.62282245196086,1257,83,1096,166,0.825146011272712,0.568547754324234,FALSE
"BPF_binary_U","Smoking",2423,263,2160,"binary: high/present vs low/absent","2013-2014|2015-2016","WTSB2YR","ok",,-0.781935625903601,0.44938402148406,0.457519566944474,0.189620929420909,1.10390849141138,0.109719742062571,1.86837291911007,0.989650442105382,3.52732360472404,0.854817168842024,0.507123911990906,1.44089516362659,1320,100,1103,163,0.827901599964483,0.568547754324234,FALSE
"Hg_binary_U","PhysicalActivity",2510,264,2246,"binary: high/present vs low/absent","2013-2014|2015-2016","WTSA2YR","ok",,1.44980046405517,0.454372288893163,4.26226395544756,1.74932636199305,10.3850798916729,0.00859464271766975,0.41873538734848,0.199214468336545,0.880153565561664,1.7847607483658,1.07858476603775,2.95328752009812,1491,108,1019,156,0.679962255485354,0.574999647830059,FALSE
"PMA_binary_U","PhysicalActivity",2450,258,2192,"binary: high/present vs low/absent","2013-2014|2015-2016","WTSA2YR","ok",,1.03182541628035,0.343513789565277,2.80618361549517,1.43123597440839,5.50200429885686,0.0119994061530343,0.565642334882422,0.324270657482119,0.986679625889003,1.58729625237749,1.07828043997259,2.33659936637231,1456,106,994,152,0.679962255485354,0.574999647830059,FALSE
"BPA_ln_U","PhysicalActivity",2426,263,2163,"continuous: per 1-SD increase in transformed concentration","2013-2014|2015-2016","WTSB2YR","ok",,-0.545465354192262,0.192814694676192,0.579572014309064,0.397173464372877,0.845735553609166,0.0164025982682871,1.36827307788241,1.03863547195404,1.80252963259149,0.793012783873173,0.63335499831703,0.99291752185951,1427,126,999,137,0.679962255485354,0.574999647830059,FALSE
"DCVDMPCA_binary_U","PhysicalActivity",2442,275,2167,"binary: high/present vs low/absent","2013-2014|2015-2016","WTSB2YR|WTSC2YR","ok",,-1.11674758524254,0.411599026674373,0.327342719441329,0.146097411525572,0.733437059920049,0.0201754262396512,1.31487123137108,0.72465544425609,2.38580468661508,0.43041352459218,0.243925031051614,0.759478440376476,1467,116,975,159,0.752023385371741,0.574999647830059,FALSE
"X3_HPMA_ln_U","Diet",2400,251,2149,"continuous: per 1-SD increase in transformed concentration","2013-2014|2015-2016","WTSA2YR","ok",,0.454616739906094,0.181363512795075,1.57556941442112,1.10422557794081,2.24810856517978,0.029159083413092,1.01952387420285,0.80341003829998,1.29377140005498,1.60633063346614,1.18668230876947,2.17437985292573,1222,127,1178,124,0.752023385371741,0.584153917504305,FALSE
"Thiocyanate_ln_U","Diet",2483,258,2225,"continuous: per 1-SD increase in transformed concentration","2013-2014|2015-2016","WTSA2YR","ok",,0.367463626002259,0.150259674572373,1.44406727107458,1.0756817685289,1.93861264957636,0.0325027947355716,1.02396983876714,0.818923702444833,1.2803564331751,1.47868133073115,1.1374934983484,1.92220745087998,1262,131,1221,127,0.752023385371741,0.584153917504305,FALSE
"TCC_binary_U","Diet",2428,263,2165,"binary: high/present vs low/absent","2013-2014|2015-2016","WTSB2YR","ok",,-0.751985583476897,0.314576679249865,0.471429560065285,0.25447418691222,0.87335313966446,0.0358317014916675,1.43202968115258,0.770450341046243,2.66170173267387,0.675101122586192,0.453688499561549,1.00456927199519,1229,121,1199,142,0.752023385371741,0.584153917504305,FALSE
"X2_FL_ln_U","Diet",2493,261,2232,"continuous: per 1-SD increase in transformed concentration","2013-2014|2015-2016","WTSA2YR","ok",,0.358225246296599,0.150043859057464,1.43078786385402,1.06624089716429,1.91997316628583,0.0360221886291019,1.18855213294924,0.931559823426718,1.51644171121696,1.70056596738159,1.34466500609493,2.15066547899166,1267,131,1226,130,0.752023385371741,0.584153917504305,FALSE
"MB3_Cys_ln_U","Diet",2427,253,2174,"continuous: per 1-SD increase in transformed concentration","2013-2014|2015-2016","WTSA2YR","ok",,0.41636175766168,0.181109588349967,1.51643435140076,1.06331029791987,2.16265482108737,0.0421096920996329,1.09770548857449,0.798012609416553,1.50994774446928,1.66459831059552,1.31560283325199,2.10617328087398,1228,127,1199,126,0.752023385371741,0.584153917504305,FALSE
"CMAC_ln_U","Diet",2461,257,2204,"continuous: per 1-SD increase in transformed concentration","2013-2014|2015-2016","WTSA2YR","ok",,0.422032110928839,0.187805297711043,1.52505749490973,1.0554146547801,2.20368397600556,0.0461174145398136,0.926573654997946,0.682404289331317,1.2581086484341,1.41307809714052,0.995234312474485,2.00635135222939,1251,130,1210,127,0.752023385371741,0.584153917504305,FALSE
"Mo_ln_U","Diet",2501,262,2239,"continuous: per 1-SD increase in transformed concentration","2013-2014|2015-2016","WTSA2YR","ok",,-0.314606957272997,0.14466261873359,0.730075768855558,0.549830247122424,0.969409433292519,0.0523408281328924,0.985643584271411,0.754422750453306,1.28773061871697,0.719594497604498,0.601605061041518,0.860724542586477,1274,132,1227,130,0.752023385371741,0.58613587389268,FALSE
"Mn_binary_U","Diet",2504,262,2242,"binary: high/present vs low/absent","2013-2014|2015-2016","WTSA2YR","ok",,-0.698204627550241,0.33199073274139,0.497477660181132,0.259523904334338,0.95360781124989,0.0592828223481198,1.69961503423191,1.14437820214576,2.52424527063755,0.845520510438365,0.469077460862335,1.52406583820442,1275,132,1229,130,0.752023385371741,0.58613587389268,FALSE
"PMM_Cys_ln_U","Diet",2458,257,2201,"continuous: per 1-SD increase in transformed concentration","2013-2014|2015-2016","WTSA2YR","ok",,0.395728251122107,0.190415959202515,1.48546558909051,1.02276830049315,2.15748573289577,0.061887044701227,1.01652136167456,0.789731889401454,1.30843858859982,1.510007503343,1.06788362180304,2.13517897793238,1256,131,1202,126,0.752023385371741,0.58613587389268,FALSE
"X23_OH_PH_ln_U","Diet",2494,262,2232,"continuous: per 1-SD increase in transformed concentration","2013-2014|2015-2016","WTSA2YR","ok",,0.344268689059425,0.177880885197774,1.41095769347658,0.995631722870605,1.9995361407739,0.0790590621339407,1.07828666329338,0.79939823587266,1.45447172142819,1.52141686334699,1.1435664665817,2.02411432979109,1268,132,1226,130,0.752023385371741,0.58613587389268,FALSE
"MA_ln_U","Diet",2437,259,2178,"continuous: per 1-SD increase in transformed concentration","2013-2014|2015-2016","WTSA2YR","ok",,0.506008307923508,0.261912784834642,1.6586571146895,0.992686127148258,2.7714131877852,0.0795195018483699,0.883493459790873,0.712822267701031,1.0950284928818,1.46541271286377,0.922661949257977,2.32743359661658,1244,133,1193,126,0.752023385371741,0.58613587389268,FALSE
"EO_ln_S","Diet",2415,259,2156,"continuous: per 1-SD increase in transformed concentration","2013-2014|2015-2016","WTSA2YR","ok",,0.356677602139159,0.185046845300513,1.42857522600566,0.994003834537058,2.05313813231676,0.0801261842569811,1.09861108454842,0.799807144270453,1.50904667923861,1.56944857840107,1.25107497327232,1.96884191025137,1230,133,1185,126,0.752023385371741,0.58613587389268,FALSE
"X2_NP_ln_U","Diet",2453,256,2197,"continuous: per 1-SD increase in transformed concentration","2013-2014|2015-2016","WTSA2YR","ok",,0.394464757155418,0.207018861692535,1.48358989749301,0.988771305951318,2.22603444365294,0.0831789232615901,1.0656788321424,0.820083992649747,1.38482324183277,1.58103034933861,1.18724922554575,2.10541890594263,1245,130,1208,126,0.752023385371741,0.58613587389268,FALSE
"MEP_ln_U","Diet",2426,263,2163,"continuous: per 1-SD increase in transformed concentration","2013-2014|2015-2016","WTSB2YR","ok",,-0.31470231773535,0.167740435336162,0.730006151812097,0.525464013768285,1.01416836875628,0.0874062268085576,1.19892218104061,0.928875701360343,1.54747765937474,0.875220567703622,0.625037797264705,1.22554355189986,1229,121,1197,142,0.752023385371741,0.58613587389268,FALSE
"X4FPBA_binary_U","Diet",2474,277,2197,"binary: high/present vs low/absent","2013-2014|2015-2016","WTSB2YR|WTSC2YR","ok",,0.958594611577258,0.520731886963724,2.60802860343037,0.939845398550674,7.23716177873507,0.0927508613643191,0.735962424604276,0.346370446886799,1.56376127148753,1.91941105441792,0.886160801717184,4.15741566167523,1221,128,1253,149,0.783229495965362,0.587422121974021,FALSE
"Sn_ln_U","Diet",2501,262,2239,"continuous: per 1-SD increase in transformed concentration","2013-2014|2015-2016","WTSA2YR","ok",,-0.34424803051558,0.191948995673457,0.708753113846522,0.486524479019263,1.03248859625674,0.100409301952797,1.37944047432371,1.02269827133661,1.86062309435166,0.977682731542852,0.796389550132905,1.20024619031927,1274,132,1227,130,0.825146011272712,0.602455811716783,FALSE
"BPS_ln_U","PhysicalActivity",2424,263,2161,"continuous: per 1-SD increase in transformed concentration","2013-2014|2015-2016","WTSB2YR","ok",,0.411731421145085,0.162416580116607,1.5094289811755,1.09789523496842,2.07522154814529,0.0277239754174658,0.760934012516308,0.603523484576609,0.959400232470442,1.14857585125428,0.910529822603833,1.4488558785608,1426,126,998,137,0.752023385371741,0.632106639518219,FALSE
"BPF_binary_U","Diet",2426,263,2163,"binary: high/present vs low/absent","2013-2014|2015-2016","WTSB2YR","ok",,-0.613383190817726,0.358007221795062,0.541515715491247,0.268453558751821,1.09232774371633,0.114657281957366,1.55506151698935,0.937402565332411,2.57969885196943,0.842090250005392,0.486752141841951,1.45683177986794,1228,121,1198,142,0.843285815686432,0.64829670090731,FALSE
"PFHS_ln_S","Diet",2365,265,2100,"continuous: per 1-SD increase in transformed concentration","2013-2014|2015-2016","WTSB2YR","ok",,-0.36822780519381,0.218076659320717,0.691959531757435,0.451284166275905,1.06099001332397,0.119423076482926,1.07831403478851,0.794020698470335,1.46439653256132,0.746149674599728,0.488101743505016,1.14062148786313,1190,123,1175,142,0.848577665273039,0.64829670090731,FALSE
"PFDA_ln_S","Diet",2365,265,2100,"continuous: per 1-SD increase in transformed concentration","2013-2014|2015-2016","WTSB2YR","ok",,-0.246710699156596,0.154194188922278,0.781366710884762,0.57756672077842,1.05707949387392,0.137903603580723,1.05113939851245,0.849800854169901,1.30017995355441,0.821325334497062,0.628442150359786,1.07340875321701,1190,123,1175,142,0.897769294326571,0.672155596380452,FALSE
"ATCA_ln_U","Diet",2426,257,2169,"continuous: per 1-SD increase in transformed concentration","2013-2014|2015-2016","WTSA2YR","ok",,0.297915151631228,0.189898234696574,1.34704748824852,0.928406699551493,1.9544634226285,0.144989818463756,0.703887242300702,0.546962700770158,0.905833705252755,0.948169541751335,0.721990702460134,1.24520368038199,1235,132,1191,125,0.897769294326571,0.672155596380452,FALSE
"PFNA_ln_S","Diet",2365,265,2100,"continuous: per 1-SD increase in transformed concentration","2013-2014|2015-2016","WTSB2YR","ok",,-0.293047359989681,0.188333629634174,0.745986809932975,0.515725168760927,1.0790559668263,0.147992430625322,0.980101446338594,0.768395152505461,1.25013652413454,0.731142751364823,0.537004265743484,0.995466436627294,1190,123,1175,142,0.897769294326571,0.672155596380452,FALSE
"CEMA_CYM_ln_U","Diet",2459,258,2201,"continuous: per 1-SD increase in transformed concentration","2013-2014|2015-2016","WTSA2YR","ok",,0.27227934062971,0.175160320966726,1.31295371140673,0.931429395418786,1.85075482562116,0.148357718623153,1.2292947212219,0.948891862230859,1.59255819527345,1.614007066641,1.27435329576952,2.04418886019677,1254,131,1205,127,0.897769294326571,0.672155596380452,FALSE
"U_ln_U","Diet",2502,262,2240,"continuous: per 1-SD increase in transformed concentration","2013-2014|2015-2016","WTSA2YR","ok",,-0.264176272248589,0.173036391542168,0.767838179164514,0.546988445780269,1.07785726358746,0.155060385423498,1.20323552147947,0.967123533026144,1.49699151215963,0.923890171918859,0.692344891801275,1.2328726042125,1274,132,1228,130,0.901503650403988,0.672155596380452,FALSE
"Nitrate_ln_U","Diet",2489,260,2229,"continuous: per 1-SD increase in transformed concentration","2013-2014|2015-2016","WTSA2YR","ok",,0.264286441455111,0.175011703080492,1.30250123322025,0.924283444205679,1.83548615219246,0.15919474651116,0.940133606049558,0.747595358742687,1.1822588073717,1.22452518127135,0.916211817434882,1.63658871347641,1267,133,1222,127,0.901503650403988,0.672155596380452,FALSE
"X3PBA_ln_U","Diet",2449,272,2177,"continuous: per 1-SD increase in transformed concentration","2013-2014|2015-2016","WTSB2YR|WTSC2YR","ok",,0.188310027944987,0.131383798830647,1.20720772546911,0.933137963926254,1.56177387350139,0.179582528972802,0.7694397623334,0.614445094370789,0.963532060526814,0.928873625371997,0.738272005047408,1.16868336603975,1214,126,1235,146,0.917539773720832,0.683792321911085,FALSE
"IHg_binary_S","Diet",3688,394,3294,"binary: high/present vs low/absent","2013-2014|2015-2016","WTSH2YR","ok",,-0.553165076722642,0.390520545731594,0.575126606777188,0.267513473321741,1.23646338151059,0.184325443202791,1.09310327143003,0.638220129293654,1.87219848946703,0.628672775354597,0.370653438067106,1.06630457964482,1883,202,1805,192,0.917539773720832,0.683792321911085,FALSE
"MeFOSAA_binary_S","Diet",2365,265,2100,"binary: high/present vs low/absent","2013-2014|2015-2016","WTSB2YR","ok",,-0.552520958516837,0.391206935850254,0.575497175627516,0.267325956906542,1.23892570324188,0.185507943235873,1.84380152808739,0.944961301304398,3.59761195541518,1.06110257183199,0.641103818254111,1.75625013592133,1190,123,1175,142,0.917539773720832,0.683792321911085,FALSE
"Benzene_binary_S","Diet",3484,368,3116,"binary: high/present vs low/absent","2013-2014|2015-2016","WTSVOC2Y","ok",,0.502764370400845,0.356558109800283,1.65328525234158,0.821938647484931,3.32549410345164,0.186169164191854,0.943327172830976,0.557568894695607,1.5959752480222,1.55958890297453,0.944047635074944,2.57647755887678,1781,190,1703,178,0.917539773720832,0.683792321911085,FALSE
"X2_MHA_ln_U","Diet",2353,249,2104,"continuous: per 1-SD increase in transformed concentration","2013-2014|2015-2016","WTSA2YR","ok",,0.269467974732052,0.193826950016083,1.30926770190577,0.895446459818487,1.91433211495536,0.191941704396094,0.949281746532666,0.713824755164708,1.26240485186337,1.24286393074392,0.916945335537313,1.68462686975669,1196,129,1157,120,0.921320181101251,0.683792321911085,FALSE
"X1_NP_ln_U","Diet",2414,247,2167,"continuous: per 1-SD increase in transformed concentration","2013-2014|2015-2016","WTSA2YR","ok",,0.201829790350132,0.150142564826123,1.22363971509765,0.911695125775101,1.64231891784141,0.205932763399072,1.11007666117188,0.880521072987171,1.3994783673922,1.35833388941291,1.09290997878442,1.68821860074859,1226,124,1188,123,0.938972847479387,0.706691924358937,FALSE
"CEMA_AAM_ln_U","Diet",2416,251,2165,"continuous: per 1-SD increase in transformed concentration","2013-2014|2015-2016","WTSA2YR","ok",,0.313417701955531,0.238975039639,1.36809286676107,0.856437979210152,2.18542163883094,0.216400333984342,1.04732425999567,0.800130121862268,1.37088715398256,1.43283684928589,0.971335865087386,2.11360612787299,1230,127,1186,124,0.942255899145249,0.706691924358937,FALSE
"W_ln_U","Diet",2501,262,2239,"continuous: per 1-SD increase in transformed concentration","2013-2014|2015-2016","WTSA2YR","ok",,-0.269877676214472,0.20604912906847,0.763472879517893,0.509801436542692,1.14336837046266,0.21696681888213,1.22075446562028,0.939104308615008,1.58687533606322,0.932012927051442,0.671994786016044,1.29264112500161,1274,132,1227,130,0.942255899145249,0.706691924358937,FALSE
"Cd_ln_S","Smoking",3690,394,3296,"continuous: per 1-SD increase in transformed concentration","2013-2014|2015-2016","WTSH2YR","ok",,0.331291819179929,0.210876181231477,1.39276616889231,0.921248470214814,2.10561826035775,0.144477225545775,1.04109949609136,0.755205969305846,1.43522191933673,1.45000815660688,1.18478833109317,1.77459854984102,2004,140,1686,254,0.897769294326571,0.708095383455619,FALSE
"X3_HPMA_ln_U","Smoking",2400,251,2149,"continuous: per 1-SD increase in transformed concentration","2013-2014|2015-2016","WTSA2YR","ok",,0.370434083342468,0.238766900168789,1.44836318856072,0.90705785745121,2.312703548892,0.149072712306446,0.953549253603011,0.695896049468081,1.30659770197268,1.38108563739815,1.03148127207927,1.84918290758932,1289,79,1111,172,0.897769294326571,0.708095383455619,FALSE
"GAM_Cys_binary_U","Smoking",2486,259,2227,"binary: high/present vs low/absent","2013-2014|2015-2016","WTSA2YR","ok",,-0.521924118107091,0.351432262761062,0.593377720039349,0.297979271649619,1.18161614628387,0.165592541598387,1.55607881467132,0.854714256398626,2.83297167368132,0.9233424992512,0.666578654943531,1.2790109083161,1338,85,1148,174,0.901503650403988,0.728137563787837,FALSE
"o_Xylene_binary_S","Smoking",3575,375,3200,"binary: high/present vs low/absent","2013-2014|2015-2016","WTSVOC2Y","ok",,0.470692909649566,0.317324425629373,1.60110322881945,0.859621618893608,2.98216272484574,0.166066461916524,1.03660417849723,0.605587699028507,1.77438911754932,1.65971029719965,1.18623947360794,2.32216034950541,1944,138,1631,237,0.901503650403988,0.728137563787837,FALSE
"X24_DCP_ln_U","PhysicalActivity",2426,263,2163,"continuous: per 1-SD increase in transformed concentration","2013-2014|2015-2016","WTSB2YR","ok",,-0.412718299528469,0.175566540021743,0.661848699660538,0.469151883300893,0.933692726884787,0.0384343500084045,1.12645201454545,0.956219926087627,1.32698985500667,0.745540801056901,0.529992942308006,1.04875186378905,1427,126,999,137,0.752023385371741,0.730252650159686,FALSE
"BPA_ln_U","Smoking",2423,263,2160,"continuous: per 1-SD increase in transformed concentration","2013-2014|2015-2016","WTSB2YR","ok",,-0.235460428430314,0.162471817642279,0.790206932118802,0.574701104838399,1.086524787079,0.175174026468925,1.20389388471558,0.95948358392322,1.5105630882493,0.951325293237682,0.763316559849057,1.18564152955456,1321,100,1102,163,0.917539773720832,0.739623667313238,FALSE
"PHE_Cys_binary_U","Smoking",2428,252,2176,"binary: high/present vs low/absent","2013-2014|2015-2016","WTSA2YR","ok",,-0.552877169503488,0.393026143682439,0.57529221371778,0.266279595555221,1.24290834404422,0.187129822272012,1.70501896897576,1.05208774479363,2.76316276750985,0.98088413709287,0.545444890984309,1.76394298728174,1306,84,1122,168,0.917539773720832,0.754034228892401,FALSE
"Toluene_ln_S","Smoking",3512,365,3147,"continuous: per 1-SD increase in transformed concentration","2013-2014|2015-2016","WTSVOC2Y","ok",,0.400695246365384,0.288129626052736,1.49286224397346,0.848709073762052,2.62591475498506,0.191815724893681,0.807518921549386,0.476511199156313,1.36846061501773,1.20551450927525,0.978301149723345,1.48549884918781,1919,136,1593,229,0.921320181101251,0.754034228892401,FALSE
"MiBP_ln_U","Diet",2426,263,2163,"continuous: per 1-SD increase in transformed concentration","2013-2014|2015-2016","WTSB2YR","ok",,-0.236150953449911,0.193542740071003,0.789661462813291,0.540373493439445,1.15395228193646,0.247921373859281,1.19375985608089,0.942735215047375,1.51162550336963,0.942666154200617,0.689820763327404,1.28818894054313,1229,121,1197,142,0.952135672030714,0.760973636643317,FALSE
"Mn_ln_S","Diet",3690,394,3296,"continuous: per 1-SD increase in transformed concentration","2013-2014|2015-2016","WTSH2YR","ok",,0.178444217198828,0.148108106790358,1.19535620109634,0.894180455748557,1.59797324836775,0.253552703588494,1.02277975992218,0.787194310576284,1.32886940778403,1.2225861283788,1.02650618562255,1.4561206374005,1884,202,1806,192,0.952135672030714,0.760973636643317,FALSE
"MHBP_ln_U","Diet",2323,256,2067,"continuous: per 1-SD increase in transformed concentration","2013-2014|2015-2016","WTSB2YR|WTSSBH2Y","ok",,0.23576400458848,0.19624198412206,1.26587553409577,0.861680881196525,1.85966858820997,0.254826851173684,0.763914013609764,0.573176660740048,1.01812348645864,0.967020059981507,0.755541805954393,1.23769166581774,1173,118,1150,138,0.952135672030714,0.760973636643317,FALSE
"BMA_ln_U","Diet",2477,258,2219,"continuous: per 1-SD increase in transformed concentration","2013-2014|2015-2016","WTSA2YR","ok",,0.153142222835984,0.129045890704229,1.16549072655235,0.905029514647072,1.50091086720995,0.260333086220082,1.04433549534617,0.869824626818126,1.25385806887252,1.21716333523542,0.961116508072495,1.54142247292424,1262,131,1215,127,0.952135672030714,0.760973636643317,FALSE
"MCPP_ln_U","Smoking",2423,263,2160,"continuous: per 1-SD increase in transformed concentration","2013-2014|2015-2016","WTSB2YR","ok",,-0.29268466784833,0.215353321423061,0.746257422558059,0.489301126785572,1.13815421677345,0.201330060079704,1.14134013799196,0.886213168406416,1.46991418885586,0.851733549639937,0.647417808180147,1.1205283982247,1321,100,1102,163,0.937417451742244,0.765054228302874,FALSE
"PMA_binary_U","Smoking",2450,258,2192,"binary: high/present vs low/absent","2013-2014|2015-2016","WTSA2YR","ok",,-0.360568347613229,0.272025171561344,0.697279916056316,0.409123716285317,1.18839182863805,0.211876531843057,1.2126325711917,0.78462752847197,1.87410930582398,0.8455443374477,0.568466449672076,1.25767356543608,1318,85,1132,173,0.938972847479387,0.779158859035758,FALSE
"MEP_ln_U","Smoking",2423,263,2160,"continuous: per 1-SD increase in transformed concentration","2013-2014|2015-2016","WTSB2YR","ok",,-0.289288550134531,0.229391595203165,0.748796109008856,0.477640903497141,1.17388525304588,0.233358585962072,1.25545934177159,0.914308446271074,1.72390199966965,0.940083070137387,0.684094567232588,1.29186258901902,1321,100,1102,163,0.952135672030714,0.802502861401411,FALSE
"BPS_ln_U","Smoking",2421,263,2158,"continuous: per 1-SD increase in transformed concentration","2013-2014|2015-2016","WTSB2YR","ok",,0.259777205445498,0.207626290360477,1.29664116989063,0.863146950546967,1.94784714513552,0.236825776587786,0.791267092009316,0.566611405646618,1.10499648375833,1.02598948787892,0.810152721567401,1.29932838737056,1319,100,1102,163,0.952135672030714,0.802502861401411,FALSE
"BMA_ln_U","Smoking",2477,258,2219,"continuous: per 1-SD increase in transformed concentration","2013-2014|2015-2016","WTSA2YR","ok",,0.242286011224554,0.197870449365586,1.2741585643578,0.864555247055761,1.87782105615008,0.246352425081914,0.943993560839989,0.724683045909056,1.22967392149974,1.20279748024289,0.968765976316882,1.49336559483529,1332,84,1145,174,0.952135672030714,0.802502861401411,FALSE
"X2_FL_ln_U","Smoking",2493,261,2232,"continuous: per 1-SD increase in transformed concentration","2013-2014|2015-2016","WTSA2YR","ok",,0.259188596042992,0.211688802359397,1.29587817928011,0.855797533945672,1.96226348981386,0.246382457447802,1.15158097782036,0.794522087467147,1.66910243201078,1.49230866083146,1.19473703218063,1.86399607546097,1343,88,1150,173,0.952135672030714,0.802502861401411,FALSE
"Ba_ln_U","Diet",2502,262,2240,"continuous: per 1-SD increase in transformed concentration","2013-2014|2015-2016","WTSA2YR","ok",,-0.207593891083001,0.186863357385681,0.812536948217465,0.563354564738212,1.17193741480616,0.290287490617286,1.05939231290602,0.852718558840695,1.31615767126048,0.860795396893699,0.600360772802363,1.23420574574632,1274,132,1228,130,0.952135672030714,0.812911260342951,FALSE
"Cd_ln_U","Diet",2502,262,2240,"continuous: per 1-SD increase in transformed concentration","2013-2014|2015-2016","WTSA2YR","ok",,0.228156913369694,0.208872199333926,1.25628243747773,0.834241293833997,1.89183342323144,0.298035081857841,1.26068445564004,0.990217690983242,1.60502615855538,1.58377574082176,1.17037030210804,2.14320680616856,1274,132,1228,130,0.952135672030714,0.812911260342951,FALSE
"MCPP_ln_U","Diet",2426,263,2163,"continuous: per 1-SD increase in transformed concentration","2013-2014|2015-2016","WTSB2YR","ok",,-0.197911010692873,0.18544238052046,0.82044286053104,0.570422436194963,1.18004910866846,0.308727653859206,1.04638470579738,0.816624702312465,1.34078843001705,0.858498861240334,0.674038421292115,1.09343958959802,1229,121,1197,142,0.952135672030714,0.812911260342951,FALSE
"X1_PH_ln_U","Diet",2494,262,2232,"continuous: per 1-SD increase in transformed concentration","2013-2014|2015-2016","WTSA2YR","ok",,0.19808499928283,0.191907569438605,1.21906600915447,0.836897366385689,1.77575171623961,0.324144047289454,1.10392832173011,0.772446378106365,1.57765998269728,1.34576149356412,1.02062780798837,1.77447055957596,1268,132,1226,130,0.952135672030714,0.812911260342951,FALSE
"Pb_ln_S","Diet",3690,394,3296,"continuous: per 1-SD increase in transformed concentration","2013-2014|2015-2016","WTSH2YR","ok",,-0.168776712126519,0.168105982573817,0.844697493037315,0.607584245312049,1.17434555001845,0.336958019970887,1.18344032539375,0.986809635213014,1.41925144809287,0.999649076019365,0.747830398227612,1.33626324572356,1884,202,1806,192,0.952135672030714,0.812911260342951,FALSE
"PHE_Cys_binary_U","Diet",2428,252,2176,"binary: high/present vs low/absent","2013-2014|2015-2016","WTSA2YR","ok",,0.469120938799976,0.468168318393439,1.59858831841737,0.638592358207079,4.00174630801295,0.337860047043824,1.01621205435299,0.586867096860298,1.75966065389784,1.6245047191236,0.823056739570136,3.20635924059517,1246,129,1182,123,0.952135672030714,0.812911260342951,FALSE
"X24_DCP_ln_U","Diet",2426,263,2163,"continuous: per 1-SD increase in transformed concentration","2013-2014|2015-2016","WTSB2YR","ok",,0.178975121044033,0.180857940821873,1.1959909887906,0.839031991300752,1.70481514423635,0.343643300768751,0.843485526666718,0.628062432537175,1.13279794625213,1.00880108906868,0.816938395476719,1.24572384275353,1229,121,1197,142,0.952135672030714,0.812911260342951,FALSE
"MnBP_ln_U","Diet",2426,263,2163,"continuous: per 1-SD increase in transformed concentration","2013-2014|2015-2016","WTSB2YR","ok",,0.179008216512474,0.18140124944709,1.19603057132762,0.838166733413572,1.70668802581125,0.344945633033346,0.977156403831017,0.773417299131064,1.23456591754636,1.16870893195045,0.917397971619957,1.48886373185334,1229,121,1197,142,0.952135672030714,0.812911260342951,FALSE
"Sb_ln_U","Diet",2502,262,2240,"continuous: per 1-SD increase in transformed concentration","2013-2014|2015-2016","WTSA2YR","ok",,-0.200671375488092,0.205097762523141,0.818181261797147,0.547352100403892,1.22301636672629,0.348895708016167,1.18918701160969,0.888239743762997,1.59209915848859,0.972970529671597,0.809662799616726,1.16921717541865,1274,132,1228,130,0.952135672030714,0.812911260342951,FALSE
"THg_ln_S","Diet",3690,394,3296,"continuous: per 1-SD increase in transformed concentration","2013-2014|2015-2016","WTSH2YR","ok",,-0.192103155395426,0.198610350110326,0.825221738026224,0.559126551919266,1.21795488798277,0.354211033691568,1.02245225406463,0.839202479640044,1.24571678135441,0.843749826148042,0.639654463770583,1.11296615508367,1884,202,1806,192,0.952135672030714,0.812911260342951,FALSE
"DMA_ln_U","Diet",2506,264,2242,"continuous: per 1-SD increase in transformed concentration","2013-2014|2015-2016","WTSA2YR","ok",,-0.175035386217496,0.183503408847326,0.839427316086063,0.585843806022141,1.20277488939572,0.360649018216459,1.14988959235649,0.909591537531073,1.45367015858435,0.965248734307105,0.720056187859215,1.29393391070147,1273,134,1233,130,0.952135672030714,0.812911260342951,FALSE
"GLYP_ln_U","Diet",2209,260,1949,"continuous: per 1-SD increase in transformed concentration","2013-2014|2015-2016","WTSSCH2Y|WTSSGL2Y","ok",,-0.179503641286716,0.192308600641507,0.835684907969263,0.573252785256572,1.21825708198701,0.370642390938682,1.24865371337475,1.01672547732976,1.53348778081114,1.04348106354706,0.773760812790276,1.4072213428007,1090,120,1119,140,0.952135672030714,0.812911260342951,FALSE
"AsC_binary_U","Diet",2508,264,2244,"binary: high/present vs low/absent","2013-2014|2015-2016","WTSA2YR","ok",,-0.476079202944042,0.510216769275862,0.621214278299217,0.228526278536398,1.68867747741909,0.370801627524855,1.4917738505894,0.825912960596183,2.69445974028056,0.92671121597954,0.447595745459527,1.9186815034191,1274,134,1234,130,0.952135672030714,0.812911260342951,FALSE
"BCETP_ln_U","Diet",2213,261,1952,"continuous: per 1-SD increase in transformed concentration","2013-2014|2015-2016","WTSSBI2Y|WTSSCH2Y","ok",,0.150239098725716,0.165209429386709,1.16211206902785,0.840657140498788,1.60648663518029,0.382639754378855,0.939725355716693,0.758342669545363,1.16449169965114,1.09206617744986,0.80890759637079,1.47434458679909,1091,120,1122,141,0.952135672030714,0.813033548322418,FALSE
"Total_As_ln_U","Diet",2501,262,2239,"continuous: per 1-SD increase in transformed concentration","2013-2014|2015-2016","WTSA2YR","ok",,-0.177073389911687,0.202645951180127,0.837718302194714,0.563121731854304,1.24621713944715,0.400897910647306,1.10033548101624,0.85628185184435,1.41394818560667,0.921771171001528,0.691848314866066,1.22810459089434,1273,132,1228,130,0.952135672030714,0.813033548322418,FALSE
"MEOHP_ln_U","Diet",2426,263,2163,"continuous: per 1-SD increase in transformed concentration","2013-2014|2015-2016","WTSB2YR","ok",,-0.146651686345001,0.168585724491713,0.863594726871462,0.620593062114993,1.20174700267919,0.402941814249787,1.1429330444351,0.928842032173417,1.40637040402344,0.987030950341296,0.746666982093808,1.30477190005068,1229,121,1197,142,0.952135672030714,0.813033548322418,FALSE
"Ethylbenzene_binary_S","Diet",3491,366,3125,"binary: high/present vs low/absent","2013-2014|2015-2016","WTSVOC2Y","ok",,0.319844976163209,0.367739237419257,1.37691429325316,0.669701003805776,2.8309543515552,0.403011723996965,1.14823117063042,0.66412306911555,1.98522665831068,1.58101591079983,0.999864438579116,2.49995020700441,1778,189,1713,177,0.952135672030714,0.813033548322418,FALSE
"X2_HPMA_ln_U","Diet",2462,256,2206,"continuous: per 1-SD increase in transformed concentration","2013-2014|2015-2016","WTSA2YR","ok",,-0.136621975663342,0.16113697610394,0.872299914409599,0.636067589285495,1.1962677449636,0.41458282472439,1.27545685192824,0.991286776287179,1.64108935985584,1.11258090277014,0.8077411365036,1.53246654066293,1253,129,1209,127,0.952135672030714,0.813033548322418,FALSE
"Toluene_ln_S","Diet",3512,365,3147,"continuous: per 1-SD increase in transformed concentration","2013-2014|2015-2016","WTSVOC2Y","ok",,0.154529209604723,0.183380958962678,1.16710836833372,0.81473084651372,1.67189194967059,0.41736036151894,1.06702304455937,0.805511425479842,1.41343516877183,1.24533152451016,0.980325520942142,1.58197514275498,1792,189,1720,176,0.952135672030714,0.813033548322418,FALSE
"BP3_ln_U","Diet",2426,263,2163,"continuous: per 1-SD increase in transformed concentration","2013-2014|2015-2016","WTSB2YR","ok",,0.166375473412626,0.200807132928226,1.18101645876382,0.796756229460434,1.75059801768426,0.424980861837933,0.833716191636018,0.624799782260187,1.11248868506585,0.984632544260025,0.747832524613073,1.29641492621304,1229,121,1197,142,0.952135672030714,0.813033548322418,FALSE
"MEHHP_ln_U","Diet",2426,263,2163,"continuous: per 1-SD increase in transformed concentration","2013-2014|2015-2016","WTSB2YR","ok",,-0.170583207037134,0.208799296087915,0.84317292878852,0.559993654050713,1.26955115062327,0.431282949101835,1.07391148558448,0.845248837797685,1.36443355766708,0.905493092559896,0.651251301956569,1.25898825570158,1229,121,1197,142,0.952135672030714,0.813033548322418,FALSE
"DCVDMPCA_binary_U","Diet",2442,275,2167,"binary: high/present vs low/absent","2013-2014|2015-2016","WTSB2YR|WTSC2YR","ok",,-0.190400010475728,0.235907876683201,0.826628407778161,0.520596791888845,1.31255999881719,0.436715750418981,0.845464826062916,0.556165242169247,1.28524891149539,0.698885243000828,0.437575468459029,1.11624306683468,1201,127,1241,148,0.952135672030714,0.813033548322418,FALSE
"BPS_ln_U","Diet",2424,263,2161,"continuous: per 1-SD increase in transformed concentration","2013-2014|2015-2016","WTSB2YR","ok",,0.145008425909896,0.181886159634254,1.15604931099431,0.809378631771701,1.65120495771551,0.442176140315701,0.876428948974704,0.63832298500018,1.20335272370098,1.01319508259768,0.813414076330766,1.26204390269572,1228,121,1196,142,0.952135672030714,0.813033548322418,FALSE
"PrP_ln_U","Smoking",2423,263,2160,"continuous: per 1-SD increase in transformed concentration","2013-2014|2015-2016","WTSB2YR","ok",,-0.19349618332221,0.164033475021217,0.824072981410155,0.597499522485765,1.13656371785034,0.263036894235168,0.916996706783045,0.701744102888173,1.19827577715313,0.755672210101997,0.573206481579953,0.996221270119719,1321,100,1102,163,0.952135672030714,0.83295016507803,FALSE
"PGA_ln_U","Diet",2442,253,2189,"continuous: per 1-SD increase in transformed concentration","2013-2014|2015-2016","WTSA2YR","ok",,0.17764148567352,0.232798240189082,1.19439703601728,0.756809986910237,1.88499663630372,0.461472985231435,1.18660662676582,0.891986679700524,1.57853846781354,1.41727943792755,0.979145255742119,2.0514637571826,1245,128,1197,125,0.952135672030714,0.83504635422831,FALSE
"X24D_ln_U","Diet",2473,277,2196,"continuous: per 1-SD increase in transformed concentration","2013-2014|2015-2016","WTSB2YR|WTSC2YR","ok",,-0.14831939420891,0.206385498082842,0.862155703423112,0.575316491016177,1.29200617147632,0.487340290607882,0.790936255603375,0.578924957040774,1.08058938005643,0.68191020381257,0.517329699421247,0.898849469852422,1221,128,1252,149,0.952135672030714,0.837437979930787,FALSE
"o_Xylene_binary_S","Diet",3575,375,3200,"binary: high/present vs low/absent","2013-2014|2015-2016","WTSVOC2Y","ok",,0.284870212303634,0.396811100929609,1.32958945257046,0.610864846042815,2.89394311006516,0.487786645105443,1.33036500209342,0.782531654593539,2.26172453012694,1.76883927485229,1.15039929334237,2.71974469939877,1827,195,1748,180,0.952135672030714,0.837437979930787,FALSE
"EtP_binary_U","Diet",2428,263,2165,"binary: high/present vs low/absent","2013-2014|2015-2016","WTSB2YR","ok",,0.308939414473929,0.437091768153199,1.36197985173791,0.578243365639485,3.20797302099362,0.494387134780458,0.687558656045726,0.375293844803791,1.25964470787033,0.936441036422275,0.456030071567566,1.92294734354092,1229,121,1199,142,0.952135672030714,0.837437979930787,FALSE
"Sr_ln_U","Diet",2502,262,2240,"continuous: per 1-SD increase in transformed concentration","2013-2014|2015-2016","WTSA2YR","ok",,-0.119529968015405,0.173834719337829,0.887337415679253,0.631128357521672,1.24755555645794,0.505940205463623,0.985826754631566,0.823359356835109,1.1803526395608,0.874760964762239,0.62318810814582,1.22789048036955,1274,132,1228,130,0.952135672030714,0.837437979930787,FALSE
"BPA_ln_U","Diet",2426,263,2163,"continuous: per 1-SD increase in transformed concentration","2013-2014|2015-2016","WTSB2YR","ok",,-0.117527875521151,0.176301262389442,0.889115726836755,0.629343321650252,1.25611371172661,0.51874566192804,1.09406782221073,0.847078642922717,1.41307351991182,0.9727529069536,0.772491057145778,1.22493096746376,1229,121,1197,142,0.952135672030714,0.837437979930787,FALSE
"Tl_ln_U","Diet",2502,262,2240,"continuous: per 1-SD increase in transformed concentration","2013-2014|2015-2016","WTSA2YR","ok",,0.145068683063248,0.222188579379167,1.15611897333374,0.747948665390436,1.78703585199196,0.527225798067302,0.933469852833266,0.74630984442473,1.16756595488865,1.07920220789559,0.772250050706901,1.50816099585956,1274,132,1228,130,0.952135672030714,0.837437979930787,FALSE
"MBzP_ln_U","Diet",2426,263,2163,"continuous: per 1-SD increase in transformed concentration","2013-2014|2015-2016","WTSB2YR","ok",,-0.123869507523861,0.193817279216407,0.883495122827109,0.604259598352144,1.29176869376661,0.535836454698397,1.07744938087648,0.862972792952379,1.34523032224398,0.95192127309746,0.719822109735558,1.25885840115189,1229,121,1197,142,0.952135672030714,0.837437979930787,FALSE
"MeP_ln_U","Diet",2426,263,2163,"continuous: per 1-SD increase in transformed concentration","2013-2014|2015-2016","WTSB2YR","ok",,0.142662695403599,0.225154067152758,1.15334070892598,0.741826955803654,1.79313353398545,0.539278498308388,0.754981915915728,0.506137969332148,1.12617058568417,0.870751378128538,0.664483621389278,1.14104838419872,1229,121,1197,142,0.952135672030714,0.837437979930787,FALSE
"DBCM_binary_S","Diet",3582,375,3207,"binary: high/present vs low/absent","2013-2014|2015-2016","WTSVOC2Y","ok",,0.382711336079492,0.612541804095399,1.46625471413907,0.441370508937812,4.87097085826813,0.544849392875664,0.705488723289488,0.314989678999017,1.58009729166455,1.03442616629517,0.500571950943747,2.13762974832836,1831,195,1751,180,0.952135672030714,0.837437979930787,FALSE
"CEMA_CEM_ln_U","Diet",2472,259,2213,"continuous: per 1-SD increase in transformed concentration","2013-2014|2015-2016","WTSA2YR","ok",,0.148688316826333,0.243037790134261,1.16031128333996,0.720603839966084,1.86832514562981,0.553110653365904,1.30818819969937,1.02172987519827,1.674959700577,1.51790552884337,0.983069902769351,2.34371654345505,1258,132,1214,127,0.952135672030714,0.837437979930787,FALSE
"Cs_ln_U","Diet",2502,262,2240,"continuous: per 1-SD increase in transformed concentration","2013-2014|2015-2016","WTSA2YR","ok",,0.122753256950104,0.20083136290052,1.13060541749888,0.762710903238264,1.67595428969304,0.553471506046809,0.924603961663611,0.749011186428761,1.14136143947345,1.04536224809781,0.793042019202022,1.37796258368212,1274,132,1228,130,0.952135672030714,0.837437979930787,FALSE
"TCPY_ln_U","Diet",2449,273,2176,"continuous: per 1-SD increase in transformed concentration","2013-2014|2015-2016","WTSB2YR|WTSC2YR","ok",,-0.0787099869843685,0.129059627680986,0.924307946913263,0.717726388381353,1.1903494069011,0.554335236214737,1.02496484796925,0.781186607697993,1.34481688398168,0.947383154284725,0.731133492716946,1.22759366102511,1207,127,1242,146,0.952135672030714,0.837437979930787,FALSE
"GAM_Cys_binary_U","Diet",2486,259,2227,"binary: high/present vs low/absent","2013-2014|2015-2016","WTSA2YR","ok",,0.202488901898227,0.335937424032279,1.22444649601468,0.633846511547898,2.36535059243492,0.558891525824319,1.05815590591876,0.703408931533093,1.59181078180278,1.29565529123947,0.818367174261598,2.05130739173589,1266,132,1220,127,0.952135672030714,0.837437979930787,FALSE
"OXY_binary_U","Diet",2465,275,2190,"binary: high/present vs low/absent","2013-2014|2015-2016","WTSB2YR|WTSC2YR","ok",,0.215992818606539,0.371575305537148,1.24109346618817,0.599119153321072,2.57096269294114,0.572763684961841,1.04655340388625,0.569971996756369,1.92162778771405,1.29887059158021,0.791331915022564,2.13193071282083,1217,127,1248,148,0.952135672030714,0.837437979930787,FALSE
"Furan_binary_S","Diet",3586,375,3211,"binary: high/present vs low/absent","2013-2014|2015-2016","WTSVOC2Y","ok",,0.283910724686327,0.488699936029952,1.32831433977991,0.509695826442494,3.46170969768379,0.572983881005275,1.58613155426546,0.670312113279757,3.75319684307508,2.10688128830821,1.12319401461723,3.95207658272289,1832,195,1754,180,0.952135672030714,0.837437979930787,FALSE
"As_III_binary_U","Diet",2508,264,2244,"binary: high/present vs low/absent","2013-2014|2015-2016","WTSA2YR","ok",,0.210285678638105,0.372845019936207,1.23403054577121,0.594228971234312,2.56270135185973,0.584067963485806,0.498546658008103,0.337078281404183,0.737362161619126,0.615221804474151,0.302364266495954,1.25179431116903,1274,134,1234,130,0.952135672030714,0.838147597513753,FALSE
"m_p_Xylene_binary_S","Diet",3567,374,3193,"binary: high/present vs low/absent","2013-2014|2015-2016","WTSVOC2Y","ok",,-0.203403281676755,0.364673262141257,0.815949117736946,0.399251843107303,1.66755138199016,0.58817375264123,1.03815150350356,0.701563029000046,1.53622482895492,0.847078803361011,0.512558049018916,1.39992436071771,1818,194,1749,180,0.952135672030714,0.838147597513753,FALSE
"PMM_Cys_ln_U","Smoking",2458,257,2201,"continuous: per 1-SD increase in transformed concentration","2013-2014|2015-2016","WTSA2YR","ok",,0.330172042574932,0.290611889083223,1.39120745478882,0.787078523329357,2.45904077533835,0.28005001033672,0.934480507734984,0.631363192285587,1.38312437279624,1.30005624871575,0.941687069421093,1.79480668760153,1331,85,1127,172,0.952135672030714,0.862856788605029,FALSE
"PNP_ln_U","Diet",2427,273,2154,"continuous: per 1-SD increase in transformed concentration","2013-2014|2015-2016","WTSB2YR|WTSC2YR","ok",,0.0680306987610193,0.13452221497845,1.07039816787195,0.822314097967996,1.39332675995082,0.623032850759855,0.897187357982646,0.709414238342331,1.13466168539945,0.9603477042225,0.82107430285848,1.12324513115884,1198,127,1229,146,0.9597842476519,0.87016698160622,FALSE
"BuP_binary_U","Diet",2428,263,2165,"binary: high/present vs low/absent","2013-2014|2015-2016","WTSB2YR","ok",,0.228485015327166,0.455610347191422,1.25669469383197,0.514524932522928,3.0693975231901,0.625909583260615,0.849519466203875,0.459736121457358,1.56977729131135,1.06758660548538,0.50061233611084,2.27669411638198,1229,121,1199,142,0.9597842476519,0.87016698160622,FALSE
"MHBP_ln_U","Sleep",2313,253,2060,"continuous: per 1-SD increase in transformed concentration","2013-2014|2015-2016","WTSB2YR|WTSSBH2Y","ok",,0.545770598208073,0.190283950733343,1.72593787469193,1.18864506165516,2.50609845057371,0.0152909449569846,0.674553012204978,0.538809122732463,0.844495289848206,1.1642365922521,0.869717518317112,1.55849090560064,1272,123,1041,130,0.679962255485354,0.871583862548122,FALSE
"X3_FL_ln_U","Smoking",2489,261,2228,"continuous: per 1-SD increase in transformed concentration","2013-2014|2015-2016","WTSA2YR","ok",,0.241315932860248,0.219792550063548,1.27292313003276,0.82739136173303,1.95836380449816,0.295688321915831,1.07359161644757,0.729993418701868,1.57891691812256,1.36659960078538,1.05734458551973,1.76630636260245,1340,87,1149,174,0.952135672030714,0.881593104317777,FALSE
"EO_ln_S","Smoking",2415,259,2156,"continuous: per 1-SD increase in transformed concentration","2013-2014|2015-2016","WTSA2YR","ok",,0.287975527290406,0.268634420160643,1.33372466386761,0.787770924588164,2.25804408805607,0.306676879143486,1.00971851451843,0.57619862590415,1.76940977073921,1.346686486377,1.10208908207242,1.64556978386911,1293,86,1122,173,0.952135672030714,0.881593104317777,FALSE
"As_III_binary_U","Smoking",2508,264,2244,"binary: high/present vs low/absent","2013-2014|2015-2016","WTSA2YR","ok",,-0.356734293081588,0.34106426546939,0.699958456832789,0.358717447966216,1.36581547418313,0.31802661763724,0.704737268106392,0.438090396972324,1.13368067524529,0.493286810656306,0.275036522873091,0.884725690339498,1353,89,1155,175,0.952135672030714,0.881593104317777,FALSE
"Cd_ln_U","Smoking",2502,262,2240,"continuous: per 1-SD increase in transformed concentration","2013-2014|2015-2016","WTSA2YR","ok",,0.195950601468357,0.19388081389697,1.21646681217576,0.831889388286886,1.77883204902084,0.333886869700781,1.18607482286709,0.842985041494321,1.66880005717002,1.44282065877505,1.11373044906035,1.8691519614503,1347,88,1155,174,0.952135672030714,0.881593104317777,FALSE
"PNP_ln_U","Smoking",2426,273,2153,"continuous: per 1-SD increase in transformed concentration","2013-2014|2015-2016","WTSB2YR|WTSC2YR","ok",,-0.202014892118169,0.208514321960677,0.81708275975862,0.542969047648912,1.22958065323542,0.353450034148933,1.02120427227361,0.777200712308188,1.34181318827245,0.834408405066614,0.664615196219227,1.04757969785595,1289,103,1137,170,0.952135672030714,0.881593104317777,FALSE
"PFUnDA_binary_S","Smoking",2362,265,2097,"binary: high/present vs low/absent","2013-2014|2015-2016","WTSB2YR","ok",,0.351361449334935,0.363299881182721,1.42100085291284,0.697183718864106,2.89628597074653,0.354257622696036,0.778195637646645,0.390489364509582,1.55084492816554,1.10581666482893,0.733483374982,1.66715502753336,1281,101,1081,164,0.952135672030714,0.881593104317777,FALSE
"X23_OH_PH_ln_U","Smoking",2494,262,2232,"continuous: per 1-SD increase in transformed concentration","2013-2014|2015-2016","WTSA2YR","ok",,0.213536312454443,0.221137676508123,1.23804845402994,0.802604243877379,1.90973818817746,0.354981272724537,1.06782293599561,0.717643427541317,1.58887516958782,1.32201653508708,1.01712325708675,1.71830474513926,1343,88,1151,174,0.952135672030714,0.881593104317777,FALSE
"Mo_ln_U","Smoking",2501,262,2239,"continuous: per 1-SD increase in transformed concentration","2013-2014|2015-2016","WTSA2YR","ok",,0.187935864857353,0.195437557814693,1.20675611739194,0.822734485302085,1.77002465908326,0.356904697561111,0.764352209415063,0.593856509475968,0.983797080128379,0.92238670455367,0.709674059393402,1.19885632210455,1346,88,1155,174,0.952135672030714,0.881593104317777,FALSE
"MeP_ln_U","Smoking",2423,263,2160,"continuous: per 1-SD increase in transformed concentration","2013-2014|2015-2016","WTSB2YR","ok",,-0.157430942555578,0.169276754906257,0.854335809819096,0.613108486614474,1.19047394037821,0.372320419825962,0.887392793013865,0.657720386405991,1.19726556355647,0.75813144044713,0.565933201956511,1.01560268775079,1321,100,1102,163,0.952135672030714,0.881593104317777,FALSE
"X4FPBA_binary_U","Smoking",2473,277,2196,"binary: high/present vs low/absent","2013-2014|2015-2016","WTSB2YR|WTSC2YR","ok",,-0.501612364045183,0.543059635636096,0.605553499465331,0.208877097569762,1.75555407931805,0.375471220986941,1.69393597880982,0.783196854779094,3.66372653669007,1.02576885983852,0.467532901815009,2.2505405496162,1313,105,1160,172,0.952135672030714,0.881593104317777,FALSE
"GLYP_ln_U","Smoking",2208,260,1948,"continuous: per 1-SD increase in transformed concentration","2013-2014|2015-2016","WTSSCH2Y|WTSSGL2Y","ok",,-0.241719052668166,0.262190094037464,0.785276767975947,0.469723226754343,1.31281479645726,0.376346495853862,1.31253539345388,0.864586176640442,1.99257078775337,1.0307035516255,0.822647944124373,1.29137843098141,1146,93,1062,167,0.952135672030714,0.881593104317777,FALSE
"MECPP_ln_U","Smoking",2423,263,2160,"continuous: per 1-SD increase in transformed concentration","2013-2014|2015-2016","WTSB2YR","ok",,-0.191855309881733,0.210571095437429,0.825426290879502,0.54630674501182,1.24715385247596,0.381765387775784,1.19205309183776,0.944404647198195,1.50464165755184,0.983951962127081,0.727478031739295,1.33084632323398,1321,100,1102,163,0.952135672030714,0.881593104317777,FALSE
"DPHP_ln_U","Smoking",2212,261,1951,"continuous: per 1-SD increase in transformed concentration","2013-2014|2015-2016","WTSSBI2Y|WTSSCH2Y","ok",,0.179356510678244,0.200041064882576,1.19644721435065,0.808379238097941,1.77080987395918,0.389133987553025,0.92005735518697,0.689282999715885,1.22809577079743,1.10080005965628,0.905594254482042,1.33808354607145,1149,93,1063,168,0.952135672030714,0.881593104317777,FALSE
"MHNCH_binary_U","Smoking",2424,263,2161,"binary: high/present vs low/absent","2013-2014|2015-2016","WTSB2YR","ok",,0.375229756746592,0.423345530575548,1.45532574711805,0.634747826121993,3.33671568938566,0.394396915089532,0.628755812205206,0.3391567872406,1.16563750529155,0.915044522152356,0.516997292108643,1.61955679517385,1321,100,1103,163,0.952135672030714,0.881593104317777,FALSE
"Pb_ln_U","Diet",2502,262,2240,"continuous: per 1-SD increase in transformed concentration","2013-2014|2015-2016","WTSA2YR","ok",,-0.0873874419553508,0.186296982790297,0.916322005259691,0.636017291432699,1.32016224815484,0.648175060702219,0.955293597913252,0.727657836588681,1.25414145540206,0.875356545251616,0.670660860036391,1.1425284029148,1274,132,1228,130,0.9597842476519,0.88653672461771,FALSE
"MCOP_ln_U","Diet",2426,263,2163,"continuous: per 1-SD increase in transformed concentration","2013-2014|2015-2016","WTSB2YR","ok",,0.0828092863636454,0.179326384768309,1.0863346099673,0.764395137540007,1.54386498141617,0.653237586560418,0.99931647423652,0.788150539392236,1.26705923014477,1.08559207227363,0.835786719638639,1.4100608680321,1229,121,1197,142,0.9597842476519,0.88653672461771,FALSE
"X25_DCP_ln_U","Diet",2426,263,2163,"continuous: per 1-SD increase in transformed concentration","2013-2014|2015-2016","WTSB2YR","ok",,0.0856528270305647,0.19848380557283,1.08942804267509,0.738321854760096,1.60750146093472,0.674415072395202,0.96461130145931,0.759365841007965,1.22533160257503,1.05087460209109,0.829297346336106,1.33165436281588,1229,121,1197,142,0.9597842476519,0.894341591551061,FALSE
"MHNCH_binary_U","Diet",2427,263,2164,"binary: high/present vs low/absent","2013-2014|2015-2016","WTSB2YR","ok",,-0.189054561900898,0.458063427029875,0.827741342321529,0.337274250838116,2.03144986041969,0.687737695140862,0.846344965831431,0.469569262952172,1.52544013780809,0.700554718084378,0.371001136876156,1.32284476851646,1229,121,1198,142,0.9597842476519,0.894341591551061,FALSE
"HIBP_ln_U","Diet",2323,256,2067,"continuous: per 1-SD increase in transformed concentration","2013-2014|2015-2016","WTSB2YR|WTSSBH2Y","ok",,-0.0569669689244141,0.139372131843278,0.944625270839933,0.718825716777502,1.24135361532372,0.690575142440578,0.956781275516263,0.777282685207215,1.17773163689409,0.903799771519126,0.7214046936907,1.1323103857545,1173,118,1150,138,0.9597842476519,0.894341591551061,FALSE
"BDCPP_ln_U","Diet",2202,255,1947,"continuous: per 1-SD increase in transformed concentration","2013-2014|2015-2016","WTSSBI2Y|WTSSCH2Y","ok",,0.0697922688403289,0.172204515838308,1.07228541102493,0.765115418864924,1.50277458060205,0.693037324152029,0.953351154753889,0.752023063042955,1.20857786008972,1.02226453482636,0.770152312424894,1.35690663042146,1087,118,1115,137,0.9597842476519,0.894341591551061,FALSE
"MINP_binary_U","Diet",2427,263,2164,"binary: high/present vs low/absent","2013-2014|2015-2016","WTSB2YR","ok",,0.167253735109231,0.427727841000428,1.18205415590073,0.511149671089141,2.73354773858109,0.703243760335336,0.964948790674215,0.575382889599393,1.61827225914194,1.14062172824784,0.706513175499887,1.84146307820879,1229,121,1198,142,0.9597842476519,0.894341591551061,FALSE
"DHB_Cys_ln_U","Diet",2361,243,2118,"continuous: per 1-SD increase in transformed concentration","2013-2014|2015-2016","WTSA2YR","ok",,0.110779828224939,0.288452339996683,1.11714891511558,0.634710202567882,1.96628586320928,0.7082621586832,1.09398360270742,0.869430737329044,1.37653302512557,1.22214259491883,0.723547217180639,2.06431935172799,1193,122,1168,121,0.9597842476519,0.894341591551061,FALSE
"PrP_ln_U","Diet",2426,263,2163,"continuous: per 1-SD increase in transformed concentration","2013-2014|2015-2016","WTSB2YR","ok",,0.072825234449962,0.203298057106579,1.07554255270279,0.722065836846236,1.60205859859946,0.726959054026224,0.79112091318563,0.582407335319295,1.07462983606919,0.850884206464233,0.632295042913637,1.14504129191656,1229,121,1197,142,0.9597842476519,0.894341591551061,FALSE
"X25_DMF_binary_S","Diet",3581,374,3207,"binary: high/present vs low/absent","2013-2014|2015-2016","WTSVOC2Y","ok",,0.148826125481847,0.418362183893192,1.16047119529627,0.511113420772425,2.63482299697228,0.728767081552823,1.82532938297089,0.961575358779349,3.46496748894067,2.11824217086564,1.16945952525588,3.83677228457464,1828,194,1753,180,0.9597842476519,0.894341591551061,FALSE
"MCNP_ln_U","Diet",2426,263,2163,"continuous: per 1-SD increase in transformed concentration","2013-2014|2015-2016","WTSB2YR","ok",,-0.056942872635927,0.160583735461887,0.944648033077213,0.689570048213365,1.29408159288342,0.72959445626534,1.06018097838983,0.824160941552979,1.36379152453121,1.00149787594183,0.777889146347739,1.28938422682095,1229,121,1197,142,0.9597842476519,0.894341591551061,FALSE
"Se_ln_S","Diet",3690,394,3296,"continuous: per 1-SD increase in transformed concentration","2013-2014|2015-2016","WTSH2YR","ok",,0.0412577708051602,0.123732929499292,1.0421206992179,0.817700806907375,1.32813315403934,0.745070020829851,0.932390216994529,0.764343016541831,1.13738399898042,0.971663144878269,0.832161953556735,1.13454990711776,1884,202,1806,192,0.961050012397892,0.897823037898031,FALSE
"BCPP_binary_U","Diet",2217,261,1956,"binary: high/present vs low/absent","2013-2014|2015-2016","WTSSBI2Y|WTSSCH2Y","ok",,-0.141519559144111,0.429886560461579,0.868038197334657,0.373776513505256,2.01588458559317,0.748185864915026,1.26014198140881,0.589838701475022,2.69218993148106,1.09385137392782,0.608233993543127,1.96718835340621,1093,120,1124,141,0.961050012397892,0.897823037898031,FALSE
"MECPP_ln_U","Diet",2426,263,2163,"continuous: per 1-SD increase in transformed concentration","2013-2014|2015-2016","WTSB2YR","ok",,-0.062274521766222,0.20486182558736,0.939624903893546,0.628886992919839,1.40390081200088,0.766813820297186,1.08922066028793,0.834755728568561,1.42125607072205,1.02345885824191,0.761834743613432,1.37492814983159,1229,121,1197,142,0.962294270163351,0.908336936625932,FALSE
"DBUP_binary_U","Diet",2215,261,1954,"binary: high/present vs low/absent","2013-2014|2015-2016","WTSSBI2Y|WTSSCH2Y","ok",,0.0912858775281291,0.308594275297456,1.09558216281455,0.598362272229139,2.00597586309344,0.772883182918556,1.35092288878739,0.861919090039231,2.11735959040725,1.48004702029336,0.936811600112079,2.33829211979994,1092,120,1123,141,0.962294270163351,0.908336936625932,FALSE
"BDCPP_ln_U","PhysicalActivity",2202,255,1947,"continuous: per 1-SD increase in transformed concentration","2013-2014|2015-2016","WTSSBI2Y|WTSSCH2Y","ok",,0.381020311214285,0.192371588510011,1.46377733620293,1.00397989657226,2.13415039215095,0.0731882448461493,0.808056527166335,0.610775155709005,1.06906010336676,1.18281483083693,0.90391135515176,1.54777447597493,1317,108,885,147,0.752023385371741,0.910318902650987,FALSE
"U_ln_U","PhysicalActivity",2502,262,2240,"continuous: per 1-SD increase in transformed concentration","2013-2014|2015-2016","WTSA2YR","ok",,-0.302588364764552,0.157933260471808,0.738903192367438,0.542190666990178,1.00698510861804,0.0817156373562911,1.2255779595375,0.981408321510575,1.53049582114014,0.905583466797428,0.708615790856211,1.15730050884973,1489,107,1013,155,0.752023385371741,0.910318902650987,FALSE
"BP3_ln_U","PhysicalActivity",2426,263,2163,"continuous: per 1-SD increase in transformed concentration","2013-2014|2015-2016","WTSB2YR","ok",,-0.322212917531763,0.180613856535353,0.724543905805467,0.508537623858853,1.03230094846541,0.102001895607094,1.05007202585,0.808855448838618,1.36322412250045,0.760823286986421,0.578978496049766,0.999781646417257,1427,126,999,137,0.825146011272712,0.910318902650987,FALSE
"X24D_ln_U","PhysicalActivity",2473,277,2196,"continuous: per 1-SD increase in transformed concentration","2013-2014|2015-2016","WTSB2YR|WTSC2YR","ok",,-0.220259672556585,0.124516930733573,0.802310432909018,0.628566872285302,1.02407883573998,0.104590605788907,0.820724233423221,0.643963204359784,1.04600427907648,0.658475615016706,0.521848723305765,0.830873232428275,1488,116,985,161,0.825146011272712,0.910318902650987,FALSE
"X2_HPMA_ln_U","PhysicalActivity",2462,256,2206,"continuous: per 1-SD increase in transformed concentration","2013-2014|2015-2016","WTSA2YR","ok",,-0.346758589494127,0.199934664554868,0.706975979087221,0.477767755354528,1.04614643706009,0.110749994732091,1.46003020883106,1.06720667773334,1.99744646953184,1.03220628638526,0.766589013459986,1.38985792771065,1467,105,995,151,0.827901599964483,0.910318902650987,FALSE
"OXY_binary_U","PhysicalActivity",2465,275,2190,"binary: high/present vs low/absent","2013-2014|2015-2016","WTSB2YR|WTSC2YR","ok",,-0.824754947431452,0.488443173404275,0.438342396234728,0.168283778425851,1.14178596495838,0.119420420236041,1.76166673463022,0.911350353806856,3.40535302470562,0.77221321782482,0.435207011509105,1.37018301179389,1483,116,982,159,0.848577665273039,0.910318902650987,FALSE
"MiBP_ln_U","PhysicalActivity",2426,263,2163,"continuous: per 1-SD increase in transformed concentration","2013-2014|2015-2016","WTSB2YR","ok",,-0.282974651069565,0.169462014219673,0.753538889022497,0.540575914752088,1.0503998453754,0.123129222945005,1.23887801116192,1.00837661218475,1.52206894526754,0.93354276016535,0.695969831477007,1.25221244605907,1427,126,999,137,0.850710994892761,0.910318902650987,FALSE
"DEA_ln_U","PhysicalActivity",2444,271,2173,"continuous: per 1-SD increase in transformed concentration","2013-2014|2015-2016","WTSB2YR|WTSC2YR","ok",,-0.342500042931402,0.22190169035264,0.709993088904552,0.459586845050556,1.09683336614384,0.150979562128852,1.04332450896915,0.790272012450962,1.37740678382339,0.740753190852831,0.5598888624779,0.980043230955161,1478,115,966,156,0.897769294326571,0.910318902650987,FALSE
"Sb_ln_U","PhysicalActivity",2502,262,2240,"continuous: per 1-SD increase in transformed concentration","2013-2014|2015-2016","WTSA2YR","ok",,-0.349943718008968,0.233916551871018,0.704727752083587,0.445561426386426,1.11464138308521,0.16277721384316,1.2854478919104,1.01278411430044,1.63151876049934,0.905890803286599,0.67915877834011,1.20831560108066,1489,107,1013,155,0.901503650403988,0.910318902650987,FALSE
"PGA_ln_U","PhysicalActivity",2442,253,2189,"continuous: per 1-SD increase in transformed concentration","2013-2014|2015-2016","WTSA2YR","ok",,-0.275857112333812,0.184518835340092,0.758921363516659,0.528604888098629,1.08958817629117,0.163037108760645,1.54501831658983,1.19066752437796,2.00482632617796,1.17254740748457,0.865390823455851,1.58872429142291,1457,106,985,147,0.901503650403988,0.910318902650987,FALSE
"X4FPBA_binary_U","PhysicalActivity",2474,277,2197,"binary: high/present vs low/absent","2013-2014|2015-2016","WTSB2YR|WTSC2YR","ok",,-0.763383507909547,0.541329615077112,0.466086747890519,0.161316088927298,1.34665338097222,0.186125419402347,1.83317496337083,0.932299954782725,3.60455927203476,0.854418556991834,0.365221297897352,1.99887321669063,1490,116,984,161,0.917539773720832,0.910318902650987,FALSE
"Mn_binary_U","PhysicalActivity",2504,262,2242,"binary: high/present vs low/absent","2013-2014|2015-2016","WTSA2YR","ok",,0.535008158276635,0.386916060123697,1.70746217214613,0.799837002006192,3.64502650164643,0.194167405121915,0.896570306472031,0.537546210065749,1.49538458163258,1.53085988297046,0.89725099504168,2.61190234866161,1490,107,1014,155,0.922295174329094,0.910318902650987,FALSE
"Se_ln_S","PhysicalActivity",3690,394,3296,"continuous: per 1-SD increase in transformed concentration","2013-2014|2015-2016","WTSH2YR","ok",,0.202391317027718,0.148963953972015,1.22432701439181,0.914316915670448,1.63944974929225,0.201462522523552,0.838050310334446,0.641405861680153,1.09498270067555,1.02604763436191,0.902164139080091,1.16694257993135,2181,162,1509,232,0.937417451742244,0.910318902650987,FALSE
"FA_ln_S","PhysicalActivity",2218,242,1976,"continuous: per 1-SD increase in transformed concentration","2013-2014|2015-2016","WTSA2YR","ok",,0.192748652895879,0.143535658814662,1.21257797725028,0.915228756013555,1.60653316589038,0.206368991879447,0.912587010736278,0.726788782688536,1.14588319467979,1.10658291154347,0.914103749997941,1.33959163839202,1318,95,900,147,0.938972847479387,0.910318902650987,FALSE
"Sr_ln_U","PhysicalActivity",2502,262,2240,"continuous: per 1-SD increase in transformed concentration","2013-2014|2015-2016","WTSA2YR","ok",,-0.235302925730793,0.176067141391009,0.790331401645677,0.559677517429981,1.11604219389671,0.208392311482395,1.09099369336141,0.77700663503931,1.53186238737094,0.86224657486092,0.716225630470448,1.03803762980535,1489,107,1013,155,0.938972847479387,0.910318902650987,FALSE
"PHE_Cys_binary_U","PhysicalActivity",2428,252,2176,"binary: high/present vs low/absent","2013-2014|2015-2016","WTSA2YR","ok",,0.529988472470267,0.411635633081581,1.69891272423873,0.758192954482187,3.8068204505428,0.224342920067339,0.929153641701086,0.53245031202345,1.621421699624,1.57855094465873,0.890573666160306,2.79799771716406,1443,105,985,147,0.947225662506544,0.910318902650987,FALSE
"EtP_binary_U","PhysicalActivity",2428,263,2165,"binary: high/present vs low/absent","2013-2014|2015-2016","WTSB2YR","ok",,0.337374025166482,0.270198648763038,1.40126307339034,0.825129177258801,2.37967369832987,0.23772657306683,0.675039079080702,0.387858996726582,1.17485416641592,0.945907334611207,0.545246693335902,1.64098324044318,1429,126,999,137,0.952135672030714,0.910318902650987,FALSE
"Cs_ln_U","PhysicalActivity",2502,262,2240,"continuous: per 1-SD increase in transformed concentration","2013-2014|2015-2016","WTSA2YR","ok",,-0.200836766600213,0.164757293630894,0.81804595307808,0.592288718914319,1.1298529922604,0.248345308947584,1.11375120983261,0.862236014023082,1.43863366552722,0.911099669939383,0.772599065901094,1.07442869814435,1489,107,1013,155,0.952135672030714,0.910318902650987,FALSE
"GLYP_ln_U","PhysicalActivity",2209,260,1949,"continuous: per 1-SD increase in transformed concentration","2013-2014|2015-2016","WTSSCH2Y|WTSSGL2Y","ok",,-0.233307473893775,0.204364824797498,0.791910044421934,0.530538616729214,1.18204688345322,0.277854006491681,1.27377258308691,1.01185232700381,1.60349148796075,1.00871330285579,0.753873291942055,1.34969966204407,1318,109,891,151,0.952135672030714,0.910318902650987,FALSE
"Chloroform_binary_S","PhysicalActivity",3484,362,3122,"binary: high/present vs low/absent","2013-2014|2015-2016","WTSVOC2Y","ok",,0.332327623576193,0.30132659905212,1.39420954961401,0.772384720427599,2.51664774927033,0.293622565771187,0.616791144145174,0.361320059860857,1.05289287188321,0.859936103284555,0.554904654844095,1.33264353664503,2055,147,1429,215,0.952135672030714,0.910318902650987,FALSE
"THg_ln_S","PhysicalActivity",3690,394,3296,"continuous: per 1-SD increase in transformed concentration","2013-2014|2015-2016","WTSH2YR","ok",,0.170954065822532,0.156031916540372,1.18643624979678,0.873830821101993,1.61087357053471,0.296646874541749,0.881589163289938,0.706648477962586,1.09983885491564,1.0459493407552,0.867668809278871,1.26086130067931,2181,162,1509,232,0.952135672030714,0.910318902650987,FALSE
"CEMA_AAM_ln_U","PhysicalActivity",2416,251,2165,"continuous: per 1-SD increase in transformed concentration","2013-2014|2015-2016","WTSA2YR","ok",,-0.251296728267617,0.236847467881038,0.777791544576616,0.48893889064896,1.23729099563327,0.311427254726884,1.43588318462456,1.13922728113171,1.80978857690225,1.11681780000073,0.736887220990964,1.69263621741347,1438,103,978,148,0.952135672030714,0.910318902650987,FALSE
"MA_ln_U","PhysicalActivity",2437,259,2178,"continuous: per 1-SD increase in transformed concentration","2013-2014|2015-2016","WTSA2YR","ok",,-0.314438805601539,0.29673566997289,0.730198542638401,0.408182574255988,1.30625348875589,0.312013208214278,1.36221026031673,0.997943695306597,1.8594403692706,0.994683946850352,0.678236672510387,1.45877714111167,1457,107,980,152,0.952135672030714,0.910318902650987,FALSE
"Co_ln_U","PhysicalActivity",2502,262,2240,"continuous: per 1-SD increase in transformed concentration","2013-2014|2015-2016","WTSA2YR","ok",,-0.136610713036817,0.129918554928346,0.872309738853077,0.676210351356928,1.12527748055173,0.315575861369815,1.33228106934002,1.06208501042809,1.67121542088835,1.16216175167489,0.958452607755963,1.40916715769419,1489,107,1013,155,0.952135672030714,0.910318902650987,FALSE
"HEMA_binary_U","PhysicalActivity",2468,257,2211,"binary: high/present vs low/absent","2013-2014|2015-2016","WTSA2YR","ok",,0.372999281207105,0.357835549893963,1.45208329608524,0.720104890318142,2.92810940061555,0.319605238127408,1.12038078330898,0.643618601455193,1.95030581274372,1.62688622069787,1.16028889789487,2.28112048637081,1470,106,998,151,0.952135672030714,0.910318902650987,FALSE
"DHB_Cys_ln_U","PhysicalActivity",2361,243,2118,"continuous: per 1-SD increase in transformed concentration","2013-2014|2015-2016","WTSA2YR","ok",,-0.254039626148183,0.248485048522434,0.775661064977183,0.476603523547966,1.2623702049928,0.328571825003605,1.36971230474292,1.01011940309125,1.85731685979176,1.06243250500925,0.72859187438883,1.54923883641589,1404,99,957,144,0.952135672030714,0.910318902650987,FALSE
"MeP_ln_U","PhysicalActivity",2426,263,2163,"continuous: per 1-SD increase in transformed concentration","2013-2014|2015-2016","WTSB2YR","ok",,-0.184074341527168,0.180193508214955,0.831873958747367,0.584350901637839,1.18424440058604,0.3289414975052,0.879189963803892,0.656580636405959,1.17727351309758,0.731375235680497,0.527117909521352,1.01478194101283,1427,126,999,137,0.952135672030714,0.910318902650987,FALSE
"AsC_binary_U","PhysicalActivity",2508,264,2244,"binary: high/present vs low/absent","2013-2014|2015-2016","WTSA2YR","ok",,-0.562934272360919,0.556960421034699,0.569535437519018,0.191172962556206,1.69673896482413,0.33386386818291,1.63537100104456,0.75083186393826,3.56196698556391,0.93140173858583,0.495286482688467,1.75153013248368,1491,108,1017,156,0.952135672030714,0.910318902650987,FALSE
"PrP_ln_U","PhysicalActivity",2426,263,2163,"continuous: per 1-SD increase in transformed concentration","2013-2014|2015-2016","WTSB2YR","ok",,-0.184275213801363,0.183341181967215,0.831706875115226,0.580640235194244,1.19133377982758,0.33644918997119,0.892432173783602,0.688462983860856,1.15683080060132,0.742241974509848,0.548249822704499,1.00487610922807,1427,126,999,137,0.952135672030714,0.910318902650987,FALSE
"CEMA_CEM_ln_U","PhysicalActivity",2472,259,2213,"continuous: per 1-SD increase in transformed concentration","2013-2014|2015-2016","WTSA2YR","ok",,-0.202233285074472,0.202944354751457,0.816904334123332,0.54880931990124,1.21596457441644,0.340424925451173,1.5815843094514,1.19332519620641,2.09616702626817,1.29200307717231,0.915393165170054,1.82355736850253,1472,107,1000,152,0.952135672030714,0.910318902650987,FALSE
"DMA_ln_U","PhysicalActivity",2506,264,2242,"continuous: per 1-SD increase in transformed concentration","2013-2014|2015-2016","WTSA2YR","ok",,-0.194924866092895,0.197850424797226,0.822896483161332,0.55838214758881,1.21271538662791,0.3456939655621,1.20041261788621,0.854696447581032,1.68596752362633,0.987815321601046,0.816686260916095,1.19480289590672,1490,108,1016,156,0.952135672030714,0.910318902650987,FALSE
"X1_PY_ln_U","PhysicalActivity",2493,261,2232,"continuous: per 1-SD increase in transformed concentration","2013-2014|2015-2016","WTSA2YR","ok",,-0.265391303661032,0.274153513621751,0.766905798207937,0.44810298741665,1.3125208263298,0.353827548577211,1.56452910021909,1.10067805022318,2.22385765295858,1.19984643842306,0.814741640661478,1.76697913049798,1484,107,1009,154,0.952135672030714,0.910318902650987,FALSE
"PNP_ln_U","PhysicalActivity",2427,273,2154,"continuous: per 1-SD increase in transformed concentration","2013-2014|2015-2016","WTSB2YR|WTSC2YR","ok",,-0.174760302733034,0.183440036110578,0.839658260440157,0.586077776675666,1.20295636924577,0.361215851517301,1.0103006796515,0.824636995953368,1.23776579066071,0.848307311197691,0.657781984501887,1.09401794391861,1459,115,968,158,0.952135672030714,0.910318902650987,FALSE
"X3PBA_ln_U","PhysicalActivity",2449,272,2177,"continuous: per 1-SD increase in transformed concentration","2013-2014|2015-2016","WTSB2YR|WTSC2YR","ok",,-0.168336525151088,0.185225430143764,0.845069399720163,0.587794214174622,1.21495290889549,0.382925600289642,0.914002853529242,0.696065924251924,1.20017542470193,0.772395842774473,0.602502500126782,0.990195622109036,1475,115,974,157,0.952135672030714,0.910318902650987,FALSE
"Pb_ln_U","PhysicalActivity",2502,262,2240,"continuous: per 1-SD increase in transformed concentration","2013-2014|2015-2016","WTSA2YR","ok",,-0.16778897092879,0.190133216035919,0.845532247743745,0.582486031341641,1.22736811443856,0.396392145571722,1.02600324988686,0.799357506973683,1.31691096861502,0.867518834069224,0.663140156708978,1.13488667493726,1489,107,1013,155,0.952135672030714,0.910318902650987,FALSE
"PFUnDA_binary_S","PhysicalActivity",2365,265,2100,"binary: high/present vs low/absent","2013-2014|2015-2016","WTSB2YR","ok",,0.392914999934173,0.447295347952564,1.48129247402014,0.616446412650384,3.55947791820981,0.3984951453178,0.8287071329105,0.498208461782019,1.37845011640372,1.22755763914713,0.639422817622697,2.35665308759382,1377,124,988,141,0.952135672030714,0.910318902650987,FALSE
"Tl_ln_U","PhysicalActivity",2502,262,2240,"continuous: per 1-SD increase in transformed concentration","2013-2014|2015-2016","WTSA2YR","ok",,-0.154140265768201,0.184941939303178,0.857151783525672,0.596529569620682,1.23163916328309,0.422318520650479,1.10974033225483,0.867003983931438,1.42043592400661,0.951215905042601,0.758115283547039,1.19350146032226,1489,107,1013,155,0.952135672030714,0.910318902650987,FALSE
"BPF_binary_U","PhysicalActivity",2426,263,2163,"binary: high/present vs low/absent","2013-2014|2015-2016","WTSB2YR","ok",,-0.387576896689429,0.471390913473259,0.678699442504508,0.269414797985053,1.70975364642548,0.42842648544466,1.37908619532959,0.823343028605694,2.30994696993962,0.935985031935853,0.470555764692006,1.86177291990328,1428,126,998,137,0.952135672030714,0.910318902650987,FALSE
"X3_HPMA_ln_U","PhysicalActivity",2400,251,2149,"continuous: per 1-SD increase in transformed concentration","2013-2014|2015-2016","WTSA2YR","ok",,-0.185595300928717,0.241683356098864,0.830609673935566,0.517216009243813,1.33389612483964,0.458698358975127,1.46407789879247,1.10801386874297,1.93456431747049,1.21607726613228,0.855157827672425,1.72932278621468,1434,104,966,147,0.952135672030714,0.910318902650987,FALSE
"MHBP_ln_U","PhysicalActivity",2323,256,2067,"continuous: per 1-SD increase in transformed concentration","2013-2014|2015-2016","WTSB2YR|WTSSBH2Y","ok",,-0.184674815093123,0.244759762563612,0.831374590368693,0.514580151960607,1.34319931866246,0.466386694717576,0.959325583868217,0.742602064447208,1.23929843441678,0.797558914318646,0.561944048237178,1.13196362485658,1357,122,966,134,0.952135672030714,0.910318902650987,FALSE
"MECPP_ln_U","PhysicalActivity",2426,263,2163,"continuous: per 1-SD increase in transformed concentration","2013-2014|2015-2016","WTSB2YR","ok",,-0.153439546819191,0.203594507960834,0.857752616505508,0.575517995244259,1.27839538850525,0.466883530457437,1.12406392711591,0.914506601506271,1.38164088718674,0.964168774603133,0.68008620220707,1.36691705096034,1427,126,999,137,0.952135672030714,0.910318902650987,FALSE
"Sn_ln_U","PhysicalActivity",2501,262,2239,"continuous: per 1-SD increase in transformed concentration","2013-2014|2015-2016","WTSA2YR","ok",,-0.15770483349004,0.212066996639707,0.854101847027407,0.563630633649985,1.29426954736574,0.472670499224447,1.28231052484407,0.885920188560136,1.85605916126411,1.095223787732,0.902702762578972,1.32880411464244,1488,107,1013,155,0.952135672030714,0.910318902650987,FALSE
"MINP_binary_U","PhysicalActivity",2427,263,2164,"binary: high/present vs low/absent","2013-2014|2015-2016","WTSB2YR","ok",,-0.270599063838815,0.374511876307544,0.762922318239009,0.366175577229997,1.58953928077403,0.485042173103654,1.16437784486428,0.752626894003587,1.80139160108769,0.888329844709996,0.555901576039321,1.41954969551421,1428,126,999,137,0.952135672030714,0.910318902650987,FALSE
"AsB_binary_U","PhysicalActivity",2508,264,2244,"binary: high/present vs low/absent","2013-2014|2015-2016","WTSA2YR","ok",,0.364588877036834,0.504676975999725,1.43992190148437,0.53548735869266,3.87194029647367,0.485111704921457,1.0789556115827,0.536481789513802,2.16996221404052,1.55361181584739,0.905902958141002,2.66442410045086,1491,108,1017,156,0.952135672030714,0.910318902650987,FALSE
"Cd_ln_S","PhysicalActivity",3690,394,3296,"continuous: per 1-SD increase in transformed concentration","2013-2014|2015-2016","WTSH2YR","ok",,-0.152401872348124,0.212584793652185,0.858643146458339,0.566052715660604,1.30247242449753,0.488379228812447,1.48172063315921,1.16032662649647,1.89213621802239,1.27226926662806,0.967266322905718,1.67344716597156,2181,162,1509,232,0.952135672030714,0.910318902650987,FALSE
"GAM_Cys_binary_U","PhysicalActivity",2486,259,2227,"binary: high/present vs low/absent","2013-2014|2015-2016","WTSA2YR","ok",,0.225877843399025,0.320611362896331,1.25342254208855,0.668632680039979,2.34967287109235,0.495753300582109,1.05985528603624,0.746416414558356,1.50491495823226,1.32844650686953,0.841601249775619,2.09691955909567,1482,107,1004,152,0.952135672030714,0.910318902650987,FALSE
"TCPY_ln_U","PhysicalActivity",2449,273,2176,"continuous: per 1-SD increase in transformed concentration","2013-2014|2015-2016","WTSB2YR|WTSC2YR","ok",,0.11518871876388,0.165191461090364,1.1220851761192,0.811730780443844,1.55109941965981,0.500084841102372,0.904782803168843,0.70617886036895,1.15924161264523,1.01524337104333,0.752220251771065,1.37023577871062,1475,115,974,158,0.952135672030714,0.910318902650987,FALSE
"X2_NP_ln_U","PhysicalActivity",2453,256,2197,"continuous: per 1-SD increase in transformed concentration","2013-2014|2015-2016","WTSA2YR","ok",,-0.154337601920867,0.224049083829932,0.856982653178775,0.552404999916261,1.32949424418798,0.505183608342192,1.39427619355785,1.09347256192052,1.7778279690053,1.19487051161921,0.834857309519514,1.71013120836045,1461,103,992,153,0.952135672030714,0.910318902650987,FALSE
"X23_OH_PH_ln_U","PhysicalActivity",2494,262,2232,"continuous: per 1-SD increase in transformed concentration","2013-2014|2015-2016","WTSA2YR","ok",,-0.165425092266465,0.244857911045333,0.847533347629322,0.524480726673499,1.3695694404247,0.513249205124882,1.39436980392961,1.02359005524077,1.89945881181247,1.1817749077577,0.826597825996234,1.6895664235779,1484,107,1010,155,0.952135672030714,0.910318902650987,FALSE
"MEOHP_ln_U","PhysicalActivity",2426,263,2163,"continuous: per 1-SD increase in transformed concentration","2013-2014|2015-2016","WTSB2YR","ok",,-0.126171272303794,0.187947589129572,0.881463863507544,0.609846162040104,1.27405662449435,0.515872128794357,1.13172225383543,0.912907065255223,1.40298537339972,0.997572270283242,0.742621378992878,1.34005088270911,1427,126,999,137,0.952135672030714,0.910318902650987,FALSE
"As_III_binary_U","PhysicalActivity",2508,264,2244,"binary: high/present vs low/absent","2013-2014|2015-2016","WTSA2YR","ok",,0.274408957773457,0.411971036450975,1.31575277955337,0.586809951650733,2.95019771227879,0.519079644848808,0.489995177427427,0.268465095645597,0.894325846437362,0.644712516667884,0.361410126424564,1.15009015729667,1491,108,1017,156,0.952135672030714,0.910318902650987,FALSE
"Cd_ln_U","PhysicalActivity",2502,262,2240,"continuous: per 1-SD increase in transformed concentration","2013-2014|2015-2016","WTSA2YR","ok",,-0.152011838718417,0.232048630324063,0.85897811148094,0.545077575460629,1.35364841486981,0.525874400989716,1.54565952511858,1.14111991844545,2.09361288763098,1.32768769987889,0.994117566210425,1.77318527337698,1489,107,1013,155,0.952135672030714,0.910318902650987,FALSE
"BCETP_ln_U","PhysicalActivity",2213,261,1952,"continuous: per 1-SD increase in transformed concentration","2013-2014|2015-2016","WTSSBI2Y|WTSSCH2Y","ok",,-0.154240441153027,0.2390374895304,0.857065922316564,0.536465019344008,1.36926354694024,0.531988992685663,1.11766284031884,0.786488771352541,1.58828742396583,0.957910733076818,0.718230605477722,1.27757431324364,1320,110,893,151,0.952135672030714,0.910318902650987,FALSE
"MeFOSAA_binary_S","PhysicalActivity",2365,265,2100,"binary: high/present vs low/absent","2013-2014|2015-2016","WTSB2YR","ok",,0.215757974376959,0.334938472766329,1.24080203677086,0.643571960000734,2.39225726125942,0.532665993179492,1.21138342379146,0.749336761107863,1.95833152142057,1.5030870195509,0.821299363906105,2.75084906628603,1377,124,988,141,0.952135672030714,0.910318902650987,FALSE
"Mn_ln_S","PhysicalActivity",3690,394,3296,"continuous: per 1-SD increase in transformed concentration","2013-2014|2015-2016","WTSH2YR","ok",,-0.0958081837210227,0.153600498324025,0.9086382909697,0.672424688971826,1.22783050259318,0.545509561046491,1.17415497827778,0.892513051680504,1.54467199153969,1.06688217279588,0.903375866006658,1.25998226592128,2181,162,1509,232,0.952135672030714,0.910318902650987,FALSE
"X1_NP_ln_U","PhysicalActivity",2414,247,2167,"continuous: per 1-SD increase in transformed concentration","2013-2014|2015-2016","WTSA2YR","ok",,-0.146915673036831,0.237294242992724,0.863366779445301,0.542258535067304,1.37462510526871,0.548439489421738,1.35603431686987,1.03015710159789,1.78499868192581,1.17075498097325,0.86486507869823,1.58483358761203,1436,99,978,148,0.952135672030714,0.910318902650987,FALSE
"o_Xylene_binary_S","PhysicalActivity",3575,375,3200,"binary: high/present vs low/absent","2013-2014|2015-2016","WTSVOC2Y","ok",,-0.248279493741151,0.405842381207165,0.780141868034795,0.352138554213545,1.72835756544777,0.553128257122919,1.72450739416138,1.04483814792368,2.84630280625481,1.34536041992087,0.844031496501253,2.14446340805124,2109,153,1466,222,0.952135672030714,0.910318902650987,FALSE
"PMM_Cys_ln_U","PhysicalActivity",2458,257,2201,"continuous: per 1-SD increase in transformed concentration","2013-2014|2015-2016","WTSA2YR","ok",,-0.165289977046299,0.276366625243727,0.84764787002087,0.493136847400414,1.4570132313952,0.561896803379875,1.38383917882829,1.05775259650151,1.81045253795074,1.17300833238523,0.76242123476446,1.80470910974857,1464,106,994,151,0.952135672030714,0.910318902650987,FALSE
"MHNCH_binary_U","PhysicalActivity",2427,263,2164,"binary: high/present vs low/absent","2013-2014|2015-2016","WTSB2YR","ok",,-0.303932216829303,0.512545813447336,0.737910882694763,0.270219142259375,2.01507734147384,0.565182986407694,0.895704706035571,0.475662662130481,1.68667205624433,0.660950250264561,0.339684863334322,1.28606034733679,1428,126,999,137,0.952135672030714,0.910318902650987,FALSE
"X1_PH_ln_U","PhysicalActivity",2494,262,2232,"continuous: per 1-SD increase in transformed concentration","2013-2014|2015-2016","WTSA2YR","ok",,-0.16673574944032,0.281205634877954,0.846423249605052,0.487776098092542,1.46877290681852,0.565217674031978,1.34789111777971,0.961344422610739,1.88986425952886,1.14088638002489,0.751442271440072,1.73216464071399,1484,107,1010,155,0.952135672030714,0.910318902650987,FALSE
"Total_As_ln_U","PhysicalActivity",2501,262,2239,"continuous: per 1-SD increase in transformed concentration","2013-2014|2015-2016","WTSA2YR","ok",,-0.128019297796538,0.216152563930675,0.87983640007698,0.575982314298417,1.3439858684608,0.565649255899246,1.10968960856543,0.806599246653985,1.5266701927461,0.976345310403041,0.765131969341649,1.24586372461502,1488,107,1013,155,0.952135672030714,0.910318902650987,FALSE
"TCC_binary_U","PhysicalActivity",2428,263,2165,"binary: high/present vs low/absent","2013-2014|2015-2016","WTSB2YR","ok",,-0.188019429197647,0.3219578505114,0.828598608070158,0.440847258472195,1.55740030158111,0.571009958784035,1.07389041570857,0.663340878257687,1.7385339314227,0.889824103676004,0.505892936014586,1.56512747879123,1429,126,999,137,0.952135672030714,0.910318902650987,FALSE
"ATCA_ln_U","PhysicalActivity",2426,257,2169,"continuous: per 1-SD increase in transformed concentration","2013-2014|2015-2016","WTSA2YR","ok",,-0.119991831197816,0.206832345725909,0.88692768182435,0.591328706735854,1.33029346254571,0.573511325656287,0.89855708104362,0.662714868467291,1.21832912812259,0.796955148876872,0.622415889836773,1.02043909818549,1442,106,984,151,0.952135672030714,0.910318902650987,FALSE
"X25_DCP_ln_U","PhysicalActivity",2426,263,2163,"continuous: per 1-SD increase in transformed concentration","2013-2014|2015-2016","WTSB2YR","ok",,-0.124259803642538,0.215192201871589,0.88315036539292,0.579241077509554,1.34651114739145,0.575273086980342,1.07204573921348,0.839960544147693,1.36825720561905,0.946777586304309,0.722631989597078,1.24044854204146,1427,126,999,137,0.952135672030714,0.910318902650987,FALSE
"MMA_binary_U","PhysicalActivity",2508,264,2244,"binary: high/present vs low/absent","2013-2014|2015-2016","WTSA2YR","ok",,0.203692526342985,0.354022777541731,1.22592115703958,0.612508709153142,2.45365112498589,0.576624156198751,1.00004461552062,0.540769549654428,1.84938155942929,1.22597585215024,0.830245321235844,1.81032852773951,1491,108,1017,156,0.952135672030714,0.910318902650987,FALSE
"MBzP_ln_U","PhysicalActivity",2426,263,2163,"continuous: per 1-SD increase in transformed concentration","2013-2014|2015-2016","WTSB2YR","ok",,-0.12275270489844,0.216716551049135,0.884482363673802,0.578384072924245,1.35257709932213,0.582479885369477,1.08242436226321,0.824216707804298,1.42152238474049,0.957385258432675,0.736056555900215,1.24526644823262,1427,126,999,137,0.952135672030714,0.910318902650987,FALSE
"CMAC_ln_U","PhysicalActivity",2461,257,2204,"continuous: per 1-SD increase in transformed concentration","2013-2014|2015-2016","WTSA2YR","ok",,-0.185864816829501,0.334378418490799,0.830385841585639,0.431172724149321,1.59922139617323,0.589439197463605,1.29884786336928,0.895954389331886,1.88291479149619,1.07854487611561,0.687199728846786,1.69275248659853,1468,106,993,151,0.952135672030714,0.910318902650987,FALSE
"MCOP_ln_U","PhysicalActivity",2426,263,2163,"continuous: per 1-SD increase in transformed concentration","2013-2014|2015-2016","WTSB2YR","ok",,-0.12436248841885,0.224631705034976,0.883059683951081,0.568564434885417,1.37151456822468,0.590908761369939,1.09449744527275,0.869721058237064,1.37736650890895,0.966506568107822,0.695317195082515,1.34346590707383,1427,126,999,137,0.952135672030714,0.910318902650987,FALSE
"MB3_Cys_ln_U","PhysicalActivity",2427,253,2174,"continuous: per 1-SD increase in transformed concentration","2013-2014|2015-2016","WTSA2YR","ok",,0.147259147508419,0.272539502540073,1.15865418647264,0.679146594236672,1.9767153884346,0.599743796589411,1.28325850927581,0.924190381110586,1.78183243981602,1.48685284409905,1.0544491947211,2.09657458232512,1444,106,983,147,0.959590074543058,0.911610570815905,FALSE
"W_ln_U","PhysicalActivity",2501,262,2239,"continuous: per 1-SD increase in transformed concentration","2013-2014|2015-2016","WTSA2YR","ok",,0.110660572670845,0.211870816616097,1.11701569684637,0.737413690168525,1.69202726181561,0.611816613353919,1.0061411988385,0.703387192762622,1.43920748403762,1.12387551234644,0.866656515643744,1.45743572505625,1488,107,1013,155,0.9597842476519,0.914564497221824,FALSE
"BCPP_binary_U","PhysicalActivity",2217,261,1956,"binary: high/present vs low/absent","2013-2014|2015-2016","WTSSBI2Y|WTSSCH2Y","ok",,-0.197721889577539,0.386552609777563,0.820598038273123,0.384671711926453,1.75053459752831,0.619111677878257,1.26048678187108,0.601284339722324,2.64238867089978,1.03435298047261,0.614113428176775,1.74216364457123,1324,110,893,151,0.9597842476519,0.914564497221824,FALSE
"HIBP_ln_U","PhysicalActivity",2323,256,2067,"continuous: per 1-SD increase in transformed concentration","2013-2014|2015-2016","WTSB2YR|WTSSBH2Y","ok",,-0.0895602054868778,0.183328887685594,0.914333215590766,0.638339615001409,1.30965587829091,0.634773305319381,0.976068647361344,0.782633353035509,1.21731331876752,0.892451984979227,0.684639285901826,1.16334332822317,1357,122,966,134,0.9597842476519,0.914564497221824,FALSE
"MEP_ln_U","PhysicalActivity",2426,263,2163,"continuous: per 1-SD increase in transformed concentration","2013-2014|2015-2016","WTSB2YR","ok",,-0.0939129472294951,0.194390678776509,0.910362008326408,0.621935631687196,1.33254784575668,0.638486679049437,1.0871284170168,0.834561205422163,1.4161312404734,0.989680409024126,0.701171065345008,1.39690206914659,1427,126,999,137,0.9597842476519,0.914564497221824,FALSE
"Nitrate_ln_U","PhysicalActivity",2489,260,2229,"continuous: per 1-SD increase in transformed concentration","2013-2014|2015-2016","WTSA2YR","ok",,-0.0849783019774957,0.177666380715224,0.918532214517896,0.648427934284039,1.30114910925101,0.64179964717321,1.13975321523257,0.883340087447587,1.47059712345508,1.04690004479146,0.797589153615267,1.37414068235066,1484,108,1005,152,0.9597842476519,0.914564497221824,FALSE
"Nitrate_ln_U","Smoking",2489,260,2229,"continuous: per 1-SD increase in transformed concentration","2013-2014|2015-2016","WTSA2YR","ok",,0.136895309568215,0.163551789999429,1.1467080928708,0.832213551324442,1.58005051487409,0.420396964816018,0.970886725511891,0.794467462535831,1.18648160966402,1.11332366540531,0.833936794828598,1.48631118285922,1339,85,1150,175,0.952135672030714,0.921348328615441,FALSE
"AsC_binary_U","Smoking",2508,264,2244,"binary: high/present vs low/absent","2013-2014|2015-2016","WTSA2YR","ok",,-0.324488967905783,0.394589437240325,0.722896682670189,0.333576096281639,1.56659790566752,0.428346152777354,1.52248753483145,0.773753974540878,2.99574331116369,1.10060118833637,0.657426459545665,1.84252239650433,1353,89,1155,175,0.952135672030714,0.921348328615441,FALSE
"Ba_ln_U","Smoking",2502,262,2240,"continuous: per 1-SD increase in transformed concentration","2013-2014|2015-2016","WTSA2YR","ok",,0.153962291354984,0.192138706908804,1.16644690081701,0.800411287389451,1.69987404458426,0.439919399190071,0.867181175968241,0.669052445319331,1.12398242800643,1.011520795155,0.742699657599189,1.37764210412923,1347,88,1155,174,0.952135672030714,0.928579835714458,FALSE
"OXY_binary_U","Smoking",2464,275,2189,"binary: high/present vs low/absent","2013-2014|2015-2016","WTSB2YR|WTSC2YR","ok",,0.370123999905704,0.470395862748177,1.44791414474965,0.575882350887046,3.64042302622558,0.447999043546449,0.970341982859031,0.529149757022263,1.77938957961041,1.40497188222602,0.751233190473177,2.62760753235942,1309,105,1155,170,0.952135672030714,0.928579835714458,FALSE
"MINP_binary_U","Smoking",2424,263,2161,"binary: high/present vs low/absent","2013-2014|2015-2016","WTSB2YR","ok",,-0.324408451592743,0.434391336073285,0.722954889989074,0.308567249636266,1.69384072216096,0.47083883800915,1.26250190844919,0.71116394638513,2.24127091501158,0.912731928333881,0.585892482223341,1.42189838285468,1321,100,1103,163,0.952135672030714,0.929368528183886,FALSE
"MBzP_ln_U","Smoking",2423,263,2160,"continuous: per 1-SD increase in transformed concentration","2013-2014|2015-2016","WTSB2YR","ok",,-0.155793607862005,0.216130550392668,0.855735789285187,0.560229091674974,1.3071148070411,0.486050876241414,1.12925247864854,0.792715488907007,1.60866184448109,0.966341761118566,0.807291384138341,1.15672781554387,1321,100,1102,163,0.952135672030714,0.929368528183886,FALSE
"DCVDMPCA_binary_U","Smoking",2441,275,2166,"binary: high/present vs low/absent","2013-2014|2015-2016","WTSB2YR|WTSC2YR","ok",,0.321313312865713,0.456767847473287,1.37893755209524,0.5632950795394,3.37561757885976,0.496395364494378,0.625386911471838,0.328760617406133,1.18964610824152,0.862369496817377,0.521371301547623,1.42639448476266,1297,103,1144,172,0.952135672030714,0.929368528183886,FALSE
"Ethylbenzene_binary_S","Smoking",3491,366,3125,"binary: high/present vs low/absent","2013-2014|2015-2016","WTSVOC2Y","ok",,0.241181940812376,0.34554008547872,1.27275257988222,0.646568179634493,2.50538022225683,0.499675130099499,1.03902756972766,0.59290424879039,1.82083075447117,1.32242501993964,0.858106373861906,2.03798501751228,1898,133,1593,233,0.952135672030714,0.929368528183886,FALSE
"BDCPP_ln_U","Smoking",2201,255,1946,"continuous: per 1-SD increase in transformed concentration","2013-2014|2015-2016","WTSSBI2Y|WTSSCH2Y","ok",,0.15152375445925,0.221383949129888,1.16360594231132,0.753980490607095,1.79577430165602,0.507862117624664,0.900204353069108,0.630283945648399,1.2857187349916,1.04748313452573,0.812876720731573,1.34979990093501,1145,91,1056,164,0.952135672030714,0.929368528183886,FALSE
"PFNA_ln_S","Smoking",2362,265,2097,"continuous: per 1-SD increase in transformed concentration","2013-2014|2015-2016","WTSB2YR","ok",,0.130300756110429,0.206750586090713,1.13917094443073,0.759624996884967,1.70835668383318,0.541413915693117,0.792399764322542,0.565506878482829,1.11032670050447,0.902678787889996,0.692282157359382,1.17701862664583,1281,101,1081,164,0.952135672030714,0.929368528183886,FALSE
"MMA_binary_U","Smoking",2508,264,2244,"binary: high/present vs low/absent","2013-2014|2015-2016","WTSA2YR","ok",,-0.24287754772371,0.389555445739322,0.78436755548379,0.365530256764621,1.68312321814658,0.545684038644687,1.26347803349533,0.734727614842872,2.172746346912,0.991031176540195,0.584148381301525,1.68132417090048,1353,89,1155,175,0.952135672030714,0.929368528183886,FALSE
"Hg_binary_U","Smoking",2510,264,2246,"binary: high/present vs low/absent","2013-2014|2015-2016","WTSA2YR","ok",,-0.28199505734021,0.467041106823078,0.754277412660514,0.301979656423167,1.88401570486121,0.558228840381019,1.08461923343674,0.553928419635299,2.12373808571772,0.818103789118496,0.448099140093631,1.49362886442985,1349,89,1161,175,0.952135672030714,0.929368528183886,FALSE
"EtP_binary_U","Smoking",2425,263,2162,"binary: high/present vs low/absent","2013-2014|2015-2016","WTSB2YR","ok",,0.258297226219638,0.436162955071418,1.29472358723706,0.550690592468598,3.04401271834615,0.565688095856572,0.670290726734194,0.344544288391258,1.3040113375371,0.867841214209028,0.452426889096733,1.66468525905579,1322,100,1103,163,0.952135672030714,0.929368528183886,FALSE
"PFDA_ln_S","Smoking",2362,265,2097,"continuous: per 1-SD increase in transformed concentration","2013-2014|2015-2016","WTSB2YR","ok",,-0.0956444116483126,0.164209200768637,0.908787112732048,0.658695150787442,1.25383345433852,0.572006027067965,1.0074120715611,0.762000503003657,1.33186143306543,0.915523107845423,0.739626273474365,1.13325146909886,1281,101,1081,164,0.952135672030714,0.929368528183886,FALSE
"X14_DCB_binary_S","Smoking",3551,366,3185,"binary: high/present vs low/absent","2013-2014|2015-2016","WTSVOC2Y","ok",,0.206225894717162,0.357054903360776,1.22903080420582,0.610423856816032,2.47453748869786,0.575182864838768,1.2133872460339,0.707654148831608,2.08054826113665,1.49129030280613,0.950700882435226,2.33927075101366,1933,134,1618,232,0.952135672030714,0.929368528183886,FALSE
"BCETP_ln_U","Smoking",2212,261,1951,"continuous: per 1-SD increase in transformed concentration","2013-2014|2015-2016","WTSSBI2Y|WTSSCH2Y","ok",,-0.123593691693335,0.217536272481242,0.883738838376935,0.576970127589282,1.35361311983169,0.581343871031928,1.12190542438397,0.775941780568399,1.62212141784679,0.991471396513871,0.768912056435648,1.27844988497386,1147,93,1065,168,0.952135672030714,0.929368528183886,FALSE
"X25_DMF_binary_S","Smoking",3581,374,3207,"binary: high/present vs low/absent","2013-2014|2015-2016","WTSVOC2Y","ok",,0.454565998381969,0.801825496164116,1.57548946965595,0.327256185113697,7.58478275402011,0.582156105429962,1.16905994999501,0.23750739460653,5.75435206531785,1.84184164061365,1.13117306456495,2.99899346560475,1947,137,1634,237,0.952135672030714,0.929368528183886,FALSE
"ATCA_ln_U","Smoking",2426,257,2169,"continuous: per 1-SD increase in transformed concentration","2013-2014|2015-2016","WTSA2YR","ok",,-0.127515931181236,0.226063118789447,0.880279391831983,0.565186426412039,1.37103753995529,0.584022390415333,0.864168243607758,0.623131219992808,1.198442204948,0.760709495923549,0.58657429193999,0.986539889558377,1309,85,1117,172,0.952135672030714,0.929368528183886,FALSE
"X24_DCP_ln_U","Smoking",2423,263,2160,"continuous: per 1-SD increase in transformed concentration","2013-2014|2015-2016","WTSB2YR","ok",,-0.123014995200275,0.219004186233159,0.88425040294952,0.575645533920382,1.35829903828375,0.585581799515175,0.99611510604336,0.757866367215656,1.30926156300247,0.880815183902945,0.655268536784107,1.18399609418389,1321,100,1102,163,0.952135672030714,0.929368528183886,FALSE
"CEMA_AAM_ln_U","Smoking",2416,251,2165,"continuous: per 1-SD increase in transformed concentration","2013-2014|2015-2016","WTSA2YR","ok",,0.143622069804999,0.258570973301945,1.15444772541495,0.695463299260757,1.91634778159018,0.589707585897935,1.06372027265279,0.720359240142644,1.57074519961523,1.22800944924178,0.906417409681105,1.66370062106116,1301,81,1115,170,0.952135672030714,0.929368528183886,FALSE
"X24D_ln_U","Smoking",2472,277,2195,"continuous: per 1-SD increase in transformed concentration","2013-2014|2015-2016","WTSB2YR|WTSC2YR","ok",,-0.0810102137366294,0.145871948012672,0.922184272449224,0.692865604263468,1.22740085107374,0.589769619404145,0.771483050695103,0.610400097577948,0.975075364292218,0.711449535812172,0.559926934720587,0.903975877245372,1312,105,1160,172,0.952135672030714,0.929368528183886,FALSE
"MA_ln_U","Smoking",2437,259,2178,"continuous: per 1-SD increase in transformed concentration","2013-2014|2015-2016","WTSA2YR","ok",,0.116480390052368,0.212838905643209,1.12353547777929,0.740311774213314,1.70513561150659,0.595121952258102,1.02584792664514,0.788667114415327,1.33435761345558,1.15257654039215,0.838397576285057,1.58449012621031,1307,85,1130,174,0.955547923343996,0.929368528183886,FALSE
"BDCM_binary_S","Diet",3550,371,3179,"binary: high/present vs low/absent","2013-2014|2015-2016","WTSVOC2Y","ok",,-0.162191906167769,0.624458868912065,0.850278015286769,0.250040771295354,2.89141926548457,0.799867613973339,0.703533242560387,0.358703802571041,1.37985440867889,0.598198849172512,0.260167145645033,1.37543063811581,1817,193,1733,178,0.969602686141988,0.930458244826129,FALSE
"X2_FL_ln_U","PhysicalActivity",2493,261,2232,"continuous: per 1-SD increase in transformed concentration","2013-2014|2015-2016","WTSA2YR","ok",,-0.101340007564878,0.230284366413285,0.903625741060273,0.575395662725819,1.41909217048759,0.668411959148302,1.56742019084582,1.18153385322409,2.07933615102705,1.41636123150589,1.03660783195315,1.93523440232268,1483,106,1010,155,0.9597842476519,0.940727942505017,FALSE
"Mo_ln_U","PhysicalActivity",2501,262,2239,"continuous: per 1-SD increase in transformed concentration","2013-2014|2015-2016","WTSA2YR","ok",,-0.0581619621807522,0.14367755675694,0.943497124209571,0.71193406768472,1.25037817938212,0.693378565356267,0.892062675020368,0.694192620532012,1.14633286587609,0.841658568496414,0.686210892930772,1.0323198789485,1488,107,1013,155,0.9597842476519,0.944952537350831,FALSE
"Ba_ln_U","PhysicalActivity",2502,262,2240,"continuous: per 1-SD increase in transformed concentration","2013-2014|2015-2016","WTSA2YR","ok",,-0.0530999099921613,0.141421443034118,0.948285264575895,0.718718194960762,1.25117876424552,0.714448485382402,1.0017081990529,0.746941253383881,1.34337113059962,0.949905124566721,0.750348385408096,1.20253440032042,1489,107,1013,155,0.9597842476519,0.944952537350831,FALSE
"Ethylbenzene_binary_S","PhysicalActivity",3491,366,3125,"binary: high/present vs low/absent","2013-2014|2015-2016","WTSVOC2Y","ok",,-0.158598890795278,0.455392779664901,0.853338572288177,0.3495290021435,2.08333704639441,0.734212461156995,1.4584122778317,0.789222789432159,2.6950138802512,1.24451945097245,0.742722988261273,2.08533825979266,2068,151,1423,215,0.9597842476519,0.944952537350831,FALSE
"Pb_ln_S","PhysicalActivity",3690,394,3296,"continuous: per 1-SD increase in transformed concentration","2013-2014|2015-2016","WTSH2YR","ok",,0.0620159015872827,0.1781529870605,1.06397926355264,0.750388690235643,1.50862064953901,0.734331939575325,1.06430801600886,0.834262880510184,1.35778731069516,1.13240165906628,0.875700799365728,1.46435120121492,2181,162,1509,232,0.9597842476519,0.944952537350831,FALSE
"MEHP_binary_U","PhysicalActivity",2427,263,2164,"binary: high/present vs low/absent","2013-2014|2015-2016","WTSB2YR","ok",,-0.140361102458872,0.410403847358709,0.869044364675518,0.388775725296515,1.94260613158978,0.738790344156702,0.919067847593275,0.573014724795056,1.47410820687347,0.798710733705393,0.469695190192395,1.35819750650395,1428,126,999,137,0.959796002665117,0.944952537350831,FALSE
"EO_ln_S","PhysicalActivity",2415,259,2156,"continuous: per 1-SD increase in transformed concentration","2013-2014|2015-2016","WTSA2YR","ok",,-0.0842294833441699,0.252315554524165,0.919220286143712,0.560588603140226,1.50728346906255,0.744788183670908,1.45330170016996,1.12745306978202,1.87332483127237,1.33590440468338,0.931474084879666,1.9159315405785,1440,106,975,153,0.961050012397892,0.944952537350831,FALSE
"IHg_binary_S","PhysicalActivity",3688,394,3294,"binary: high/present vs low/absent","2013-2014|2015-2016","WTSH2YR","ok",,-0.107626741548334,0.351949232058946,0.897962706054611,0.450477460044111,1.78996085927576,0.765465009748897,0.944642213522462,0.53042600976476,1.68232495228574,0.848253478308047,0.527117523255083,1.36503518042504,2179,162,1509,232,0.962294270163351,0.944952537350831,FALSE
"X25_DMF_binary_S","PhysicalActivity",3581,374,3207,"binary: high/present vs low/absent","2013-2014|2015-2016","WTSVOC2Y","ok",,-0.16274042365781,0.542437968066646,0.849811750812787,0.293487907651581,2.46068063791181,0.769757988672051,2.1763182887762,1.12850869564219,4.19700912571745,1.84946085531079,0.890855809810502,3.83957248486095,2117,153,1464,221,0.962294270163351,0.944952537350831,FALSE
"m_p_Xylene_binary_S","PhysicalActivity",3567,374,3193,"binary: high/present vs low/absent","2013-2014|2015-2016","WTSVOC2Y","ok",,-0.109849353267531,0.377704300844881,0.895969099947581,0.427350917284944,1.87845771611068,0.776588358377442,1.02514454326669,0.640252642989803,1.641416628414,0.918497833746832,0.597065138351798,1.41297526250903,2108,152,1459,222,0.962294270163351,0.944952537350831,FALSE
"MCNP_ln_U","PhysicalActivity",2426,263,2163,"continuous: per 1-SD increase in transformed concentration","2013-2014|2015-2016","WTSB2YR","ok",,0.0638028453250091,0.238624451581919,1.06588223437924,0.667710168041883,1.70149413913677,0.794125154691,1.01139569790436,0.849475438242817,1.20417991114071,1.07802870632385,0.704771554376831,1.64896821451011,1427,126,999,137,0.969602686141988,0.944952537350831,FALSE
"X3_FL_ln_U","PhysicalActivity",2489,261,2228,"continuous: per 1-SD increase in transformed concentration","2013-2014|2015-2016","WTSA2YR","ok",,-0.0665238152906694,0.258447607657623,0.935640633037358,0.563785665004859,1.55275922842594,0.801623273411249,1.4518351024396,1.04225788590323,2.02236432382485,1.35839591431244,0.962813083468531,1.91650850170551,1483,107,1006,154,0.969602686141988,0.944952537350831,FALSE
"PFNA_ln_S","PhysicalActivity",2365,265,2100,"continuous: per 1-SD increase in transformed concentration","2013-2014|2015-2016","WTSB2YR","ok",,0.0537267124074647,0.225129574061116,1.05519619072063,0.678733136653294,1.64046654094639,0.815766228463236,0.827220831678237,0.632638165097941,1.08165194911454,0.872880270471625,0.617722097105626,1.23343485711235,1377,124,988,141,0.973915343652303,0.944952537350831,FALSE
"DBUP_binary_U","PhysicalActivity",2215,261,1954,"binary: high/present vs low/absent","2013-2014|2015-2016","WTSSBI2Y|WTSSCH2Y","ok",,-0.104808168587571,0.454770901124261,0.900497249677789,0.369295133519455,2.19579199148732,0.821961533995681,1.46032674879461,0.893367276498578,2.38709685181582,1.31502022092045,0.713009156294182,2.42532394733538,1323,110,892,151,0.973915343652303,0.944952537350831,FALSE
"Furan_binary_S","PhysicalActivity",3586,375,3211,"binary: high/present vs low/absent","2013-2014|2015-2016","WTSVOC2Y","ok",,-0.125048145699462,0.553953258874761,0.882454415176748,0.297959850001035,2.61352593264573,0.825544768520275,2.0468057396014,1.01330600934853,4.13440135261673,1.80621276192036,0.792328053481987,4.11749215111964,2118,153,1468,222,0.973915343652303,0.944952537350831,FALSE
"BuP_binary_U","PhysicalActivity",2428,263,2165,"binary: high/present vs low/absent","2013-2014|2015-2016","WTSB2YR","ok",,0.0915597028098239,0.409523363351775,1.09588220198618,0.491100695681596,2.44544104944359,0.827184985668236,0.930135762706732,0.504237548139599,1.71576381064449,1.01931922778115,0.502357761000945,2.06827040166381,1429,126,999,137,0.973915343652303,0.944952537350831,FALSE
"Toluene_ln_S","PhysicalActivity",3512,365,3147,"continuous: per 1-SD increase in transformed concentration","2013-2014|2015-2016","WTSVOC2Y","ok",,-0.0430488122780557,0.196616112953954,0.957864633371066,0.651540061151898,1.40820911954512,0.830699600983896,1.20536730315708,0.936100678018292,1.55208768633302,1.15457870991603,0.872191543960693,1.52839362709006,2071,147,1441,218,0.973915343652303,0.944952537350831,FALSE
"MnBP_ln_U","PhysicalActivity",2426,263,2163,"continuous: per 1-SD increase in transformed concentration","2013-2014|2015-2016","WTSB2YR","ok",,0.0351225011364343,0.160808771419604,1.03574658116171,0.755736362218726,1.41950425309519,0.831107648455941,1.05958893953327,0.853837843500647,1.31492030873002,1.09746562155835,0.865383075258353,1.39178916821649,1427,126,999,137,0.973915343652303,0.944952537350831,FALSE
"DBCM_binary_S","PhysicalActivity",3582,375,3207,"binary: high/present vs low/absent","2013-2014|2015-2016","WTSVOC2Y","ok",,0.119716409354847,0.554123885506166,1.12717714935425,0.380462977417384,3.33942696514345,0.83290576109919,0.78978772745475,0.451292529451685,1.38217367612091,0.890230679227418,0.380380761297824,2.08346673352705,2116,153,1466,222,0.973915343652303,0.944952537350831,FALSE
"Benzene_binary_S","PhysicalActivity",3484,368,3116,"binary: high/present vs low/absent","2013-2014|2015-2016","WTSVOC2Y","ok",,0.0980282629475711,0.456302868720399,1.1029939585284,0.450983123776265,2.69765232535333,0.833829579040969,1.17501189416809,0.6275432728442,2.20009202740549,1.29603102046641,0.780680990488719,2.15157846351516,2062,152,1422,216,0.973915343652303,0.944952537350831,FALSE
"BDCM_binary_S","PhysicalActivity",3550,371,3179,"binary: high/present vs low/absent","2013-2014|2015-2016","WTSVOC2Y","ok",,0.07601061486415,0.375223997647988,1.07897402725922,0.517146840550206,2.25116903017597,0.843166167814795,0.638087698252497,0.386487067089707,1.05347874568508,0.688480053528062,0.372640246704742,1.27201714870476,2098,152,1452,219,0.973915343652303,0.944952537350831,FALSE
"Thiocyanate_ln_U","PhysicalActivity",2483,258,2225,"continuous: per 1-SD increase in transformed concentration","2013-2014|2015-2016","WTSA2YR","ok",,0.0381313164557363,0.202426225903024,1.0388676443388,0.698636929178272,1.54478805425222,0.854015672724546,1.25282660653718,0.902216608966845,1.73968700027018,1.30152102549825,1.00486464923809,1.68575636639067,1481,107,1002,151,0.973915343652303,0.944952537350831,FALSE
"X2_MHA_ln_U","PhysicalActivity",2353,249,2104,"continuous: per 1-SD increase in transformed concentration","2013-2014|2015-2016","WTSA2YR","ok",,-0.0350585745466145,0.220699721110898,0.965548858014554,0.626485262839691,1.48811895907561,0.87666448707993,1.09800171093994,0.797528024321411,1.51168074407524,1.06017429809609,0.790374359742827,1.42207237429774,1391,102,962,147,0.973915343652303,0.944952537350831,FALSE
"Perchlorate_ln_U","PhysicalActivity",2488,260,2228,"continuous: per 1-SD increase in transformed concentration","2013-2014|2015-2016","WTSA2YR","ok",,0.0348094532061318,0.226191572748397,1.03542239358393,0.664629172380575,1.61307925936357,0.880480627717575,0.829052985036658,0.63249462578829,1.08669516541988,0.85842002617456,0.649661960765434,1.13425902367646,1483,108,1005,152,0.973915343652303,0.944952537350831,FALSE
"CEMA_CYM_ln_U","PhysicalActivity",2459,258,2201,"continuous: per 1-SD increase in transformed concentration","2013-2014|2015-2016","WTSA2YR","ok",,-0.0374987088204851,0.244785780457248,0.963195661378526,0.596140537513309,1.55625364107654,0.881022555755067,1.48962989390164,1.1044350549142,2.00916949433283,1.43480505086582,1.07589613064735,1.91344264129977,1463,106,996,152,0.973915343652303,0.944952537350831,FALSE
"PFDA_ln_S","PhysicalActivity",2365,265,2100,"continuous: per 1-SD increase in transformed concentration","2013-2014|2015-2016","WTSB2YR","ok",,0.0319563401049604,0.209260126211368,1.03247242668328,0.685097916411254,1.55598095735758,0.881391293099642,0.922635986931559,0.721128062106632,1.18045214035132,0.952596216372551,0.703519230699107,1.28985749337023,1377,124,988,141,0.973915343652303,0.944952537350831,FALSE
"X14_DCB_binary_S","PhysicalActivity",3551,366,3185,"binary: high/present vs low/absent","2013-2014|2015-2016","WTSVOC2Y","ok",,0.0417148297978409,0.286651535947129,1.04259711872255,0.594447913495486,1.82860218244642,0.886929135934552,1.32761331082356,0.799953334749162,2.2033249022314,1.38416581264235,0.946374741156398,2.02447816236805,2098,148,1453,218,0.973915343652303,0.944952537350831,FALSE
"NPMA_ln_U","Diet",2452,259,2193,"continuous: per 1-SD increase in transformed concentration","2013-2014|2015-2016","WTSA2YR","ok",,0.0462524450111578,0.210326817417683,1.04733877303533,0.693511042064083,1.58168859465946,0.829970982188001,0.914583913599762,0.692128522753837,1.2085381652635,0.957879193907429,0.760062656334427,1.20718014820746,1247,133,1205,126,0.973915343652303,0.946532976993369,FALSE
"MEHP_binary_U","Diet",2427,263,2164,"binary: high/present vs low/absent","2013-2014|2015-2016","WTSB2YR","ok",,-0.068080492763287,0.310183089171381,0.934185275396561,0.508627505045883,1.71579814325814,0.830292085081903,0.881397109533222,0.5674966834809,1.36892582336944,0.823388201503026,0.538331920498491,1.2593868291269,1229,121,1198,142,0.973915343652303,0.946532976993369,FALSE
"X34_MHA_ln_U","PhysicalActivity",2479,258,2221,"continuous: per 1-SD increase in transformed concentration","2013-2014|2015-2016","WTSA2YR","ok",,-0.037313603780379,0.297353727598253,0.963373970252482,0.537876171466358,1.72547038852804,0.902403203115568,1.20992699277566,0.839196463129243,1.74443457779648,1.16561217074594,0.79974706196792,1.69885179602642,1480,107,999,151,0.973915343652303,0.946578693981592,FALSE
"PFHS_ln_S","PhysicalActivity",2365,265,2100,"continuous: per 1-SD increase in transformed concentration","2013-2014|2015-2016","WTSB2YR","ok",,-0.0307641999140058,0.27184666653729,0.969704202453881,0.569165704706492,1.65211331687953,0.911936723871538,0.887212583887052,0.609317137418797,1.29184971284751,0.86033377106524,0.547597195691427,1.35167638450148,1377,124,988,141,0.973915343652303,0.946578693981592,FALSE
"DPHP_ln_U","PhysicalActivity",2213,261,1952,"continuous: per 1-SD increase in transformed concentration","2013-2014|2015-2016","WTSSBI2Y|WTSSCH2Y","ok",,-0.0133482220150315,0.123980307757002,0.986740470433045,0.77387135654625,1.25816357945565,0.916200839410651,1.03406476231205,0.869717290916026,1.22946840752039,1.02035355002202,0.834564288741227,1.24750289592773,1321,110,892,151,0.973915343652303,0.946578693981592,FALSE
"MCPP_ln_U","PhysicalActivity",2426,263,2163,"continuous: per 1-SD increase in transformed concentration","2013-2014|2015-2016","WTSB2YR","ok",,-0.0197594660136228,0.196392413781603,0.980434472758842,0.667184541763587,1.44075843369063,0.921668728350497,0.953001911307767,0.760141744877398,1.19479379875755,0.934355926451199,0.708897805925978,1.23151883105932,1427,126,999,137,0.975129791479877,0.946578693981592,FALSE
"Pb_ln_U","Smoking",2502,262,2240,"continuous: per 1-SD increase in transformed concentration","2013-2014|2015-2016","WTSA2YR","ok",,-0.0972014370028737,0.207662106229855,0.90737320918311,0.603976997601712,1.36317466395664,0.648868520311497,0.958153230916944,0.695245011391218,1.32048069223755,0.869402572026273,0.670676091603227,1.127013235911,1347,88,1155,174,0.9597842476519,0.948352167374435,FALSE
"HEMA_binary_U","Smoking",2468,257,2211,"binary: high/present vs low/absent","2013-2014|2015-2016","WTSA2YR","ok",,-0.191891685469885,0.413563232688244,0.825396266058784,0.366969837285225,1.85649861869782,0.651697871582269,1.40629097224285,0.70501312600957,2.80513117508239,1.16074731748142,0.818889466896555,1.64531892215744,1329,84,1139,173,0.9597842476519,0.948352167374435,FALSE
"FA_ln_S","Smoking",2218,242,1976,"continuous: per 1-SD increase in transformed concentration","2013-2014|2015-2016","WTSA2YR","ok",,-0.0866524444434472,0.195745867781394,0.916995747222662,0.624805832636243,1.34582802608695,0.666577176307724,1.07210284891971,0.79703284228154,1.44210433709549,0.983113753044672,0.803009714520691,1.20361265119001,1198,80,1020,162,0.9597842476519,0.948352167374435,FALSE
"DEA_ln_U","Smoking",2444,271,2173,"continuous: per 1-SD increase in transformed concentration","2013-2014|2015-2016","WTSB2YR|WTSC2YR","ok",,0.107242672364964,0.249164708493652,1.11320436563984,0.683095806435837,1.81412906945726,0.675209973507776,0.780997356030575,0.539582933241977,1.13042283687874,0.869409666286409,0.683167699204403,1.10642404304611,1301,103,1143,168,0.9597842476519,0.948352167374435,FALSE
"BDCM_binary_S","Smoking",3550,371,3179,"binary: high/present vs low/absent","2013-2014|2015-2016","WTSVOC2Y","ok",,-0.154313616747659,0.359964748341018,0.857003208302656,0.423227879193711,1.7353641741188,0.676422581142003,0.718141230486383,0.400078640541323,1.28906363565597,0.615449338541248,0.359714639395771,1.05299547704567,1931,137,1619,234,0.9597842476519,0.948352167374435,FALSE
"MHBP_ln_U","Smoking",2320,256,2064,"continuous: per 1-SD increase in transformed concentration","2013-2014|2015-2016","WTSB2YR|WTSSBH2Y","ok",,-0.0659523389139745,0.16272051211142,0.936175482368538,0.680529203765759,1.28785734533978,0.693020596052981,0.92755400694342,0.675584065956124,1.27350018917212,0.868353319873126,0.721443197149705,1.04517928939347,1258,97,1062,159,0.9597842476519,0.948352167374435,FALSE
"Mn_binary_U","Smoking",2504,262,2242,"binary: high/present vs low/absent","2013-2014|2015-2016","WTSA2YR","ok",,-0.133664042219625,0.330910281294668,0.874883939302158,0.457376583474139,1.67350479868225,0.69400723054931,1.37077587254697,0.785665068271357,2.3916380766313,1.19926979527425,0.775576566117814,1.85442431436054,1349,88,1155,174,0.9597842476519,0.948352167374435,FALSE
"TCPY_ln_U","Smoking",2448,273,2175,"continuous: per 1-SD increase in transformed concentration","2013-2014|2015-2016","WTSB2YR|WTSC2YR","ok",,0.0837478511698957,0.213013198425886,1.08735468402796,0.716227075502351,1.65078960195446,0.701715414108276,0.917501643107282,0.700529864615129,1.20167505716127,0.997649709236048,0.705741890275917,1.4102959680481,1299,105,1149,168,0.9597842476519,0.948352167374435,FALSE
"PFHS_ln_S","Smoking",2362,265,2097,"continuous: per 1-SD increase in transformed concentration","2013-2014|2015-2016","WTSB2YR","ok",,0.0916857230476186,0.236323676608726,1.09602031402414,0.689693017125909,1.74173218943042,0.705443393772262,0.824981416558166,0.533653418435221,1.27534897023982,0.904196391240163,0.631560943771769,1.29452449837871,1281,101,1081,164,0.9597842476519,0.948352167374435,FALSE
"MnBP_ln_U","Smoking",2423,263,2160,"continuous: per 1-SD increase in transformed concentration","2013-2014|2015-2016","WTSB2YR","ok",,-0.0636930839385879,0.168179475564567,0.938292932514139,0.674809496031362,1.30465506544245,0.712102965694196,1.12887940091951,0.888564449749252,1.43418825970364,1.05921956354358,0.853412785979211,1.31465816100483,1321,100,1102,163,0.9597842476519,0.948352167374435,FALSE
"X3PBA_ln_U","Smoking",2448,272,2176,"continuous: per 1-SD increase in transformed concentration","2013-2014|2015-2016","WTSB2YR|WTSC2YR","ok",,0.0589381556861542,0.161978185727378,1.06070963985179,0.77217884727033,1.45705226716815,0.722856011596222,0.810633555515522,0.626246558726061,1.04930997571387,0.859846826722647,0.684233629437885,1.08053234102567,1301,103,1147,169,0.9597842476519,0.948352167374435,FALSE
"Sb_ln_U","Smoking",2502,262,2240,"continuous: per 1-SD increase in transformed concentration","2013-2014|2015-2016","WTSA2YR","ok",,0.0817477697928827,0.226516360897439,1.08518205961131,0.696126210914812,1.69167614153571,0.725015906961216,1.01784951534935,0.715445866050298,1.44807271249795,1.10455203344118,0.928661354884204,1.31375682660033,1347,88,1155,174,0.9597842476519,0.948352167374435,FALSE
"MCNP_ln_U","Smoking",2423,263,2160,"continuous: per 1-SD increase in transformed concentration","2013-2014|2015-2016","WTSB2YR","ok",,-0.0802010760648815,0.222976727452673,0.922930748444554,0.596166396650356,1.42879768334879,0.725893803984935,1.10503575656671,0.809536717328067,1.50839856568989,1.01987147786611,0.769910046904445,1.35098617760198,1321,100,1102,163,0.9597842476519,0.948352167374435,FALSE
"Perchlorate_ln_U","Smoking",2488,260,2228,"continuous: per 1-SD increase in transformed concentration","2013-2014|2015-2016","WTSA2YR","ok",,-0.0768411997598315,0.216551155621497,0.926036896812557,0.605753909830559,1.4156645468423,0.729418434101718,0.882430294837741,0.635816461146172,1.22469812096986,0.817163011884931,0.654371091596055,1.02045367921763,1339,85,1149,175,0.9597842476519,0.948352167374435,FALSE
"AsB_binary_U","Smoking",2508,264,2244,"binary: high/present vs low/absent","2013-2014|2015-2016","WTSA2YR","ok",,-0.152494575008373,0.434190912321845,0.85856355164384,0.366590901253912,2.01077377995458,0.732061322183775,1.48281627071144,0.775660659656262,2.83467269522341,1.27309200381729,0.784505170956167,2.06596885551195,1353,89,1155,175,0.9597842476519,0.948352167374435,FALSE
"DBCM_binary_S","Smoking",3582,375,3207,"binary: high/present vs low/absent","2013-2014|2015-2016","WTSVOC2Y","ok",,0.127997965211963,0.40780486393586,1.13655069005496,0.511044009560532,2.52766385457729,0.759491290419732,0.758062296746305,0.374745942673564,1.53346142095222,0.861576226471662,0.486010569836872,1.52736100836306,1947,138,1635,237,0.962294270163351,0.949547524012423,FALSE
"Sn_ln_U","Smoking",2501,262,2239,"continuous: per 1-SD increase in transformed concentration","2013-2014|2015-2016","WTSA2YR","ok",,-0.0596053886746898,0.197109557461408,0.942136237869513,0.640222106581987,1.38642618176018,0.767990462616681,1.24243081880813,1.00566341768226,1.53494132567916,1.17053909744503,0.871647098296587,1.57192260643677,1346,88,1155,174,0.962294270163351,0.949547524012423,FALSE
"Total_As_ln_U","Smoking",2501,262,2239,"continuous: per 1-SD increase in transformed concentration","2013-2014|2015-2016","WTSA2YR","ok",,-0.0592997067862273,0.199344005140703,0.942424275875652,0.637619252395754,1.39293710536909,0.771647163800018,1.08108704743079,0.81085887246741,1.44137191292754,1.01884267783351,0.792036070548348,1.31059738410182,1346,88,1155,174,0.962294270163351,0.949547524012423,FALSE
"DMA_ln_U","Smoking",2506,264,2242,"continuous: per 1-SD increase in transformed concentration","2013-2014|2015-2016","WTSA2YR","ok",,0.0579003429897262,0.197584890965533,1.05960939294419,0.719379644446221,1.56075039693382,0.774945534752288,1.04233728552881,0.776478416857325,1.39922371725523,1.10447037836227,0.852298834937499,1.43125247469,1351,89,1155,175,0.962294270163351,0.949547524012423,FALSE
"Se_ln_S","Smoking",3690,394,3296,"continuous: per 1-SD increase in transformed concentration","2013-2014|2015-2016","WTSH2YR","ok",,0.0418472144387821,0.15318556097538,1.04273515170428,0.772288970348076,1.40788828838213,0.789775743287334,0.935303581225062,0.77461757176801,1.1293221596507,0.975273921658274,0.796093750897604,1.19478292750605,2004,140,1686,254,0.969602686141988,0.949547524012423,FALSE
"U_ln_U","Smoking",2502,262,2240,"continuous: per 1-SD increase in transformed concentration","2013-2014|2015-2016","WTSA2YR","ok",,0.0423448519965073,0.157656175393148,1.04325418501305,0.765932485795572,1.4209859416222,0.793215852642452,1.03169945874045,0.785709536360638,1.35470389998778,1.07632477800668,0.875455559103327,1.32328250783818,1347,88,1155,174,0.969602686141988,0.949547524012423,FALSE
"X1_PY_ln_U","Smoking",2493,261,2232,"continuous: per 1-SD increase in transformed concentration","2013-2014|2015-2016","WTSA2YR","ok",,0.0706655828806255,0.270138853915438,1.07322226195257,0.63203748758608,1.82236979004149,0.798471035208886,1.25740619518686,0.810199849628148,1.95145721197055,1.34947632099162,0.983927777289927,1.8508333466639,1343,88,1150,173,0.969602686141988,0.949547524012423,FALSE
"DHB_Cys_ln_U","Smoking",2361,243,2118,"continuous: per 1-SD increase in transformed concentration","2013-2014|2015-2016","WTSA2YR","ok",,-0.0692213752626684,0.266171930619172,0.93312008750733,0.553818446814269,1.57219952263832,0.799618967589409,1.18843906948885,0.860252640149572,1.6418286395982,1.10895636851857,0.753442528538034,1.63222034952572,1265,76,1096,167,0.969602686141988,0.949547524012423,FALSE
"NPMA_ln_U","PhysicalActivity",2452,259,2193,"continuous: per 1-SD increase in transformed concentration","2013-2014|2015-2016","WTSA2YR","ok",,-0.0169189825958189,0.219880572103749,0.983223339610852,0.638978223689056,1.51292814013949,0.940048046019132,0.966550770184094,0.716556984100485,1.30376287172222,0.950335276163845,0.760254707346825,1.18794021055552,1470,107,982,152,0.98316951602001,0.956834618269474,FALSE
"AsB_binary_U","Diet",2508,264,2244,"binary: high/present vs low/absent","2013-2014|2015-2016","WTSA2YR","ok",,-0.0846337570966362,0.434445085744081,0.918848744616594,0.392136170748,2.15303529351302,0.849093971726429,1.36796499522986,0.838336060818474,2.23219340743523,1.2569529185464,0.668214942441818,2.36440483307491,1274,134,1234,130,0.973915343652303,0.956891594528296,FALSE
"MMA_binary_U","Diet",2508,264,2244,"binary: high/present vs low/absent","2013-2014|2015-2016","WTSA2YR","ok",,0.059514873384356,0.345772688735626,1.06132154630543,0.538913827006942,2.09013643407156,0.8664679225655,1.04843680275942,0.635306823758961,1.73021867272978,1.11272856870815,0.659492650633478,1.87745059240609,1274,134,1234,130,0.973915343652303,0.956891594528296,FALSE
"Cd_ln_S","Diet",3690,394,3296,"continuous: per 1-SD increase in transformed concentration","2013-2014|2015-2016","WTSH2YR","ok",,-0.0251155282184611,0.168020209755676,0.975197242720116,0.701569620384684,1.35554567155781,0.883880921570759,1.39915680504541,1.12066139652196,1.74686106899063,1.36445385841337,1.08548907984745,1.71511106495955,1884,202,1806,192,0.973915343652303,0.956891594528296,FALSE
"Hg_binary_U","Diet",2510,264,2246,"binary: high/present vs low/absent","2013-2014|2015-2016","WTSA2YR","ok",,-0.0583645831915483,0.418736850533965,0.943305971235038,0.415161029866657,2.14332774840037,0.891667109134422,0.897995490001974,0.519855827907621,1.55119142033968,0.847084507860996,0.434782828467093,1.65036914173443,1277,134,1233,130,0.973915343652303,0.956891594528296,FALSE
"DPHP_ln_U","Diet",2213,261,1952,"continuous: per 1-SD increase in transformed concentration","2013-2014|2015-2016","WTSSBI2Y|WTSSCH2Y","ok",,0.019129161561419,0.142487833684821,1.01931329621223,0.770938255363107,1.34770792421721,0.895628786089779,1.02785944156976,0.839633809650141,1.2582807165237,1.04771079542934,0.859088864875232,1.27774664035321,1091,120,1122,141,0.973915343652303,0.956891594528296,FALSE
"X1_PY_ln_U","Diet",2493,261,2232,"continuous: per 1-SD increase in transformed concentration","2013-2014|2015-2016","WTSA2YR","ok",,0.0261819971716559,0.196730012390842,1.02652775662198,0.698088895335799,1.50949147330079,0.89652885712387,1.32892812280748,0.955472951011262,1.84835159772911,1.36418160461742,1.02117591973629,1.82240044482948,1268,132,1225,129,0.973915343652303,0.956891594528296,FALSE
"Co_ln_U","Diet",2502,262,2240,"continuous: per 1-SD increase in transformed concentration","2013-2014|2015-2016","WTSA2YR","ok",,-0.0159714737295492,0.121913190240994,0.984155393937795,0.774977465673458,1.24979355183595,0.898135093109892,1.24370517917494,1.02377164843544,1.51088631441439,1.22399916055339,0.982767015468962,1.52444467656507,1274,132,1228,130,0.973915343652303,0.956891594528296,FALSE
"Perchlorate_ln_U","Diet",2488,260,2228,"continuous: per 1-SD increase in transformed concentration","2013-2014|2015-2016","WTSA2YR","ok",,-0.0219377983762408,0.186185281073423,0.978301085074722,0.679185529597682,1.40914812131717,0.908328118817262,0.845156265479192,0.679429652966752,1.051306945406,0.826817291575994,0.625290131865938,1.09329541409688,1266,133,1222,127,0.973915343652303,0.958790792084887,FALSE
"PFUnDA_binary_S","Diet",2365,265,2100,"binary: high/present vs low/absent","2013-2014|2015-2016","WTSB2YR","ok",,-0.0413764248577901,0.391215664441718,0.959467894397341,0.445677747586223,2.06557012407528,0.917673882075485,1.0135796018026,0.597186292236596,1.72030674941096,0.972497086345638,0.55226089757647,1.71250687329316,1190,123,1175,142,0.973915343652303,0.959769014280782,FALSE
"X2_HPMA_ln_U","Smoking",2462,256,2206,"continuous: per 1-SD increase in transformed concentration","2013-2014|2015-2016","WTSA2YR","ok",,0.0534090203901075,0.259028873526227,1.05486101655799,0.634900127668521,1.75260913608558,0.840409578112441,1.1528546668325,0.812565711397306,1.63565095621863,1.21610144579855,0.838765096540107,1.76319059123201,1330,84,1132,172,0.973915343652303,0.962595811090684,FALSE
"X1_PH_ln_U","Smoking",2494,262,2232,"continuous: per 1-SD increase in transformed concentration","2013-2014|2015-2016","WTSA2YR","ok",,-0.0377440089068934,0.185135752755471,0.962959418375961,0.669911219016627,1.38419960006067,0.842176189205988,1.22880160503215,0.87146906696178,1.73265287521193,1.1832860788812,0.885502374846217,1.58121082929588,1343,88,1151,174,0.973915343652303,0.962595811090684,FALSE
"BP3_ln_U","Smoking",2423,263,2160,"continuous: per 1-SD increase in transformed concentration","2013-2014|2015-2016","WTSB2YR","ok",,-0.0387888316087352,0.192938097228069,0.961953821941161,0.659055518016707,1.40406252622218,0.844334194491627,0.931547560286975,0.657305002149063,1.32021033498817,0.89610573593802,0.730435507793925,1.09935166268994,1321,100,1102,163,0.973915343652303,0.962595811090684,FALSE
"MeFOSAA_binary_S","Smoking",2362,265,2097,"binary: high/present vs low/absent","2013-2014|2015-2016","WTSB2YR","ok",,0.0795953283180076,0.396036360600155,1.08284878076233,0.498258660373229,2.35331881862354,0.844382290430425,1.2727528243638,0.776155484746553,2.08708149818072,1.37819884407415,0.758312670351767,2.504813816346,1281,101,1081,164,0.973915343652303,0.962595811090684,FALSE
"MEHHP_ln_U","PhysicalActivity",2426,263,2163,"continuous: per 1-SD increase in transformed concentration","2013-2014|2015-2016","WTSB2YR","ok",,-0.00997960608625962,0.181761346078922,0.990070024945964,0.693342035105335,1.4137880074552,0.957198686262804,0.987684391492881,0.782290495560213,1.24700538065476,0.977876710124096,0.718386715842655,1.33109763740755,1427,126,999,137,0.988564138884027,0.965669471096988,FALSE
"TCC_binary_U","Smoking",2425,263,2162,"binary: high/present vs low/absent","2013-2014|2015-2016","WTSB2YR","ok",,-0.0775487094283914,0.421517698021744,0.925381948473081,0.405058654048329,2.1140932109493,0.857380686180688,1.09644857585729,0.591939971248206,2.03094830201185,1.01463371952736,0.577298077829698,1.78327561503785,1322,100,1103,163,0.973915343652303,0.96679327978934,FALSE
"X25_DCP_ln_U","Smoking",2423,263,2160,"continuous: per 1-SD increase in transformed concentration","2013-2014|2015-2016","WTSB2YR","ok",,-0.0391069414132288,0.23277989223187,0.961647863665675,0.609354224958064,1.51761746422026,0.869632533572083,1.02918357785198,0.756100686733099,1.40089654130166,0.989712188961155,0.779304271920658,1.25692909980353,1321,100,1102,163,0.973915343652303,0.96679327978934,FALSE
"Pb_ln_S","Smoking",3690,394,3296,"continuous: per 1-SD increase in transformed concentration","2013-2014|2015-2016","WTSH2YR","ok",,0.0419805058082193,0.257989540298021,1.04287414856395,0.628965424257884,1.72916737200018,0.873688327517232,1.03232133373131,0.731335391025167,1.4571800423646,1.07658123195944,0.81860548545697,1.41585558562473,2004,140,1686,254,0.973915343652303,0.96679327978934,FALSE
"CEMA_CEM_ln_U","Smoking",2472,259,2213,"continuous: per 1-SD increase in transformed concentration","2013-2014|2015-2016","WTSA2YR","ok",,0.0438044404898665,0.318403080331752,1.04477801863162,0.559749679007483,1.95008795744433,0.893061922755005,1.32457386441702,0.907920034615532,1.93243441647326,1.38388565759685,0.934398666823509,2.04959572535864,1326,85,1146,174,0.973915343652303,0.96679327978934,FALSE
"MEHP_binary_U","Smoking",2424,263,2161,"binary: high/present vs low/absent","2013-2014|2015-2016","WTSB2YR","ok",,-0.049209840410721,0.366869798126141,0.951981344581397,0.46381261990196,1.95395390626191,0.895719033791923,0.884901431368982,0.51975108855239,1.5065875964201,0.842409654456647,0.546857026067474,1.29769572684288,1321,100,1103,163,0.973915343652303,0.96679327978934,FALSE
"MCOP_ln_U","Smoking",2423,263,2160,"continuous: per 1-SD increase in transformed concentration","2013-2014|2015-2016","WTSB2YR","ok",,-0.0219898059452093,0.193324899588841,0.978250207336594,0.669712603153863,1.42893155011185,0.911489152071731,1.0773961538156,0.873303866463048,1.32918508303177,1.05396301085376,0.802454045354531,1.38430111316486,1321,100,1102,163,0.973915343652303,0.96679327978934,FALSE
"Cs_ln_U","Smoking",2502,262,2240,"continuous: per 1-SD increase in transformed concentration","2013-2014|2015-2016","WTSA2YR","ok",,0.0151976179684183,0.136572564285494,1.0153136890201,0.776868170277966,1.32694571170649,0.91339984392998,0.964455107699956,0.801720585249808,1.16022174293891,0.979224473293124,0.797137142754943,1.20290539439959,1347,88,1155,174,0.973915343652303,0.96679327978934,FALSE
"PGA_ln_U","Smoking",2442,253,2189,"continuous: per 1-SD increase in transformed concentration","2013-2014|2015-2016","WTSA2YR","ok",,0.0316885863435881,0.293304077320011,1.03219601531427,0.580893754649884,1.83411958813846,0.915909422958322,1.23875630909543,0.860961214642962,1.78233022257581,1.27863932619371,0.901565715839632,1.81342135993547,1317,83,1125,170,0.973915343652303,0.96679327978934,FALSE
"Chloroform_binary_S","Diet",3484,362,3122,"binary: high/present vs low/absent","2013-2014|2015-2016","WTSVOC2Y","ok",,-0.0334927013547924,0.402553751059265,0.967061969447854,0.439332805763223,2.12870252456492,0.93518682932355,0.741037545573666,0.429229360229171,1.27935480382016,0.716629228257273,0.400965496876323,1.28080210091249,1774,189,1710,173,0.982592613298476,0.969193623117133,FALSE
"BMA_ln_U","PhysicalActivity",2477,258,2219,"continuous: per 1-SD increase in transformed concentration","2013-2014|2015-2016","WTSA2YR","ok",,-0.00690056572410266,0.183955735451315,0.993123188508933,0.692495314361386,1.42426042039534,0.970748815127347,1.14508752001137,0.936903068993622,1.39953157576295,1.13721296899548,0.870840471172042,1.48506342971286,1477,107,1000,151,0.988564138884027,0.970748815127347,FALSE
"CMAC_ln_U","Smoking",2461,257,2204,"continuous: per 1-SD increase in transformed concentration","2013-2014|2015-2016","WTSA2YR","ok",,0.0167188696311933,0.209900260974442,1.01685941207656,0.67389184933072,1.53437538227477,0.937945042972893,1.08570132384782,0.832568854625187,1.41579565228339,1.10400560985863,0.788512889439054,1.5457304540277,1325,85,1136,172,0.98316951602001,0.975694061866779,FALSE
"W_ln_U","Smoking",2501,262,2239,"continuous: per 1-SD increase in transformed concentration","2013-2014|2015-2016","WTSA2YR","ok",,0.0120658664385237,0.177015974582039,1.0121389526587,0.715420037500661,1.43192139692916,0.946879451772315,1.05977081659138,0.80976878046704,1.38695663600539,1.07263532436305,0.813810237214239,1.41377742188385,1346,88,1155,174,0.988048123588502,0.975694061866779,FALSE
"BuP_binary_U","Smoking",2425,263,2162,"binary: high/present vs low/absent","2013-2014|2015-2016","WTSB2YR","ok",,0.0218857728284184,0.376949659182012,1.02212702312306,0.488246167280385,2.13978874062198,0.954741971044679,0.955938881476565,0.551077299474665,1.65824131385887,0.977090963211227,0.501370545238821,1.90419393292097,1322,100,1103,163,0.988564138884027,0.975694061866779,FALSE
"THg_ln_S","Smoking",3690,394,3296,"continuous: per 1-SD increase in transformed concentration","2013-2014|2015-2016","WTSH2YR","ok",,-0.0121281759571043,0.228249742509477,0.987945073940653,0.631600837075806,1.54533593343933,0.958576622184906,0.953604696736442,0.717862271029718,1.2667637711805,0.942109062627438,0.741618556463872,1.19680053600167,2004,140,1686,254,0.988564138884027,0.975694061866779,FALSE
"DEA_ln_U","Diet",2444,271,2173,"continuous: per 1-SD increase in transformed concentration","2013-2014|2015-2016","WTSB2YR|WTSC2YR","ok",,0.00583246705819749,0.184427300607315,1.00584950901029,0.700721302636301,1.4438454075391,0.975337828327196,0.878476714586842,0.666587320105695,1.15771979873383,0.883615372044146,0.69390749876274,1.12518761809732,1212,128,1232,143,0.988564138884027,0.982060427444001,FALSE
"PMA_binary_U","Diet",2450,258,2192,"binary: high/present vs low/absent","2013-2014|2015-2016","WTSA2YR","ok",,-0.0129291440721251,0.43540375188254,0.987154078260482,0.420495921929716,2.31743787134559,0.976842526092113,0.999317633994838,0.57572209741695,1.73457947522519,0.98648047787562,0.593492164841352,1.6396909527691,1249,131,1201,127,0.988564138884027,0.982060427444001,FALSE
"FA_ln_S","Diet",2218,242,1976,"continuous: per 1-SD increase in transformed concentration","2013-2014|2015-2016","WTSA2YR","ok",,0.00352511305007309,0.149572866496861,1.00353133356828,0.748534708628962,1.34539537825562,0.981619404745084,1.00321347306994,0.794584212163535,1.26662128084407,1.00675615448354,0.836822198936816,1.21119869415296,1139,123,1079,119,0.988564138884027,0.982060427444001,FALSE
"HEMA_binary_U","Diet",2468,257,2211,"binary: high/present vs low/absent","2013-2014|2015-2016","WTSA2YR","ok",,0.00973681222402028,0.423297908537784,1.00978436920598,0.440463768204871,2.31497922394025,0.982060427444001,1.32016235990915,0.822314513882841,2.11941857658759,1.33307931585033,0.770791292044538,2.30555337182675,1256,130,1212,127,0.988564138884027,0.982060427444001,FALSE
"MnBP_ln_U","Sleep",2416,260,2156,"continuous: per 1-SD increase in transformed concentration","2013-2014|2015-2016","WTSB2YR","ok",,0.421690468556321,0.187617649893848,1.52453655964079,1.0554422514364,2.2021211662867,0.0460829418907301,0.873627908324382,0.708961685216527,1.0765401545926,1.33187768576303,1.01185025085143,1.75312321990416,1322,126,1094,134,0.752023385371741,0.986774541139816,FALSE
"ATCA_ln_U","Sleep",2421,255,2166,"continuous: per 1-SD increase in transformed concentration","2013-2014|2015-2016","WTSA2YR","ok",,-0.317088062020428,0.142552849694244,0.728266619671856,0.550740442300537,0.963016747259045,0.0479983087630143,0.968056628865451,0.753599855834339,1.24354274942477,0.705003328754774,0.564315699292395,0.880765313065977,1338,124,1083,131,0.752023385371741,0.986774541139816,FALSE
"MMA_binary_U","Sleep",2503,262,2241,"binary: high/present vs low/absent","2013-2014|2015-2016","WTSA2YR","ok",,0.86369867953685,0.399893072826963,2.37191745204446,1.0831876880073,5.19392203364408,0.0537207404941425,0.718390773225835,0.471456549215558,1.09466143574569,1.70396361240207,0.899699314091571,3.22718040006731,1374,125,1129,137,0.752023385371741,0.986774541139816,FALSE
"X14_DCB_binary_S","Sleep",3545,365,3180,"binary: high/present vs low/absent","2013-2014|2015-2016","WTSVOC2Y","ok",,-0.709755169652291,0.356169112749212,0.491764581617025,0.244669580271321,0.988404048696174,0.0716888465608603,1.92318476002871,1.20453299128334,3.07060051320475,0.945754148887758,0.556466418411675,1.60737625945415,1952,176,1593,189,0.752023385371741,0.986774541139816,FALSE
"GAM_Cys_binary_U","Sleep",2481,257,2224,"binary: high/present vs low/absent","2013-2014|2015-2016","WTSA2YR","ok",,0.790681700322222,0.403942059162358,2.2048989944021,0.998955809910275,4.86666129500971,0.0761494973086508,0.780760398105631,0.488374140407566,1.24819630855422,1.72149781665209,1.04828817724317,2.82704202629816,1361,124,1120,133,0.752023385371741,0.986774541139816,FALSE
"Pb_ln_S","Sleep",3683,392,3291,"continuous: per 1-SD increase in transformed concentration","2013-2014|2015-2016","WTSH2YR","ok",,0.369164349139075,0.195419242932287,1.44652531933091,0.986238204336944,2.1216329789943,0.0855139455607776,0.902529041070956,0.671337450299303,1.21333715199905,1.30553110934058,1.04468336951471,1.63151010841477,2023,187,1660,205,0.752023385371741,0.986774541139816,FALSE
"TCPY_ln_U","Sleep",2439,270,2169,"continuous: per 1-SD increase in transformed concentration","2013-2014|2015-2016","WTSB2YR|WTSC2YR","ok",,0.328509255774435,0.18702219291164,1.38889609557758,0.96266072251211,2.00385485685627,0.106762312862039,0.822719153668577,0.564625581863411,1.19878876826534,1.14267142028718,0.949663910827016,1.37490533214435,1326,124,1113,146,0.825146011272712,0.986774541139816,FALSE
"Sb_ln_U","Sleep",2497,260,2237,"continuous: per 1-SD increase in transformed concentration","2013-2014|2015-2016","WTSA2YR","ok",,-0.3238952134248,0.19271250668806,0.723326033266618,0.495785588715313,1.05529600357474,0.12095953562006,1.28005055586075,1.0184711397773,1.60881281910227,0.925893890951487,0.732443993357305,1.17043692770524,1370,125,1127,135,0.848577665273039,0.986774541139816,FALSE
"HIBP_ln_U","Sleep",2313,253,2060,"continuous: per 1-SD increase in transformed concentration","2013-2014|2015-2016","WTSB2YR|WTSSBH2Y","ok",,0.260642489059167,0.158779164425698,1.2977636177956,0.950692442347176,1.77154075561578,0.128937988145516,0.828260704739182,0.651495760441528,1.05298581613198,1.07488660866026,0.870515017906812,1.32723870089606,1272,123,1041,130,0.877548098423214,0.986774541139816,FALSE
"AsC_binary_U","Sleep",2503,262,2241,"binary: high/present vs low/absent","2013-2014|2015-2016","WTSA2YR","ok",,0.939045231335629,0.58396130799114,2.55753839473645,0.814224679253347,8.03341240718628,0.136122141557723,0.801935306085766,0.388940852337224,1.65346538241574,2.05098033540907,1.01460472135626,4.14596960539638,1374,125,1129,137,0.897769294326571,0.986774541139816,FALSE
"Co_ln_U","Sleep",2497,260,2237,"continuous: per 1-SD increase in transformed concentration","2013-2014|2015-2016","WTSA2YR","ok",,-0.259537835403658,0.164926165189531,0.771408020907977,0.558336685697298,1.06579121516615,0.143868178224315,1.36446135796173,1.12116126410226,1.66055932984941,1.05255643575067,0.818051952100911,1.35428446517964,1370,125,1127,135,0.897769294326571,0.986774541139816,FALSE
"MeP_ln_U","Sleep",2416,260,2156,"continuous: per 1-SD increase in transformed concentration","2013-2014|2015-2016","WTSB2YR","ok",,-0.178897405721235,0.116098203860072,0.836191683479158,0.666010471703403,1.04985816473933,0.151597008033215,0.889788199107387,0.655334032457969,1.20812135500005,0.744033492151494,0.602414052329372,0.918945757162506,1322,126,1094,134,0.897769294326571,0.986774541139816,FALSE
"X34_MHA_ln_U","Sleep",2474,256,2218,"continuous: per 1-SD increase in transformed concentration","2013-2014|2015-2016","WTSA2YR","ok",,0.388054930341185,0.260967333634807,1.47411075547098,0.88387374973733,2.45849876188877,0.165110539254971,0.985721167534359,0.669849516807953,1.45054403376374,1.45306217495781,1.06098104188078,1.9900352607152,1358,124,1116,132,0.901503650403988,0.986774541139816,FALSE
"BPF_binary_U","Sleep",2416,260,2156,"binary: high/present vs low/absent","2013-2014|2015-2016","WTSB2YR","ok",,-0.589472354792606,0.407734026996043,0.55461985004818,0.249416510335489,1.23329116285731,0.176136058758554,1.55993145507045,0.822262309706046,2.95937940459429,0.865168949696611,0.515571894777636,1.451819463204,1320,126,1096,134,0.917539773720832,0.986774541139816,FALSE
"Sn_ln_U","Sleep",2496,260,2236,"continuous: per 1-SD increase in transformed concentration","2013-2014|2015-2016","WTSA2YR","ok",,-0.294103826685255,0.206198668210261,0.745199115872478,0.497453488912334,1.11632893260296,0.181537243844787,1.36285805852725,0.981846527612578,1.89172343686848,1.01560062027418,0.819386832016351,1.25880058062823,1369,125,1127,135,0.917539773720832,0.986774541139816,FALSE
"As_III_binary_U","Sleep",2503,262,2241,"binary: high/present vs low/absent","2013-2014|2015-2016","WTSA2YR","ok",,0.507785411119009,0.383285548566958,1.66160734019942,0.783915328307233,3.52198618053112,0.212092551075388,0.429394655869055,0.260638949279249,0.707414494260254,0.713485312034425,0.378307073342253,1.34562985035258,1374,125,1129,137,0.938972847479387,0.986774541139816,FALSE
"MA_ln_U","Sleep",2432,257,2175,"continuous: per 1-SD increase in transformed concentration","2013-2014|2015-2016","WTSA2YR","ok",,0.331543602640396,0.254945277187149,1.39311688852878,0.84522776746841,2.29615582899866,0.220032386252307,0.966907997832312,0.692434363977814,1.35018006746708,1.34701586143374,0.949774818287751,1.91040201952835,1339,124,1093,133,0.94655441633068,0.986774541139816,FALSE
"PGA_ln_U","Sleep",2437,251,2186,"continuous: per 1-SD increase in transformed concentration","2013-2014|2015-2016","WTSA2YR","ok",,0.282790698804921,0.218758398653528,1.32682742618701,0.864178648412415,2.03716097605073,0.222604916763692,1.14154330380687,0.881300852259502,1.47863367103905,1.51463096367109,1.02393068840169,2.24049047664759,1335,120,1102,131,0.947225662506544,0.986774541139816,FALSE
"PHE_Cys_binary_U","Sleep",2423,250,2173,"binary: high/present vs low/absent","2013-2014|2015-2016","WTSA2YR","ok",,0.446162797983118,0.354611999003769,1.56230578606281,0.779676085877966,3.13052998979294,0.23438044246319,1.01541462391078,0.588178594801725,1.75298262732503,1.58638814218861,0.932986770283489,2.6973880207454,1322,122,1101,128,0.952135672030714,0.986774541139816,FALSE
"BCETP_ln_U","Sleep",2203,258,1945,"continuous: per 1-SD increase in transformed concentration","2013-2014|2015-2016","WTSSBI2Y|WTSSCH2Y","ok",,-0.282618291177847,0.225846903987499,0.753807467911924,0.484189837467605,1.17355973775018,0.236757584379702,1.19890164966494,0.853413127440544,1.68425481089105,0.903741016809357,0.694954995043692,1.175252831174,1204,117,999,141,0.952135672030714,0.986774541139816,FALSE
"Benzene_binary_S","Sleep",3478,367,3111,"binary: high/present vs low/absent","2013-2014|2015-2016","WTSVOC2Y","ok",,0.402218322615557,0.323533761445878,1.49513771942346,0.79301919680279,2.81889367754954,0.239638173588708,1.01242484296916,0.559026356751921,1.83355230085509,1.51371457080457,1.07597345453253,2.12954305909112,1915,178,1563,189,0.952135672030714,0.986774541139816,FALSE
"MCOP_ln_U","Sleep",2416,260,2156,"continuous: per 1-SD increase in transformed concentration","2013-2014|2015-2016","WTSB2YR","ok",,-0.199441260412922,0.170289483107026,0.819188338184437,0.586719370658901,1.14376577112794,0.266267828534508,1.13800462331059,0.904442715166802,1.43188120260047,0.932240116216007,0.721730558401128,1.20414969847988,1322,126,1094,134,0.952135672030714,0.986774541139816,FALSE
"X4FPBA_binary_U","Sleep",2464,274,2190,"binary: high/present vs low/absent","2013-2014|2015-2016","WTSB2YR|WTSC2YR","ok",,-0.694317285308559,0.599069199409988,0.499415289778509,0.154356114215058,1.61584549425138,0.271000322022901,1.75278712541338,0.709698558787313,4.32896850215474,0.875368690158362,0.44209148588717,1.73328455347166,1338,125,1126,149,0.952135672030714,0.986774541139816,FALSE
"CMAC_ln_U","Sleep",2456,255,2201,"continuous: per 1-SD increase in transformed concentration","2013-2014|2015-2016","WTSA2YR","ok",,0.286576993778513,0.247809319601398,1.33186070893508,0.81944395480204,2.16470319612472,0.271998823185615,1.00292902300388,0.668476187018709,1.5047157172038,1.33576175958952,0.999203532867851,1.7856817151763,1345,122,1111,133,0.952135672030714,0.986774541139816,FALSE
"X2_HPMA_ln_U","Sleep",2457,254,2203,"continuous: per 1-SD increase in transformed concentration","2013-2014|2015-2016","WTSA2YR","ok",,0.278698831305743,0.244896299799463,1.32140931681738,0.817668798400488,2.13548882626745,0.279288897387971,1.06782850469936,0.712450385893471,1.600473152974,1.4110385348729,1.05910362939104,1.87991967135555,1350,123,1107,131,0.952135672030714,0.986774541139816,FALSE
"BMA_ln_U","Sleep",2472,256,2216,"continuous: per 1-SD increase in transformed concentration","2013-2014|2015-2016","WTSA2YR","ok",,0.188013534422804,0.165660702358088,1.20684984925519,0.872248043297905,1.66980776837333,0.280529598132099,1.03637380948668,0.821992143346031,1.30666780903498,1.25074757575102,1.00191691424633,1.56137647344124,1357,124,1115,132,0.952135672030714,0.986774541139816,FALSE
"DPHP_ln_U","Sleep",2203,258,1945,"continuous: per 1-SD increase in transformed concentration","2013-2014|2015-2016","WTSSBI2Y|WTSSCH2Y","ok",,-0.138163465072801,0.122706072947221,0.870956309172342,0.684773352283363,1.10776053121473,0.284143903347668,1.12469906971286,0.922489277891885,1.37123327905088,0.979563750686675,0.847492765763927,1.13221632139174,1203,117,1000,141,0.952135672030714,0.986774541139816,FALSE
"Hg_binary_U","Sleep",2505,262,2243,"binary: high/present vs low/absent","2013-2014|2015-2016","WTSA2YR","ok",,0.391634170666063,0.356410055537901,1.47939640579383,0.735702438007674,2.97486267872456,0.295310513843049,0.743239373281115,0.399719264385214,1.38198184379461,1.09954565747654,0.639327740315634,1.89104988980869,1373,125,1132,137,0.952135672030714,0.986774541139816,FALSE
"MEP_ln_U","Sleep",2416,260,2156,"continuous: per 1-SD increase in transformed concentration","2013-2014|2015-2016","WTSB2YR","ok",,0.173644173965252,0.161212940223823,1.18963218839607,0.867332222890954,1.63169856522897,0.30448590419285,0.935591980846328,0.724395982482647,1.20836169138324,1.11301033562003,0.814701629954108,1.52054686237315,1322,126,1094,134,0.952135672030714,0.986774541139816,FALSE
"X24D_ln_U","Sleep",2463,274,2189,"continuous: per 1-SD increase in transformed concentration","2013-2014|2015-2016","WTSB2YR|WTSC2YR","ok",,0.199286827101178,0.190835555945642,1.22053199735292,0.839666187003321,1.77415546751843,0.318759793696138,0.68103510954043,0.486980499525638,0.952417644810286,0.831225142514842,0.705456963643154,0.97941514955166,1338,125,1125,149,0.952135672030714,0.986774541139816,FALSE
"DBUP_binary_U","Sleep",2205,258,1947,"binary: high/present vs low/absent","2013-2014|2015-2016","WTSSBI2Y|WTSSCH2Y","ok",,-0.452132516085346,0.453339049140287,0.636269848148728,0.261668445343382,1.54714611894431,0.340033930368252,1.6756676602604,0.923505709553633,3.04043827622867,1.06617680774162,0.642514586722879,1.76919405233113,1204,117,1001,141,0.952135672030714,0.986774541139816,FALSE
"Chloroform_binary_S","Sleep",3478,361,3117,"binary: high/present vs low/absent","2013-2014|2015-2016","WTSVOC2Y","ok",,-0.266389873841199,0.273564147903791,0.766140371176757,0.448173159845902,1.30969705671058,0.351095904401166,0.833418937270318,0.501242213658944,1.38573150080572,0.63851589394602,0.412329173818417,0.988779287786293,1911,174,1567,187,0.952135672030714,0.986774541139816,FALSE
"MINP_binary_U","Sleep",2417,260,2157,"binary: high/present vs low/absent","2013-2014|2015-2016","WTSB2YR","ok",,0.377254397289799,0.403145381648808,1.45827524345663,0.661721470675298,3.21368850780721,0.369477080985406,0.836094478644368,0.454430862311361,1.53830656145143,1.21925587939786,0.899348659805537,1.6529572632795,1322,126,1095,134,0.952135672030714,0.986774541139816,FALSE
"MEHHP_ln_U","Sleep",2416,260,2156,"continuous: per 1-SD increase in transformed concentration","2013-2014|2015-2016","WTSB2YR","ok",,0.177959651562524,0.190823348764522,1.1947771128726,0.821967755142491,1.73667682279913,0.37105037721276,0.899053166145941,0.689812535107376,1.17176269554339,1.07416814616682,0.794011964614268,1.45317357629491,1322,126,1094,134,0.952135672030714,0.986774541139816,FALSE
"Mo_ln_U","Sleep",2496,260,2236,"continuous: per 1-SD increase in transformed concentration","2013-2014|2015-2016","WTSA2YR","ok",,0.162426352386084,0.177305089625552,1.17636167902757,0.83102813884,1.66519848752198,0.379268338151262,0.800633646556906,0.62126829519564,1.0317832745628,0.941834740749651,0.735587084641927,1.20591116592914,1369,125,1127,135,0.952135672030714,0.986774541139816,FALSE
"Mn_ln_S","Sleep",3683,392,3291,"continuous: per 1-SD increase in transformed concentration","2013-2014|2015-2016","WTSH2YR","ok",,-0.139807888451822,0.159660397020163,0.869525265198993,0.635882000531305,1.18901649392128,0.399933399987757,1.20529625348057,1.02927581734027,1.41141862480388,1.04803554445104,0.80316626768541,1.36756054957106,2023,187,1660,205,0.952135672030714,0.986774541139816,FALSE
"MEHP_binary_U","Sleep",2417,260,2157,"binary: high/present vs low/absent","2013-2014|2015-2016","WTSB2YR","ok",,0.436654429224735,0.508069897814495,1.54752120654077,0.571687611521309,4.18903932222806,0.408438558566453,0.684987953988034,0.398627128087765,1.17706112817643,1.06003338502146,0.578164729021095,1.94351319089036,1322,126,1095,134,0.952135672030714,0.986774541139816,FALSE
"NPMA_ln_U","Sleep",2447,257,2190,"continuous: per 1-SD increase in transformed concentration","2013-2014|2015-2016","WTSA2YR","ok",,0.136320461080846,0.167866206713532,1.14604909888715,0.824731579246027,1.59255274093031,0.433969213800096,0.889420874545495,0.70059452398835,1.12914027299824,1.01931999180429,0.833878831686965,1.24600026551811,1339,125,1108,132,0.952135672030714,0.986774541139816,FALSE
"EtP_binary_U","Sleep",2418,260,2158,"binary: high/present vs low/absent","2013-2014|2015-2016","WTSB2YR","ok",,0.32935358618616,0.423068668827384,1.39006927799691,0.606614970473494,3.18536912487107,0.452702813889753,0.684521720109588,0.347054605030026,1.35013331766985,0.951532613245937,0.518519546904739,1.74615271396313,1322,126,1096,134,0.952135672030714,0.986774541139816,FALSE
"MCPP_ln_U","Sleep",2416,260,2156,"continuous: per 1-SD increase in transformed concentration","2013-2014|2015-2016","WTSB2YR","ok",,-0.116797359113311,0.158469343429894,0.889765477761638,0.652204398054449,1.21385658817698,0.4765280955178,1.00425132871735,0.77527419903664,1.30085682263612,0.893548163288954,0.741986235714328,1.07606891029238,1322,126,1094,134,0.952135672030714,0.986774541139816,FALSE
"PFNA_ln_S","Sleep",2354,262,2092,"continuous: per 1-SD increase in transformed concentration","2013-2014|2015-2016","WTSB2YR","ok",,-0.154373841510543,0.21453717287181,0.856951597041798,0.562779882174564,1.30489035399581,0.48679874485149,0.902864836393312,0.633386043315706,1.2869953820394,0.77371146346013,0.6185261158631,0.967832098494791,1289,129,1065,133,0.952135672030714,0.986774541139816,FALSE
"o_Xylene_binary_S","Sleep",3569,374,3195,"binary: high/present vs low/absent","2013-2014|2015-2016","WTSVOC2Y","ok",,0.243799649481183,0.34340310332954,1.27608863985538,0.650983857827616,2.50144791946465,0.492510109365604,1.35693066602407,0.788607179732093,2.33482636186757,1.73156380798471,1.29599195501584,2.3135276492406,1966,181,1603,193,0.952135672030714,0.986774541139816,FALSE
"HEMA_binary_U","Sleep",2463,255,2208,"binary: high/present vs low/absent","2013-2014|2015-2016","WTSA2YR","ok",,0.36366052417953,0.513857024592083,1.43858576617131,0.525450523689782,3.93858015802932,0.49384904303669,1.10149809351584,0.572649783612151,2.11874357546389,1.58459947879672,0.945972191684394,2.65436503342857,1348,122,1115,133,0.952135672030714,0.986774541139816,FALSE
"Ba_ln_U","Sleep",2497,260,2237,"continuous: per 1-SD increase in transformed concentration","2013-2014|2015-2016","WTSA2YR","ok",,-0.154805344302164,0.219847809399024,0.856581899803822,0.556712098930664,1.31797486075996,0.495977475237957,1.04784614513924,0.708529906923177,1.54966153602634,0.897566041705484,0.709812233205307,1.13498297371529,1370,125,1127,135,0.952135672030714,0.986774541139816,FALSE
"X2_NP_ln_U","Sleep",2448,254,2194,"continuous: per 1-SD increase in transformed concentration","2013-2014|2015-2016","WTSA2YR","ok",,-0.161412118157426,0.229619624422021,0.850941310469753,0.542554584507912,1.33461431262392,0.496692259199865,1.37631348148062,1.06834210970472,1.77306387354595,1.17116199754831,0.826627164390348,1.65929754499774,1342,121,1106,133,0.952135672030714,0.986774541139816,FALSE
"Total_As_ln_U","Sleep",2496,260,2236,"continuous: per 1-SD increase in transformed concentration","2013-2014|2015-2016","WTSA2YR","ok",,-0.142564570597294,0.20283690037535,0.867131561281679,0.582675474381876,1.29045614176307,0.496752864870306,1.103970547441,0.858438736940306,1.41972969901279,0.957287704411505,0.719449590822783,1.2737511574222,1369,125,1127,135,0.952135672030714,0.986774541139816,FALSE
"X25_DCP_ln_U","Sleep",2416,260,2156,"continuous: per 1-SD increase in transformed concentration","2013-2014|2015-2016","WTSB2YR","ok",,-0.136908646831628,0.197401134224993,0.872049887013574,0.592256850021254,1.28402230453408,0.502343533915431,1.06291622593737,0.850670458069043,1.32811818330388,0.926915974733577,0.712423241247815,1.20598707969079,1322,126,1094,134,0.952135672030714,0.986774541139816,FALSE
"Tl_ln_U","Sleep",2497,260,2237,"continuous: per 1-SD increase in transformed concentration","2013-2014|2015-2016","WTSA2YR","ok",,-0.119362428425272,0.175697979065593,0.887486092280446,0.6289330495878,1.25232974242239,0.510951227719824,1.08468852402491,0.836407068815732,1.40667055315208,0.962645979528313,0.773503147068115,1.19803944614129,1370,125,1127,135,0.952135672030714,0.986774541139816,FALSE
"DEA_ln_U","Sleep",2434,268,2166,"continuous: per 1-SD increase in transformed concentration","2013-2014|2015-2016","WTSB2YR|WTSC2YR","ok",,-0.144475330260429,0.221742531006288,0.865476263213765,0.560407718715009,1.33661464175404,0.528072143262915,0.968262920790696,0.725197892224025,1.29279620615405,0.838008574494377,0.643820032886685,1.09076812626876,1323,124,1111,144,0.952135672030714,0.986774541139816,FALSE
"MECPP_ln_U","Sleep",2416,260,2156,"continuous: per 1-SD increase in transformed concentration","2013-2014|2015-2016","WTSB2YR","ok",,0.128970564270291,0.206098673969978,1.13765663591962,0.759585160092816,1.70390719730991,0.544230305749252,0.977985007164409,0.744440521883727,1.2847966306538,1.11261113323049,0.827161126564512,1.49656879903179,1322,126,1094,134,0.952135672030714,0.986774541139816,FALSE
"AsB_binary_U","Sleep",2503,262,2241,"binary: high/present vs low/absent","2013-2014|2015-2016","WTSA2YR","ok",,-0.290866815833268,0.467351206058184,0.747615241900806,0.299130549731454,1.86851042270401,0.546381228781265,1.52894374975741,0.949712608156757,2.46144883183061,1.14306165132761,0.575176236738612,2.27163407540007,1374,125,1129,137,0.952135672030714,0.986774541139816,FALSE
"m_p_Xylene_binary_S","Sleep",3561,373,3188,"binary: high/present vs low/absent","2013-2014|2015-2016","WTSVOC2Y","ok",,-0.209799668919267,0.34114366096387,0.810746647454697,0.415429961029326,1.58224054117423,0.55107192101548,1.05428077114603,0.632451826506672,1.75745866771805,0.854754600682595,0.612656593793914,1.19252030385202,1961,180,1600,193,0.952135672030714,0.986774541139816,FALSE
"DHB_Cys_ln_U","Sleep",2356,241,2115,"continuous: per 1-SD increase in transformed concentration","2013-2014|2015-2016","WTSA2YR","ok",,0.153451961607365,0.250261238381756,1.16585178013131,0.713865959812825,1.90401342794344,0.552232892258234,1.06893633288627,0.736689645430843,1.55102612185638,1.2462213265425,0.845217979167015,1.83747581453476,1288,116,1068,125,0.952135672030714,0.986774541139816,FALSE
"PFDA_ln_S","Sleep",2354,262,2092,"continuous: per 1-SD increase in transformed concentration","2013-2014|2015-2016","WTSB2YR","ok",,-0.101847690561641,0.175811977957865,0.903167102067559,0.639902685971595,1.27474197583431,0.574059325588481,0.97734015947567,0.729379007527371,1.30959868253143,0.882701479567887,0.729838437123965,1.06758134732084,1289,129,1065,133,0.952135672030714,0.986774541139816,FALSE
"Toluene_ln_S","Sleep",3506,364,3142,"continuous: per 1-SD increase in transformed concentration","2013-2014|2015-2016","WTSVOC2Y","ok",,0.0804417766888343,0.141272399773698,1.08376574437509,0.821640664866058,1.42951564948695,0.580520012501074,1.12439396869497,0.87087389576056,1.45171626224196,1.21857966645356,0.994304760353939,1.49344191308658,1926,177,1580,187,0.952135672030714,0.986774541139816,FALSE
"MB3_Cys_ln_U","Sleep",2422,251,2171,"continuous: per 1-SD increase in transformed concentration","2013-2014|2015-2016","WTSA2YR","ok",,0.118112240741629,0.222662744850057,1.12537041668908,0.727379638369381,1.74112459017697,0.606340226247701,1.29220343054543,0.936361603336072,1.78327443154892,1.45420751307997,1.08583099090742,1.94755860608748,1326,121,1096,130,0.9597842476519,0.986774541139816,FALSE
"X24_DCP_ln_U","Sleep",2416,260,2156,"continuous: per 1-SD increase in transformed concentration","2013-2014|2015-2016","WTSB2YR","ok",,0.0867355584199976,0.164680639514023,1.09060823941616,0.789750271889218,1.50607904070372,0.608865937011615,0.905855885613387,0.693468951596252,1.18329001408294,0.987933892573582,0.795394785571945,1.22708043074958,1322,126,1094,134,0.9597842476519,0.986774541139816,FALSE
"Sr_ln_U","Sleep",2497,260,2237,"continuous: per 1-SD increase in transformed concentration","2013-2014|2015-2016","WTSA2YR","ok",,-0.0977582796052759,0.192748715926238,0.906868085774127,0.62154574732203,1.32316845306888,0.622041842753122,0.98860571326632,0.710539879882166,1.37549106527967,0.896534970775193,0.72303173615424,1.11167313083393,1370,125,1127,135,0.9597842476519,0.986774541139816,FALSE
"BDCPP_ln_U","Sleep",2192,252,1940,"continuous: per 1-SD increase in transformed concentration","2013-2014|2015-2016","WTSSBI2Y|WTSSCH2Y","ok",,-0.0702585323424381,0.139871078516803,0.93215279710505,0.708641270289273,1.22616177406105,0.625353244723324,1.03781897620863,0.783593624322799,1.3745239802194,0.967405861561571,0.780135641961714,1.19962997541088,1197,112,995,140,0.9597842476519,0.986774541139816,FALSE
"BPS_ln_U","Sleep",2414,260,2154,"continuous: per 1-SD increase in transformed concentration","2013-2014|2015-2016","WTSB2YR","ok",,0.0803492866152755,0.179873275310386,1.08366551143702,0.761700128430487,1.54172343793327,0.663758772642759,0.892644027182031,0.676595147187322,1.17768116217829,0.967327546247418,0.752901527036448,1.24282200012559,1320,126,1094,134,0.9597842476519,0.986774541139816,FALSE
"Cs_ln_U","Sleep",2497,260,2237,"continuous: per 1-SD increase in transformed concentration","2013-2014|2015-2016","WTSA2YR","ok",,0.0789597470367904,0.177916394193981,1.08216076101629,0.763565487241357,1.53368890062627,0.665788644722785,0.949947412996359,0.74686162858797,1.20825605830704,1.0279958153736,0.82313199281601,1.28384682608472,1370,125,1127,135,0.9597842476519,0.986774541139816,FALSE
"X3_FL_ln_U","Sleep",2484,259,2225,"continuous: per 1-SD increase in transformed concentration","2013-2014|2015-2016","WTSA2YR","ok",,0.0848471339688671,0.196245601371415,1.08855065156132,0.740970663625237,1.59917602569741,0.673839576421685,1.29759571681559,0.911850543667961,1.84652480166891,1.41249866300279,1.13388692963541,1.75956916059187,1361,123,1123,136,0.9597842476519,0.986774541139816,FALSE
"X2_MHA_ln_U","Sleep",2348,247,2101,"continuous: per 1-SD increase in transformed concentration","2013-2014|2015-2016","WTSA2YR","ok",,0.1002100545699,0.235686766191289,1.1054030886609,0.696466205662865,1.75445122604061,0.678901609881726,1.0228767080536,0.710462441398645,1.47267005109914,1.13069107240174,0.862793089192385,1.48177160575742,1288,119,1060,128,0.9597842476519,0.986774541139816,FALSE
"Cd_ln_S","Sleep",3683,392,3291,"continuous: per 1-SD increase in transformed concentration","2013-2014|2015-2016","WTSH2YR","ok",,0.0838668364157091,0.199201999850977,1.08748407088973,0.735967673353284,1.6068934102099,0.681853285850563,1.31303961364709,1.03145302874887,1.67149931112013,1.42790966428842,1.11158600958016,1.83424943440801,2023,187,1660,205,0.9597842476519,0.986774541139816,FALSE
"MeFOSAA_binary_S","Sleep",2354,262,2092,"binary: high/present vs low/absent","2013-2014|2015-2016","WTSB2YR","ok",,0.153259041510884,0.366222261628103,1.16562688558744,0.568623590841964,2.38942959505508,0.683645488304194,1.27229897581556,0.694656029342793,2.3302823490826,1.48302589271598,0.90927413882681,2.41881485962392,1289,129,1065,133,0.9597842476519,0.986774541139816,FALSE
"FA_ln_S","Sleep",2213,240,1973,"continuous: per 1-SD increase in transformed concentration","2013-2014|2015-2016","WTSA2YR","ok",,0.091631060235044,0.219009345639405,1.09596040410858,0.713461175844696,1.68352427299463,0.683714733888237,0.953504403888919,0.718685034555495,1.2650474192744,1.04500307180541,0.822739795109119,1.32731080540221,1205,114,1008,126,0.9597842476519,0.986774541139816,FALSE
"PrP_ln_U","Sleep",2416,260,2156,"continuous: per 1-SD increase in transformed concentration","2013-2014|2015-2016","WTSB2YR","ok",,0.0561051428711377,0.137395773497381,1.05770888843968,0.8080021390029,1.38458555823239,0.69085525773415,0.820467602403034,0.613997309613973,1.09636813720928,0.867815875738479,0.702173722660176,1.07253286456038,1322,126,1094,134,0.9597842476519,0.986774541139816,FALSE
"PFUnDA_binary_S","Sleep",2354,262,2092,"binary: high/present vs low/absent","2013-2014|2015-2016","WTSB2YR","ok",,-0.187030868876676,0.458099925563622,0.829418132784175,0.337933305835909,2.03571067755372,0.690906333313415,1.11853279565178,0.601851031256954,2.07877954838038,0.927731382827366,0.531171289599298,1.62035399038991,1289,129,1065,133,0.9597842476519,0.986774541139816,FALSE
"Perchlorate_ln_U","Sleep",2483,258,2225,"continuous: per 1-SD increase in transformed concentration","2013-2014|2015-2016","WTSA2YR","ok",,0.0734793917275976,0.180794180399117,1.07624635686525,0.755121057252389,1.53393447254721,0.692225048708321,0.805093350822698,0.662025440905907,0.979079146342118,0.866478785759369,0.651721797992116,1.15200303025634,1363,125,1120,133,0.9597842476519,0.986774541139816,FALSE
"W_ln_U","Sleep",2496,260,2236,"continuous: per 1-SD increase in transformed concentration","2013-2014|2015-2016","WTSA2YR","ok",,-0.0545663465322549,0.136811754043762,0.946895683528717,0.724178489546319,1.23810835094953,0.697642652278882,1.10032951024635,0.85716705245211,1.4124726652237,1.04189726371154,0.792259153531771,1.37019547617768,1369,125,1127,135,0.9597842476519,0.986774541139816,FALSE
"MEOHP_ln_U","Sleep",2416,260,2156,"continuous: per 1-SD increase in transformed concentration","2013-2014|2015-2016","WTSB2YR","ok",,0.0716291909531686,0.179934154529267,1.07425692601308,0.754996812252462,1.52852028559451,0.698184420626376,1.0232153561944,0.822051555791969,1.27360584354515,1.09919618319478,0.823035909731133,1.46801887361715,1322,126,1094,134,0.9597842476519,0.986774541139816,FALSE
"MiBP_ln_U","Sleep",2416,260,2156,"continuous: per 1-SD increase in transformed concentration","2013-2014|2015-2016","WTSB2YR","ok",,0.0887985231835089,0.225133319973503,1.0928604480997,0.702954730512083,1.69903395934276,0.700805824448431,1.0193801483226,0.796194831417673,1.3051276468901,1.11404024567977,0.770790837549898,1.610145850902,1322,126,1094,134,0.9597842476519,0.986774541139816,FALSE
"PMA_binary_U","Sleep",2445,256,2189,"binary: high/present vs low/absent","2013-2014|2015-2016","WTSA2YR","ok",,0.176906259937293,0.448928627739074,1.19351920731779,0.495100824928122,2.87716769295083,0.70106622153888,0.913468889345343,0.497834878455159,1.67610878207477,1.09024266472092,0.683031006035145,1.74022710166193,1342,124,1103,132,0.9597842476519,0.986774541139816,FALSE
"Ethylbenzene_binary_S","Sleep",3485,365,3120,"binary: high/present vs low/absent","2013-2014|2015-2016","WTSVOC2Y","ok",,0.126413758461475,0.32086243368152,1.13475158423357,0.60503037744779,2.12825868901385,0.701125053029411,1.28970715162322,0.73913242498964,2.25040125518968,1.46349723350181,1.03007400173437,2.07929153523067,1916,177,1569,188,0.9597842476519,0.986774541139816,FALSE
"BP3_ln_U","Sleep",2416,260,2156,"continuous: per 1-SD increase in transformed concentration","2013-2014|2015-2016","WTSB2YR","ok",,0.0900169183364579,0.234999419623259,1.09419279547048,0.690332478790617,1.73432065047404,0.70898045030014,0.868071717738396,0.652698283479643,1.15451277597973,0.949837819501037,0.68644724969548,1.3142916425912,1322,126,1094,134,0.9597842476519,0.986774541139816,FALSE
"PNP_ln_U","Sleep",2417,270,2147,"continuous: per 1-SD increase in transformed concentration","2013-2014|2015-2016","WTSB2YR|WTSC2YR","ok",,0.0458489986262535,0.120336461244957,1.04691631321926,0.826950479519064,1.32539226232994,0.710454193292871,0.916681559136399,0.764993902603875,1.09844676931479,0.959688878287158,0.795898462652192,1.15718623207159,1310,122,1107,148,0.9597842476519,0.986774541139816,FALSE
"DMA_ln_U","Sleep",2501,262,2239,"continuous: per 1-SD increase in transformed concentration","2013-2014|2015-2016","WTSA2YR","ok",,0.0690142681384714,0.182684989893291,1.0714514966576,0.748976019959872,1.53277044804629,0.712783949188709,1.02792453073083,0.800787759955819,1.31948675256537,1.10137127690262,0.841008117947532,1.44233885939942,1373,125,1128,137,0.9597842476519,0.986774541139816,FALSE
"GLYP_ln_U","Sleep",2199,257,1942,"continuous: per 1-SD increase in transformed concentration","2013-2014|2015-2016","WTSSCH2Y|WTSSGL2Y","ok",,0.0677635112569274,0.179416853408784,1.0701122090611,0.752846802493835,1.52107990123398,0.712848847809112,1.09381816316218,0.856518230101203,1.39686247416136,1.17050817089264,0.910742969534713,1.50436448477487,1203,116,996,141,0.9597842476519,0.986774541139816,FALSE
"THg_ln_S","Sleep",3683,392,3291,"continuous: per 1-SD increase in transformed concentration","2013-2014|2015-2016","WTSH2YR","ok",,0.0487171171921709,0.138254686520664,1.04992330347513,0.800705497236905,1.37670959795345,0.731217641043338,0.928335835482997,0.771781025308784,1.11664759197353,0.974681427124658,0.798000230489378,1.19048071427143,2023,187,1660,205,0.9597842476519,0.986774541139816,FALSE
"CEMA_CYM_ln_U","Sleep",2454,256,2198,"continuous: per 1-SD increase in transformed concentration","2013-2014|2015-2016","WTSA2YR","ok",,0.075574369655308,0.218091703108242,1.07850343266414,0.703360744696924,1.65373126526921,0.735485587599503,1.36538531105224,1.0289874452483,1.81175878893971,1.47257274487904,1.13809312897355,1.90535416984405,1346,124,1108,132,0.9597842476519,0.986774541139816,FALSE
"Cd_ln_U","Sleep",2497,260,2237,"continuous: per 1-SD increase in transformed concentration","2013-2014|2015-2016","WTSA2YR","ok",,0.0649810086345051,0.187832986815151,1.06713875776957,0.738472330021907,1.54208232595552,0.735905585870166,1.36598864203113,1.04075382309789,1.79285910726128,1.45769942258444,1.13640370385169,1.8698351645643,1370,125,1127,135,0.9597842476519,0.986774541139816,FALSE
"X23_OH_PH_ln_U","Sleep",2489,260,2229,"continuous: per 1-SD increase in transformed concentration","2013-2014|2015-2016","WTSA2YR","ok",,0.0752681589593217,0.218234038319251,1.07817323393517,0.702949267041313,1.6536862286904,0.736676505873169,1.22664099650291,0.845554409263184,1.77948115203232,1.32253149007701,1.03989204123366,1.68199146920128,1365,124,1124,136,0.9597842476519,0.986774541139816,FALSE
"Se_ln_S","Sleep",3683,392,3291,"continuous: per 1-SD increase in transformed concentration","2013-2014|2015-2016","WTSH2YR","ok",,0.0595978348043912,0.180973755228418,1.06140959870045,0.744449153439686,1.51332072984179,0.74810095885851,0.932263877716659,0.739029485318947,1.17602335896005,0.989513828330164,0.797832288312588,1.22724741878709,2023,187,1660,205,0.961050012397892,0.986774541139816,FALSE
"TCC_binary_U","Sleep",2418,260,2158,"binary: high/present vs low/absent","2013-2014|2015-2016","WTSB2YR","ok",,-0.158022771018426,0.496728775196897,0.85383033916073,0.322513213850983,2.26045388766047,0.75634671206506,1.03706105145867,0.513047795538796,2.09628739038456,0.885474189297344,0.500099777074849,1.56781621559179,1322,126,1096,134,0.962294270163351,0.986774541139816,FALSE
"BDCM_binary_S","Sleep",3544,370,3174,"binary: high/present vs low/absent","2013-2014|2015-2016","WTSVOC2Y","ok",,0.154764915675938,0.501375521485771,1.16738349528517,0.436952359742792,3.11883937614256,0.763331866674415,0.607564524512942,0.291217110956007,1.26755824970189,0.709260798237193,0.39828060437872,1.26305643404547,1962,179,1582,191,0.962294270163351,0.986774541139816,FALSE
"PMM_Cys_ln_U","Sleep",2453,255,2198,"continuous: per 1-SD increase in transformed concentration","2013-2014|2015-2016","WTSA2YR","ok",,0.0712881421761643,0.232535425590919,1.07389061447088,0.680803682961591,1.69394067733577,0.76489642030153,1.21214561535596,0.857725299449361,1.71301580327634,1.3017117997028,0.948252938502486,1.78692154876043,1346,123,1107,132,0.962294270163351,0.986774541139816,FALSE
"Nitrate_ln_U","Sleep",2484,258,2226,"continuous: per 1-SD increase in transformed concentration","2013-2014|2015-2016","WTSA2YR","ok",,-0.0430546397902613,0.143906946494635,0.957859051419488,0.722446250944148,1.26998231520641,0.77037661545126,1.08604308827363,0.840695633126698,1.40299240665757,1.04027620233447,0.830862659775418,1.30247106956997,1364,125,1120,133,0.962294270163351,0.986774541139816,FALSE
"X1_PH_ln_U","Sleep",2489,260,2229,"continuous: per 1-SD increase in transformed concentration","2013-2014|2015-2016","WTSA2YR","ok",,0.0521261335248312,0.182189031743311,1.05350861688852,0.7371496395295,1.50563786013212,0.780110148748491,1.18452570889503,0.804805698175669,1.74340360439024,1.24790804124689,0.99798830817064,1.56041355059882,1365,124,1124,136,0.964038557803013,0.988139521748088,FALSE
"X3_HPMA_ln_U","Sleep",2395,249,2146,"continuous: per 1-SD increase in transformed concentration","2013-2014|2015-2016","WTSA2YR","ok",,0.0604221368165974,0.232120299411789,1.06228488146755,0.673994283182747,1.6742711289267,0.799436563091543,1.26998191280359,0.907892559230574,1.77648119532463,1.34908258570849,1.00963489653645,1.80265542455545,1312,120,1083,129,0.969602686141988,0.988780077532947,FALSE
"PFHS_ln_S","Sleep",2354,262,2092,"continuous: per 1-SD increase in transformed concentration","2013-2014|2015-2016","WTSB2YR","ok",,-0.0486621932435488,0.204135422505376,0.952502837251916,0.638414435339983,1.42111707497622,0.815967408842004,0.887943945752788,0.577523133803301,1.36521708768045,0.845769127650192,0.606338097386503,1.17974677885066,1289,129,1065,133,0.973915343652303,0.988780077532947,FALSE
"CEMA_CEM_ln_U","Sleep",2467,257,2210,"continuous: per 1-SD increase in transformed concentration","2013-2014|2015-2016","WTSA2YR","ok",,0.0557149334438774,0.25439525915388,1.05729624097481,0.642171565830278,1.74077365093881,0.830653418355226,1.3754464969895,0.924059738572671,2.04732766412148,1.45425441092897,1.07043445061116,1.97569864319942,1351,124,1116,133,0.973915343652303,0.988780077532947,FALSE
"X1_PY_ln_U","Sleep",2488,259,2229,"continuous: per 1-SD increase in transformed concentration","2013-2014|2015-2016","WTSA2YR","ok",,-0.0434507865601132,0.207283967076054,0.957479673799865,0.63780201696724,1.43738542894414,0.837796335402909,1.38344569291489,0.920908539834008,2.07829757512049,1.32462113077198,1.08558133203584,1.61629634584551,1365,124,1123,135,0.973915343652303,0.988780077532947,FALSE
"X1_NP_ln_U","Sleep",2409,245,2164,"continuous: per 1-SD increase in transformed concentration","2013-2014|2015-2016","WTSA2YR","ok",,0.0309593989068288,0.166506051758617,1.03144362529764,0.744239444039363,1.42948074129603,0.855879685364172,1.21311970454299,0.915728995981729,1.60709055190804,1.25126458597382,1.0278732334089,1.52320637722979,1313,115,1096,130,0.973915343652303,0.988780077532947,FALSE
"Furan_binary_S","Sleep",3580,374,3206,"binary: high/present vs low/absent","2013-2014|2015-2016","WTSVOC2Y","ok",,0.0677720725838347,0.389458378102375,1.07012137068077,0.498791877945829,2.29586687077543,0.865013910984652,1.839977569644,0.88327986701455,3.83289326885254,1.96899931884931,1.10946889822779,3.49442721992649,1973,181,1607,193,0.973915343652303,0.988780077532947,FALSE
"CEMA_AAM_ln_U","Sleep",2411,249,2162,"continuous: per 1-SD increase in transformed concentration","2013-2014|2015-2016","WTSA2YR","ok",,0.0288395577311858,0.167577797553034,1.02925944450649,0.741105028048591,1.42945326777132,0.866486995889149,1.20273332257008,0.890433899538445,1.62456465995992,1.23792463147793,0.929587122439234,1.6485355231671,1320,119,1091,130,0.973915343652303,0.988780077532947,FALSE
"X2_FL_ln_U","Sleep",2488,259,2229,"continuous: per 1-SD increase in transformed concentration","2013-2014|2015-2016","WTSA2YR","ok",,0.0306105306927897,0.206763647546489,1.0310838501629,0.687532472040205,1.54630355554259,0.884985397482604,1.41973116707183,1.03208768780701,1.95297028592404,1.46386187794069,1.16271512486726,1.84300655582568,1364,123,1124,136,0.973915343652303,0.988780077532947,FALSE
"IHg_binary_S","Sleep",3681,392,3289,"binary: high/present vs low/absent","2013-2014|2015-2016","WTSH2YR","ok",,-0.0262206088977766,0.200235661512967,0.974120166326432,0.657913045909365,1.44230321065036,0.898180058649283,0.890937041452841,0.590218558696724,1.34487267493839,0.867879739006421,0.543003545441177,1.38712766740019,2022,187,1659,205,0.973915343652303,0.988780077532947,FALSE
"MBzP_ln_U","Sleep",2416,260,2156,"continuous: per 1-SD increase in transformed concentration","2013-2014|2015-2016","WTSB2YR","ok",,-0.027657077665415,0.220694746784517,0.972721877671008,0.631145547517663,1.49915951244722,0.902532606324726,1.03648918902358,0.83736900261223,1.28295869038783,1.00821571013271,0.727679703615168,1.39690431533045,1322,126,1094,134,0.973915343652303,0.988780077532947,FALSE
"BuP_binary_U","Sleep",2418,260,2158,"binary: high/present vs low/absent","2013-2014|2015-2016","WTSB2YR","ok",,-0.0373236018474958,0.345439077999183,0.963364338423018,0.48949345165264,1.89598215341154,0.915904155915129,1.05252013637025,0.604429111494255,1.8328015914491,1.01396036485123,0.499251471091961,2.05931415533046,1322,126,1096,134,0.973915343652303,0.988780077532947,FALSE
"MHNCH_binary_U","Sleep",2417,260,2157,"binary: high/present vs low/absent","2013-2014|2015-2016","WTSB2YR","ok",,0.0508259923880946,0.479448507628575,1.05213979702012,0.411110566439458,2.69270177621808,0.917483517087525,0.767996726693582,0.420494713089742,1.40267868739215,0.808039920135505,0.419328870456532,1.55707979710945,1322,126,1095,134,0.973915343652303,0.988780077532947,FALSE
"Thiocyanate_ln_U","Sleep",2478,256,2222,"continuous: per 1-SD increase in transformed concentration","2013-2014|2015-2016","WTSA2YR","ok",,-0.0185066067528508,0.17651165401736,0.981663588961652,0.69456505558449,1.38743432907394,0.918385082830023,1.25708868017399,0.949591846544328,1.66415913907893,1.23403818542266,0.96499024228462,1.57809911059401,1362,125,1116,131,0.973915343652303,0.988780077532947,FALSE
"Mn_binary_U","Sleep",2499,260,2239,"binary: high/present vs low/absent","2013-2014|2015-2016","WTSA2YR","ok",,0.0591641925461817,0.608717011691757,1.06094942642747,0.321769074592721,3.49820344562795,0.924319942231108,1.16393613152623,0.620685090733859,2.18266450813324,1.23487737114096,0.577449365867253,2.64078932611829,1371,125,1128,135,0.975671050132837,0.988780077532947,FALSE
"MCNP_ln_U","Sleep",2416,260,2156,"continuous: per 1-SD increase in transformed concentration","2013-2014|2015-2016","WTSB2YR","ok",,0.0182848875582319,0.206976073161857,1.01845307967547,0.678827512174267,1.52799740272483,0.931191900123396,1.02415163070496,0.763747641441195,1.3733418026619,1.04305038234611,0.79683571586171,1.36534304180359,1322,126,1094,134,0.980654749321636,0.988780077532947,FALSE
"U_ln_U","Sleep",2497,260,2237,"continuous: per 1-SD increase in transformed concentration","2013-2014|2015-2016","WTSA2YR","ok",,0.00935896882446255,0.166654999636865,1.00940290091927,0.728123333880272,1.39934289834444,0.956223210862938,1.0401885855165,0.838095195212124,1.2910135980018,1.04996937572347,0.793037899186063,1.39014250275885,1370,125,1127,135,0.988564138884027,0.988780077532947,FALSE
"EO_ln_S","Sleep",2410,257,2153,"continuous: per 1-SD increase in transformed concentration","2013-2014|2015-2016","WTSA2YR","ok",,-0.00917941508737322,0.202854364112692,0.990862587126465,0.665794663696279,1.47464183794484,0.964718081460258,1.35913485193263,1.02440198342717,1.80324479610816,1.34671587563971,1.03945945225837,1.74479499489819,1317,123,1093,134,0.988564138884027,0.988780077532947,FALSE
"X25_DMF_binary_S","Sleep",3575,373,3202,"binary: high/present vs low/absent","2013-2014|2015-2016","WTSVOC2Y","ok",,0.0142220806625147,0.319114875165695,1.01432369560554,0.542675863004835,1.89588782108355,0.965250986709331,1.97703511267303,1.10190963813132,3.54717637588741,2.00535356182842,1.22133251113526,3.29266835302688,1970,180,1605,193,0.988564138884027,0.988780077532947,FALSE
"BPA_ln_U","Sleep",2416,260,2156,"continuous: per 1-SD increase in transformed concentration","2013-2014|2015-2016","WTSB2YR","ok",,-0.00949744857932187,0.218899849936356,0.990547509743075,0.644976656409433,1.52127113331579,0.966170461888355,1.03377588439809,0.79607748546002,1.34244793840073,1.02400412792297,0.761576016778442,1.37686118115814,1322,126,1094,134,0.988564138884027,0.988780077532947,FALSE
"X3PBA_ln_U","Sleep",2439,269,2170,"continuous: per 1-SD increase in transformed concentration","2013-2014|2015-2016","WTSB2YR|WTSC2YR","ok",,0.00657853868478069,0.159707561813904,1.00660022479863,0.73605658422314,1.37658440163817,0.967881652281596,0.848068304934366,0.677969604450264,1.06084379758799,0.853665746391522,0.665356697103912,1.09526996531964,1323,121,1116,148,0.988564138884027,0.988780077532947,FALSE
"BCPP_binary_U","Sleep",2207,258,1949,"binary: high/present vs low/absent","2013-2014|2015-2016","WTSSBI2Y|WTSSCH2Y","ok",,-0.0149435819778803,0.39767940484253,0.985167519238093,0.451854426870661,2.14793744012505,0.97069826578115,1.17425364276053,0.611374921738668,2.25536175676793,1.15683654819469,0.567118305344193,2.35977358979231,1205,117,1002,141,0.988564138884027,0.988780077532947,FALSE
"DBCM_binary_S","Sleep",3576,374,3202,"binary: high/present vs low/absent","2013-2014|2015-2016","WTSVOC2Y","ok",,0.0161655919600099,0.443874461000366,1.01629696207898,0.42578176547226,2.42579555746207,0.971600549863785,0.835240987554799,0.42334893289506,1.64787827034501,0.84885287825579,0.445943511876797,1.61579031812937,1971,181,1605,193,0.988564138884027,0.988780077532947,FALSE
"DCVDMPCA_binary_U","Sleep",2432,272,2160,"binary: high/present vs low/absent","2013-2014|2015-2016","WTSB2YR|WTSC2YR","ok",,-0.0114456443768029,0.448706496659883,0.988619607822373,0.410282070980816,2.38218727577926,0.980106568080904,0.781638428686705,0.452559903197122,1.3500061072218,0.772743076827146,0.42257428008265,1.41308141770363,1315,123,1117,149,0.988564138884027,0.988780077532947,FALSE
"Mn_ln_S","Smoking",3690,394,3296,"continuous: per 1-SD increase in transformed concentration","2013-2014|2015-2016","WTSH2YR","ok",,0.00185714457117119,0.200158196844968,1.00185887013219,0.676750290490101,1.48314852578143,0.992763163985455,1.11684451524542,0.835976261378688,1.49207786017353,1.11892058415711,0.896720208073808,1.39618050577872,2004,140,1686,254,0.994125681130663,0.992922129607874,FALSE
"Chloroform_binary_S","Smoking",3484,362,3122,"binary: high/present vs low/absent","2013-2014|2015-2016","WTSVOC2Y","ok",,0.00305003505865572,0.336108054148541,1.00305469114813,0.519067289983816,1.9383203928447,0.992922129607874,0.710177931950444,0.421605857641354,1.19626586274436,0.712347306192768,0.436528767708493,1.16244042128961,1896,135,1588,227,0.994125681130663,0.992922129607874,FALSE
"OXY_binary_U","Sleep",2455,272,2183,"binary: high/present vs low/absent","2013-2014|2015-2016","WTSB2YR|WTSC2YR","ok",,-0.00328403263232739,0.436042342445078,0.996721353904703,0.424040197073722,2.34282849641471,0.994125681130663,1.15516389423371,0.642172180613317,2.07795302074085,1.15137652064245,0.626159261196623,2.1171417152775,1332,124,1123,148,0.994125681130663,0.994125681130663,FALSE
"A_a_C_binary_U","Diet",1278,119,1159,"binary: high/present vs low/absent","2013-2014","WTSA2YR","ok",,0.709534863033574,0.549672791813722,2.0330453941183,0.692239137304974,5.97087531143831,,1.10564614752439,0.523677440322865,2.33436331109059,2.2478288077491,0.905189630097426,5.58196225513866,670,63,608,56,,,
"A_a_C_binary_U","PhysicalActivity",1278,119,1159,"binary: high/present vs low/absent","2013-2014","WTSA2YR","ok",,0.313688271290212,0.636015282660778,1.36846308081983,0.393410500105036,4.76014545383747,,1.20039937217573,0.512939920952892,2.80921525866619,1.6427022230618,0.714327842384574,3.77763602863935,796,52,482,67,,,
"A_a_C_binary_U","Sleep",1278,119,1159,"binary: high/present vs low/absent","2013-2014","WTSA2YR","ok",,0.0956200841460602,0.618932729240134,1.10034094760375,0.32710041845053,3.70146332037368,,1.382743888504,0.510192746991037,3.74756535147047,1.52148972056978,0.850152009345352,2.72296124028702,702,59,576,60,,,
"A_a_C_binary_U","Smoking",1278,119,1159,"binary: high/present vs low/absent","2013-2014","WTSA2YR","ok",,-0.216010480078888,0.516043074702271,0.805726857748201,0.293037437088126,2.2154021538946,,1.5076228759559,0.590609566753015,3.84844212497499,1.21473224251325,0.631373590125646,2.33708606770775,686,33,592,86,,,
"CYHA_Cys_binary_U","Diet",1187,137,1050,"binary: high/present vs low/absent","2015-2016","WTSA2YR","ok",,0.722868111953371,0.631174069817513,2.06033401312878,0.597959014569829,7.09910903962064,,1.43041884785203,0.498221269341102,4.10680596393709,2.94714060525002,1.6706609634348,5.19892302340998,586,69,601,68,,,
"CYHA_Cys_binary_U","PhysicalActivity",1187,137,1050,"binary: high/present vs low/absent","2015-2016","WTSA2YR","ok",,-0.443267962663333,1.14345246532744,0.641935169381309,0.0682597638753107,6.03694970936836,,2.81198762884885,0.927859172241745,8.52206311189952,1.80511375482323,0.47833900818584,6.81197981366826,678,55,509,82,,,
"CYHA_Cys_binary_U","Sleep",1183,136,1047,"binary: high/present vs low/absent","2015-2016","WTSA2YR","ok",,1.01442422612954,0.714001719199706,2.75777508533112,0.680437610121232,11.177106186,,1.1991009578824,0.487547865283646,2.94913219722125,3.30685074644477,1.53956089093353,7.10284466412473,654,64,529,72,,,
"CYHA_Cys_binary_U","Smoking",1187,137,1050,"binary: high/present vs low/absent","2015-2016","WTSA2YR","ok",,1.62861871794659,1.26848805776428,5.09682969468778,0.424171308752626,61.2433523923259,,0.448367464502869,0.0401055163580803,5.01261176716473,2.28525260721009,1.16588253983914,4.47933586815791,646,51,541,86,,,
"DEP_ln_U","Diet",1142,132,1010,"continuous: per 1-SD increase in transformed concentration","2015-2016","WTSB2YR","ok",,-0.144662700070283,0.233593977252853,0.865314114282275,0.547437545750971,1.36776975234492,,0.911754561004869,0.65504904229034,1.26905975865044,0.788954090398753,0.435655009477108,1.4287648327607,560,54,582,78,,,
"DEP_ln_U","PhysicalActivity",1142,132,1010,"continuous: per 1-SD increase in transformed concentration","2015-2016","WTSB2YR","ok",,-0.165693020563556,0.365517340645698,0.84730629988038,0.413909880738043,1.7345030868479,,0.905852654255396,0.528637574414973,1.55223364916814,0.767534660713961,0.429175052926542,1.37265540338415,699,65,443,67,,,
"DEP_ln_U","Sleep",1134,130,1004,"continuous: per 1-SD increase in transformed concentration","2015-2016","WTSB2YR","ok",,-0.296700038715515,0.387714209966807,0.74326693023001,0.347628850377545,1.58918262673985,,0.931299834664994,0.472622904116976,1.83511923457772,0.692204369235166,0.437095150484786,1.09620728634676,637,57,497,73,,,
"DEP_ln_U","Smoking",1141,132,1009,"continuous: per 1-SD increase in transformed concentration","2015-2016","WTSB2YR","ok",,-0.413645208113758,0.360109708555602,0.661235510647642,0.326455955960504,1.33933044430148,,1.13416974363821,0.637830958197618,2.01674282323846,0.749953309595716,0.464919463138939,1.20973633320549,615,47,526,85,,,
"DETP_binary_U","Diet",1136,131,1005,"binary: high/present vs low/absent","2015-2016","WTSB2YR","ok",,-0.895481567080797,0.668070434123932,0.408410874044226,0.110261593032209,1.51276103900334,,1.01811780474186,0.354468347006479,2.92427764872738,0.415810382514612,0.23228740746283,0.744329088242181,559,53,577,78,,,
"DETP_binary_U","PhysicalActivity",1136,131,1005,"binary: high/present vs low/absent","2015-2016","WTSB2YR","ok",,0.568221036124485,0.528676152834174,1.76512416459691,0.626263403867737,4.97500460221995,,0.441722388048355,0.226768287481038,0.860431898439313,0.779694861187603,0.384489873459654,1.58111856390971,695,64,441,67,,,
"DETP_binary_U","Sleep",1128,129,999,"binary: high/present vs low/absent","2015-2016","WTSB2YR","ok",,0.750762543096458,0.633891729750094,2.11861493600511,0.611607068738429,7.33891002326459,,0.391897069746763,0.188242120857271,0.815881762151146,0.830278985342127,0.343525455943304,2.00673103426293,636,57,492,72,,,
"DETP_binary_U","Smoking",1136,131,1005,"binary: high/present vs low/absent","2015-2016","WTSB2YR","ok",,-0.0306705530715668,0.746077285867378,0.969795016442696,0.22470158783001,4.18556176215627,,0.654655217981506,0.215411707731294,1.98955506617596,0.634881367886671,0.318229504129876,1.26661527626662,614,46,522,85,,,
"DMDTP_binary_U","Diet",1135,130,1005,"binary: high/present vs low/absent","2015-2016","WTSB2YR","ok",,-0.146035122619439,0.584134967036081,0.864127352235504,0.275012244181561,2.71521031037646,,1.29971711779107,0.664326834733123,2.54282154198655,1.12312111165196,0.476635871869036,2.64646684373962,555,52,580,78,,,
"DMDTP_binary_U","PhysicalActivity",1135,130,1005,"binary: high/present vs low/absent","2015-2016","WTSB2YR","ok",,0.335646466545125,0.601771761199278,1.39884439908947,0.430061874953628,4.54996307932427,,0.945312513121124,0.488284806534798,1.83011172066786,1.32234511436867,0.534091710024934,3.27396319522179,695,64,440,66,,,
"DMDTP_binary_U","Sleep",1127,128,999,"binary: high/present vs low/absent","2015-2016","WTSB2YR","ok",,0.878689471360823,0.577888212590156,2.40774222274407,0.775713967511375,7.47340238023951,,0.738404293881967,0.312222886561301,1.74631945540058,1.77788719583513,1.00268169648844,3.15242902327275,634,56,493,72,,,
"DMDTP_binary_U","Smoking",1134,130,1004,"binary: high/present vs low/absent","2015-2016","WTSB2YR","ok",,-0.0140412284413472,0.479215071349308,0.986056889836161,0.385465814486407,2.52242391790012,,1.15822471462227,0.516540115002159,2.59705771265456,1.14207545983181,0.645799982544915,2.01972188170401,611,46,523,84,,,
"DMP_ln_U","Diet",1135,132,1003,"continuous: per 1-SD increase in transformed concentration","2015-2016","WTSB2YR","ok",,-0.293388795225589,0.2273754300243,0.745732147228426,0.477569949794867,1.16447116416933,,1.23069482692388,0.987266061256805,1.5341454714741,0.917768695864861,0.611109130477077,1.37831254206909,557,54,578,78,,,
"DMP_ln_U","PhysicalActivity",1135,132,1003,"continuous: per 1-SD increase in transformed concentration","2015-2016","WTSB2YR","ok",,-0.320533140836612,0.294702377362422,0.725762000550216,0.407322591056996,1.29315312483846,,1.18604503470313,0.881085547896684,1.5965564611768,0.860786417128796,0.564353143236045,1.31292483225086,694,65,441,67,,,
"DMP_ln_U","Sleep",1127,130,997,"continuous: per 1-SD increase in transformed concentration","2015-2016","WTSB2YR","ok",,0.268636237511299,0.355035944696775,1.30817918796769,0.652310753962352,2.62349313948393,,0.917112360080969,0.627783387119257,1.33978550288319,1.19974730248586,0.744385958068385,1.93366569347599,636,57,491,73,,,
"DMP_ln_U","Smoking",1134,132,1002,"continuous: per 1-SD increase in transformed concentration","2015-2016","WTSB2YR","ok",,-0.302865045847,0.333415779987481,0.738698780112156,0.384289165501695,1.41996167658487,,1.26952394520195,0.845039542628406,1.90723743226043,0.937795789643854,0.640027044407785,1.3740996583785,613,47,521,85,,,
"DMTP_ln_U","Diet",1139,131,1008,"continuous: per 1-SD increase in transformed concentration","2015-2016","WTSB2YR","ok",,-0.270234109778274,0.25905017759589,0.763200800650481,0.459336391681504,1.26808037129663,,1.47648746153451,1.17249226299056,1.85930030660353,1.12685641279354,0.760320004653071,1.67009333870325,558,54,581,77,,,
"DMTP_ln_U","PhysicalActivity",1139,131,1008,"continuous: per 1-SD increase in transformed concentration","2015-2016","WTSB2YR","ok",,-0.138004081641139,0.365344924382677,0.871095136240798,0.425674574854855,1.78259821282751,,1.29339776053166,0.87487130588173,1.91214154093477,1.12667249842387,0.748108440688771,1.6968006904667,698,64,441,67,,,
"DMTP_ln_U","Sleep",1131,129,1002,"continuous: per 1-SD increase in transformed concentration","2015-2016","WTSB2YR","ok",,0.465117820156885,0.325499104514464,1.59220177129888,0.84125502508033,3.01348153050878,,0.970714051100648,0.644246643032029,1.4626164981932,1.54557263158716,1.1165697497029,2.13940486937504,636,57,495,72,,,
"DMTP_ln_U","Smoking",1138,131,1007,"continuous: per 1-SD increase in transformed concentration","2015-2016","WTSB2YR","ok",,-0.242056893079269,0.332398308225075,0.785011514559009,0.409197408832783,1.50597991260022,,1.48366974857633,1.0518354579842,2.09279493872474,1.16469783643529,0.783879079904716,1.7305233485271,614,47,524,84,,,
"DPCP_binary_U","Diet",1213,137,1076,"binary: high/present vs low/absent","2013-2014","WTSSCH2Y","ok",,-1.21726097867156,0.928062145333974,0.296039917103278,0.0480139932976244,1.82529355505308,,2.01895740950692,0.589388523977048,6.91596265549552,0.597691984145477,0.164719146898205,2.16875642351721,605,71,608,66,,,
"DPCP_binary_U","PhysicalActivity",1213,137,1076,"binary: high/present vs low/absent","2013-2014","WTSSCH2Y","ok",,-0.0139259582260166,0.942471949563387,0.986170559377411,0.155490447616262,6.25461169539421,,1.29550178518125,0.336229088904127,4.9916111686766,1.27758572016662,0.448964622843094,3.63553204267525,708,48,505,89,,,
"DPCP_binary_U","Sleep",1211,136,1075,"binary: high/present vs low/absent","2013-2014","WTSSCH2Y","ok",,-0.101296871088056,1.10987768206127,0.903664721131833,0.102626701873364,7.95709024368656,,1.29820484379099,0.285347002158987,5.90626782020083,1.17314191813638,0.349517786856804,3.93760206730928,643,64,568,72,,,
"DPCP_binary_U","Smoking",1213,137,1076,"binary: high/present vs low/absent","2013-2014","WTSSCH2Y","ok",,-1.03950563243491,0.970371861262416,0.353629461688427,0.0527899482466822,2.36889408547405,,1.95427844207712,0.53065898431301,7.19709708507379,0.69109043346103,0.247457136435192,1.93005541930062,626,53,587,84,,,
"Harman_ln_U","Diet",1280,119,1161,"continuous: per 1-SD increase in transformed concentration","2013-2014","WTSA2YR","ok",,0.151002698038222,0.285063486244651,1.16299979589549,0.665163944916771,2.03343632136013,,0.974019977574528,0.663565364637591,1.42972338110569,1.1327850351173,0.781607564556722,1.64174707868067,670,63,610,56,,,
"Harman_ln_U","PhysicalActivity",1280,119,1161,"continuous: per 1-SD increase in transformed concentration","2013-2014","WTSA2YR","ok",,-0.0208033822966355,0.290104652211172,0.979411515282183,0.554655265964689,1.72944705500806,,1.0655184224168,0.685671042325643,1.65579328632402,1.04358101266032,0.7405046253734,1.47070159006229,797,52,483,67,,,
"Harman_ln_U","Sleep",1280,119,1161,"continuous: per 1-SD increase in transformed concentration","2013-2014","WTSA2YR","ok",,0.414634427264969,0.339742223932887,1.51381722921904,0.777819854078296,2.94623824715296,,0.891329530572455,0.600117185187159,1.32385532639386,1.3493100002923,0.856780591769828,2.12497516211002,702,59,578,60,,,
"Harman_ln_U","Smoking",1280,119,1161,"continuous: per 1-SD increase in transformed concentration","2013-2014","WTSA2YR","ok",,0.898593308274796,0.277083537481343,2.45614564018124,1.42690758521647,4.22778003865338,,0.552445871907301,0.340561198240207,0.896157410076279,1.35688751972124,1.04255597958466,1.76599029426578,688,33,592,86,,,
"IPM1_Cys_ln_U","Diet",1185,137,1048,"continuous: per 1-SD increase in transformed concentration","2015-2016","WTSA2YR","ok",,0.327579344189105,0.144497160250322,1.38760514533531,1.04536374908553,1.84189287321793,,1.53790710825705,1.0768316015767,2.19640496263714,2.13400781646523,1.54642497402022,2.94484985514412,585,69,600,68,,,
"IPM1_Cys_ln_U","PhysicalActivity",1185,137,1048,"continuous: per 1-SD increase in transformed concentration","2015-2016","WTSA2YR","ok",,-0.160028558108253,0.336494192196739,0.852119453699125,0.440626731924797,1.64789721268301,,1.9323893544091,1.25076590608165,2.98547361970534,1.64662656101308,1.07660626174598,2.51844999214162,677,55,508,82,,,
"IPM1_Cys_ln_U","Sleep",1181,136,1045,"continuous: per 1-SD increase in transformed concentration","2015-2016","WTSA2YR","ok",,0.235532442055398,0.451321355534734,1.2655824386868,0.522538081370805,3.06522905452286,,1.54469651420526,0.798513124960846,2.98816293234362,1.95494078147889,1.32070502354622,2.89375249654719,653,64,528,72,,,
"IPM1_Cys_ln_U","Smoking",1185,137,1048,"continuous: per 1-SD increase in transformed concentration","2015-2016","WTSA2YR","ok",,-0.0246292898222774,0.305649363159762,0.975671536363925,0.535956626649605,1.7761417613614,,1.85057595631342,0.968210044031505,3.53707482296464,1.80555428645445,1.29844321585133,2.51071917626879,644,51,541,86,,,
"IPM3_Cys_ln_U","Diet",1185,137,1048,"continuous: per 1-SD increase in transformed concentration","2015-2016","WTSA2YR","ok",,0.282878942421862,0.222752655555459,1.32694451540426,0.857515295771406,2.05335316541203,,1.48275787507846,1.06841584394426,2.05778576625255,1.96753743000784,1.4705243142152,2.63253283271817,585,69,600,68,,,
"IPM3_Cys_ln_U","PhysicalActivity",1185,137,1048,"continuous: per 1-SD increase in transformed concentration","2015-2016","WTSA2YR","ok",,-0.0808877527557649,0.386246542680023,0.922297210954905,0.432604667370184,1.96630367052259,,1.75628576238698,1.1380977297157,2.71025905651684,1.61981746028932,1.0756886168894,2.43918970923528,677,55,508,82,,,
"IPM3_Cys_ln_U","Sleep",1181,136,1045,"continuous: per 1-SD increase in transformed concentration","2015-2016","WTSA2YR","ok",,0.402112767071031,0.421685559370149,1.49497990767645,0.654168098442308,3.41649941303793,,1.3326378150964,0.772220356858998,2.29976266547605,1.99226675777897,1.37656415752202,2.88335767894466,653,64,528,72,,,
"IPM3_Cys_ln_U","Smoking",1185,137,1048,"continuous: per 1-SD increase in transformed concentration","2015-2016","WTSA2YR","ok",,0.0146111491415468,0.264516042265905,1.01471841376425,0.604205870635069,1.70414342076814,,1.69560751697405,1.00365232780023,2.86462231191195,1.72056416999065,1.3434258628067,2.20357605507968,644,51,541,86,,,
"IPPPP_binary_U","Diet",1001,124,877,"binary: high/present vs low/absent","2015-2016","WTSSBI2Y","ok",,0.117236731712004,0.564695043050402,1.12438557590901,0.37173815659615,3.40089630531439,,0.845115911277795,0.297917420777658,2.39737878245104,0.950236140611949,0.386154918340699,2.33830693340653,486,49,515,75,,,
"IPPPP_binary_U","PhysicalActivity",1001,124,877,"binary: high/present vs low/absent","2015-2016","WTSSBI2Y","ok",,0.775146898691448,0.735075001955512,2.17091100774759,0.513965002101752,9.16960217969593,,0.570401862756499,0.22420312615852,1.45117639798673,1.23829168269781,0.39559379189183,3.87611313136547,616,62,385,62,,,
"IPPPP_binary_U","Sleep",993,122,871,"binary: high/present vs low/absent","2015-2016","WTSSBI2Y","ok",,1.2170995551089,1.17180281249697,3.37737761599428,0.339719854832638,33.5767232876003,,0.428955693215826,0.088073673191865,2.0891939676619,1.44874535652044,0.394108685381834,5.32559465419051,560,53,433,69,,,
"IPPPP_binary_U","Smoking",1000,124,876,"binary: high/present vs low/absent","2015-2016","WTSSBI2Y","ok",,-0.464230581208245,0.826680584469002,0.628618590120678,0.124366238927609,3.17740035601884,,1.35047788916839,0.488134301934152,3.73624742597729,0.84893550667818,0.262382418682757,2.74672174346527,523,40,477,84,,,
"MCOCH_binary_U","Diet",1133,130,1003,"binary: high/present vs low/absent","2015-2016","WTSB2YR","ok",,-1.29076386620432,0.634143022520245,0.275060593330161,0.0793660812454851,0.953282924088484,,2.44446014491927,0.976408847384733,6.11975753405301,0.672374657833426,0.339118921854149,1.33312431528387,556,53,577,77,,,
"MCOCH_binary_U","PhysicalActivity",1133,130,1003,"binary: high/present vs low/absent","2015-2016","WTSB2YR","ok",,0.381543245495389,0.528182619224156,1.4645429957293,0.520120539164506,4.12382519979922,,1.06144167572867,0.562979349632526,2.00124290830401,1.5545269715636,0.667449420440158,3.62058012384679,697,65,436,65,,,
"MCOCH_binary_U","Sleep",1126,128,998,"binary: high/present vs low/absent","2015-2016","WTSB2YR","ok",,0.106096577895526,0.512248171297912,1.11192925910887,0.407420344980726,3.03467093014438,,1.12689583892287,0.505528789230019,2.51201169712979,1.25302845526637,0.637135244791614,2.46428104949799,634,55,492,73,,,
"MCOCH_binary_U","Smoking",1132,130,1002,"binary: high/present vs low/absent","2015-2016","WTSB2YR","ok",,0.113862814611445,0.563373760854481,1.12059838461413,0.371446752323207,3.3806749735885,,1.14674702849345,0.577204253718951,2.27827279318504,1.28504286769081,0.559328247624914,2.95235432648918,613,47,519,83,,,
"MDA_binary_U","Diet",1138,132,1006,"binary: high/present vs low/absent","2015-2016","WTSB2YR","ok",,0.256781548073594,0.692722726448712,1.2927626894111,0.332553344966284,5.02546552735127,,0.389247098804862,0.152911834281061,0.990854008392255,0.50320412629644,0.191763232927304,1.32045329470303,558,54,580,78,,,
"MDA_binary_U","PhysicalActivity",1138,132,1006,"binary: high/present vs low/absent","2015-2016","WTSB2YR","ok",,-0.620577618292173,0.999851137827459,0.53763380077074,0.0757523472378847,3.81572471706374,,0.547714385103682,0.169249754577886,1.77247552528328,0.294469766600101,0.0903602868389008,0.95963001529769,695,65,443,67,,,
"MDA_binary_U","Sleep",1130,130,1000,"binary: high/present vs low/absent","2015-2016","WTSB2YR","ok",,0.233175354142185,0.820723437724774,1.26260286255835,0.252727717855567,6.30783992380128,,0.369307800265052,0.128060767691265,1.06502759428573,0.46628908577978,0.171228230254629,1.2697994436666,633,57,497,73,,,
"MDA_binary_U","Smoking",1137,132,1005,"binary: high/present vs low/absent","2015-2016","WTSB2YR","ok",,0.293544516101311,0.753681356329674,1.34117288186919,0.306152803965171,5.87531675609263,,0.321153095479149,0.100401519651726,1.02726842276502,0.430721822584981,0.192070451783256,0.965902286002228,613,47,524,85,,,
"MeA_a_C_binary_U","Diet",1279,118,1161,"binary: high/present vs low/absent","2013-2014","WTSA2YR","ok",,0.623699166829448,0.355743899949675,1.86581726112688,0.929081442586243,3.74700633587983,,1.35042036100413,0.693311630903791,2.63032534018975,2.5196376193387,1.19320433367066,5.32060901359337,669,62,610,56,,,
"MeA_a_C_binary_U","PhysicalActivity",1279,118,1161,"binary: high/present vs low/absent","2013-2014","WTSA2YR","ok",,0.768020120324452,0.59380077780724,2.15549440674212,0.673121517861859,6.90240322765924,,1.21781758567894,0.495048079933366,2.99582956101657,2.62499899436314,1.21172071126828,5.6866402103462,797,52,482,66,,,
"MeA_a_C_binary_U","Sleep",1279,118,1161,"binary: high/present vs low/absent","2013-2014","WTSA2YR","ok",,-0.29788145627083,0.742535741789825,0.7423893401326,0.173209833306424,3.18193212141423,,2.2232690187182,0.761922182459092,6.48744090064288,1.65053121974346,0.756155712047801,3.60276760982216,701,58,578,60,,,
"MeA_a_C_binary_U","Smoking",1279,118,1161,"binary: high/present vs low/absent","2013-2014","WTSA2YR","ok",,1.74884216983435,1.52571599584324,5.74794367917373,0.288932788974672,114.347896118669,,0.309269332603791,0.019722781960871,4.84959577603981,1.77766270550224,0.931515918488766,3.39241083465354,686,32,593,86,,,
"n_PFOA_ln_S","Diet",1106,129,977,"continuous: per 1-SD increase in transformed concentration","2015-2016","WTSB2YR","ok",,0.2893718734105,0.241706934792656,1.33558830596918,0.831624951879667,2.14495262438894,,0.523930059159182,0.379817390742603,0.722722849403625,0.699754860158742,0.45014933048134,1.08776539507944,538,53,568,76,,,
"n_PFOA_ln_S","PhysicalActivity",1106,129,977,"continuous: per 1-SD increase in transformed concentration","2015-2016","WTSB2YR","ok",,-0.0255888177341414,0.304923549545226,0.974735801295724,0.53620486782666,1.77191580930362,,0.657027305319362,0.453552997042187,0.951784869134199,0.640428036923639,0.395411067477912,1.03727008223101,668,62,438,67,,,
"n_PFOA_ln_S","Sleep",1098,127,971,"continuous: per 1-SD increase in transformed concentration","2015-2016","WTSB2YR","ok",,-0.0582492331030321,0.308877064161344,0.943414787938206,0.514969152145365,1.7283199554626,,0.634892857256143,0.408886284758286,0.985821621366332,0.598967310291786,0.385678212652182,0.930210281600013,618,57,480,70,,,
"n_PFOA_ln_S","Smoking",1105,129,976,"continuous: per 1-SD increase in transformed concentration","2015-2016","WTSB2YR","ok",,0.443462881331722,0.270611346468657,1.55809337978825,0.916736353621294,2.64814956944845,,0.492306814481339,0.340182867966268,0.712457981889892,0.767059988468016,0.473464828238617,1.24271327206595,591,45,514,84,,,
"n_PFOS_ln_S","Diet",1106,129,977,"continuous: per 1-SD increase in transformed concentration","2015-2016","WTSB2YR","ok",,-0.068861342962302,0.295684244132103,0.933456101363245,0.522880431527462,1.66642360400994,,0.93258313771561,0.595032792529172,1.46161912363654,0.870525419929115,0.449461039662941,1.68605160374092,538,53,568,76,,,
"n_PFOS_ln_S","PhysicalActivity",1106,129,977,"continuous: per 1-SD increase in transformed concentration","2015-2016","WTSB2YR","ok",,-0.565947389053224,0.278454298151259,0.567821943560378,0.328993326232637,0.980025228112666,,1.24776142785792,0.84918350811722,1.83341829647866,0.708506319065958,0.400383303936456,1.25375159059095,668,62,438,67,,,
"n_PFOS_ln_S","Sleep",1098,127,971,"continuous: per 1-SD increase in transformed concentration","2015-2016","WTSB2YR","ok",,0.144680848240513,0.356498462299609,1.15567067707472,0.574614362059539,2.32429748024982,,0.840865737142226,0.432401911906623,1.63518053096034,0.971763875772091,0.603826459597443,1.56390137471809,618,57,480,70,,,
"n_PFOS_ln_S","Smoking",1105,129,976,"continuous: per 1-SD increase in transformed concentration","2015-2016","WTSB2YR","ok",,0.312289707806894,0.252813586625094,1.36655053604611,0.832580868939294,2.24297775415745,,0.771802639930954,0.451991143528344,1.31790041361073,1.05470731131945,0.598110583130007,1.85986930164201,591,45,514,84,,,
"NDMA_binary_U","Diet",996,124,872,"binary: high/present vs low/absent","2015-2016","WTSSBI2Y","ok",,-0.708508254866224,0.512541031036341,0.492378152600975,0.180308018673803,1.34456718531937,,1.23447512042122,0.586063402565952,2.60027979270981,0.607828579224868,0.267470071084861,1.3812969063193,483,49,513,75,,,
"NDMA_binary_U","PhysicalActivity",996,124,872,"binary: high/present vs low/absent","2015-2016","WTSSBI2Y","ok",,-0.0782117160725551,0.617856084892044,0.924768617436597,0.275488431427117,3.10429367710799,,0.961928054196351,0.518195643347385,1.78562979702567,0.889560876752636,0.314138392462193,2.51901255127278,611,62,385,62,,,
"NDMA_binary_U","Sleep",988,122,866,"binary: high/present vs low/absent","2015-2016","WTSSBI2Y","ok",,-0.283454113047871,0.816326458490848,0.753177682375382,0.152063972998322,3.73051295479837,,0.951648743074877,0.373012089234467,2.42789806639948,0.716760594744582,0.270833154684443,1.89690863652639,558,53,430,69,,,
"NDMA_binary_U","Smoking",995,124,871,"binary: high/present vs low/absent","2015-2016","WTSSBI2Y","ok",,-0.883803211273209,0.765145372001335,0.413208400632889,0.0922283104853417,1.8512881939947,,1.69058903115918,0.66476886120719,4.29937597721645,0.69856558969279,0.285492201438107,1.7093072267637,520,40,475,84,,,
"Norharman_ln_U","Diet",1265,116,1149,"continuous: per 1-SD increase in transformed concentration","2013-2014","WTSA2YR","ok",,0.317005400920778,0.254547228612618,1.3730099874236,0.833678729587705,2.2612504777437,,0.902943422613518,0.631766852041339,1.29051852246858,1.23975033732681,1.0089045015239,1.52341564199626,666,61,599,55,,,
"Norharman_ln_U","PhysicalActivity",1265,116,1149,"continuous: per 1-SD increase in transformed concentration","2013-2014","WTSA2YR","ok",,0.333008097656353,0.380069563255489,1.39515859593893,0.662371801958423,2.93863280723484,,0.881835882131996,0.533382985791852,1.45792899985561,1.23030091116384,0.90050854970139,1.68087280516382,788,51,477,65,,,
"Norharman_ln_U","Sleep",1265,116,1149,"continuous: per 1-SD increase in transformed concentration","2013-2014","WTSA2YR","ok",,0.0728005630159775,0.391020939417729,1.07551601785303,0.499773402520523,2.31451833735977,,1.02546334009631,0.687737721667955,1.52903502127397,1.10290224799465,0.711843882089547,1.7087923338767,695,57,570,59,,,
"Norharman_ln_U","Smoking",1265,116,1149,"continuous: per 1-SD increase in transformed concentration","2013-2014","WTSA2YR","ok",,0.529194663355416,0.349167282139728,1.6975646469617,0.856266850966519,3.36545286946635,,0.743663283445817,0.444399902253191,1.24445364713498,1.26241649922107,0.988804692634558,1.6117393347511,681,33,584,83,,,
"o_ANS_ln_U","Diet",1151,103,1048,"continuous: per 1-SD increase in transformed concentration","2013-2014","WTSA2YR","ok",,-0.296886879419431,0.228066735153878,0.743128070686281,0.475257897433909,1.16197822787092,,1.06721399676869,0.761982501344872,1.49471374065519,0.793076678428108,0.603953862869654,1.04142163256981,608,55,543,48,,,
"o_ANS_ln_U","PhysicalActivity",1151,103,1048,"continuous: per 1-SD increase in transformed concentration","2013-2014","WTSA2YR","ok",,-0.19740510522,0.37924392506858,0.820858032074285,0.390345436078456,1.72618364797645,,1.07759841630596,0.782907438323175,1.4832128167184,0.884555315375274,0.49487008023855,1.58109802391262,728,48,423,55,,,
"o_ANS_ln_U","Sleep",1151,103,1048,"continuous: per 1-SD increase in transformed concentration","2013-2014","WTSA2YR","ok",,-0.107655021913212,0.348351288588644,0.897937311700719,0.453652611135051,1.77733224928861,,1.00748580164177,0.595081435575758,1.70569535500244,0.904659092302852,0.652464197200547,1.25433407196543,634,52,517,51,,,
"o_ANS_ln_U","Smoking",1151,103,1048,"continuous: per 1-SD increase in transformed concentration","2013-2014","WTSA2YR","ok",,-0.153506677547975,0.232745709740268,0.857695036879949,0.543520274983666,1.3534743967198,,1.0119649674312,0.843651540783543,1.21385790910417,0.867957330062117,0.583411132565767,1.29128479858693,617,25,534,78,,,
"o_TLD_ln_U","Diet",1196,110,1086,"continuous: per 1-SD increase in transformed concentration","2013-2014","WTSA2YR","ok",,0.521662319892785,0.306712971956816,1.68482604298921,0.9235825407624,3.07350850611732,,0.907472523332737,0.671145930325601,1.22701538278623,1.52893334060813,0.979749849281513,2.38595306928336,629,57,567,53,,,
"o_TLD_ln_U","PhysicalActivity",1196,110,1086,"continuous: per 1-SD increase in transformed concentration","2013-2014","WTSA2YR","ok",,-0.165029551852379,0.32928192046572,0.847868647628574,0.444670324158194,1.61666116350899,,1.29772596094422,0.851651938879692,1.97744241846493,1.10030115549827,0.782040230766646,1.54808229188413,741,48,455,62,,,
"o_TLD_ln_U","Sleep",1196,110,1086,"continuous: per 1-SD increase in transformed concentration","2013-2014","WTSA2YR","ok",,0.179111462879436,0.326308591891424,1.19615406351383,0.630997500748459,2.26749637195636,,1.08052129570277,0.782330450094182,1.4923697145198,1.29246993856811,0.823450290192273,2.02863313304826,659,57,537,53,,,
"o_TLD_ln_U","Smoking",1196,110,1086,"continuous: per 1-SD increase in transformed concentration","2013-2014","WTSA2YR","ok",,0.393112035294979,0.276433016670562,1.48158436977316,0.861830487938958,2.54701159389897,,0.867703716471699,0.572304568908156,1.31557527317177,1.28557626391855,0.970048083019976,1.70373650469525,644,28,552,82,,,
"PFBA_binary_U","Diet",1192,126,1066,"binary: high/present vs low/absent","2013-2014","WTSSBH2Y","ok",,-0.165067957966472,0.667653809128889,0.847836084913865,0.229083337169516,3.13783636891127,,0.560347727370074,0.131119403569079,2.39468428792375,0.475083023363825,0.199751309590149,1.12992440225605,617,65,575,61,,,
"PFBA_binary_U","PhysicalActivity",1192,126,1066,"binary: high/present vs low/absent","2013-2014","WTSSBH2Y","ok",,1.17648256083886,0.730110476701471,3.24294724821391,0.77527771374903,13.565083412294,,0.309561758961963,0.110849649290275,0.864490625141126,1.00389245437796,0.28122581361555,3.5835972772212,662,57,530,69,,,
"PFBA_binary_U","Sleep",1189,125,1064,"binary: high/present vs low/absent","2013-2014","WTSSBH2Y","ok",,0.760574800554548,0.368654020315177,2.13950565616044,1.03874465413807,4.40674658060291,,0.395237394501627,0.149046963122656,1.04807635620111,0.845612641062345,0.295366423906194,2.42092763716276,638,68,551,57,,,
"PFBA_binary_U","Smoking",1190,126,1064,"binary: high/present vs low/absent","2013-2014","WTSSBH2Y","ok",,0.585379956873508,1.05506162376887,1.79567313438813,0.227060034861041,14.2008346274439,,0.358319012647257,0.121010293227595,1.06100490627707,0.643423824551159,0.149410807498381,2.7708451947462,646,50,544,76,,,
"PFHpA_binary_S","Diet",1259,136,1123,"binary: high/present vs low/absent","2013-2014","WTSB2YR","ok",,-0.408797186491153,0.68095985735319,0.6644489778863,0.174910912360883,2.52409891558534,,0.885431433996417,0.506493941572541,1.54787404144432,0.58832401130732,0.213943401860888,1.61783508755178,652,70,607,66,,,
"PFHpA_binary_S","PhysicalActivity",1259,136,1123,"binary: high/present vs low/absent","2013-2014","WTSB2YR","ok",,-0.0806409177584287,0.748278001143543,0.922524894283465,0.212829096327367,3.99875860612431,,0.795684237490533,0.373576849985459,1.69473404418805,0.734038517073973,0.290430804958744,1.85521830105004,709,62,550,74,,,
"PFHpA_binary_S","Sleep",1256,135,1121,"binary: high/present vs low/absent","2013-2014","WTSB2YR","ok",,-0.386377105265844,0.694020392721376,0.67951422896398,0.174355828767999,2.64826011626437,,0.887842377750689,0.437887230977005,1.80015317179092,0.603301528758806,0.251816834285854,1.44538682505056,671,72,585,63,,,
"PFHpA_binary_S","Smoking",1257,136,1121,"binary: high/present vs low/absent","2013-2014","WTSB2YR","ok",,-0.187356857233125,0.562909731063418,0.829147796195944,0.275089183537642,2.4991388577898,,0.805948121204229,0.380502172760341,1.70709241779218,0.668250108544748,0.362937894479389,1.23039840799933,690,56,567,80,,,
"PFHxA_binary_U","Diet",1192,126,1066,"binary: high/present vs low/absent","2013-2014","WTSSBH2Y","ok",,-0.318192201606458,0.507638403685797,0.727462955428292,0.268967836664842,1.96753023737889,,0.731335521534805,0.303241051539106,1.76378376985548,0.5320194999054,0.272537627607878,1.03855291749597,617,65,575,61,,,
"PFHxA_binary_U","PhysicalActivity",1192,126,1066,"binary: high/present vs low/absent","2013-2014","WTSSBH2Y","ok",,0.182774432843797,0.582346436457682,1.20054357433642,0.383419885847054,3.75907699908763,,0.582536560750648,0.241043394632622,1.40783299674484,0.699360524825228,0.310329895979421,1.57608129290983,662,57,530,69,,,
"PFHxA_binary_U","Sleep",1189,125,1064,"binary: high/present vs low/absent","2013-2014","WTSSBH2Y","ok",,-0.323497548566059,0.728052132292576,0.72361373181147,0.173690599241383,3.01465269365808,,0.747245367858902,0.308562716935312,1.80960177344966,0.540717009215215,0.199012161464331,1.46913074006811,638,68,551,57,,,
"PFHxA_binary_U","Smoking",1190,126,1064,"binary: high/present vs low/absent","2013-2014","WTSSBH2Y","ok",,0.209990531363953,0.715760230504042,1.2336663787635,0.303340445890386,5.01724301757439,,0.545306834000484,0.254535319339032,1.16824472132121,0.672726707216365,0.252023405005195,1.79571108720178,646,50,544,76,,,
"PhIP_binary_U","Diet",1280,119,1161,"binary: high/present vs low/absent","2013-2014","WTSA2YR","ok",,0.611194295857461,0.656456100308393,1.84263073144267,0.508922435167999,6.67152355218166,,0.816544501842137,0.359820939728341,1.85299089039122,1.50458999268487,0.455034298068372,4.97498991987479,670,63,610,56,,,
"PhIP_binary_U","PhysicalActivity",1280,119,1161,"binary: high/present vs low/absent","2013-2014","WTSA2YR","ok",,0.193044952087261,0.420517575973667,1.21293731635774,0.531969300665697,2.76560495421833,,0.945192710703307,0.355031598053581,2.51636548764833,1.14645950996137,0.509353922654535,2.58046389655924,796,52,484,67,,,
"PhIP_binary_U","Sleep",1280,119,1161,"binary: high/present vs low/absent","2013-2014","WTSA2YR","ok",,0.172452363628336,0.765203149783022,1.18821521700511,0.265180166625687,5.3241364913817,,0.994034927271463,0.313699742800841,3.14984458646146,1.18112742681852,0.456051266751142,3.05900257293704,703,59,577,60,,,
"PhIP_binary_U","Smoking",1280,119,1161,"binary: high/present vs low/absent","2013-2014","WTSA2YR","ok",,0.0589575446046398,0.901608344623127,1.06073020606391,0.181192584454146,6.20968332366348,,0.984464916632477,0.287255237537843,3.37390252789564,1.04425167388226,0.37413815177346,2.91459599411871,688,33,592,86,,,
"PPDA_binary_U","Diet",1043,123,920,"binary: high/present vs low/absent","2015-2016","WTSA2YR","ok",,0.378199857578354,0.727624783001392,1.45965463676715,0.350657709789434,6.0759869215915,,1.49286390220834,0.427592061868845,5.21207671811339,2.17906571692069,0.833261227615622,5.69848595049411,512,61,531,62,,,
"PPDA_binary_U","PhysicalActivity",1043,123,920,"binary: high/present vs low/absent","2015-2016","WTSA2YR","ok",,0.767209185780284,0.795895153790812,2.15374715041894,0.452600556758535,10.2488313782885,,1.41771033178567,0.412521618574246,4.87223576742097,3.05338958720288,0.962308982029113,9.68835181355181,606,51,437,72,,,
"PPDA_binary_U","Sleep",1040,122,918,"binary: high/present vs low/absent","2015-2016","WTSA2YR","ok",,-0.938333225229485,0.990679633928285,0.391279466889795,0.0561310969199669,2.72753659932667,,2.95207869874769,0.947739487724973,9.19532082019656,1.15508777946272,0.263753184110874,5.05862244947627,572,56,468,66,,,
"PPDA_binary_U","Smoking",1043,123,920,"binary: high/present vs low/absent","2015-2016","WTSA2YR","ok",,0.543300136591815,0.732622657420452,1.72167927394122,0.409572939975444,7.23724453694741,,1.26236297078101,0.430095638466848,3.70513003963391,2.17338416298453,0.734714759285255,6.42915997020009,569,45,474,78,,,
"Sm_PFOS_ln_S","Diet",1106,129,977,"continuous: per 1-SD increase in transformed concentration","2015-2016","WTSB2YR","ok",,-0.124065893245206,0.285555533212414,0.883321634036026,0.504718344812865,1.54592579638723,,0.829207868908768,0.496680534299921,1.38436206449964,0.732457249720024,0.411640166754819,1.30330727172931,538,53,568,76,,,
"Sm_PFOS_ln_S","PhysicalActivity",1106,129,977,"continuous: per 1-SD increase in transformed concentration","2015-2016","WTSB2YR","ok",,-0.277936753236926,0.263356766349998,0.757344719601666,0.451980602324116,1.26901690329006,,0.901512865716278,0.602214313484667,1.34956182351297,0.682756008503189,0.392623816504848,1.18728346970121,668,62,438,67,,,
"Sm_PFOS_ln_S","Sleep",1098,127,971,"continuous: per 1-SD increase in transformed concentration","2015-2016","WTSB2YR","ok",,0.226874373299633,0.31456190377884,1.25467223770594,0.677282400354083,2.32429253033452,,0.690896762439823,0.369429107970544,1.29209725506494,0.866848986954161,0.536495554372032,1.40062142185502,618,57,480,70,,,
"Sm_PFOS_ln_S","Smoking",1105,129,976,"continuous: per 1-SD increase in transformed concentration","2015-2016","WTSB2YR","ok",,0.420163005732396,0.297135880376225,1.52220966429771,0.850251305381178,2.7252204700145,,0.627898020642161,0.365823168828818,1.07772267565379,0.955792435214897,0.541848699097143,1.68596728336934,591,45,514,84,,,
"TBPPP_binary_U","Diet",1003,124,879,"binary: high/present vs low/absent","2015-2016","WTSSBI2Y","ok",,0.470862145799129,0.798954358287948,1.60137421629474,0.334510036143554,7.66613585104242,,0.783491701601087,0.276225768823472,2.22230984854301,1.25466340962487,0.473804878595815,3.3224230955933,487,49,516,75,,,
"TBPPP_binary_U","PhysicalActivity",1003,124,879,"binary: high/present vs low/absent","2015-2016","WTSSBI2Y","ok",,0.804316726693466,0.839114084177708,2.23516874580339,0.431560798388532,11.5765364715042,,0.740743160811596,0.259967402483902,2.11065089332933,1.65568596171369,0.589687343150885,4.64872789903917,616,62,387,62,,,
"TBPPP_binary_U","Sleep",995,122,873,"binary: high/present vs low/absent","2015-2016","WTSSBI2Y","ok",,1.22712274700479,0.926138671826689,3.41139994125622,0.55537648171501,20.9545235391778,,0.369237794975502,0.0818106265430446,1.66648948919414,1.259617792089,0.481200757592653,3.29724539521672,562,53,433,69,,,
"TBPPP_binary_U","Smoking",1002,124,878,"binary: high/present vs low/absent","2015-2016","WTSSBI2Y","ok",,-0.604828064701362,0.717925241374816,0.546168324181252,0.133726108420205,2.23067762804864,,1.52088868768967,0.364832157167168,6.34018234111563,0.830661225821689,0.506177277512313,1.36315497107001,525,40,477,84,,,
"TTCA_binary_U","Diet",1300,122,1178,"binary: high/present vs low/absent","2013-2014","WTSA2YR","ok",,-0.936748794391138,0.501262702736808,0.391899913541153,0.146720818511891,1.04678765966069,,2.82475452441218,1.26501581078443,6.30761928440973,1.10702105389212,0.655050678229931,1.87084092038791,681,63,619,59,,,
"TTCA_binary_U","PhysicalActivity",1300,122,1178,"binary: high/present vs low/absent","2013-2014","WTSA2YR","ok",,0.609409547484465,0.60419843421871,1.83934503218806,0.562806511722423,6.01128465461591,,1.29931863278917,0.60027645239553,2.81241901589823,2.38989527245015,0.992025685486035,5.75751162176936,805,52,495,70,,,
"TTCA_binary_U","Sleep",1299,121,1178,"binary: high/present vs low/absent","2013-2014","WTSA2YR","ok",,-0.177545506859782,0.49471710601759,0.837322894533192,0.317527441439264,2.20802846686733,,2.07948365556729,0.984024696826546,4.39445502507926,1.74119927361407,0.891709748911097,3.39995712072946,708,60,591,61,,,
"TTCA_binary_U","Smoking",1300,122,1178,"binary: high/present vs low/absent","2013-2014","WTSA2YR","ok",,-0.864918471708779,0.725288875752977,0.421085881640296,0.101623073505976,1.74481359005895,,3.14291119198534,0.979662681963074,10.0829509407392,1.3234355301943,0.733015130839555,2.38942080305302,693,34,607,88,,,
"X1_AN_ln_U","Diet",1218,105,1113,"continuous: per 1-SD increase in transformed concentration","2013-2014","WTSA2YR","ok",,0.324060508351649,0.289168261147921,1.38273097136011,0.784499547587432,2.43715237954983,,0.962380898419916,0.517008870693374,1.79141412487063,1.33071387449059,0.807543275787952,2.19282293451569,645,53,573,52,,,
"X1_AN_ln_U","PhysicalActivity",1218,105,1113,"continuous: per 1-SD increase in transformed concentration","2013-2014","WTSA2YR","ok",,0.0637263850931117,0.426034470347274,1.06580073989201,0.462410998239157,2.45654022391322,,1.16801080491782,0.857155611194801,1.59160043122523,1.24486678008328,0.551972763698642,2.80755392670241,755,47,463,58,,,
"X1_AN_ln_U","Sleep",1218,105,1113,"continuous: per 1-SD increase in transformed concentration","2013-2014","WTSA2YR","ok",,-0.0807462196809865,0.439688230123237,0.922427755753016,0.389638789139805,2.18374809772404,,1.22891308749273,0.544435653391903,2.77393180847361,1.13358354131143,0.780785430401532,1.6457935754146,669,54,549,51,,,
"X1_AN_ln_U","Smoking",1218,105,1113,"continuous: per 1-SD increase in transformed concentration","2013-2014","WTSA2YR","ok",,1.22061819055028,0.338572359121975,3.38928230842674,1.74545692003508,6.58121918356118,,0.385114875950692,0.195507570834227,0.758607285874742,1.30526303577164,0.802102407652382,2.12405744740035,651,29,567,76,,,
"X2_AN_ln_U","Diet",1225,103,1122,"continuous: per 1-SD increase in transformed concentration","2013-2014","WTSA2YR","ok",,0.161717704176353,0.370411009387235,1.17552834773397,0.56876503481738,2.42959185557153,,1.03414338816097,0.553497952626437,1.9321707374026,1.21566486840488,0.793439372638429,1.86257592355113,643,55,582,48,,,
"X2_AN_ln_U","PhysicalActivity",1225,103,1122,"continuous: per 1-SD increase in transformed concentration","2013-2014","WTSA2YR","ok",,0.100662446087135,0.347315328420409,1.10590327677324,0.559856041183071,2.18452953547367,,1.11058452562061,0.784225015159866,1.57276032351062,1.22819906601748,0.656431673844204,2.29798927424126,764,45,461,58,,,
"X2_AN_ln_U","Sleep",1225,103,1122,"continuous: per 1-SD increase in transformed concentration","2013-2014","WTSA2YR","ok",,-0.299933285429683,0.400413328049008,0.74086764569966,0.33798849977721,1.62397498378306,,1.31564572280164,0.709754706859466,2.43876321100466,0.974719349226882,0.646868721129154,1.46873357564553,668,52,557,51,,,
"X2_AN_ln_U","Smoking",1225,103,1122,"continuous: per 1-SD increase in transformed concentration","2013-2014","WTSA2YR","ok",,0.753162544346131,0.334929913541225,2.12370572100069,1.10152977014168,4.09442042481608,,0.616594011971211,0.334215123470093,1.13755527174034,1.30946423075803,0.885348819296631,1.93674688920574,664,30,561,73,,,
"X26_DMA_binary_U","Diet",1167,111,1056,"binary: high/present vs low/absent","2013-2014","WTSA2YR","ok",,0.998526251389439,0.49834481516214,2.7142787149073,1.02200911821239,7.20865284948248,,0.77554676611257,0.332268784664437,1.81019949567367,2.10505007967454,0.829990265011925,5.33890097840379,615,58,552,53,,,
"X26_DMA_binary_U","PhysicalActivity",1167,111,1056,"binary: high/present vs low/absent","2013-2014","WTSA2YR","ok",,0.955913718680272,0.711136196074511,2.6010461218969,0.645381783027931,10.482850780965,,0.708995011026251,0.329960949170405,1.52343459710595,1.84412872387408,0.554114295575296,6.13738136224521,727,50,440,61,,,
"X26_DMA_binary_U","Sleep",1167,111,1056,"binary: high/present vs low/absent","2013-2014","WTSA2YR","ok",,-0.504122834735002,0.619781994451774,0.604035181797236,0.179264027872689,2.03531352708385,,1.44400268457243,0.562160027123529,3.70916403238714,0.872228424091402,0.317348026862923,2.3973126012899,641,56,526,55,,,
"X26_DMA_binary_U","Smoking",1167,111,1056,"binary: high/present vs low/absent","2013-2014","WTSA2YR","ok",,-0.0669142627217892,0.550368057231912,0.935275385865287,0.318021701475648,2.75056715735622,,1.18453826135059,0.395964392207938,3.54357846365799,1.10786947945687,0.468997491918824,2.61701779787869,624,30,543,81,,,
"X4_ABP_ln_U","Diet",1241,111,1130,"continuous: per 1-SD increase in transformed concentration","2013-2014","WTSA2YR","ok",,0.121178870797199,0.276279835890089,1.12882680846128,0.656830287911503,1.93999878956946,,1.23787712831782,0.75099703687368,2.04040723142042,1.39734888802621,0.982557728100994,1.98724599992907,648,60,593,51,,,
"X4_ABP_ln_U","PhysicalActivity",1241,111,1130,"continuous: per 1-SD increase in transformed concentration","2013-2014","WTSA2YR","ok",,-0.0343349427950151,0.400534419835981,0.966247812688331,0.440703746609638,2.11850895915339,,1.4056636284644,1.00020053501163,1.97549408065925,1.35821940637926,0.738111215599231,2.49929809611088,773,48,468,63,,,
"X4_ABP_ln_U","Sleep",1241,111,1130,"continuous: per 1-SD increase in transformed concentration","2013-2014","WTSA2YR","ok",,0.117084063685927,0.398045991126548,1.12421393128524,0.515258749168427,2.45285881187956,,1.25025764433358,0.754074876710065,2.07292965923273,1.40555706145568,0.837426181196646,2.35912214994865,680,58,561,53,,,
"X4_ABP_ln_U","Smoking",1241,111,1130,"continuous: per 1-SD increase in transformed concentration","2013-2014","WTSA2YR","ok",,0.103126734550493,0.217581486924361,1.10863190213894,0.723732825814345,1.69822985859078,,1.16587498659887,0.858630546759169,1.58306094455565,1.29252620404931,0.921120487568864,1.81368671167377,664,32,577,79,,,
"X4_MDA_binary_U","Diet",1133,133,1000,"binary: high/present vs low/absent","2015-2016","WTSA2YR","ok",,-0.00770155343702448,0.530753553781704,0.992328027537117,0.35064585714734,2.80828903055293,,0.71914361478283,0.434786486852004,1.18947472914206,0.713626364773357,0.343739289911888,1.48153732623983,561,67,572,66,,,
"X4_MDA_binary_U","PhysicalActivity",1133,133,1000,"binary: high/present vs low/absent","2015-2016","WTSA2YR","ok",,-0.70161754503875,0.450275477944135,0.495782703992604,0.205120538120837,1.19832217597546,,1.07268711938123,0.57661524343225,1.99553804585052,0.531819720584866,0.300377378400074,0.941589598755534,659,54,474,79,,,
"X4_MDA_binary_U","Sleep",1129,132,997,"binary: high/present vs low/absent","2015-2016","WTSA2YR","ok",,-0.0265746779429663,0.637595928727427,0.973775321582268,0.279078353896791,3.39774964156957,,0.737065754593864,0.340860430373112,1.5938075475653,0.717736442206917,0.37093239145986,1.38878569877494,624,63,505,69,,,
"X4_MDA_binary_U","Smoking",1133,133,1000,"binary: high/present vs low/absent","2015-2016","WTSA2YR","ok",,-0.310806849509585,0.779915133425181,0.73285541358239,0.158906307567973,3.37983473052055,,0.860929131968569,0.372583307451263,1.98935098660884,0.630936575073954,0.279791487633659,1.42277724434302,618,50,515,83,,,
"X5OHIMI_binary_U","Diet",945,114,831,"binary: high/present vs low/absent","2015-2016","WTSSBI2Y","ok",,-1.31020733037615,0.759678991953279,0.269764120289729,0.0608600596372747,1.19573791135625,,1.65599310950922,0.523823729320807,5.23518318327753,0.446727524392608,0.154666784039921,1.29029307933653,459,45,486,69,,,
"X5OHIMI_binary_U","PhysicalActivity",945,114,831,"binary: high/present vs low/absent","2015-2016","WTSSBI2Y","ok",,1.03083316921188,0.948302237879001,2.80340056899231,0.43699251288003,17.9844151068648,,0.557938762176742,0.177082068799294,1.75791746984919,1.56412584334914,0.378467005839132,6.46420854681466,578,56,367,58,,,
"X5OHIMI_binary_U","Sleep",937,112,825,"binary: high/present vs low/absent","2015-2016","WTSSBI2Y","ok",,2.32681398753689,0.979637901133758,10.245247991894,1.50188907835107,69.8887207640193,,0.207465069505517,0.0344425621512012,1.24966763146068,2.12553108673955,0.89125897325796,5.06910172716834,529,49,408,63,,,
"X5OHIMI_binary_U","Smoking",944,114,830,"binary: high/present vs low/absent","2015-2016","WTSSBI2Y","ok",,0.374844263135965,0.739997744254595,1.45476483646183,0.34110964438222,6.20428288751175,,0.823825330164031,0.265783124917226,2.5535412559817,1.19847212170919,0.385209260241252,3.72871468773771,494,39,450,75,,,
