"Pollutant","Modifier","cell","N","CVD_events","CVD_nonevents","cut_value","cut_rule","healthy_label","risk_label","Cell_Description","Sparse_Cell"
"A_a_C_binary_U","Diet",0,368,30,338,,"binary analyte","Better diet","Poor diet","Low toxicant + Better diet",FALSE
"A_a_C_binary_U","Diet",1,255,20,235,,"binary analyte","Better diet","Poor diet","Low toxicant + Poor diet",FALSE
"A_a_C_binary_U","Diet",10,302,33,269,,"binary analyte","Better diet","Poor diet","High toxicant + Better diet",FALSE
"A_a_C_binary_U","Diet",11,353,36,317,,"binary analyte","Better diet","Poor diet","High toxicant + Poor diet",FALSE
"A_a_C_binary_U","PhysicalActivity",0,381,21,360,,"binary analyte","Ideal activity","Not ideal activity","Low toxicant + Ideal activity",FALSE
"A_a_C_binary_U","PhysicalActivity",1,242,29,213,,"binary analyte","Ideal activity","Not ideal activity","Low toxicant + Not ideal activity",FALSE
"A_a_C_binary_U","PhysicalActivity",10,415,31,384,,"binary analyte","Ideal activity","Not ideal activity","High toxicant + Ideal activity",FALSE
"A_a_C_binary_U","PhysicalActivity",11,240,38,202,,"binary analyte","Ideal activity","Not ideal activity","High toxicant + Not ideal activity",FALSE
"A_a_C_binary_U","Sleep",0,363,25,338,,"binary analyte","Ideal sleep","Not ideal sleep","Low toxicant + Ideal sleep",FALSE
"A_a_C_binary_U","Sleep",1,260,25,235,,"binary analyte","Ideal sleep","Not ideal sleep","Low toxicant + Not ideal sleep",FALSE
"A_a_C_binary_U","Sleep",10,339,34,305,,"binary analyte","Ideal sleep","Not ideal sleep","High toxicant + Ideal sleep",FALSE
"A_a_C_binary_U","Sleep",11,316,35,281,,"binary analyte","Ideal sleep","Not ideal sleep","High toxicant + Not ideal sleep",FALSE
"A_a_C_binary_U","Smoking",0,430,21,409,,"binary analyte","No nicotine exposure","Nicotine exposure","Low toxicant + No nicotine exposure",FALSE
"A_a_C_binary_U","Smoking",1,193,29,164,,"binary analyte","No nicotine exposure","Nicotine exposure","Low toxicant + Nicotine exposure",FALSE
"A_a_C_binary_U","Smoking",10,256,12,244,,"binary analyte","No nicotine exposure","Nicotine exposure","High toxicant + No nicotine exposure",FALSE
"A_a_C_binary_U","Smoking",11,399,57,342,,"binary analyte","No nicotine exposure","Nicotine exposure","High toxicant + Nicotine exposure",FALSE
"As_III_binary_U","Diet",0,514,80,434,,"binary analyte","Better diet","Poor diet","Low toxicant + Better diet",FALSE
"As_III_binary_U","Diet",1,523,83,440,,"binary analyte","Better diet","Poor diet","Low toxicant + Poor diet",FALSE
"As_III_binary_U","Diet",10,760,54,706,,"binary analyte","Better diet","Poor diet","High toxicant + Better diet",FALSE
"As_III_binary_U","Diet",11,711,47,664,,"binary analyte","Better diet","Poor diet","High toxicant + Poor diet",FALSE
"As_III_binary_U","PhysicalActivity",0,562,58,504,,"binary analyte","Ideal activity","Not ideal activity","Low toxicant + Ideal activity",FALSE
"As_III_binary_U","PhysicalActivity",1,475,105,370,,"binary analyte","Ideal activity","Not ideal activity","Low toxicant + Not ideal activity",FALSE
"As_III_binary_U","PhysicalActivity",10,929,50,879,,"binary analyte","Ideal activity","Not ideal activity","High toxicant + Ideal activity",FALSE
"As_III_binary_U","PhysicalActivity",11,542,51,491,,"binary analyte","Ideal activity","Not ideal activity","High toxicant + Not ideal activity",FALSE
"As_III_binary_U","Sleep",0,570,80,490,,"binary analyte","Ideal sleep","Not ideal sleep","Low toxicant + Ideal sleep",FALSE
"As_III_binary_U","Sleep",1,465,82,383,,"binary analyte","Ideal sleep","Not ideal sleep","Low toxicant + Not ideal sleep",FALSE
"As_III_binary_U","Sleep",10,804,45,759,,"binary analyte","Ideal sleep","Not ideal sleep","High toxicant + Ideal sleep",FALSE
"As_III_binary_U","Sleep",11,664,55,609,,"binary analyte","Ideal sleep","Not ideal sleep","High toxicant + Not ideal sleep",FALSE
"As_III_binary_U","Smoking",0,549,56,493,,"binary analyte","No nicotine exposure","Nicotine exposure","Low toxicant + No nicotine exposure",FALSE
"As_III_binary_U","Smoking",1,488,107,381,,"binary analyte","No nicotine exposure","Nicotine exposure","Low toxicant + Nicotine exposure",FALSE
"As_III_binary_U","Smoking",10,804,33,771,,"binary analyte","No nicotine exposure","Nicotine exposure","High toxicant + No nicotine exposure",FALSE
"As_III_binary_U","Smoking",11,667,68,599,,"binary analyte","No nicotine exposure","Nicotine exposure","High toxicant + Nicotine exposure",FALSE
"AsB_binary_U","Diet",0,601,59,542,,"binary analyte","Better diet","Poor diet","Low toxicant + Better diet",FALSE
"AsB_binary_U","Diet",1,689,61,628,,"binary analyte","Better diet","Poor diet","Low toxicant + Poor diet",FALSE
"AsB_binary_U","Diet",10,673,75,598,,"binary analyte","Better diet","Poor diet","High toxicant + Better diet",FALSE
"AsB_binary_U","Diet",11,545,69,476,,"binary analyte","Better diet","Poor diet","High toxicant + Poor diet",FALSE
"AsB_binary_U","PhysicalActivity",0,765,48,717,,"binary analyte","Ideal activity","Not ideal activity","Low toxicant + Ideal activity",FALSE
"AsB_binary_U","PhysicalActivity",1,525,72,453,,"binary analyte","Ideal activity","Not ideal activity","Low toxicant + Not ideal activity",FALSE
"AsB_binary_U","PhysicalActivity",10,726,60,666,,"binary analyte","Ideal activity","Not ideal activity","High toxicant + Ideal activity",FALSE
"AsB_binary_U","PhysicalActivity",11,492,84,408,,"binary analyte","Ideal activity","Not ideal activity","High toxicant + Not ideal activity",FALSE
"AsB_binary_U","Sleep",0,703,46,657,,"binary analyte","Ideal sleep","Not ideal sleep","Low toxicant + Ideal sleep",FALSE
"AsB_binary_U","Sleep",1,586,73,513,,"binary analyte","Ideal sleep","Not ideal sleep","Low toxicant + Not ideal sleep",FALSE
"AsB_binary_U","Sleep",10,671,79,592,,"binary analyte","Ideal sleep","Not ideal sleep","High toxicant + Ideal sleep",FALSE
"AsB_binary_U","Sleep",11,543,64,479,,"binary analyte","Ideal sleep","Not ideal sleep","High toxicant + Not ideal sleep",FALSE
"AsB_binary_U","Smoking",0,692,36,656,,"binary analyte","No nicotine exposure","Nicotine exposure","Low toxicant + No nicotine exposure",FALSE
"AsB_binary_U","Smoking",1,598,84,514,,"binary analyte","No nicotine exposure","Nicotine exposure","Low toxicant + Nicotine exposure",FALSE
"AsB_binary_U","Smoking",10,661,53,608,,"binary analyte","No nicotine exposure","Nicotine exposure","High toxicant + No nicotine exposure",FALSE
"AsB_binary_U","Smoking",11,557,91,466,,"binary analyte","No nicotine exposure","Nicotine exposure","High toxicant + Nicotine exposure",FALSE
"AsC_binary_U","Diet",0,1025,103,922,,"binary analyte","Better diet","Poor diet","Low toxicant + Better diet",FALSE
"AsC_binary_U","Diet",1,1037,111,926,,"binary analyte","Better diet","Poor diet","Low toxicant + Poor diet",FALSE
"AsC_binary_U","Diet",10,249,31,218,,"binary analyte","Better diet","Poor diet","High toxicant + Better diet",FALSE
"AsC_binary_U","Diet",11,197,19,178,,"binary analyte","Better diet","Poor diet","High toxicant + Poor diet",FALSE
"AsC_binary_U","PhysicalActivity",0,1231,81,1150,,"binary analyte","Ideal activity","Not ideal activity","Low toxicant + Ideal activity",FALSE
"AsC_binary_U","PhysicalActivity",1,831,133,698,,"binary analyte","Ideal activity","Not ideal activity","Low toxicant + Not ideal activity",FALSE
"AsC_binary_U","PhysicalActivity",10,260,27,233,,"binary analyte","Ideal activity","Not ideal activity","High toxicant + Ideal activity",FALSE
"AsC_binary_U","PhysicalActivity",11,186,23,163,,"binary analyte","Ideal activity","Not ideal activity","High toxicant + Not ideal activity",FALSE
"AsC_binary_U","Sleep",0,1126,103,1023,,"binary analyte","Ideal sleep","Not ideal sleep","Low toxicant + Ideal sleep",FALSE
"AsC_binary_U","Sleep",1,931,109,822,,"binary analyte","Ideal sleep","Not ideal sleep","Low toxicant + Not ideal sleep",FALSE
"AsC_binary_U","Sleep",10,248,22,226,,"binary analyte","Ideal sleep","Not ideal sleep","High toxicant + Ideal sleep",FALSE
"AsC_binary_U","Sleep",11,198,28,170,,"binary analyte","Ideal sleep","Not ideal sleep","High toxicant + Not ideal sleep",FALSE
"AsC_binary_U","Smoking",0,1114,73,1041,,"binary analyte","No nicotine exposure","Nicotine exposure","Low toxicant + No nicotine exposure",FALSE
"AsC_binary_U","Smoking",1,948,141,807,,"binary analyte","No nicotine exposure","Nicotine exposure","Low toxicant + Nicotine exposure",FALSE
"AsC_binary_U","Smoking",10,239,16,223,,"binary analyte","No nicotine exposure","Nicotine exposure","High toxicant + No nicotine exposure",FALSE
"AsC_binary_U","Smoking",11,207,34,173,,"binary analyte","No nicotine exposure","Nicotine exposure","High toxicant + Nicotine exposure",FALSE
"ATCA_ln_U","Diet",0,614,83,531,4.77728185517662,"median split used only for secondary RERI/joint-cell summaries","Better diet","Poor diet","Low toxicant + Better diet",FALSE
"ATCA_ln_U","Diet",1,599,74,525,4.77728185517662,"median split used only for secondary RERI/joint-cell summaries","Better diet","Poor diet","Low toxicant + Poor diet",FALSE
"ATCA_ln_U","Diet",10,621,49,572,4.77728185517662,"median split used only for secondary RERI/joint-cell summaries","Better diet","Poor diet","High toxicant + Better diet",FALSE
"ATCA_ln_U","Diet",11,592,51,541,4.77728185517662,"median split used only for secondary RERI/joint-cell summaries","Better diet","Poor diet","High toxicant + Poor diet",FALSE
"ATCA_ln_U","PhysicalActivity",0,756,65,691,4.77728185517662,"median split used only for secondary RERI/joint-cell summaries","Ideal activity","Not ideal activity","Low toxicant + Ideal activity",FALSE
"ATCA_ln_U","PhysicalActivity",1,457,92,365,4.77728185517662,"median split used only for secondary RERI/joint-cell summaries","Ideal activity","Not ideal activity","Low toxicant + Not ideal activity",FALSE
"ATCA_ln_U","PhysicalActivity",10,686,41,645,4.77728185517662,"median split used only for secondary RERI/joint-cell summaries","Ideal activity","Not ideal activity","High toxicant + Ideal activity",FALSE
"ATCA_ln_U","PhysicalActivity",11,527,59,468,4.77728185517662,"median split used only for secondary RERI/joint-cell summaries","Ideal activity","Not ideal activity","High toxicant + Not ideal activity",FALSE
"ATCA_ln_U","Sleep",0,658,68,590,4.77858696443909,"median split used only for secondary RERI/joint-cell summaries","Ideal sleep","Not ideal sleep","Low toxicant + Ideal sleep",FALSE
"ATCA_ln_U","Sleep",1,552,88,464,4.77858696443909,"median split used only for secondary RERI/joint-cell summaries","Ideal sleep","Not ideal sleep","Low toxicant + Not ideal sleep",FALSE
"ATCA_ln_U","Sleep",10,680,56,624,4.77858696443909,"median split used only for secondary RERI/joint-cell summaries","Ideal sleep","Not ideal sleep","High toxicant + Ideal sleep",FALSE
"ATCA_ln_U","Sleep",11,531,43,488,4.77858696443909,"median split used only for secondary RERI/joint-cell summaries","Ideal sleep","Not ideal sleep","High toxicant + Not ideal sleep",FALSE
"ATCA_ln_U","Smoking",0,641,48,593,4.77728185517662,"median split used only for secondary RERI/joint-cell summaries","No nicotine exposure","Nicotine exposure","Low toxicant + No nicotine exposure",FALSE
"ATCA_ln_U","Smoking",1,572,109,463,4.77728185517662,"median split used only for secondary RERI/joint-cell summaries","No nicotine exposure","Nicotine exposure","Low toxicant + Nicotine exposure",FALSE
"ATCA_ln_U","Smoking",10,668,37,631,4.77728185517662,"median split used only for secondary RERI/joint-cell summaries","No nicotine exposure","Nicotine exposure","High toxicant + No nicotine exposure",FALSE
"ATCA_ln_U","Smoking",11,545,63,482,4.77728185517662,"median split used only for secondary RERI/joint-cell summaries","No nicotine exposure","Nicotine exposure","High toxicant + Nicotine exposure",FALSE
"Ba_ln_U","Diet",0,637,66,571,0.0913896637294247,"median split used only for secondary RERI/joint-cell summaries","Better diet","Poor diet","Low toxicant + Better diet",FALSE
"Ba_ln_U","Diet",1,614,77,537,0.0913896637294247,"median split used only for secondary RERI/joint-cell summaries","Better diet","Poor diet","Low toxicant + Poor diet",FALSE
"Ba_ln_U","Diet",10,637,66,571,0.0913896637294247,"median split used only for secondary RERI/joint-cell summaries","Better diet","Poor diet","High toxicant + Better diet",FALSE
"Ba_ln_U","Diet",11,614,53,561,0.0913896637294247,"median split used only for secondary RERI/joint-cell summaries","Better diet","Poor diet","High toxicant + Poor diet",FALSE
"Ba_ln_U","PhysicalActivity",0,736,56,680,0.0913896637294247,"median split used only for secondary RERI/joint-cell summaries","Ideal activity","Not ideal activity","Low toxicant + Ideal activity",FALSE
"Ba_ln_U","PhysicalActivity",1,515,87,428,0.0913896637294247,"median split used only for secondary RERI/joint-cell summaries","Ideal activity","Not ideal activity","Low toxicant + Not ideal activity",FALSE
"Ba_ln_U","PhysicalActivity",10,753,51,702,0.0913896637294247,"median split used only for secondary RERI/joint-cell summaries","Ideal activity","Not ideal activity","High toxicant + Ideal activity",FALSE
"Ba_ln_U","PhysicalActivity",11,498,68,430,0.0913896637294247,"median split used only for secondary RERI/joint-cell summaries","Ideal activity","Not ideal activity","High toxicant + Not ideal activity",FALSE
"Ba_ln_U","Sleep",0,665,62,603,0.0918075492531227,"median split used only for secondary RERI/joint-cell summaries","Ideal sleep","Not ideal sleep","Low toxicant + Ideal sleep",FALSE
"Ba_ln_U","Sleep",1,583,80,503,0.0918075492531227,"median split used only for secondary RERI/joint-cell summaries","Ideal sleep","Not ideal sleep","Low toxicant + Not ideal sleep",FALSE
"Ba_ln_U","Sleep",10,705,63,642,0.0918075492531227,"median split used only for secondary RERI/joint-cell summaries","Ideal sleep","Not ideal sleep","High toxicant + Ideal sleep",FALSE
"Ba_ln_U","Sleep",11,544,55,489,0.0918075492531227,"median split used only for secondary RERI/joint-cell summaries","Ideal sleep","Not ideal sleep","High toxicant + Not ideal sleep",FALSE
"Ba_ln_U","Smoking",0,658,49,609,0.0913896637294247,"median split used only for secondary RERI/joint-cell summaries","No nicotine exposure","Nicotine exposure","Low toxicant + No nicotine exposure",FALSE
"Ba_ln_U","Smoking",1,593,94,499,0.0913896637294247,"median split used only for secondary RERI/joint-cell summaries","No nicotine exposure","Nicotine exposure","Low toxicant + Nicotine exposure",FALSE
"Ba_ln_U","Smoking",10,689,39,650,0.0913896637294247,"median split used only for secondary RERI/joint-cell summaries","No nicotine exposure","Nicotine exposure","High toxicant + No nicotine exposure",FALSE
"Ba_ln_U","Smoking",11,562,80,482,0.0913896637294247,"median split used only for secondary RERI/joint-cell summaries","No nicotine exposure","Nicotine exposure","High toxicant + Nicotine exposure",FALSE
"BCETP_ln_U","Diet",0,539,61,478,-0.945354864818066,"median split used only for secondary RERI/joint-cell summaries","Better diet","Poor diet","Low toxicant + Better diet",FALSE
"BCETP_ln_U","Diet",1,567,63,504,-0.945354864818066,"median split used only for secondary RERI/joint-cell summaries","Better diet","Poor diet","Low toxicant + Poor diet",FALSE
"BCETP_ln_U","Diet",10,552,59,493,-0.945354864818066,"median split used only for secondary RERI/joint-cell summaries","Better diet","Poor diet","High toxicant + Better diet",FALSE
"BCETP_ln_U","Diet",11,555,78,477,-0.945354864818066,"median split used only for secondary RERI/joint-cell summaries","Better diet","Poor diet","High toxicant + Poor diet",FALSE
"BCETP_ln_U","PhysicalActivity",0,668,53,615,-0.945354864818066,"median split used only for secondary RERI/joint-cell summaries","Ideal activity","Not ideal activity","Low toxicant + Ideal activity",FALSE
"BCETP_ln_U","PhysicalActivity",1,438,71,367,-0.945354864818066,"median split used only for secondary RERI/joint-cell summaries","Ideal activity","Not ideal activity","Low toxicant + Not ideal activity",FALSE
"BCETP_ln_U","PhysicalActivity",10,652,57,595,-0.945354864818066,"median split used only for secondary RERI/joint-cell summaries","Ideal activity","Not ideal activity","High toxicant + Ideal activity",FALSE
"BCETP_ln_U","PhysicalActivity",11,455,80,375,-0.945354864818066,"median split used only for secondary RERI/joint-cell summaries","Ideal activity","Not ideal activity","High toxicant + Not ideal activity",FALSE
"BCETP_ln_U","Sleep",0,596,50,546,-0.943246541862683,"median split used only for secondary RERI/joint-cell summaries","Ideal sleep","Not ideal sleep","Low toxicant + Ideal sleep",FALSE
"BCETP_ln_U","Sleep",1,505,71,434,-0.943246541862683,"median split used only for secondary RERI/joint-cell summaries","Ideal sleep","Not ideal sleep","Low toxicant + Not ideal sleep",FALSE
"BCETP_ln_U","Sleep",10,608,67,541,-0.943246541862683,"median split used only for secondary RERI/joint-cell summaries","Ideal sleep","Not ideal sleep","High toxicant + Ideal sleep",FALSE
"BCETP_ln_U","Sleep",11,494,70,424,-0.943246541862683,"median split used only for secondary RERI/joint-cell summaries","Ideal sleep","Not ideal sleep","High toxicant + Not ideal sleep",FALSE
"BCETP_ln_U","Smoking",0,570,43,527,-0.944300703340375,"median split used only for secondary RERI/joint-cell summaries","No nicotine exposure","Nicotine exposure","Low toxicant + No nicotine exposure",FALSE
"BCETP_ln_U","Smoking",1,536,81,455,-0.944300703340375,"median split used only for secondary RERI/joint-cell summaries","No nicotine exposure","Nicotine exposure","Low toxicant + Nicotine exposure",FALSE
"BCETP_ln_U","Smoking",10,577,50,527,-0.944300703340375,"median split used only for secondary RERI/joint-cell summaries","No nicotine exposure","Nicotine exposure","High toxicant + No nicotine exposure",FALSE
"BCETP_ln_U","Smoking",11,529,87,442,-0.944300703340375,"median split used only for secondary RERI/joint-cell summaries","No nicotine exposure","Nicotine exposure","High toxicant + Nicotine exposure",FALSE
"BCPP_binary_U","Diet",0,484,48,436,,"binary analyte","Better diet","Poor diet","Low toxicant + Better diet",FALSE
"BCPP_binary_U","Diet",1,468,54,414,,"binary analyte","Better diet","Poor diet","Low toxicant + Poor diet",FALSE
"BCPP_binary_U","Diet",10,609,72,537,,"binary analyte","Better diet","Poor diet","High toxicant + Better diet",FALSE
"BCPP_binary_U","Diet",11,656,87,569,,"binary analyte","Better diet","Poor diet","High toxicant + Poor diet",FALSE
"BCPP_binary_U","PhysicalActivity",0,578,38,540,,"binary analyte","Ideal activity","Not ideal activity","Low toxicant + Ideal activity",FALSE
"BCPP_binary_U","PhysicalActivity",1,374,64,310,,"binary analyte","Ideal activity","Not ideal activity","Low toxicant + Not ideal activity",FALSE
"BCPP_binary_U","PhysicalActivity",10,746,72,674,,"binary analyte","Ideal activity","Not ideal activity","High toxicant + Ideal activity",FALSE
"BCPP_binary_U","PhysicalActivity",11,519,87,432,,"binary analyte","Ideal activity","Not ideal activity","High toxicant + Not ideal activity",FALSE
"BCPP_binary_U","Sleep",0,515,46,469,,"binary analyte","Ideal sleep","Not ideal sleep","Low toxicant + Ideal sleep",FALSE
"BCPP_binary_U","Sleep",1,435,56,379,,"binary analyte","Ideal sleep","Not ideal sleep","Low toxicant + Not ideal sleep",FALSE
"BCPP_binary_U","Sleep",10,690,71,619,,"binary analyte","Ideal sleep","Not ideal sleep","High toxicant + Ideal sleep",FALSE
"BCPP_binary_U","Sleep",11,567,85,482,,"binary analyte","Ideal sleep","Not ideal sleep","High toxicant + Not ideal sleep",FALSE
"BCPP_binary_U","Smoking",0,486,29,457,,"binary analyte","No nicotine exposure","Nicotine exposure","Low toxicant + No nicotine exposure",FALSE
"BCPP_binary_U","Smoking",1,466,73,393,,"binary analyte","No nicotine exposure","Nicotine exposure","Low toxicant + Nicotine exposure",FALSE
"BCPP_binary_U","Smoking",10,665,64,601,,"binary analyte","No nicotine exposure","Nicotine exposure","High toxicant + No nicotine exposure",FALSE
"BCPP_binary_U","Smoking",11,599,95,504,,"binary analyte","No nicotine exposure","Nicotine exposure","High toxicant + Nicotine exposure",FALSE
"BDCM_binary_S","Diet",0,1525,165,1360,,"binary analyte","Better diet","Poor diet","Low toxicant + Better diet",FALSE
"BDCM_binary_S","Diet",1,1479,162,1317,,"binary analyte","Better diet","Poor diet","Low toxicant + Poor diet",FALSE
"BDCM_binary_S","Diet",10,292,28,264,,"binary analyte","Better diet","Poor diet","High toxicant + Better diet",FALSE
"BDCM_binary_S","Diet",11,254,16,238,,"binary analyte","Better diet","Poor diet","High toxicant + Poor diet",FALSE
"BDCM_binary_S","PhysicalActivity",0,1771,136,1635,,"binary analyte","Ideal activity","Not ideal activity","Low toxicant + Ideal activity",FALSE
"BDCM_binary_S","PhysicalActivity",1,1233,191,1042,,"binary analyte","Ideal activity","Not ideal activity","Low toxicant + Not ideal activity",FALSE
"BDCM_binary_S","PhysicalActivity",10,327,16,311,,"binary analyte","Ideal activity","Not ideal activity","High toxicant + Ideal activity",FALSE
"BDCM_binary_S","PhysicalActivity",11,219,28,191,,"binary analyte","Ideal activity","Not ideal activity","High toxicant + Not ideal activity",FALSE
"BDCM_binary_S","Sleep",0,1652,160,1492,,"binary analyte","Ideal sleep","Not ideal sleep","Low toxicant + Ideal sleep",FALSE
"BDCM_binary_S","Sleep",1,1347,166,1181,,"binary analyte","Ideal sleep","Not ideal sleep","Low toxicant + Not ideal sleep",FALSE
"BDCM_binary_S","Sleep",10,310,19,291,,"binary analyte","Ideal sleep","Not ideal sleep","High toxicant + Ideal sleep",FALSE
"BDCM_binary_S","Sleep",11,235,25,210,,"binary analyte","Ideal sleep","Not ideal sleep","High toxicant + Not ideal sleep",FALSE
"BDCM_binary_S","Smoking",0,1645,121,1524,,"binary analyte","No nicotine exposure","Nicotine exposure","Low toxicant + No nicotine exposure",FALSE
"BDCM_binary_S","Smoking",1,1359,206,1153,,"binary analyte","No nicotine exposure","Nicotine exposure","Low toxicant + Nicotine exposure",FALSE
"BDCM_binary_S","Smoking",10,286,16,270,,"binary analyte","No nicotine exposure","Nicotine exposure","High toxicant + No nicotine exposure",FALSE
"BDCM_binary_S","Smoking",11,260,28,232,,"binary analyte","No nicotine exposure","Nicotine exposure","High toxicant + Nicotine exposure",FALSE
"BDCPP_ln_U","Diet",0,575,77,498,-0.211450727423892,"median split used only for secondary RERI/joint-cell summaries","Better diet","Poor diet","Low toxicant + Better diet",FALSE
"BDCPP_ln_U","Diet",1,526,74,452,-0.211450727423892,"median split used only for secondary RERI/joint-cell summaries","Better diet","Poor diet","Low toxicant + Poor diet",FALSE
"BDCPP_ln_U","Diet",10,512,41,471,-0.211450727423892,"median split used only for secondary RERI/joint-cell summaries","Better diet","Poor diet","High toxicant + Better diet",FALSE
"BDCPP_ln_U","Diet",11,589,63,526,-0.211450727423892,"median split used only for secondary RERI/joint-cell summaries","Better diet","Poor diet","High toxicant + Poor diet",FALSE
"BDCPP_ln_U","PhysicalActivity",0,666,72,594,-0.211450727423892,"median split used only for secondary RERI/joint-cell summaries","Ideal activity","Not ideal activity","Low toxicant + Ideal activity",FALSE
"BDCPP_ln_U","PhysicalActivity",1,435,79,356,-0.211450727423892,"median split used only for secondary RERI/joint-cell summaries","Ideal activity","Not ideal activity","Low toxicant + Not ideal activity",FALSE
"BDCPP_ln_U","PhysicalActivity",10,651,36,615,-0.211450727423892,"median split used only for secondary RERI/joint-cell summaries","Ideal activity","Not ideal activity","High toxicant + Ideal activity",FALSE
"BDCPP_ln_U","PhysicalActivity",11,450,68,382,-0.211450727423892,"median split used only for secondary RERI/joint-cell summaries","Ideal activity","Not ideal activity","High toxicant + Not ideal activity",FALSE
"BDCPP_ln_U","Sleep",0,575,66,509,-0.214585222988443,"median split used only for secondary RERI/joint-cell summaries","Ideal sleep","Not ideal sleep","Low toxicant + Ideal sleep",FALSE
"BDCPP_ln_U","Sleep",1,521,84,437,-0.214585222988443,"median split used only for secondary RERI/joint-cell summaries","Ideal sleep","Not ideal sleep","Low toxicant + Not ideal sleep",FALSE
"BDCPP_ln_U","Sleep",10,622,46,576,-0.214585222988443,"median split used only for secondary RERI/joint-cell summaries","Ideal sleep","Not ideal sleep","High toxicant + Ideal sleep",FALSE
"BDCPP_ln_U","Sleep",11,474,56,418,-0.214585222988443,"median split used only for secondary RERI/joint-cell summaries","Ideal sleep","Not ideal sleep","High toxicant + Not ideal sleep",FALSE
"BDCPP_ln_U","Smoking",0,545,54,491,-0.210295408836361,"median split used only for secondary RERI/joint-cell summaries","No nicotine exposure","Nicotine exposure","Low toxicant + No nicotine exposure",FALSE
"BDCPP_ln_U","Smoking",1,555,97,458,-0.210295408836361,"median split used only for secondary RERI/joint-cell summaries","No nicotine exposure","Nicotine exposure","Low toxicant + Nicotine exposure",FALSE
"BDCPP_ln_U","Smoking",10,600,37,563,-0.210295408836361,"median split used only for secondary RERI/joint-cell summaries","No nicotine exposure","Nicotine exposure","High toxicant + No nicotine exposure",FALSE
"BDCPP_ln_U","Smoking",11,501,67,434,-0.210295408836361,"median split used only for secondary RERI/joint-cell summaries","No nicotine exposure","Nicotine exposure","High toxicant + Nicotine exposure",FALSE
"Benzene_binary_S","Diet",0,1300,136,1164,,"binary analyte","Better diet","Poor diet","Low toxicant + Better diet",FALSE
"Benzene_binary_S","Diet",1,1027,102,925,,"binary analyte","Better diet","Poor diet","Low toxicant + Poor diet",FALSE
"Benzene_binary_S","Diet",10,481,54,427,,"binary analyte","Better diet","Poor diet","High toxicant + Better diet",FALSE
"Benzene_binary_S","Diet",11,676,76,600,,"binary analyte","Better diet","Poor diet","High toxicant + Poor diet",FALSE
"Benzene_binary_S","PhysicalActivity",0,1367,94,1273,,"binary analyte","Ideal activity","Not ideal activity","Low toxicant + Ideal activity",FALSE
"Benzene_binary_S","PhysicalActivity",1,960,144,816,,"binary analyte","Ideal activity","Not ideal activity","Low toxicant + Not ideal activity",FALSE
"Benzene_binary_S","PhysicalActivity",10,695,58,637,,"binary analyte","Ideal activity","Not ideal activity","High toxicant + Ideal activity",FALSE
"Benzene_binary_S","PhysicalActivity",11,462,72,390,,"binary analyte","Ideal activity","Not ideal activity","High toxicant + Not ideal activity",FALSE
"Benzene_binary_S","Sleep",0,1308,123,1185,,"binary analyte","Ideal sleep","Not ideal sleep","Low toxicant + Ideal sleep",FALSE
"Benzene_binary_S","Sleep",1,1014,114,900,,"binary analyte","Ideal sleep","Not ideal sleep","Low toxicant + Not ideal sleep",FALSE
"Benzene_binary_S","Sleep",10,607,55,552,,"binary analyte","Ideal sleep","Not ideal sleep","High toxicant + Ideal sleep",FALSE
"Benzene_binary_S","Sleep",11,549,75,474,,"binary analyte","Ideal sleep","Not ideal sleep","High toxicant + Not ideal sleep",FALSE
"Benzene_binary_S","Smoking",0,1564,116,1448,,"binary analyte","No nicotine exposure","Nicotine exposure","Low toxicant + No nicotine exposure",FALSE
"Benzene_binary_S","Smoking",1,763,122,641,,"binary analyte","No nicotine exposure","Nicotine exposure","Low toxicant + Nicotine exposure",FALSE
"Benzene_binary_S","Smoking",10,329,20,309,,"binary analyte","No nicotine exposure","Nicotine exposure","High toxicant + No nicotine exposure",FALSE
"Benzene_binary_S","Smoking",11,828,110,718,,"binary analyte","No nicotine exposure","Nicotine exposure","High toxicant + Nicotine exposure",FALSE
"BMA_ln_U","Diet",0,546,48,498,1.88170770589099,"median split used only for secondary RERI/joint-cell summaries","Better diet","Poor diet","Low toxicant + Better diet",FALSE
"BMA_ln_U","Diet",1,692,63,629,1.88170770589099,"median split used only for secondary RERI/joint-cell summaries","Better diet","Poor diet","Low toxicant + Poor diet",FALSE
"BMA_ln_U","Diet",10,716,83,633,1.88170770589099,"median split used only for secondary RERI/joint-cell summaries","Better diet","Poor diet","High toxicant + Better diet",FALSE
"BMA_ln_U","Diet",11,523,64,459,1.88170770589099,"median split used only for secondary RERI/joint-cell summaries","Better diet","Poor diet","High toxicant + Poor diet",FALSE
"BMA_ln_U","PhysicalActivity",0,756,47,709,1.88170770589099,"median split used only for secondary RERI/joint-cell summaries","Ideal activity","Not ideal activity","Low toxicant + Ideal activity",FALSE
"BMA_ln_U","PhysicalActivity",1,482,64,418,1.88170770589099,"median split used only for secondary RERI/joint-cell summaries","Ideal activity","Not ideal activity","Low toxicant + Not ideal activity",FALSE
"BMA_ln_U","PhysicalActivity",10,721,60,661,1.88170770589099,"median split used only for secondary RERI/joint-cell summaries","Ideal activity","Not ideal activity","High toxicant + Ideal activity",FALSE
"BMA_ln_U","PhysicalActivity",11,518,87,431,1.88170770589099,"median split used only for secondary RERI/joint-cell summaries","Ideal activity","Not ideal activity","High toxicant + Not ideal activity",FALSE
"BMA_ln_U","Sleep",0,687,55,632,1.8807179740325,"median split used only for secondary RERI/joint-cell summaries","Ideal sleep","Not ideal sleep","Low toxicant + Ideal sleep",FALSE
"BMA_ln_U","Sleep",1,549,54,495,1.8807179740325,"median split used only for secondary RERI/joint-cell summaries","Ideal sleep","Not ideal sleep","Low toxicant + Not ideal sleep",FALSE
"BMA_ln_U","Sleep",10,670,69,601,1.8807179740325,"median split used only for secondary RERI/joint-cell summaries","Ideal sleep","Not ideal sleep","High toxicant + Ideal sleep",FALSE
"BMA_ln_U","Sleep",11,566,78,488,1.8807179740325,"median split used only for secondary RERI/joint-cell summaries","Ideal sleep","Not ideal sleep","High toxicant + Not ideal sleep",FALSE
"BMA_ln_U","Smoking",0,680,37,643,1.88170770589099,"median split used only for secondary RERI/joint-cell summaries","No nicotine exposure","Nicotine exposure","Low toxicant + No nicotine exposure",FALSE
"BMA_ln_U","Smoking",1,558,74,484,1.88170770589099,"median split used only for secondary RERI/joint-cell summaries","No nicotine exposure","Nicotine exposure","Low toxicant + Nicotine exposure",FALSE
"BMA_ln_U","Smoking",10,652,47,605,1.88170770589099,"median split used only for secondary RERI/joint-cell summaries","No nicotine exposure","Nicotine exposure","High toxicant + No nicotine exposure",FALSE
"BMA_ln_U","Smoking",11,587,100,487,1.88170770589099,"median split used only for secondary RERI/joint-cell summaries","No nicotine exposure","Nicotine exposure","High toxicant + Nicotine exposure",FALSE
"BP3_ln_U","Diet",0,549,65,484,2.63824498175176,"median split used only for secondary RERI/joint-cell summaries","Better diet","Poor diet","Low toxicant + Better diet",FALSE
"BP3_ln_U","Diet",1,664,89,575,2.63824498175176,"median split used only for secondary RERI/joint-cell summaries","Better diet","Poor diet","Low toxicant + Poor diet",FALSE
"BP3_ln_U","Diet",10,680,56,624,2.63824498175176,"median split used only for secondary RERI/joint-cell summaries","Better diet","Poor diet","High toxicant + Better diet",FALSE
"BP3_ln_U","Diet",11,533,53,480,2.63824498175176,"median split used only for secondary RERI/joint-cell summaries","Better diet","Poor diet","High toxicant + Poor diet",FALSE
"BP3_ln_U","PhysicalActivity",0,662,63,599,2.63824498175176,"median split used only for secondary RERI/joint-cell summaries","Ideal activity","Not ideal activity","Low toxicant + Ideal activity",FALSE
"BP3_ln_U","PhysicalActivity",1,551,91,460,2.63824498175176,"median split used only for secondary RERI/joint-cell summaries","Ideal activity","Not ideal activity","Low toxicant + Not ideal activity",FALSE
"BP3_ln_U","PhysicalActivity",10,765,63,702,2.63824498175176,"median split used only for secondary RERI/joint-cell summaries","Ideal activity","Not ideal activity","High toxicant + Ideal activity",FALSE
"BP3_ln_U","PhysicalActivity",11,448,46,402,2.63824498175176,"median split used only for secondary RERI/joint-cell summaries","Ideal activity","Not ideal activity","High toxicant + Not ideal activity",FALSE
"BP3_ln_U","Sleep",0,611,68,543,2.64097600623089,"median split used only for secondary RERI/joint-cell summaries","Ideal sleep","Not ideal sleep","Low toxicant + Ideal sleep",FALSE
"BP3_ln_U","Sleep",1,597,84,513,2.64097600623089,"median split used only for secondary RERI/joint-cell summaries","Ideal sleep","Not ideal sleep","Low toxicant + Not ideal sleep",FALSE
"BP3_ln_U","Sleep",10,711,58,653,2.64097600623089,"median split used only for secondary RERI/joint-cell summaries","Ideal sleep","Not ideal sleep","High toxicant + Ideal sleep",FALSE
"BP3_ln_U","Sleep",11,497,50,447,2.64097600623089,"median split used only for secondary RERI/joint-cell summaries","Ideal sleep","Not ideal sleep","High toxicant + Not ideal sleep",FALSE
"BP3_ln_U","Smoking",0,587,53,534,2.63905732961526,"median split used only for secondary RERI/joint-cell summaries","No nicotine exposure","Nicotine exposure","Low toxicant + No nicotine exposure",FALSE
"BP3_ln_U","Smoking",1,624,101,523,2.63905732961526,"median split used only for secondary RERI/joint-cell summaries","No nicotine exposure","Nicotine exposure","Low toxicant + Nicotine exposure",FALSE
"BP3_ln_U","Smoking",10,734,47,687,2.63905732961526,"median split used only for secondary RERI/joint-cell summaries","No nicotine exposure","Nicotine exposure","High toxicant + No nicotine exposure",FALSE
"BP3_ln_U","Smoking",11,478,62,416,2.63905732961526,"median split used only for secondary RERI/joint-cell summaries","No nicotine exposure","Nicotine exposure","High toxicant + Nicotine exposure",FALSE
"BPA_ln_U","Diet",0,626,52,574,0.124052648669979,"median split used only for secondary RERI/joint-cell summaries","Better diet","Poor diet","Low toxicant + Better diet",FALSE
"BPA_ln_U","Diet",1,586,65,521,0.124052648669979,"median split used only for secondary RERI/joint-cell summaries","Better diet","Poor diet","Low toxicant + Poor diet",FALSE
"BPA_ln_U","Diet",10,603,69,534,0.124052648669979,"median split used only for secondary RERI/joint-cell summaries","Better diet","Poor diet","High toxicant + Better diet",FALSE
"BPA_ln_U","Diet",11,611,77,534,0.124052648669979,"median split used only for secondary RERI/joint-cell summaries","Better diet","Poor diet","High toxicant + Poor diet",FALSE
"BPA_ln_U","PhysicalActivity",0,702,50,652,0.124052648669979,"median split used only for secondary RERI/joint-cell summaries","Ideal activity","Not ideal activity","Low toxicant + Ideal activity",FALSE
"BPA_ln_U","PhysicalActivity",1,510,67,443,0.124052648669979,"median split used only for secondary RERI/joint-cell summaries","Ideal activity","Not ideal activity","Low toxicant + Not ideal activity",FALSE
"BPA_ln_U","PhysicalActivity",10,725,76,649,0.124052648669979,"median split used only for secondary RERI/joint-cell summaries","Ideal activity","Not ideal activity","High toxicant + Ideal activity",FALSE
"BPA_ln_U","PhysicalActivity",11,489,70,419,0.124052648669979,"median split used only for secondary RERI/joint-cell summaries","Ideal activity","Not ideal activity","High toxicant + Not ideal activity",FALSE
"BPA_ln_U","Sleep",0,680,62,618,0.124607895811992,"median split used only for secondary RERI/joint-cell summaries","Ideal sleep","Not ideal sleep","Low toxicant + Ideal sleep",FALSE
"BPA_ln_U","Sleep",1,528,53,475,0.124607895811992,"median split used only for secondary RERI/joint-cell summaries","Ideal sleep","Not ideal sleep","Low toxicant + Not ideal sleep",FALSE
"BPA_ln_U","Sleep",10,642,64,578,0.124607895811992,"median split used only for secondary RERI/joint-cell summaries","Ideal sleep","Not ideal sleep","High toxicant + Ideal sleep",FALSE
"BPA_ln_U","Sleep",11,566,81,485,0.124607895811992,"median split used only for secondary RERI/joint-cell summaries","Ideal sleep","Not ideal sleep","High toxicant + Not ideal sleep",FALSE
"BPA_ln_U","Smoking",0,689,40,649,0.124052648669979,"median split used only for secondary RERI/joint-cell summaries","No nicotine exposure","Nicotine exposure","Low toxicant + No nicotine exposure",FALSE
"BPA_ln_U","Smoking",1,521,77,444,0.124052648669979,"median split used only for secondary RERI/joint-cell summaries","No nicotine exposure","Nicotine exposure","Low toxicant + Nicotine exposure",FALSE
"BPA_ln_U","Smoking",10,632,60,572,0.124052648669979,"median split used only for secondary RERI/joint-cell summaries","No nicotine exposure","Nicotine exposure","High toxicant + No nicotine exposure",FALSE
"BPA_ln_U","Smoking",11,581,86,495,0.124052648669979,"median split used only for secondary RERI/joint-cell summaries","No nicotine exposure","Nicotine exposure","High toxicant + Nicotine exposure",FALSE
"BPF_binary_U","Diet",0,572,41,531,,"binary analyte","Better diet","Poor diet","Low toxicant + Better diet",FALSE
"BPF_binary_U","Diet",1,491,54,437,,"binary analyte","Better diet","Poor diet","Low toxicant + Poor diet",FALSE
"BPF_binary_U","Diet",10,656,80,576,,"binary analyte","Better diet","Poor diet","High toxicant + Better diet",FALSE
"BPF_binary_U","Diet",11,707,88,619,,"binary analyte","Better diet","Poor diet","High toxicant + Poor diet",FALSE
"BPF_binary_U","PhysicalActivity",0,633,49,584,,"binary analyte","Ideal activity","Not ideal activity","Low toxicant + Ideal activity",FALSE
"BPF_binary_U","PhysicalActivity",1,430,46,384,,"binary analyte","Ideal activity","Not ideal activity","Low toxicant + Not ideal activity",FALSE
"BPF_binary_U","PhysicalActivity",10,795,77,718,,"binary analyte","Ideal activity","Not ideal activity","High toxicant + Ideal activity",FALSE
"BPF_binary_U","PhysicalActivity",11,568,91,477,,"binary analyte","Ideal activity","Not ideal activity","High toxicant + Not ideal activity",FALSE
"BPF_binary_U","Sleep",0,588,43,545,,"binary analyte","Ideal sleep","Not ideal sleep","Low toxicant + Ideal sleep",FALSE
"BPF_binary_U","Sleep",1,472,50,422,,"binary analyte","Ideal sleep","Not ideal sleep","Low toxicant + Not ideal sleep",FALSE
"BPF_binary_U","Sleep",10,732,83,649,,"binary analyte","Ideal sleep","Not ideal sleep","High toxicant + Ideal sleep",FALSE
"BPF_binary_U","Sleep",11,624,84,540,,"binary analyte","Ideal sleep","Not ideal sleep","High toxicant + Not ideal sleep",FALSE
"BPF_binary_U","Smoking",0,619,34,585,,"binary analyte","No nicotine exposure","Nicotine exposure","Low toxicant + No nicotine exposure",FALSE
"BPF_binary_U","Smoking",1,442,61,381,,"binary analyte","No nicotine exposure","Nicotine exposure","Low toxicant + Nicotine exposure",FALSE
"BPF_binary_U","Smoking",10,701,66,635,,"binary analyte","No nicotine exposure","Nicotine exposure","High toxicant + No nicotine exposure",FALSE
"BPF_binary_U","Smoking",11,661,102,559,,"binary analyte","No nicotine exposure","Nicotine exposure","High toxicant + Nicotine exposure",FALSE
"BPS_ln_U","Diet",0,612,63,549,-0.768843998519394,"median split used only for secondary RERI/joint-cell summaries","Better diet","Poor diet","Low toxicant + Better diet",FALSE
"BPS_ln_U","Diet",1,600,71,529,-0.768843998519394,"median split used only for secondary RERI/joint-cell summaries","Better diet","Poor diet","Low toxicant + Poor diet",FALSE
"BPS_ln_U","Diet",10,616,58,558,-0.768843998519394,"median split used only for secondary RERI/joint-cell summaries","Better diet","Poor diet","High toxicant + Better diet",FALSE
"BPS_ln_U","Diet",11,596,71,525,-0.768843998519394,"median split used only for secondary RERI/joint-cell summaries","Better diet","Poor diet","High toxicant + Poor diet",FALSE
"BPS_ln_U","PhysicalActivity",0,704,68,636,-0.768843998519394,"median split used only for secondary RERI/joint-cell summaries","Ideal activity","Not ideal activity","Low toxicant + Ideal activity",FALSE
"BPS_ln_U","PhysicalActivity",1,508,66,442,-0.768843998519394,"median split used only for secondary RERI/joint-cell summaries","Ideal activity","Not ideal activity","Low toxicant + Not ideal activity",FALSE
"BPS_ln_U","PhysicalActivity",10,722,58,664,-0.768843998519394,"median split used only for secondary RERI/joint-cell summaries","Ideal activity","Not ideal activity","High toxicant + Ideal activity",FALSE
"BPS_ln_U","PhysicalActivity",11,490,71,419,-0.768843998519394,"median split used only for secondary RERI/joint-cell summaries","Ideal activity","Not ideal activity","High toxicant + Not ideal activity",FALSE
"BPS_ln_U","Sleep",0,675,65,610,-0.766523808741143,"median split used only for secondary RERI/joint-cell summaries","Ideal sleep","Not ideal sleep","Low toxicant + Ideal sleep",FALSE
"BPS_ln_U","Sleep",1,532,69,463,-0.766523808741143,"median split used only for secondary RERI/joint-cell summaries","Ideal sleep","Not ideal sleep","Low toxicant + Not ideal sleep",FALSE
"BPS_ln_U","Sleep",10,645,61,584,-0.766523808741143,"median split used only for secondary RERI/joint-cell summaries","Ideal sleep","Not ideal sleep","High toxicant + Ideal sleep",FALSE
"BPS_ln_U","Sleep",11,562,65,497,-0.766523808741143,"median split used only for secondary RERI/joint-cell summaries","Ideal sleep","Not ideal sleep","High toxicant + Not ideal sleep",FALSE
"BPS_ln_U","Smoking",0,664,53,611,-0.767579775342715,"median split used only for secondary RERI/joint-cell summaries","No nicotine exposure","Nicotine exposure","Low toxicant + No nicotine exposure",FALSE
"BPS_ln_U","Smoking",1,546,81,465,-0.767579775342715,"median split used only for secondary RERI/joint-cell summaries","No nicotine exposure","Nicotine exposure","Low toxicant + Nicotine exposure",FALSE
"BPS_ln_U","Smoking",10,655,47,608,-0.767579775342715,"median split used only for secondary RERI/joint-cell summaries","No nicotine exposure","Nicotine exposure","High toxicant + No nicotine exposure",FALSE
"BPS_ln_U","Smoking",11,556,82,474,-0.767579775342715,"median split used only for secondary RERI/joint-cell summaries","No nicotine exposure","Nicotine exposure","High toxicant + Nicotine exposure",FALSE
"BuP_binary_U","Diet",0,840,95,745,,"binary analyte","Better diet","Poor diet","Low toxicant + Better diet",FALSE
"BuP_binary_U","Diet",1,840,111,729,,"binary analyte","Better diet","Poor diet","Low toxicant + Poor diet",FALSE
"BuP_binary_U","Diet",10,389,26,363,,"binary analyte","Better diet","Poor diet","High toxicant + Better diet",FALSE
"BuP_binary_U","Diet",11,359,31,328,,"binary analyte","Better diet","Poor diet","High toxicant + Poor diet",FALSE
"BuP_binary_U","PhysicalActivity",0,1001,95,906,,"binary analyte","Ideal activity","Not ideal activity","Low toxicant + Ideal activity",FALSE
"BuP_binary_U","PhysicalActivity",1,679,111,568,,"binary analyte","Ideal activity","Not ideal activity","Low toxicant + Not ideal activity",FALSE
"BuP_binary_U","PhysicalActivity",10,428,31,397,,"binary analyte","Ideal activity","Not ideal activity","High toxicant + Ideal activity",FALSE
"BuP_binary_U","PhysicalActivity",11,320,26,294,,"binary analyte","Ideal activity","Not ideal activity","High toxicant + Not ideal activity",FALSE
"BuP_binary_U","Sleep",0,886,94,792,,"binary analyte","Ideal sleep","Not ideal sleep","Low toxicant + Ideal sleep",FALSE
"BuP_binary_U","Sleep",1,785,109,676,,"binary analyte","Ideal sleep","Not ideal sleep","Low toxicant + Not ideal sleep",FALSE
"BuP_binary_U","Sleep",10,436,32,404,,"binary analyte","Ideal sleep","Not ideal sleep","High toxicant + Ideal sleep",FALSE
"BuP_binary_U","Sleep",11,311,25,286,,"binary analyte","Ideal sleep","Not ideal sleep","High toxicant + Not ideal sleep",FALSE
"BuP_binary_U","Smoking",0,867,74,793,,"binary analyte","No nicotine exposure","Nicotine exposure","Low toxicant + No nicotine exposure",FALSE
"BuP_binary_U","Smoking",1,812,132,680,,"binary analyte","No nicotine exposure","Nicotine exposure","Low toxicant + Nicotine exposure",FALSE
"BuP_binary_U","Smoking",10,455,26,429,,"binary analyte","No nicotine exposure","Nicotine exposure","High toxicant + No nicotine exposure",FALSE
"BuP_binary_U","Smoking",11,291,31,260,,"binary analyte","No nicotine exposure","Nicotine exposure","High toxicant + Nicotine exposure",FALSE
"Cd_ln_S","Diet",0,928,67,861,0.947789398933526,"median split used only for secondary RERI/joint-cell summaries","Better diet","Poor diet","Low toxicant + Better diet",FALSE
"Cd_ln_S","Diet",1,862,62,800,0.947789398933526,"median split used only for secondary RERI/joint-cell summaries","Better diet","Poor diet","Low toxicant + Poor diet",FALSE
"Cd_ln_S","Diet",10,956,135,821,0.947789398933526,"median split used only for secondary RERI/joint-cell summaries","Better diet","Poor diet","High toxicant + Better diet",FALSE
"Cd_ln_S","Diet",11,944,130,814,0.947789398933526,"median split used only for secondary RERI/joint-cell summaries","Better diet","Poor diet","High toxicant + Poor diet",FALSE
"Cd_ln_S","PhysicalActivity",0,1122,57,1065,0.947789398933526,"median split used only for secondary RERI/joint-cell summaries","Ideal activity","Not ideal activity","Low toxicant + Ideal activity",FALSE
"Cd_ln_S","PhysicalActivity",1,668,72,596,0.947789398933526,"median split used only for secondary RERI/joint-cell summaries","Ideal activity","Not ideal activity","Low toxicant + Not ideal activity",FALSE
"Cd_ln_S","PhysicalActivity",10,1059,105,954,0.947789398933526,"median split used only for secondary RERI/joint-cell summaries","Ideal activity","Not ideal activity","High toxicant + Ideal activity",FALSE
"Cd_ln_S","PhysicalActivity",11,841,160,681,0.947789398933526,"median split used only for secondary RERI/joint-cell summaries","Ideal activity","Not ideal activity","High toxicant + Not ideal activity",FALSE
"Cd_ln_S","Sleep",0,1016,63,953,0.947789398933526,"median split used only for secondary RERI/joint-cell summaries","Ideal sleep","Not ideal sleep","Low toxicant + Ideal sleep",FALSE
"Cd_ln_S","Sleep",1,771,65,706,0.947789398933526,"median split used only for secondary RERI/joint-cell summaries","Ideal sleep","Not ideal sleep","Low toxicant + Not ideal sleep",FALSE
"Cd_ln_S","Sleep",10,1007,124,883,0.947789398933526,"median split used only for secondary RERI/joint-cell summaries","Ideal sleep","Not ideal sleep","High toxicant + Ideal sleep",FALSE
"Cd_ln_S","Sleep",11,889,140,749,0.947789398933526,"median split used only for secondary RERI/joint-cell summaries","Ideal sleep","Not ideal sleep","High toxicant + Not ideal sleep",FALSE
"Cd_ln_S","Smoking",0,1287,72,1215,0.947789398933526,"median split used only for secondary RERI/joint-cell summaries","No nicotine exposure","Nicotine exposure","Low toxicant + No nicotine exposure",FALSE
"Cd_ln_S","Smoking",1,503,57,446,0.947789398933526,"median split used only for secondary RERI/joint-cell summaries","No nicotine exposure","Nicotine exposure","Low toxicant + Nicotine exposure",FALSE
"Cd_ln_S","Smoking",10,717,68,649,0.947789398933526,"median split used only for secondary RERI/joint-cell summaries","No nicotine exposure","Nicotine exposure","High toxicant + No nicotine exposure",FALSE
"Cd_ln_S","Smoking",11,1183,197,986,0.947789398933526,"median split used only for secondary RERI/joint-cell summaries","No nicotine exposure","Nicotine exposure","High toxicant + Nicotine exposure",FALSE
"Cd_ln_U","Diet",0,606,34,572,-1.58265006243306,"median split used only for secondary RERI/joint-cell summaries","Better diet","Poor diet","Low toxicant + Better diet",FALSE
"Cd_ln_U","Diet",1,645,33,612,-1.58265006243306,"median split used only for secondary RERI/joint-cell summaries","Better diet","Poor diet","Low toxicant + Poor diet",FALSE
"Cd_ln_U","Diet",10,668,98,570,-1.58265006243306,"median split used only for secondary RERI/joint-cell summaries","Better diet","Poor diet","High toxicant + Better diet",FALSE
"Cd_ln_U","Diet",11,583,97,486,-1.58265006243306,"median split used only for secondary RERI/joint-cell summaries","Better diet","Poor diet","High toxicant + Poor diet",FALSE
"Cd_ln_U","PhysicalActivity",0,801,33,768,-1.58265006243306,"median split used only for secondary RERI/joint-cell summaries","Ideal activity","Not ideal activity","Low toxicant + Ideal activity",FALSE
"Cd_ln_U","PhysicalActivity",1,450,34,416,-1.58265006243306,"median split used only for secondary RERI/joint-cell summaries","Ideal activity","Not ideal activity","Low toxicant + Not ideal activity",FALSE
"Cd_ln_U","PhysicalActivity",10,688,74,614,-1.58265006243306,"median split used only for secondary RERI/joint-cell summaries","Ideal activity","Not ideal activity","High toxicant + Ideal activity",FALSE
"Cd_ln_U","PhysicalActivity",11,563,121,442,-1.58265006243306,"median split used only for secondary RERI/joint-cell summaries","Ideal activity","Not ideal activity","High toxicant + Not ideal activity",FALSE
"Cd_ln_U","Sleep",0,686,29,657,-1.58375889801641,"median split used only for secondary RERI/joint-cell summaries","Ideal sleep","Not ideal sleep","Low toxicant + Ideal sleep",FALSE
"Cd_ln_U","Sleep",1,562,36,526,-1.58375889801641,"median split used only for secondary RERI/joint-cell summaries","Ideal sleep","Not ideal sleep","Low toxicant + Not ideal sleep",FALSE
"Cd_ln_U","Sleep",10,684,96,588,-1.58375889801641,"median split used only for secondary RERI/joint-cell summaries","Ideal sleep","Not ideal sleep","High toxicant + Ideal sleep",FALSE
"Cd_ln_U","Sleep",11,565,99,466,-1.58375889801641,"median split used only for secondary RERI/joint-cell summaries","Ideal sleep","Not ideal sleep","High toxicant + Not ideal sleep",FALSE
"Cd_ln_U","Smoking",0,824,40,784,-1.58265006243306,"median split used only for secondary RERI/joint-cell summaries","No nicotine exposure","Nicotine exposure","Low toxicant + No nicotine exposure",FALSE
"Cd_ln_U","Smoking",1,427,27,400,-1.58265006243306,"median split used only for secondary RERI/joint-cell summaries","No nicotine exposure","Nicotine exposure","Low toxicant + Nicotine exposure",FALSE
"Cd_ln_U","Smoking",10,523,48,475,-1.58265006243306,"median split used only for secondary RERI/joint-cell summaries","No nicotine exposure","Nicotine exposure","High toxicant + No nicotine exposure",FALSE
"Cd_ln_U","Smoking",11,728,147,581,-1.58265006243306,"median split used only for secondary RERI/joint-cell summaries","No nicotine exposure","Nicotine exposure","High toxicant + Nicotine exposure",FALSE
"CEMA_AAM_ln_U","Diet",0,649,57,592,3.92417053689645,"median split used only for secondary RERI/joint-cell summaries","Better diet","Poor diet","Low toxicant + Better diet",FALSE
"CEMA_AAM_ln_U","Diet",1,559,56,503,3.92417053689645,"median split used only for secondary RERI/joint-cell summaries","Better diet","Poor diet","Low toxicant + Poor diet",FALSE
"CEMA_AAM_ln_U","Diet",10,581,70,511,3.92417053689645,"median split used only for secondary RERI/joint-cell summaries","Better diet","Poor diet","High toxicant + Better diet",FALSE
"CEMA_AAM_ln_U","Diet",11,627,68,559,3.92417053689645,"median split used only for secondary RERI/joint-cell summaries","Better diet","Poor diet","High toxicant + Poor diet",FALSE
"CEMA_AAM_ln_U","PhysicalActivity",0,704,40,664,3.92417053689645,"median split used only for secondary RERI/joint-cell summaries","Ideal activity","Not ideal activity","Low toxicant + Ideal activity",FALSE
"CEMA_AAM_ln_U","PhysicalActivity",1,504,73,431,3.92417053689645,"median split used only for secondary RERI/joint-cell summaries","Ideal activity","Not ideal activity","Low toxicant + Not ideal activity",FALSE
"CEMA_AAM_ln_U","PhysicalActivity",10,734,63,671,3.92417053689645,"median split used only for secondary RERI/joint-cell summaries","Ideal activity","Not ideal activity","High toxicant + Ideal activity",FALSE
"CEMA_AAM_ln_U","PhysicalActivity",11,474,75,399,3.92417053689645,"median split used only for secondary RERI/joint-cell summaries","Ideal activity","Not ideal activity","High toxicant + Not ideal activity",FALSE
"CEMA_AAM_ln_U","Sleep",0,668,51,617,3.92307284161473,"median split used only for secondary RERI/joint-cell summaries","Ideal sleep","Not ideal sleep","Low toxicant + Ideal sleep",FALSE
"CEMA_AAM_ln_U","Sleep",1,537,60,477,3.92307284161473,"median split used only for secondary RERI/joint-cell summaries","Ideal sleep","Not ideal sleep","Low toxicant + Not ideal sleep",FALSE
"CEMA_AAM_ln_U","Sleep",10,652,68,584,3.92307284161473,"median split used only for secondary RERI/joint-cell summaries","Ideal sleep","Not ideal sleep","High toxicant + Ideal sleep",FALSE
"CEMA_AAM_ln_U","Sleep",11,554,70,484,3.92307284161473,"median split used only for secondary RERI/joint-cell summaries","Ideal sleep","Not ideal sleep","High toxicant + Not ideal sleep",FALSE
"CEMA_AAM_ln_U","Smoking",0,789,46,743,3.92417053689645,"median split used only for secondary RERI/joint-cell summaries","No nicotine exposure","Nicotine exposure","Low toxicant + No nicotine exposure",FALSE
"CEMA_AAM_ln_U","Smoking",1,419,67,352,3.92417053689645,"median split used only for secondary RERI/joint-cell summaries","No nicotine exposure","Nicotine exposure","Low toxicant + Nicotine exposure",FALSE
"CEMA_AAM_ln_U","Smoking",10,512,35,477,3.92417053689645,"median split used only for secondary RERI/joint-cell summaries","No nicotine exposure","Nicotine exposure","High toxicant + No nicotine exposure",FALSE
"CEMA_AAM_ln_U","Smoking",11,696,103,593,3.92417053689645,"median split used only for secondary RERI/joint-cell summaries","No nicotine exposure","Nicotine exposure","High toxicant + Nicotine exposure",FALSE
"CEMA_CEM_ln_U","Diet",0,665,40,625,4.58334356543055,"median split used only for secondary RERI/joint-cell summaries","Better diet","Poor diet","Low toxicant + Better diet",FALSE
"CEMA_CEM_ln_U","Diet",1,571,39,532,4.58334356543055,"median split used only for secondary RERI/joint-cell summaries","Better diet","Poor diet","Low toxicant + Poor diet",FALSE
"CEMA_CEM_ln_U","Diet",10,593,92,501,4.58334356543055,"median split used only for secondary RERI/joint-cell summaries","Better diet","Poor diet","High toxicant + Better diet",FALSE
"CEMA_CEM_ln_U","Diet",11,643,88,555,4.58334356543055,"median split used only for secondary RERI/joint-cell summaries","Better diet","Poor diet","High toxicant + Poor diet",FALSE
"CEMA_CEM_ln_U","PhysicalActivity",0,756,33,723,4.58334356543055,"median split used only for secondary RERI/joint-cell summaries","Ideal activity","Not ideal activity","Low toxicant + Ideal activity",FALSE
"CEMA_CEM_ln_U","PhysicalActivity",1,480,46,434,4.58334356543055,"median split used only for secondary RERI/joint-cell summaries","Ideal activity","Not ideal activity","Low toxicant + Not ideal activity",FALSE
"CEMA_CEM_ln_U","PhysicalActivity",10,716,74,642,4.58334356543055,"median split used only for secondary RERI/joint-cell summaries","Ideal activity","Not ideal activity","High toxicant + Ideal activity",FALSE
"CEMA_CEM_ln_U","PhysicalActivity",11,520,106,414,4.58334356543055,"median split used only for secondary RERI/joint-cell summaries","Ideal activity","Not ideal activity","High toxicant + Not ideal activity",FALSE
"CEMA_CEM_ln_U","Sleep",0,703,41,662,4.58411677679026,"median split used only for secondary RERI/joint-cell summaries","Ideal sleep","Not ideal sleep","Low toxicant + Ideal sleep",FALSE
"CEMA_CEM_ln_U","Sleep",1,530,36,494,4.58411677679026,"median split used only for secondary RERI/joint-cell summaries","Ideal sleep","Not ideal sleep","Low toxicant + Not ideal sleep",FALSE
"CEMA_CEM_ln_U","Sleep",10,648,83,565,4.58411677679026,"median split used only for secondary RERI/joint-cell summaries","Ideal sleep","Not ideal sleep","High toxicant + Ideal sleep",FALSE
"CEMA_CEM_ln_U","Sleep",11,586,97,489,4.58411677679026,"median split used only for secondary RERI/joint-cell summaries","Ideal sleep","Not ideal sleep","High toxicant + Not ideal sleep",FALSE
"CEMA_CEM_ln_U","Smoking",0,803,31,772,4.58334356543055,"median split used only for secondary RERI/joint-cell summaries","No nicotine exposure","Nicotine exposure","Low toxicant + No nicotine exposure",FALSE
"CEMA_CEM_ln_U","Smoking",1,433,48,385,4.58334356543055,"median split used only for secondary RERI/joint-cell summaries","No nicotine exposure","Nicotine exposure","Low toxicant + Nicotine exposure",FALSE
"CEMA_CEM_ln_U","Smoking",10,523,54,469,4.58334356543055,"median split used only for secondary RERI/joint-cell summaries","No nicotine exposure","Nicotine exposure","High toxicant + No nicotine exposure",FALSE
"CEMA_CEM_ln_U","Smoking",11,713,126,587,4.58334356543055,"median split used only for secondary RERI/joint-cell summaries","No nicotine exposure","Nicotine exposure","High toxicant + Nicotine exposure",FALSE
"CEMA_CYM_ln_U","Diet",0,671,61,610,0.496436886313891,"median split used only for secondary RERI/joint-cell summaries","Better diet","Poor diet","Low toxicant + Better diet",FALSE
"CEMA_CYM_ln_U","Diet",1,558,51,507,0.496436886313891,"median split used only for secondary RERI/joint-cell summaries","Better diet","Poor diet","Low toxicant + Poor diet",FALSE
"CEMA_CYM_ln_U","Diet",10,583,70,513,0.496436886313891,"median split used only for secondary RERI/joint-cell summaries","Better diet","Poor diet","High toxicant + Better diet",FALSE
"CEMA_CYM_ln_U","Diet",11,647,76,571,0.496436886313891,"median split used only for secondary RERI/joint-cell summaries","Better diet","Poor diet","High toxicant + Poor diet",FALSE
"CEMA_CYM_ln_U","PhysicalActivity",0,726,44,682,0.496436886313891,"median split used only for secondary RERI/joint-cell summaries","Ideal activity","Not ideal activity","Low toxicant + Ideal activity",FALSE
"CEMA_CYM_ln_U","PhysicalActivity",1,503,68,435,0.496436886313891,"median split used only for secondary RERI/joint-cell summaries","Ideal activity","Not ideal activity","Low toxicant + Not ideal activity",FALSE
"CEMA_CYM_ln_U","PhysicalActivity",10,737,62,675,0.496436886313891,"median split used only for secondary RERI/joint-cell summaries","Ideal activity","Not ideal activity","High toxicant + Ideal activity",FALSE
"CEMA_CYM_ln_U","PhysicalActivity",11,493,84,409,0.496436886313891,"median split used only for secondary RERI/joint-cell summaries","Ideal activity","Not ideal activity","High toxicant + Not ideal activity",FALSE
"CEMA_CYM_ln_U","Sleep",0,709,54,655,0.495566564074999,"median split used only for secondary RERI/joint-cell summaries","Ideal sleep","Not ideal sleep","Low toxicant + Ideal sleep",FALSE
"CEMA_CYM_ln_U","Sleep",1,518,57,461,0.495566564074999,"median split used only for secondary RERI/joint-cell summaries","Ideal sleep","Not ideal sleep","Low toxicant + Not ideal sleep",FALSE
"CEMA_CYM_ln_U","Sleep",10,637,70,567,0.495566564074999,"median split used only for secondary RERI/joint-cell summaries","Ideal sleep","Not ideal sleep","High toxicant + Ideal sleep",FALSE
"CEMA_CYM_ln_U","Sleep",11,590,75,515,0.495566564074999,"median split used only for secondary RERI/joint-cell summaries","Ideal sleep","Not ideal sleep","High toxicant + Not ideal sleep",FALSE
"CEMA_CYM_ln_U","Smoking",0,855,53,802,0.496436886313891,"median split used only for secondary RERI/joint-cell summaries","No nicotine exposure","Nicotine exposure","Low toxicant + No nicotine exposure",FALSE
"CEMA_CYM_ln_U","Smoking",1,374,59,315,0.496436886313891,"median split used only for secondary RERI/joint-cell summaries","No nicotine exposure","Nicotine exposure","Low toxicant + Nicotine exposure",FALSE
"CEMA_CYM_ln_U","Smoking",10,469,31,438,0.496436886313891,"median split used only for secondary RERI/joint-cell summaries","No nicotine exposure","Nicotine exposure","High toxicant + No nicotine exposure",FALSE
"CEMA_CYM_ln_U","Smoking",11,761,115,646,0.496436886313891,"median split used only for secondary RERI/joint-cell summaries","No nicotine exposure","Nicotine exposure","High toxicant + Nicotine exposure",FALSE
"Chloroform_binary_S","Diet",0,794,79,715,,"binary analyte","Better diet","Poor diet","Low toxicant + Better diet",FALSE
"Chloroform_binary_S","Diet",1,820,88,732,,"binary analyte","Better diet","Poor diet","Low toxicant + Poor diet",FALSE
"Chloroform_binary_S","Diet",10,980,110,870,,"binary analyte","Better diet","Poor diet","High toxicant + Better diet",FALSE
"Chloroform_binary_S","Diet",11,890,85,805,,"binary analyte","Better diet","Poor diet","High toxicant + Poor diet",FALSE
"Chloroform_binary_S","PhysicalActivity",0,946,64,882,,"binary analyte","Ideal activity","Not ideal activity","Low toxicant + Ideal activity",FALSE
"Chloroform_binary_S","PhysicalActivity",1,668,103,565,,"binary analyte","Ideal activity","Not ideal activity","Low toxicant + Not ideal activity",FALSE
"Chloroform_binary_S","PhysicalActivity",10,1109,83,1026,,"binary analyte","Ideal activity","Not ideal activity","High toxicant + Ideal activity",FALSE
"Chloroform_binary_S","PhysicalActivity",11,761,112,649,,"binary analyte","Ideal activity","Not ideal activity","High toxicant + Not ideal activity",FALSE
"Chloroform_binary_S","Sleep",0,880,79,801,,"binary analyte","Ideal sleep","Not ideal sleep","Low toxicant + Ideal sleep",FALSE
"Chloroform_binary_S","Sleep",1,730,87,643,,"binary analyte","Ideal sleep","Not ideal sleep","Low toxicant + Not ideal sleep",FALSE
"Chloroform_binary_S","Sleep",10,1031,95,936,,"binary analyte","Ideal sleep","Not ideal sleep","High toxicant + Ideal sleep",FALSE
"Chloroform_binary_S","Sleep",11,837,100,737,,"binary analyte","Ideal sleep","Not ideal sleep","High toxicant + Not ideal sleep",FALSE
"Chloroform_binary_S","Smoking",0,917,61,856,,"binary analyte","No nicotine exposure","Nicotine exposure","Low toxicant + No nicotine exposure",FALSE
"Chloroform_binary_S","Smoking",1,697,106,591,,"binary analyte","No nicotine exposure","Nicotine exposure","Low toxicant + Nicotine exposure",FALSE
"Chloroform_binary_S","Smoking",10,979,74,905,,"binary analyte","No nicotine exposure","Nicotine exposure","High toxicant + No nicotine exposure",FALSE
"Chloroform_binary_S","Smoking",11,891,121,770,,"binary analyte","No nicotine exposure","Nicotine exposure","High toxicant + Nicotine exposure",FALSE
"CMAC_ln_U","Diet",0,678,55,623,5.01063529409626,"median split used only for secondary RERI/joint-cell summaries","Better diet","Poor diet","Low toxicant + Better diet",FALSE
"CMAC_ln_U","Diet",1,552,45,507,5.01063529409626,"median split used only for secondary RERI/joint-cell summaries","Better diet","Poor diet","Low toxicant + Poor diet",FALSE
"CMAC_ln_U","Diet",10,573,75,498,5.01063529409626,"median split used only for secondary RERI/joint-cell summaries","Better diet","Poor diet","High toxicant + Better diet",FALSE
"CMAC_ln_U","Diet",11,658,82,576,5.01063529409626,"median split used only for secondary RERI/joint-cell summaries","Better diet","Poor diet","High toxicant + Poor diet",FALSE
"CMAC_ln_U","PhysicalActivity",0,737,43,694,5.01063529409626,"median split used only for secondary RERI/joint-cell summaries","Ideal activity","Not ideal activity","Low toxicant + Ideal activity",FALSE
"CMAC_ln_U","PhysicalActivity",1,493,57,436,5.01063529409626,"median split used only for secondary RERI/joint-cell summaries","Ideal activity","Not ideal activity","Low toxicant + Not ideal activity",FALSE
"CMAC_ln_U","PhysicalActivity",10,731,63,668,5.01063529409626,"median split used only for secondary RERI/joint-cell summaries","Ideal activity","Not ideal activity","High toxicant + Ideal activity",FALSE
"CMAC_ln_U","PhysicalActivity",11,500,94,406,5.01063529409626,"median split used only for secondary RERI/joint-cell summaries","Ideal activity","Not ideal activity","High toxicant + Not ideal activity",FALSE
"CMAC_ln_U","Sleep",0,680,45,635,5.01245619630118,"median split used only for secondary RERI/joint-cell summaries","Ideal sleep","Not ideal sleep","Low toxicant + Ideal sleep",FALSE
"CMAC_ln_U","Sleep",1,548,53,495,5.01245619630118,"median split used only for secondary RERI/joint-cell summaries","Ideal sleep","Not ideal sleep","Low toxicant + Not ideal sleep",FALSE
"CMAC_ln_U","Sleep",10,665,77,588,5.01245619630118,"median split used only for secondary RERI/joint-cell summaries","Ideal sleep","Not ideal sleep","High toxicant + Ideal sleep",FALSE
"CMAC_ln_U","Sleep",11,563,80,483,5.01245619630118,"median split used only for secondary RERI/joint-cell summaries","Ideal sleep","Not ideal sleep","High toxicant + Not ideal sleep",FALSE
"CMAC_ln_U","Smoking",0,861,45,816,5.01063529409626,"median split used only for secondary RERI/joint-cell summaries","No nicotine exposure","Nicotine exposure","Low toxicant + No nicotine exposure",FALSE
"CMAC_ln_U","Smoking",1,369,55,314,5.01063529409626,"median split used only for secondary RERI/joint-cell summaries","No nicotine exposure","Nicotine exposure","Low toxicant + Nicotine exposure",FALSE
"CMAC_ln_U","Smoking",10,464,40,424,5.01063529409626,"median split used only for secondary RERI/joint-cell summaries","No nicotine exposure","Nicotine exposure","High toxicant + No nicotine exposure",FALSE
"CMAC_ln_U","Smoking",11,767,117,650,5.01063529409626,"median split used only for secondary RERI/joint-cell summaries","No nicotine exposure","Nicotine exposure","High toxicant + Nicotine exposure",FALSE
"Co_ln_U","Diet",0,595,53,542,-0.92643834308577,"median split used only for secondary RERI/joint-cell summaries","Better diet","Poor diet","Low toxicant + Better diet",FALSE
"Co_ln_U","Diet",1,656,69,587,-0.92643834308577,"median split used only for secondary RERI/joint-cell summaries","Better diet","Poor diet","Low toxicant + Poor diet",FALSE
"Co_ln_U","Diet",10,679,79,600,-0.92643834308577,"median split used only for secondary RERI/joint-cell summaries","Better diet","Poor diet","High toxicant + Better diet",FALSE
"Co_ln_U","Diet",11,572,61,511,-0.92643834308577,"median split used only for secondary RERI/joint-cell summaries","Better diet","Poor diet","High toxicant + Poor diet",FALSE
"Co_ln_U","PhysicalActivity",0,773,49,724,-0.92643834308577,"median split used only for secondary RERI/joint-cell summaries","Ideal activity","Not ideal activity","Low toxicant + Ideal activity",FALSE
"Co_ln_U","PhysicalActivity",1,478,73,405,-0.92643834308577,"median split used only for secondary RERI/joint-cell summaries","Ideal activity","Not ideal activity","Low toxicant + Not ideal activity",FALSE
"Co_ln_U","PhysicalActivity",10,716,58,658,-0.92643834308577,"median split used only for secondary RERI/joint-cell summaries","Ideal activity","Not ideal activity","High toxicant + Ideal activity",FALSE
"Co_ln_U","PhysicalActivity",11,535,82,453,-0.92643834308577,"median split used only for secondary RERI/joint-cell summaries","Ideal activity","Not ideal activity","High toxicant + Not ideal activity",FALSE
"Co_ln_U","Sleep",0,690,56,634,-0.927381418568313,"median split used only for secondary RERI/joint-cell summaries","Ideal sleep","Not ideal sleep","Low toxicant + Ideal sleep",FALSE
"Co_ln_U","Sleep",1,558,66,492,-0.927381418568313,"median split used only for secondary RERI/joint-cell summaries","Ideal sleep","Not ideal sleep","Low toxicant + Not ideal sleep",FALSE
"Co_ln_U","Sleep",10,680,69,611,-0.927381418568313,"median split used only for secondary RERI/joint-cell summaries","Ideal sleep","Not ideal sleep","High toxicant + Ideal sleep",FALSE
"Co_ln_U","Sleep",11,569,69,500,-0.927381418568313,"median split used only for secondary RERI/joint-cell summaries","Ideal sleep","Not ideal sleep","High toxicant + Not ideal sleep",FALSE
"Co_ln_U","Smoking",0,646,38,608,-0.92643834308577,"median split used only for secondary RERI/joint-cell summaries","No nicotine exposure","Nicotine exposure","Low toxicant + No nicotine exposure",FALSE
"Co_ln_U","Smoking",1,605,84,521,-0.92643834308577,"median split used only for secondary RERI/joint-cell summaries","No nicotine exposure","Nicotine exposure","Low toxicant + Nicotine exposure",FALSE
"Co_ln_U","Smoking",10,701,50,651,-0.92643834308577,"median split used only for secondary RERI/joint-cell summaries","No nicotine exposure","Nicotine exposure","High toxicant + No nicotine exposure",FALSE
"Co_ln_U","Smoking",11,550,90,460,-0.92643834308577,"median split used only for secondary RERI/joint-cell summaries","No nicotine exposure","Nicotine exposure","High toxicant + Nicotine exposure",FALSE
"Cs_ln_U","Diet",0,529,51,478,1.43960251815014,"median split used only for secondary RERI/joint-cell summaries","Better diet","Poor diet","Low toxicant + Better diet",FALSE
"Cs_ln_U","Diet",1,722,77,645,1.43960251815014,"median split used only for secondary RERI/joint-cell summaries","Better diet","Poor diet","Low toxicant + Poor diet",FALSE
"Cs_ln_U","Diet",10,745,81,664,1.43960251815014,"median split used only for secondary RERI/joint-cell summaries","Better diet","Poor diet","High toxicant + Better diet",FALSE
"Cs_ln_U","Diet",11,506,53,453,1.43960251815014,"median split used only for secondary RERI/joint-cell summaries","Better diet","Poor diet","High toxicant + Poor diet",FALSE
"Cs_ln_U","PhysicalActivity",0,747,47,700,1.43960251815014,"median split used only for secondary RERI/joint-cell summaries","Ideal activity","Not ideal activity","Low toxicant + Ideal activity",FALSE
"Cs_ln_U","PhysicalActivity",1,504,81,423,1.43960251815014,"median split used only for secondary RERI/joint-cell summaries","Ideal activity","Not ideal activity","Low toxicant + Not ideal activity",FALSE
"Cs_ln_U","PhysicalActivity",10,742,60,682,1.43960251815014,"median split used only for secondary RERI/joint-cell summaries","Ideal activity","Not ideal activity","High toxicant + Ideal activity",FALSE
"Cs_ln_U","PhysicalActivity",11,509,74,435,1.43960251815014,"median split used only for secondary RERI/joint-cell summaries","Ideal activity","Not ideal activity","High toxicant + Not ideal activity",FALSE
"Cs_ln_U","Sleep",0,649,56,593,1.43908653163118,"median split used only for secondary RERI/joint-cell summaries","Ideal sleep","Not ideal sleep","Low toxicant + Ideal sleep",FALSE
"Cs_ln_U","Sleep",1,599,72,527,1.43908653163118,"median split used only for secondary RERI/joint-cell summaries","Ideal sleep","Not ideal sleep","Low toxicant + Not ideal sleep",FALSE
"Cs_ln_U","Sleep",10,721,69,652,1.43908653163118,"median split used only for secondary RERI/joint-cell summaries","Ideal sleep","Not ideal sleep","High toxicant + Ideal sleep",FALSE
"Cs_ln_U","Sleep",11,528,63,465,1.43908653163118,"median split used only for secondary RERI/joint-cell summaries","Ideal sleep","Not ideal sleep","High toxicant + Not ideal sleep",FALSE
"Cs_ln_U","Smoking",0,653,38,615,1.43960251815014,"median split used only for secondary RERI/joint-cell summaries","No nicotine exposure","Nicotine exposure","Low toxicant + No nicotine exposure",FALSE
"Cs_ln_U","Smoking",1,598,90,508,1.43960251815014,"median split used only for secondary RERI/joint-cell summaries","No nicotine exposure","Nicotine exposure","Low toxicant + Nicotine exposure",FALSE
"Cs_ln_U","Smoking",10,694,50,644,1.43960251815014,"median split used only for secondary RERI/joint-cell summaries","No nicotine exposure","Nicotine exposure","High toxicant + No nicotine exposure",FALSE
"Cs_ln_U","Smoking",11,557,84,473,1.43960251815014,"median split used only for secondary RERI/joint-cell summaries","No nicotine exposure","Nicotine exposure","High toxicant + Nicotine exposure",FALSE
"CYHA_Cys_binary_U","Diet",0,504,55,449,,"binary analyte","Better diet","Poor diet","Low toxicant + Better diet",FALSE
"CYHA_Cys_binary_U","Diet",1,427,45,382,,"binary analyte","Better diet","Poor diet","Low toxicant + Poor diet",FALSE
"CYHA_Cys_binary_U","Diet",10,82,14,68,,"binary analyte","Better diet","Poor diet","High toxicant + Better diet",FALSE
"CYHA_Cys_binary_U","Diet",11,174,23,151,,"binary analyte","Better diet","Poor diet","High toxicant + Poor diet",FALSE
"CYHA_Cys_binary_U","PhysicalActivity",0,526,37,489,,"binary analyte","Ideal activity","Not ideal activity","Low toxicant + Ideal activity",FALSE
"CYHA_Cys_binary_U","PhysicalActivity",1,405,63,342,,"binary analyte","Ideal activity","Not ideal activity","Low toxicant + Not ideal activity",FALSE
"CYHA_Cys_binary_U","PhysicalActivity",10,152,18,134,,"binary analyte","Ideal activity","Not ideal activity","High toxicant + Ideal activity",FALSE
"CYHA_Cys_binary_U","PhysicalActivity",11,104,19,85,,"binary analyte","Ideal activity","Not ideal activity","High toxicant + Not ideal activity",FALSE
"CYHA_Cys_binary_U","Sleep",0,538,51,487,,"binary analyte","Ideal sleep","Not ideal sleep","Low toxicant + Ideal sleep",FALSE
"CYHA_Cys_binary_U","Sleep",1,390,48,342,,"binary analyte","Ideal sleep","Not ideal sleep","Low toxicant + Not ideal sleep",FALSE
"CYHA_Cys_binary_U","Sleep",10,116,13,103,,"binary analyte","Ideal sleep","Not ideal sleep","High toxicant + Ideal sleep",FALSE
"CYHA_Cys_binary_U","Sleep",11,139,24,115,,"binary analyte","Ideal sleep","Not ideal sleep","High toxicant + Not ideal sleep",FALSE
"CYHA_Cys_binary_U","Smoking",0,625,50,575,,"binary analyte","No nicotine exposure","Nicotine exposure","Low toxicant + No nicotine exposure",FALSE
"CYHA_Cys_binary_U","Smoking",1,306,50,256,,"binary analyte","No nicotine exposure","Nicotine exposure","Low toxicant + Nicotine exposure",FALSE
"CYHA_Cys_binary_U","Smoking",10,21,1,20,,"binary analyte","No nicotine exposure","Nicotine exposure","High toxicant + No nicotine exposure",TRUE
"CYHA_Cys_binary_U","Smoking",11,235,36,199,,"binary analyte","No nicotine exposure","Nicotine exposure","High toxicant + Nicotine exposure",FALSE
"DBCM_binary_S","Diet",0,1607,170,1437,,"binary analyte","Better diet","Poor diet","Low toxicant + Better diet",FALSE
"DBCM_binary_S","Diet",1,1536,160,1376,,"binary analyte","Better diet","Poor diet","Low toxicant + Poor diet",FALSE
"DBCM_binary_S","Diet",10,224,25,199,,"binary analyte","Better diet","Poor diet","High toxicant + Better diet",FALSE
"DBCM_binary_S","Diet",11,215,20,195,,"binary analyte","Better diet","Poor diet","High toxicant + Poor diet",FALSE
"DBCM_binary_S","PhysicalActivity",0,1860,134,1726,,"binary analyte","Ideal activity","Not ideal activity","Low toxicant + Ideal activity",FALSE
"DBCM_binary_S","PhysicalActivity",1,1283,196,1087,,"binary analyte","Ideal activity","Not ideal activity","Low toxicant + Not ideal activity",FALSE
"DBCM_binary_S","PhysicalActivity",10,256,19,237,,"binary analyte","Ideal activity","Not ideal activity","High toxicant + Ideal activity",FALSE
"DBCM_binary_S","PhysicalActivity",11,183,26,157,,"binary analyte","Ideal activity","Not ideal activity","High toxicant + Not ideal activity",FALSE
"DBCM_binary_S","Sleep",0,1719,162,1557,,"binary analyte","Ideal sleep","Not ideal sleep","Low toxicant + Ideal sleep",FALSE
"DBCM_binary_S","Sleep",1,1419,167,1252,,"binary analyte","Ideal sleep","Not ideal sleep","Low toxicant + Not ideal sleep",FALSE
"DBCM_binary_S","Sleep",10,252,19,233,,"binary analyte","Ideal sleep","Not ideal sleep","High toxicant + Ideal sleep",FALSE
"DBCM_binary_S","Sleep",11,186,26,160,,"binary analyte","Ideal sleep","Not ideal sleep","High toxicant + Not ideal sleep",FALSE
"DBCM_binary_S","Smoking",0,1712,121,1591,,"binary analyte","No nicotine exposure","Nicotine exposure","Low toxicant + No nicotine exposure",FALSE
"DBCM_binary_S","Smoking",1,1431,209,1222,,"binary analyte","No nicotine exposure","Nicotine exposure","Low toxicant + Nicotine exposure",FALSE
"DBCM_binary_S","Smoking",10,235,17,218,,"binary analyte","No nicotine exposure","Nicotine exposure","High toxicant + No nicotine exposure",FALSE
"DBCM_binary_S","Smoking",11,204,28,176,,"binary analyte","No nicotine exposure","Nicotine exposure","High toxicant + Nicotine exposure",FALSE
"DBUP_binary_U","Diet",0,427,39,388,,"binary analyte","Better diet","Poor diet","Low toxicant + Better diet",FALSE
"DBUP_binary_U","Diet",1,412,48,364,,"binary analyte","Better diet","Poor diet","Low toxicant + Poor diet",FALSE
"DBUP_binary_U","Diet",10,665,81,584,,"binary analyte","Better diet","Poor diet","High toxicant + Better diet",FALSE
"DBUP_binary_U","Diet",11,711,93,618,,"binary analyte","Better diet","Poor diet","High toxicant + Poor diet",FALSE
"DBUP_binary_U","PhysicalActivity",0,507,39,468,,"binary analyte","Ideal activity","Not ideal activity","Low toxicant + Ideal activity",FALSE
"DBUP_binary_U","PhysicalActivity",1,332,48,284,,"binary analyte","Ideal activity","Not ideal activity","Low toxicant + Not ideal activity",FALSE
"DBUP_binary_U","PhysicalActivity",10,816,71,745,,"binary analyte","Ideal activity","Not ideal activity","High toxicant + Ideal activity",FALSE
"DBUP_binary_U","PhysicalActivity",11,560,103,457,,"binary analyte","Ideal activity","Not ideal activity","High toxicant + Not ideal activity",FALSE
"DBUP_binary_U","Sleep",0,487,41,446,,"binary analyte","Ideal sleep","Not ideal sleep","Low toxicant + Ideal sleep",FALSE
"DBUP_binary_U","Sleep",1,349,45,304,,"binary analyte","Ideal sleep","Not ideal sleep","Low toxicant + Not ideal sleep",FALSE
"DBUP_binary_U","Sleep",10,717,76,641,,"binary analyte","Ideal sleep","Not ideal sleep","High toxicant + Ideal sleep",FALSE
"DBUP_binary_U","Sleep",11,652,96,556,,"binary analyte","Ideal sleep","Not ideal sleep","High toxicant + Not ideal sleep",FALSE
"DBUP_binary_U","Smoking",0,454,25,429,,"binary analyte","No nicotine exposure","Nicotine exposure","Low toxicant + No nicotine exposure",FALSE
"DBUP_binary_U","Smoking",1,384,62,322,,"binary analyte","No nicotine exposure","Nicotine exposure","Low toxicant + Nicotine exposure",FALSE
"DBUP_binary_U","Smoking",10,696,68,628,,"binary analyte","No nicotine exposure","Nicotine exposure","High toxicant + No nicotine exposure",FALSE
"DBUP_binary_U","Smoking",11,680,106,574,,"binary analyte","No nicotine exposure","Nicotine exposure","High toxicant + Nicotine exposure",FALSE
"DCVDMPCA_binary_U","Diet",0,777,86,691,,"binary analyte","Better diet","Poor diet","Low toxicant + Better diet",FALSE
"DCVDMPCA_binary_U","Diet",1,860,103,757,,"binary analyte","Better diet","Poor diet","Low toxicant + Poor diet",FALSE
"DCVDMPCA_binary_U","Diet",10,424,41,383,,"binary analyte","Better diet","Poor diet","High toxicant + Better diet",FALSE
"DCVDMPCA_binary_U","Diet",11,381,45,336,,"binary analyte","Better diet","Poor diet","High toxicant + Poor diet",FALSE
"DCVDMPCA_binary_U","PhysicalActivity",0,972,68,904,,"binary analyte","Ideal activity","Not ideal activity","Low toxicant + Ideal activity",FALSE
"DCVDMPCA_binary_U","PhysicalActivity",1,665,121,544,,"binary analyte","Ideal activity","Not ideal activity","Low toxicant + Not ideal activity",FALSE
"DCVDMPCA_binary_U","PhysicalActivity",10,495,48,447,,"binary analyte","Ideal activity","Not ideal activity","High toxicant + Ideal activity",FALSE
"DCVDMPCA_binary_U","PhysicalActivity",11,310,38,272,,"binary analyte","Ideal activity","Not ideal activity","High toxicant + Not ideal activity",FALSE
"DCVDMPCA_binary_U","Sleep",0,896,88,808,,"binary analyte","Ideal sleep","Not ideal sleep","Low toxicant + Ideal sleep",FALSE
"DCVDMPCA_binary_U","Sleep",1,734,99,635,,"binary analyte","Ideal sleep","Not ideal sleep","Low toxicant + Not ideal sleep",FALSE
"DCVDMPCA_binary_U","Sleep",10,419,35,384,,"binary analyte","Ideal sleep","Not ideal sleep","High toxicant + Ideal sleep",FALSE
"DCVDMPCA_binary_U","Sleep",11,383,50,333,,"binary analyte","Ideal sleep","Not ideal sleep","High toxicant + Not ideal sleep",FALSE
"DCVDMPCA_binary_U","Smoking",0,862,71,791,,"binary analyte","No nicotine exposure","Nicotine exposure","Low toxicant + No nicotine exposure",FALSE
"DCVDMPCA_binary_U","Smoking",1,775,118,657,,"binary analyte","No nicotine exposure","Nicotine exposure","Low toxicant + Nicotine exposure",FALSE
"DCVDMPCA_binary_U","Smoking",10,435,32,403,,"binary analyte","No nicotine exposure","Nicotine exposure","High toxicant + No nicotine exposure",FALSE
"DCVDMPCA_binary_U","Smoking",11,369,54,315,,"binary analyte","No nicotine exposure","Nicotine exposure","High toxicant + Nicotine exposure",FALSE
"DEA_ln_U","Diet",0,625,76,549,0.612189879779067,"median split used only for secondary RERI/joint-cell summaries","Better diet","Poor diet","Low toxicant + Better diet",FALSE
"DEA_ln_U","Diet",1,597,72,525,0.612189879779067,"median split used only for secondary RERI/joint-cell summaries","Better diet","Poor diet","Low toxicant + Poor diet",FALSE
"DEA_ln_U","Diet",10,587,52,535,0.612189879779067,"median split used only for secondary RERI/joint-cell summaries","Better diet","Poor diet","High toxicant + Better diet",FALSE
"DEA_ln_U","Diet",11,635,71,564,0.612189879779067,"median split used only for secondary RERI/joint-cell summaries","Better diet","Poor diet","High toxicant + Poor diet",FALSE
"DEA_ln_U","PhysicalActivity",0,730,53,677,0.612189879779067,"median split used only for secondary RERI/joint-cell summaries","Ideal activity","Not ideal activity","Low toxicant + Ideal activity",FALSE
"DEA_ln_U","PhysicalActivity",1,492,95,397,0.612189879779067,"median split used only for secondary RERI/joint-cell summaries","Ideal activity","Not ideal activity","Low toxicant + Not ideal activity",FALSE
"DEA_ln_U","PhysicalActivity",10,748,62,686,0.612189879779067,"median split used only for secondary RERI/joint-cell summaries","Ideal activity","Not ideal activity","High toxicant + Ideal activity",FALSE
"DEA_ln_U","PhysicalActivity",11,474,61,413,0.612189879779067,"median split used only for secondary RERI/joint-cell summaries","Ideal activity","Not ideal activity","High toxicant + Not ideal activity",FALSE
"DEA_ln_U","Sleep",0,657,70,587,0.607649808401531,"median split used only for secondary RERI/joint-cell summaries","Ideal sleep","Not ideal sleep","Low toxicant + Ideal sleep",FALSE
"DEA_ln_U","Sleep",1,559,77,482,0.607649808401531,"median split used only for secondary RERI/joint-cell summaries","Ideal sleep","Not ideal sleep","Low toxicant + Not ideal sleep",FALSE
"DEA_ln_U","Sleep",10,666,54,612,0.607649808401531,"median split used only for secondary RERI/joint-cell summaries","Ideal sleep","Not ideal sleep","High toxicant + Ideal sleep",FALSE
"DEA_ln_U","Sleep",11,552,67,485,0.607649808401531,"median split used only for secondary RERI/joint-cell summaries","Ideal sleep","Not ideal sleep","High toxicant + Not ideal sleep",FALSE
"DEA_ln_U","Smoking",0,697,62,635,0.612189879779067,"median split used only for secondary RERI/joint-cell summaries","No nicotine exposure","Nicotine exposure","Low toxicant + No nicotine exposure",FALSE
"DEA_ln_U","Smoking",1,525,86,439,0.612189879779067,"median split used only for secondary RERI/joint-cell summaries","No nicotine exposure","Nicotine exposure","Low toxicant + Nicotine exposure",FALSE
"DEA_ln_U","Smoking",10,604,41,563,0.612189879779067,"median split used only for secondary RERI/joint-cell summaries","No nicotine exposure","Nicotine exposure","High toxicant + No nicotine exposure",FALSE
"DEA_ln_U","Smoking",11,618,82,536,0.612189879779067,"median split used only for secondary RERI/joint-cell summaries","No nicotine exposure","Nicotine exposure","High toxicant + Nicotine exposure",FALSE
"DEP_ln_U","Diet",0,258,21,237,0.626679288079481,"median split used only for secondary RERI/joint-cell summaries","Better diet","Poor diet","Low toxicant + Better diet",FALSE
"DEP_ln_U","Diet",1,313,35,278,0.626679288079481,"median split used only for secondary RERI/joint-cell summaries","Better diet","Poor diet","Low toxicant + Poor diet",FALSE
"DEP_ln_U","Diet",10,302,33,269,0.626679288079481,"median split used only for secondary RERI/joint-cell summaries","Better diet","Poor diet","High toxicant + Better diet",FALSE
"DEP_ln_U","Diet",11,269,43,226,0.626679288079481,"median split used only for secondary RERI/joint-cell summaries","Better diet","Poor diet","High toxicant + Poor diet",FALSE
"DEP_ln_U","PhysicalActivity",0,349,29,320,0.626679288079481,"median split used only for secondary RERI/joint-cell summaries","Ideal activity","Not ideal activity","Low toxicant + Ideal activity",FALSE
"DEP_ln_U","PhysicalActivity",1,222,27,195,0.626679288079481,"median split used only for secondary RERI/joint-cell summaries","Ideal activity","Not ideal activity","Low toxicant + Not ideal activity",FALSE
"DEP_ln_U","PhysicalActivity",10,350,36,314,0.626679288079481,"median split used only for secondary RERI/joint-cell summaries","Ideal activity","Not ideal activity","High toxicant + Ideal activity",FALSE
"DEP_ln_U","PhysicalActivity",11,221,40,181,0.626679288079481,"median split used only for secondary RERI/joint-cell summaries","Ideal activity","Not ideal activity","High toxicant + Not ideal activity",FALSE
"DEP_ln_U","Sleep",0,320,28,292,0.626679288079481,"median split used only for secondary RERI/joint-cell summaries","Ideal sleep","Not ideal sleep","Low toxicant + Ideal sleep",FALSE
"DEP_ln_U","Sleep",1,247,27,220,0.626679288079481,"median split used only for secondary RERI/joint-cell summaries","Ideal sleep","Not ideal sleep","Low toxicant + Not ideal sleep",FALSE
"DEP_ln_U","Sleep",10,317,29,288,0.626679288079481,"median split used only for secondary RERI/joint-cell summaries","Ideal sleep","Not ideal sleep","High toxicant + Ideal sleep",FALSE
"DEP_ln_U","Sleep",11,250,46,204,0.626679288079481,"median split used only for secondary RERI/joint-cell summaries","Ideal sleep","Not ideal sleep","High toxicant + Not ideal sleep",FALSE
"DEP_ln_U","Smoking",0,295,19,276,0.626169363390815,"median split used only for secondary RERI/joint-cell summaries","No nicotine exposure","Nicotine exposure","Low toxicant + No nicotine exposure",FALSE
"DEP_ln_U","Smoking",1,275,37,238,0.626169363390815,"median split used only for secondary RERI/joint-cell summaries","No nicotine exposure","Nicotine exposure","Low toxicant + Nicotine exposure",FALSE
"DEP_ln_U","Smoking",10,320,28,292,0.626169363390815,"median split used only for secondary RERI/joint-cell summaries","No nicotine exposure","Nicotine exposure","High toxicant + No nicotine exposure",FALSE
"DEP_ln_U","Smoking",11,251,48,203,0.626169363390815,"median split used only for secondary RERI/joint-cell summaries","No nicotine exposure","Nicotine exposure","High toxicant + Nicotine exposure",FALSE
"DETP_binary_U","Diet",0,166,16,150,,"binary analyte","Better diet","Poor diet","Low toxicant + Better diet",FALSE
"DETP_binary_U","Diet",1,233,31,202,,"binary analyte","Better diet","Poor diet","Low toxicant + Poor diet",FALSE
"DETP_binary_U","Diet",10,393,37,356,,"binary analyte","Better diet","Poor diet","High toxicant + Better diet",FALSE
"DETP_binary_U","Diet",11,344,47,297,,"binary analyte","Better diet","Poor diet","High toxicant + Poor diet",FALSE
"DETP_binary_U","PhysicalActivity",0,238,22,216,,"binary analyte","Ideal activity","Not ideal activity","Low toxicant + Ideal activity",FALSE
"DETP_binary_U","PhysicalActivity",1,161,25,136,,"binary analyte","Ideal activity","Not ideal activity","Low toxicant + Not ideal activity",FALSE
"DETP_binary_U","PhysicalActivity",10,457,42,415,,"binary analyte","Ideal activity","Not ideal activity","High toxicant + Ideal activity",FALSE
"DETP_binary_U","PhysicalActivity",11,280,42,238,,"binary analyte","Ideal activity","Not ideal activity","High toxicant + Not ideal activity",FALSE
"DETP_binary_U","Sleep",0,226,26,200,,"binary analyte","Ideal sleep","Not ideal sleep","Low toxicant + Ideal sleep",FALSE
"DETP_binary_U","Sleep",1,169,20,149,,"binary analyte","Ideal sleep","Not ideal sleep","Low toxicant + Not ideal sleep",FALSE
"DETP_binary_U","Sleep",10,410,31,379,,"binary analyte","Ideal sleep","Not ideal sleep","High toxicant + Ideal sleep",FALSE
"DETP_binary_U","Sleep",11,323,52,271,,"binary analyte","Ideal sleep","Not ideal sleep","High toxicant + Not ideal sleep",FALSE
"DETP_binary_U","Smoking",0,203,17,186,,"binary analyte","No nicotine exposure","Nicotine exposure","Low toxicant + No nicotine exposure",FALSE
"DETP_binary_U","Smoking",1,196,30,166,,"binary analyte","No nicotine exposure","Nicotine exposure","Low toxicant + Nicotine exposure",FALSE
"DETP_binary_U","Smoking",10,411,29,382,,"binary analyte","No nicotine exposure","Nicotine exposure","High toxicant + No nicotine exposure",FALSE
"DETP_binary_U","Smoking",11,326,55,271,,"binary analyte","No nicotine exposure","Nicotine exposure","High toxicant + Nicotine exposure",FALSE
"DHB_Cys_ln_U","Diet",0,590,30,560,5.71275114463896,"median split used only for secondary RERI/joint-cell summaries","Better diet","Poor diet","Low toxicant + Better diet",FALSE
"DHB_Cys_ln_U","Diet",1,590,41,549,5.71275114463896,"median split used only for secondary RERI/joint-cell summaries","Better diet","Poor diet","Low toxicant + Poor diet",FALSE
"DHB_Cys_ln_U","Diet",10,603,92,511,5.71275114463896,"median split used only for secondary RERI/joint-cell summaries","Better diet","Poor diet","High toxicant + Better diet",FALSE
"DHB_Cys_ln_U","Diet",11,578,80,498,5.71275114463896,"median split used only for secondary RERI/joint-cell summaries","Better diet","Poor diet","High toxicant + Poor diet",FALSE
"DHB_Cys_ln_U","PhysicalActivity",0,728,32,696,5.71275114463896,"median split used only for secondary RERI/joint-cell summaries","Ideal activity","Not ideal activity","Low toxicant + Ideal activity",FALSE
"DHB_Cys_ln_U","PhysicalActivity",1,452,39,413,5.71275114463896,"median split used only for secondary RERI/joint-cell summaries","Ideal activity","Not ideal activity","Low toxicant + Not ideal activity",FALSE
"DHB_Cys_ln_U","PhysicalActivity",10,676,67,609,5.71275114463896,"median split used only for secondary RERI/joint-cell summaries","Ideal activity","Not ideal activity","High toxicant + Ideal activity",FALSE
"DHB_Cys_ln_U","PhysicalActivity",11,505,105,400,5.71275114463896,"median split used only for secondary RERI/joint-cell summaries","Ideal activity","Not ideal activity","High toxicant + Not ideal activity",FALSE
"DHB_Cys_ln_U","Sleep",0,664,36,628,5.70850798112337,"median split used only for secondary RERI/joint-cell summaries","Ideal sleep","Not ideal sleep","Low toxicant + Ideal sleep",FALSE
"DHB_Cys_ln_U","Sleep",1,514,35,479,5.70850798112337,"median split used only for secondary RERI/joint-cell summaries","Ideal sleep","Not ideal sleep","Low toxicant + Not ideal sleep",FALSE
"DHB_Cys_ln_U","Sleep",10,624,80,544,5.70850798112337,"median split used only for secondary RERI/joint-cell summaries","Ideal sleep","Not ideal sleep","High toxicant + Ideal sleep",FALSE
"DHB_Cys_ln_U","Sleep",11,554,90,464,5.70850798112337,"median split used only for secondary RERI/joint-cell summaries","Ideal sleep","Not ideal sleep","High toxicant + Not ideal sleep",FALSE
"DHB_Cys_ln_U","Smoking",0,736,21,715,5.71275114463896,"median split used only for secondary RERI/joint-cell summaries","No nicotine exposure","Nicotine exposure","Low toxicant + No nicotine exposure",FALSE
"DHB_Cys_ln_U","Smoking",1,444,50,394,5.71275114463896,"median split used only for secondary RERI/joint-cell summaries","No nicotine exposure","Nicotine exposure","Low toxicant + Nicotine exposure",FALSE
"DHB_Cys_ln_U","Smoking",10,529,55,474,5.71275114463896,"median split used only for secondary RERI/joint-cell summaries","No nicotine exposure","Nicotine exposure","High toxicant + No nicotine exposure",FALSE
"DHB_Cys_ln_U","Smoking",11,652,117,535,5.71275114463896,"median split used only for secondary RERI/joint-cell summaries","No nicotine exposure","Nicotine exposure","High toxicant + Nicotine exposure",FALSE
"DMA_ln_U","Diet",0,506,55,451,1.22280100341094,"median split used only for secondary RERI/joint-cell summaries","Better diet","Poor diet","Low toxicant + Better diet",FALSE
"DMA_ln_U","Diet",1,747,86,661,1.22280100341094,"median split used only for secondary RERI/joint-cell summaries","Better diet","Poor diet","Low toxicant + Poor diet",FALSE
"DMA_ln_U","Diet",10,767,79,688,1.22280100341094,"median split used only for secondary RERI/joint-cell summaries","Better diet","Poor diet","High toxicant + Better diet",FALSE
"DMA_ln_U","Diet",11,486,44,442,1.22280100341094,"median split used only for secondary RERI/joint-cell summaries","Better diet","Poor diet","High toxicant + Poor diet",FALSE
"DMA_ln_U","PhysicalActivity",0,719,53,666,1.22280100341094,"median split used only for secondary RERI/joint-cell summaries","Ideal activity","Not ideal activity","Low toxicant + Ideal activity",FALSE
"DMA_ln_U","PhysicalActivity",1,534,88,446,1.22280100341094,"median split used only for secondary RERI/joint-cell summaries","Ideal activity","Not ideal activity","Low toxicant + Not ideal activity",FALSE
"DMA_ln_U","PhysicalActivity",10,771,55,716,1.22280100341094,"median split used only for secondary RERI/joint-cell summaries","Ideal activity","Not ideal activity","High toxicant + Ideal activity",FALSE
"DMA_ln_U","PhysicalActivity",11,482,68,414,1.22280100341094,"median split used only for secondary RERI/joint-cell summaries","Ideal activity","Not ideal activity","High toxicant + Not ideal activity",FALSE
"DMA_ln_U","Sleep",0,661,61,600,1.22284128863032,"median split used only for secondary RERI/joint-cell summaries","Ideal sleep","Not ideal sleep","Low toxicant + Ideal sleep",FALSE
"DMA_ln_U","Sleep",1,589,79,510,1.22284128863032,"median split used only for secondary RERI/joint-cell summaries","Ideal sleep","Not ideal sleep","Low toxicant + Not ideal sleep",FALSE
"DMA_ln_U","Sleep",10,712,64,648,1.22284128863032,"median split used only for secondary RERI/joint-cell summaries","Ideal sleep","Not ideal sleep","High toxicant + Ideal sleep",FALSE
"DMA_ln_U","Sleep",11,539,58,481,1.22284128863032,"median split used only for secondary RERI/joint-cell summaries","Ideal sleep","Not ideal sleep","High toxicant + Not ideal sleep",FALSE
"DMA_ln_U","Smoking",0,612,40,572,1.22280100341094,"median split used only for secondary RERI/joint-cell summaries","No nicotine exposure","Nicotine exposure","Low toxicant + No nicotine exposure",FALSE
"DMA_ln_U","Smoking",1,641,101,540,1.22280100341094,"median split used only for secondary RERI/joint-cell summaries","No nicotine exposure","Nicotine exposure","Low toxicant + Nicotine exposure",FALSE
"DMA_ln_U","Smoking",10,739,49,690,1.22280100341094,"median split used only for secondary RERI/joint-cell summaries","No nicotine exposure","Nicotine exposure","High toxicant + No nicotine exposure",FALSE
"DMA_ln_U","Smoking",11,514,74,440,1.22280100341094,"median split used only for secondary RERI/joint-cell summaries","No nicotine exposure","Nicotine exposure","High toxicant + Nicotine exposure",FALSE
"DMDTP_binary_U","Diet",0,241,20,221,,"binary analyte","Better diet","Poor diet","Low toxicant + Better diet",FALSE
"DMDTP_binary_U","Diet",1,311,37,274,,"binary analyte","Better diet","Poor diet","Low toxicant + Poor diet",FALSE
"DMDTP_binary_U","Diet",10,314,32,282,,"binary analyte","Better diet","Poor diet","High toxicant + Better diet",FALSE
"DMDTP_binary_U","Diet",11,269,41,228,,"binary analyte","Better diet","Poor diet","High toxicant + Poor diet",FALSE
"DMDTP_binary_U","PhysicalActivity",0,332,27,305,,"binary analyte","Ideal activity","Not ideal activity","Low toxicant + Ideal activity",FALSE
"DMDTP_binary_U","PhysicalActivity",1,220,30,190,,"binary analyte","Ideal activity","Not ideal activity","Low toxicant + Not ideal activity",FALSE
"DMDTP_binary_U","PhysicalActivity",10,363,37,326,,"binary analyte","Ideal activity","Not ideal activity","High toxicant + Ideal activity",FALSE
"DMDTP_binary_U","PhysicalActivity",11,220,36,184,,"binary analyte","Ideal activity","Not ideal activity","High toxicant + Not ideal activity",FALSE
"DMDTP_binary_U","Sleep",0,305,27,278,,"binary analyte","Ideal sleep","Not ideal sleep","Low toxicant + Ideal sleep",FALSE
"DMDTP_binary_U","Sleep",1,242,29,213,,"binary analyte","Ideal sleep","Not ideal sleep","Low toxicant + Not ideal sleep",FALSE
"DMDTP_binary_U","Sleep",10,329,29,300,,"binary analyte","Ideal sleep","Not ideal sleep","High toxicant + Ideal sleep",FALSE
"DMDTP_binary_U","Sleep",11,251,43,208,,"binary analyte","Ideal sleep","Not ideal sleep","High toxicant + Not ideal sleep",FALSE
"DMDTP_binary_U","Smoking",0,285,18,267,,"binary analyte","No nicotine exposure","Nicotine exposure","Low toxicant + No nicotine exposure",FALSE
"DMDTP_binary_U","Smoking",1,267,39,228,,"binary analyte","No nicotine exposure","Nicotine exposure","Low toxicant + Nicotine exposure",FALSE
"DMDTP_binary_U","Smoking",10,326,28,298,,"binary analyte","No nicotine exposure","Nicotine exposure","High toxicant + No nicotine exposure",FALSE
"DMDTP_binary_U","Smoking",11,256,45,211,,"binary analyte","No nicotine exposure","Nicotine exposure","High toxicant + Nicotine exposure",FALSE
"DMP_ln_U","Diet",0,230,16,214,0.359099187550239,"median split used only for secondary RERI/joint-cell summaries","Better diet","Poor diet","Low toxicant + Better diet",FALSE
"DMP_ln_U","Diet",1,337,37,300,0.359099187550239,"median split used only for secondary RERI/joint-cell summaries","Better diet","Poor diet","Low toxicant + Poor diet",FALSE
"DMP_ln_U","Diet",10,327,38,289,0.359099187550239,"median split used only for secondary RERI/joint-cell summaries","Better diet","Poor diet","High toxicant + Better diet",FALSE
"DMP_ln_U","Diet",11,241,41,200,0.359099187550239,"median split used only for secondary RERI/joint-cell summaries","Better diet","Poor diet","High toxicant + Poor diet",FALSE
"DMP_ln_U","PhysicalActivity",0,360,29,331,0.359099187550239,"median split used only for secondary RERI/joint-cell summaries","Ideal activity","Not ideal activity","Low toxicant + Ideal activity",FALSE
"DMP_ln_U","PhysicalActivity",1,207,24,183,0.359099187550239,"median split used only for secondary RERI/joint-cell summaries","Ideal activity","Not ideal activity","Low toxicant + Not ideal activity",FALSE
"DMP_ln_U","PhysicalActivity",10,334,36,298,0.359099187550239,"median split used only for secondary RERI/joint-cell summaries","Ideal activity","Not ideal activity","High toxicant + Ideal activity",FALSE
"DMP_ln_U","PhysicalActivity",11,234,43,191,0.359099187550239,"median split used only for secondary RERI/joint-cell summaries","Ideal activity","Not ideal activity","High toxicant + Not ideal activity",FALSE
"DMP_ln_U","Sleep",0,312,23,289,0.362114667234551,"median split used only for secondary RERI/joint-cell summaries","Ideal sleep","Not ideal sleep","Low toxicant + Ideal sleep",FALSE
"DMP_ln_U","Sleep",1,251,29,222,0.362114667234551,"median split used only for secondary RERI/joint-cell summaries","Ideal sleep","Not ideal sleep","Low toxicant + Not ideal sleep",FALSE
"DMP_ln_U","Sleep",10,324,34,290,0.362114667234551,"median split used only for secondary RERI/joint-cell summaries","Ideal sleep","Not ideal sleep","High toxicant + Ideal sleep",FALSE
"DMP_ln_U","Sleep",11,240,44,196,0.362114667234551,"median split used only for secondary RERI/joint-cell summaries","Ideal sleep","Not ideal sleep","High toxicant + Not ideal sleep",FALSE
"DMP_ln_U","Smoking",0,285,17,268,0.358386815911027,"median split used only for secondary RERI/joint-cell summaries","No nicotine exposure","Nicotine exposure","Low toxicant + No nicotine exposure",FALSE
"DMP_ln_U","Smoking",1,282,36,246,0.358386815911027,"median split used only for secondary RERI/joint-cell summaries","No nicotine exposure","Nicotine exposure","Low toxicant + Nicotine exposure",FALSE
"DMP_ln_U","Smoking",10,328,30,298,0.358386815911027,"median split used only for secondary RERI/joint-cell summaries","No nicotine exposure","Nicotine exposure","High toxicant + No nicotine exposure",FALSE
"DMP_ln_U","Smoking",11,239,49,190,0.358386815911027,"median split used only for secondary RERI/joint-cell summaries","No nicotine exposure","Nicotine exposure","High toxicant + Nicotine exposure",FALSE
"DMTP_ln_U","Diet",0,225,17,208,-0.330036298857668,"median split used only for secondary RERI/joint-cell summaries","Better diet","Poor diet","Low toxicant + Better diet",FALSE
"DMTP_ln_U","Diet",1,344,37,307,-0.330036298857668,"median split used only for secondary RERI/joint-cell summaries","Better diet","Poor diet","Low toxicant + Poor diet",FALSE
"DMTP_ln_U","Diet",10,333,37,296,-0.330036298857668,"median split used only for secondary RERI/joint-cell summaries","Better diet","Poor diet","High toxicant + Better diet",FALSE
"DMTP_ln_U","Diet",11,237,40,197,-0.330036298857668,"median split used only for secondary RERI/joint-cell summaries","Better diet","Poor diet","High toxicant + Poor diet",FALSE
"DMTP_ln_U","PhysicalActivity",0,360,28,332,-0.330036298857668,"median split used only for secondary RERI/joint-cell summaries","Ideal activity","Not ideal activity","Low toxicant + Ideal activity",FALSE
"DMTP_ln_U","PhysicalActivity",1,209,26,183,-0.330036298857668,"median split used only for secondary RERI/joint-cell summaries","Ideal activity","Not ideal activity","Low toxicant + Not ideal activity",FALSE
"DMTP_ln_U","PhysicalActivity",10,338,36,302,-0.330036298857668,"median split used only for secondary RERI/joint-cell summaries","Ideal activity","Not ideal activity","High toxicant + Ideal activity",FALSE
"DMTP_ln_U","PhysicalActivity",11,232,41,191,-0.330036298857668,"median split used only for secondary RERI/joint-cell summaries","Ideal activity","Not ideal activity","High toxicant + Not ideal activity",FALSE
"DMTP_ln_U","Sleep",0,323,30,293,-0.316120007772314,"median split used only for secondary RERI/joint-cell summaries","Ideal sleep","Not ideal sleep","Low toxicant + Ideal sleep",FALSE
"DMTP_ln_U","Sleep",1,242,23,219,-0.316120007772314,"median split used only for secondary RERI/joint-cell summaries","Ideal sleep","Not ideal sleep","Low toxicant + Not ideal sleep",FALSE
"DMTP_ln_U","Sleep",10,313,27,286,-0.316120007772314,"median split used only for secondary RERI/joint-cell summaries","Ideal sleep","Not ideal sleep","High toxicant + Ideal sleep",FALSE
"DMTP_ln_U","Sleep",11,253,49,204,-0.316120007772314,"median split used only for secondary RERI/joint-cell summaries","Ideal sleep","Not ideal sleep","High toxicant + Not ideal sleep",FALSE
"DMTP_ln_U","Smoking",0,280,18,262,-0.330056965138568,"median split used only for secondary RERI/joint-cell summaries","No nicotine exposure","Nicotine exposure","Low toxicant + No nicotine exposure",FALSE
"DMTP_ln_U","Smoking",1,289,36,253,-0.330056965138568,"median split used only for secondary RERI/joint-cell summaries","No nicotine exposure","Nicotine exposure","Low toxicant + Nicotine exposure",FALSE
"DMTP_ln_U","Smoking",10,334,29,305,-0.330056965138568,"median split used only for secondary RERI/joint-cell summaries","No nicotine exposure","Nicotine exposure","High toxicant + No nicotine exposure",FALSE
"DMTP_ln_U","Smoking",11,235,48,187,-0.330056965138568,"median split used only for secondary RERI/joint-cell summaries","No nicotine exposure","Nicotine exposure","High toxicant + Nicotine exposure",FALSE
"DPCP_binary_U","Diet",0,556,61,495,,"binary analyte","Better diet","Poor diet","Low toxicant + Better diet",FALSE
"DPCP_binary_U","Diet",1,538,59,479,,"binary analyte","Better diet","Poor diet","Low toxicant + Poor diet",FALSE
"DPCP_binary_U","Diet",10,49,10,39,,"binary analyte","Better diet","Poor diet","High toxicant + Better diet",FALSE
"DPCP_binary_U","Diet",11,70,7,63,,"binary analyte","Better diet","Poor diet","High toxicant + Poor diet",FALSE
"DPCP_binary_U","PhysicalActivity",0,631,40,591,,"binary analyte","Ideal activity","Not ideal activity","Low toxicant + Ideal activity",FALSE
"DPCP_binary_U","PhysicalActivity",1,463,80,383,,"binary analyte","Ideal activity","Not ideal activity","Low toxicant + Not ideal activity",FALSE
"DPCP_binary_U","PhysicalActivity",10,77,8,69,,"binary analyte","Ideal activity","Not ideal activity","High toxicant + Ideal activity",FALSE
"DPCP_binary_U","PhysicalActivity",11,42,9,33,,"binary analyte","Ideal activity","Not ideal activity","High toxicant + Not ideal activity",FALSE
"DPCP_binary_U","Sleep",0,580,56,524,,"binary analyte","Ideal sleep","Not ideal sleep","Low toxicant + Ideal sleep",FALSE
"DPCP_binary_U","Sleep",1,512,63,449,,"binary analyte","Ideal sleep","Not ideal sleep","Low toxicant + Not ideal sleep",FALSE
"DPCP_binary_U","Sleep",10,63,8,55,,"binary analyte","Ideal sleep","Not ideal sleep","High toxicant + Ideal sleep",FALSE
"DPCP_binary_U","Sleep",11,56,9,47,,"binary analyte","Ideal sleep","Not ideal sleep","High toxicant + Not ideal sleep",FALSE
"DPCP_binary_U","Smoking",0,568,42,526,,"binary analyte","No nicotine exposure","Nicotine exposure","Low toxicant + No nicotine exposure",FALSE
"DPCP_binary_U","Smoking",1,526,78,448,,"binary analyte","No nicotine exposure","Nicotine exposure","Low toxicant + Nicotine exposure",FALSE
"DPCP_binary_U","Smoking",10,58,11,47,,"binary analyte","No nicotine exposure","Nicotine exposure","High toxicant + No nicotine exposure",FALSE
"DPCP_binary_U","Smoking",11,61,6,55,,"binary analyte","No nicotine exposure","Nicotine exposure","High toxicant + Nicotine exposure",FALSE
"DPHP_ln_U","Diet",0,524,53,471,-0.332133835022615,"median split used only for secondary RERI/joint-cell summaries","Better diet","Poor diet","Low toxicant + Better diet",FALSE
"DPHP_ln_U","Diet",1,582,72,510,-0.332133835022615,"median split used only for secondary RERI/joint-cell summaries","Better diet","Poor diet","Low toxicant + Poor diet",FALSE
"DPHP_ln_U","Diet",10,567,67,500,-0.332133835022615,"median split used only for secondary RERI/joint-cell summaries","Better diet","Poor diet","High toxicant + Better diet",FALSE
"DPHP_ln_U","Diet",11,540,69,471,-0.332133835022615,"median split used only for secondary RERI/joint-cell summaries","Better diet","Poor diet","High toxicant + Poor diet",FALSE
"DPHP_ln_U","PhysicalActivity",0,682,58,624,-0.332133835022615,"median split used only for secondary RERI/joint-cell summaries","Ideal activity","Not ideal activity","Low toxicant + Ideal activity",FALSE
"DPHP_ln_U","PhysicalActivity",1,424,67,357,-0.332133835022615,"median split used only for secondary RERI/joint-cell summaries","Ideal activity","Not ideal activity","Low toxicant + Not ideal activity",FALSE
"DPHP_ln_U","PhysicalActivity",10,639,52,587,-0.332133835022615,"median split used only for secondary RERI/joint-cell summaries","Ideal activity","Not ideal activity","High toxicant + Ideal activity",FALSE
"DPHP_ln_U","PhysicalActivity",11,468,84,384,-0.332133835022615,"median split used only for secondary RERI/joint-cell summaries","Ideal activity","Not ideal activity","High toxicant + Not ideal activity",FALSE
"DPHP_ln_U","Sleep",0,583,49,534,-0.328504066972036,"median split used only for secondary RERI/joint-cell summaries","Ideal sleep","Not ideal sleep","Low toxicant + Ideal sleep",FALSE
"DPHP_ln_U","Sleep",1,518,74,444,-0.328504066972036,"median split used only for secondary RERI/joint-cell summaries","Ideal sleep","Not ideal sleep","Low toxicant + Not ideal sleep",FALSE
"DPHP_ln_U","Sleep",10,620,68,552,-0.328504066972036,"median split used only for secondary RERI/joint-cell summaries","Ideal sleep","Not ideal sleep","High toxicant + Ideal sleep",FALSE
"DPHP_ln_U","Sleep",11,482,67,415,-0.328504066972036,"median split used only for secondary RERI/joint-cell summaries","Ideal sleep","Not ideal sleep","High toxicant + Not ideal sleep",FALSE
"DPHP_ln_U","Smoking",0,548,41,507,-0.332238339150908,"median split used only for secondary RERI/joint-cell summaries","No nicotine exposure","Nicotine exposure","Low toxicant + No nicotine exposure",FALSE
"DPHP_ln_U","Smoking",1,558,84,474,-0.332238339150908,"median split used only for secondary RERI/joint-cell summaries","No nicotine exposure","Nicotine exposure","Low toxicant + Nicotine exposure",FALSE
"DPHP_ln_U","Smoking",10,601,52,549,-0.332238339150908,"median split used only for secondary RERI/joint-cell summaries","No nicotine exposure","Nicotine exposure","High toxicant + No nicotine exposure",FALSE
"DPHP_ln_U","Smoking",11,505,84,421,-0.332238339150908,"median split used only for secondary RERI/joint-cell summaries","No nicotine exposure","Nicotine exposure","High toxicant + Nicotine exposure",FALSE
"EO_ln_S","Diet",0,651,64,587,3.03206420280138,"median split used only for secondary RERI/joint-cell summaries","Better diet","Poor diet","Low toxicant + Better diet",FALSE
"EO_ln_S","Diet",1,548,50,498,3.03206420280138,"median split used only for secondary RERI/joint-cell summaries","Better diet","Poor diet","Low toxicant + Poor diet",FALSE
"EO_ln_S","Diet",10,579,69,510,3.03206420280138,"median split used only for secondary RERI/joint-cell summaries","Better diet","Poor diet","High toxicant + Better diet",FALSE
"EO_ln_S","Diet",11,637,76,561,3.03206420280138,"median split used only for secondary RERI/joint-cell summaries","Better diet","Poor diet","High toxicant + Poor diet",FALSE
"EO_ln_S","PhysicalActivity",0,714,39,675,3.03206420280138,"median split used only for secondary RERI/joint-cell summaries","Ideal activity","Not ideal activity","Low toxicant + Ideal activity",FALSE
"EO_ln_S","PhysicalActivity",1,485,75,410,3.03206420280138,"median split used only for secondary RERI/joint-cell summaries","Ideal activity","Not ideal activity","Low toxicant + Not ideal activity",FALSE
"EO_ln_S","PhysicalActivity",10,726,67,659,3.03206420280138,"median split used only for secondary RERI/joint-cell summaries","Ideal activity","Not ideal activity","High toxicant + Ideal activity",FALSE
"EO_ln_S","PhysicalActivity",11,490,78,412,3.03206420280138,"median split used only for secondary RERI/joint-cell summaries","Ideal activity","Not ideal activity","High toxicant + Not ideal activity",FALSE
"EO_ln_S","Sleep",0,703,60,643,3.03206420280138,"median split used only for secondary RERI/joint-cell summaries","Ideal sleep","Not ideal sleep","Low toxicant + Ideal sleep",FALSE
"EO_ln_S","Sleep",1,495,53,442,3.03206420280138,"median split used only for secondary RERI/joint-cell summaries","Ideal sleep","Not ideal sleep","Low toxicant + Not ideal sleep",FALSE
"EO_ln_S","Sleep",10,614,63,551,3.03206420280138,"median split used only for secondary RERI/joint-cell summaries","Ideal sleep","Not ideal sleep","High toxicant + Ideal sleep",FALSE
"EO_ln_S","Sleep",11,598,81,517,3.03206420280138,"median split used only for secondary RERI/joint-cell summaries","Ideal sleep","Not ideal sleep","High toxicant + Not ideal sleep",FALSE
"EO_ln_S","Smoking",0,837,52,785,3.03206420280138,"median split used only for secondary RERI/joint-cell summaries","No nicotine exposure","Nicotine exposure","Low toxicant + No nicotine exposure",FALSE
"EO_ln_S","Smoking",1,362,62,300,3.03206420280138,"median split used only for secondary RERI/joint-cell summaries","No nicotine exposure","Nicotine exposure","Low toxicant + Nicotine exposure",FALSE
"EO_ln_S","Smoking",10,456,34,422,3.03206420280138,"median split used only for secondary RERI/joint-cell summaries","No nicotine exposure","Nicotine exposure","High toxicant + No nicotine exposure",FALSE
"EO_ln_S","Smoking",11,760,111,649,3.03206420280138,"median split used only for secondary RERI/joint-cell summaries","No nicotine exposure","Nicotine exposure","High toxicant + Nicotine exposure",FALSE
"Ethylbenzene_binary_S","Diet",0,1390,141,1249,,"binary analyte","Better diet","Poor diet","Low toxicant + Better diet",FALSE
"Ethylbenzene_binary_S","Diet",1,1106,107,999,,"binary analyte","Better diet","Poor diet","Low toxicant + Poor diet",FALSE
"Ethylbenzene_binary_S","Diet",10,388,48,340,,"binary analyte","Better diet","Poor diet","High toxicant + Better diet",FALSE
"Ethylbenzene_binary_S","Diet",11,607,70,537,,"binary analyte","Better diet","Poor diet","High toxicant + Poor diet",FALSE
"Ethylbenzene_binary_S","PhysicalActivity",0,1461,94,1367,,"binary analyte","Ideal activity","Not ideal activity","Low toxicant + Ideal activity",FALSE
"Ethylbenzene_binary_S","PhysicalActivity",1,1035,154,881,,"binary analyte","Ideal activity","Not ideal activity","Low toxicant + Not ideal activity",FALSE
"Ethylbenzene_binary_S","PhysicalActivity",10,607,57,550,,"binary analyte","Ideal activity","Not ideal activity","High toxicant + Ideal activity",FALSE
"Ethylbenzene_binary_S","PhysicalActivity",11,388,61,327,,"binary analyte","Ideal activity","Not ideal activity","High toxicant + Not ideal activity",FALSE
"Ethylbenzene_binary_S","Sleep",0,1413,124,1289,,"binary analyte","Ideal sleep","Not ideal sleep","Low toxicant + Ideal sleep",FALSE
"Ethylbenzene_binary_S","Sleep",1,1080,123,957,,"binary analyte","Ideal sleep","Not ideal sleep","Low toxicant + Not ideal sleep",FALSE
"Ethylbenzene_binary_S","Sleep",10,503,53,450,,"binary analyte","Ideal sleep","Not ideal sleep","High toxicant + Ideal sleep",FALSE
"Ethylbenzene_binary_S","Sleep",11,489,65,424,,"binary analyte","Ideal sleep","Not ideal sleep","High toxicant + Not ideal sleep",FALSE
"Ethylbenzene_binary_S","Smoking",0,1660,117,1543,,"binary analyte","No nicotine exposure","Nicotine exposure","Low toxicant + No nicotine exposure",FALSE
"Ethylbenzene_binary_S","Smoking",1,836,131,705,,"binary analyte","No nicotine exposure","Nicotine exposure","Low toxicant + Nicotine exposure",FALSE
"Ethylbenzene_binary_S","Smoking",10,238,16,222,,"binary analyte","No nicotine exposure","Nicotine exposure","High toxicant + No nicotine exposure",FALSE
"Ethylbenzene_binary_S","Smoking",11,757,102,655,,"binary analyte","No nicotine exposure","Nicotine exposure","High toxicant + Nicotine exposure",FALSE
"EtP_binary_U","Diet",0,574,69,505,,"binary analyte","Better diet","Poor diet","Low toxicant + Better diet",FALSE
"EtP_binary_U","Diet",1,649,90,559,,"binary analyte","Better diet","Poor diet","Low toxicant + Poor diet",FALSE
"EtP_binary_U","Diet",10,655,52,603,,"binary analyte","Better diet","Poor diet","High toxicant + Better diet",FALSE
"EtP_binary_U","Diet",11,550,52,498,,"binary analyte","Better diet","Poor diet","High toxicant + Poor diet",FALSE
"EtP_binary_U","PhysicalActivity",0,699,72,627,,"binary analyte","Ideal activity","Not ideal activity","Low toxicant + Ideal activity",FALSE
"EtP_binary_U","PhysicalActivity",1,524,87,437,,"binary analyte","Ideal activity","Not ideal activity","Low toxicant + Not ideal activity",FALSE
"EtP_binary_U","PhysicalActivity",10,730,54,676,,"binary analyte","Ideal activity","Not ideal activity","High toxicant + Ideal activity",FALSE
"EtP_binary_U","PhysicalActivity",11,475,50,425,,"binary analyte","Ideal activity","Not ideal activity","High toxicant + Not ideal activity",FALSE
"EtP_binary_U","Sleep",0,668,82,586,,"binary analyte","Ideal sleep","Not ideal sleep","Low toxicant + Ideal sleep",FALSE
"EtP_binary_U","Sleep",1,551,75,476,,"binary analyte","Ideal sleep","Not ideal sleep","Low toxicant + Not ideal sleep",FALSE
"EtP_binary_U","Sleep",10,654,44,610,,"binary analyte","Ideal sleep","Not ideal sleep","High toxicant + Ideal sleep",FALSE
"EtP_binary_U","Sleep",11,545,59,486,,"binary analyte","Ideal sleep","Not ideal sleep","High toxicant + Not ideal sleep",FALSE
"EtP_binary_U","Smoking",0,660,63,597,,"binary analyte","No nicotine exposure","Nicotine exposure","Low toxicant + No nicotine exposure",FALSE
"EtP_binary_U","Smoking",1,563,96,467,,"binary analyte","No nicotine exposure","Nicotine exposure","Low toxicant + Nicotine exposure",FALSE
"EtP_binary_U","Smoking",10,662,37,625,,"binary analyte","No nicotine exposure","Nicotine exposure","High toxicant + No nicotine exposure",FALSE
"EtP_binary_U","Smoking",11,540,67,473,,"binary analyte","No nicotine exposure","Nicotine exposure","High toxicant + Nicotine exposure",FALSE
"FA_ln_S","Diet",0,538,62,476,4.88280192258637,"median split used only for secondary RERI/joint-cell summaries","Better diet","Poor diet","Low toxicant + Better diet",FALSE
"FA_ln_S","Diet",1,549,64,485,4.88280192258637,"median split used only for secondary RERI/joint-cell summaries","Better diet","Poor diet","Low toxicant + Poor diet",FALSE
"FA_ln_S","Diet",10,601,61,540,4.88280192258637,"median split used only for secondary RERI/joint-cell summaries","Better diet","Poor diet","High toxicant + Better diet",FALSE
"FA_ln_S","Diet",11,530,55,475,4.88280192258637,"median split used only for secondary RERI/joint-cell summaries","Better diet","Poor diet","High toxicant + Poor diet",FALSE
"FA_ln_S","PhysicalActivity",0,656,50,606,4.88280192258637,"median split used only for secondary RERI/joint-cell summaries","Ideal activity","Not ideal activity","Low toxicant + Ideal activity",FALSE
"FA_ln_S","PhysicalActivity",1,431,76,355,4.88280192258637,"median split used only for secondary RERI/joint-cell summaries","Ideal activity","Not ideal activity","Low toxicant + Not ideal activity",FALSE
"FA_ln_S","PhysicalActivity",10,662,45,617,4.88280192258637,"median split used only for secondary RERI/joint-cell summaries","Ideal activity","Not ideal activity","High toxicant + Ideal activity",FALSE
"FA_ln_S","PhysicalActivity",11,469,71,398,4.88280192258637,"median split used only for secondary RERI/joint-cell summaries","Ideal activity","Not ideal activity","High toxicant + Not ideal activity",FALSE
"FA_ln_S","Sleep",0,601,63,538,4.88280192258637,"median split used only for secondary RERI/joint-cell summaries","Ideal sleep","Not ideal sleep","Low toxicant + Ideal sleep",FALSE
"FA_ln_S","Sleep",1,484,63,421,4.88280192258637,"median split used only for secondary RERI/joint-cell summaries","Ideal sleep","Not ideal sleep","Low toxicant + Not ideal sleep",FALSE
"FA_ln_S","Sleep",10,604,51,553,4.88280192258637,"median split used only for secondary RERI/joint-cell summaries","Ideal sleep","Not ideal sleep","High toxicant + Ideal sleep",FALSE
"FA_ln_S","Sleep",11,524,63,461,4.88280192258637,"median split used only for secondary RERI/joint-cell summaries","Ideal sleep","Not ideal sleep","High toxicant + Not ideal sleep",FALSE
"FA_ln_S","Smoking",0,569,39,530,4.88280192258637,"median split used only for secondary RERI/joint-cell summaries","No nicotine exposure","Nicotine exposure","Low toxicant + No nicotine exposure",FALSE
"FA_ln_S","Smoking",1,518,87,431,4.88280192258637,"median split used only for secondary RERI/joint-cell summaries","No nicotine exposure","Nicotine exposure","Low toxicant + Nicotine exposure",FALSE
"FA_ln_S","Smoking",10,629,41,588,4.88280192258637,"median split used only for secondary RERI/joint-cell summaries","No nicotine exposure","Nicotine exposure","High toxicant + No nicotine exposure",FALSE
"FA_ln_S","Smoking",11,502,75,427,4.88280192258637,"median split used only for secondary RERI/joint-cell summaries","No nicotine exposure","Nicotine exposure","High toxicant + Nicotine exposure",FALSE
"Furan_binary_S","Diet",0,1666,171,1495,,"binary analyte","Better diet","Poor diet","Low toxicant + Better diet",FALSE
"Furan_binary_S","Diet",1,1372,133,1239,,"binary analyte","Better diet","Poor diet","Low toxicant + Poor diet",FALSE
"Furan_binary_S","Diet",10,166,24,142,,"binary analyte","Better diet","Poor diet","High toxicant + Better diet",FALSE
"Furan_binary_S","Diet",11,382,47,335,,"binary analyte","Better diet","Poor diet","High toxicant + Poor diet",FALSE
"Furan_binary_S","PhysicalActivity",0,1771,117,1654,,"binary analyte","Ideal activity","Not ideal activity","Low toxicant + Ideal activity",FALSE
"Furan_binary_S","PhysicalActivity",1,1267,187,1080,,"binary analyte","Ideal activity","Not ideal activity","Low toxicant + Not ideal activity",FALSE
"Furan_binary_S","PhysicalActivity",10,347,36,311,,"binary analyte","Ideal activity","Not ideal activity","High toxicant + Ideal activity",FALSE
"Furan_binary_S","PhysicalActivity",11,201,35,166,,"binary analyte","Ideal activity","Not ideal activity","High toxicant + Not ideal activity",FALSE
"Furan_binary_S","Sleep",0,1716,147,1569,,"binary analyte","Ideal sleep","Not ideal sleep","Low toxicant + Ideal sleep",FALSE
"Furan_binary_S","Sleep",1,1317,156,1161,,"binary analyte","Ideal sleep","Not ideal sleep","Low toxicant + Not ideal sleep",FALSE
"Furan_binary_S","Sleep",10,257,34,223,,"binary analyte","Ideal sleep","Not ideal sleep","High toxicant + Ideal sleep",FALSE
"Furan_binary_S","Sleep",11,290,37,253,,"binary analyte","Ideal sleep","Not ideal sleep","High toxicant + Not ideal sleep",FALSE
"Furan_binary_S","Smoking",0,1931,138,1793,,"binary analyte","No nicotine exposure","Nicotine exposure","Low toxicant + No nicotine exposure",FALSE
"Furan_binary_S","Smoking",1,1107,166,941,,"binary analyte","No nicotine exposure","Nicotine exposure","Low toxicant + Nicotine exposure",FALSE
"Furan_binary_S","Smoking",10,20,0,20,,"binary analyte","No nicotine exposure","Nicotine exposure","High toxicant + No nicotine exposure",TRUE
"Furan_binary_S","Smoking",11,528,71,457,,"binary analyte","No nicotine exposure","Nicotine exposure","High toxicant + Nicotine exposure",FALSE
"GAM_Cys_binary_U","Diet",0,807,80,727,,"binary analyte","Better diet","Poor diet","Low toxicant + Better diet",FALSE
"GAM_Cys_binary_U","Diet",1,657,59,598,,"binary analyte","Better diet","Poor diet","Low toxicant + Poor diet",FALSE
"GAM_Cys_binary_U","Diet",10,459,52,407,,"binary analyte","Better diet","Poor diet","High toxicant + Better diet",FALSE
"GAM_Cys_binary_U","Diet",11,563,68,495,,"binary analyte","Better diet","Poor diet","High toxicant + Poor diet",FALSE
"GAM_Cys_binary_U","PhysicalActivity",0,865,57,808,,"binary analyte","Ideal activity","Not ideal activity","Low toxicant + Ideal activity",FALSE
"GAM_Cys_binary_U","PhysicalActivity",1,599,82,517,,"binary analyte","Ideal activity","Not ideal activity","Low toxicant + Not ideal activity",FALSE
"GAM_Cys_binary_U","PhysicalActivity",10,617,50,567,,"binary analyte","Ideal activity","Not ideal activity","High toxicant + Ideal activity",FALSE
"GAM_Cys_binary_U","PhysicalActivity",11,405,70,335,,"binary analyte","Ideal activity","Not ideal activity","High toxicant + Not ideal activity",FALSE
"GAM_Cys_binary_U","Sleep",0,843,76,767,,"binary analyte","Ideal sleep","Not ideal sleep","Low toxicant + Ideal sleep",FALSE
"GAM_Cys_binary_U","Sleep",1,620,62,558,,"binary analyte","Ideal sleep","Not ideal sleep","Low toxicant + Not ideal sleep",FALSE
"GAM_Cys_binary_U","Sleep",10,518,48,470,,"binary analyte","Ideal sleep","Not ideal sleep","High toxicant + Ideal sleep",FALSE
"GAM_Cys_binary_U","Sleep",11,500,71,429,,"binary analyte","Ideal sleep","Not ideal sleep","High toxicant + Not ideal sleep",FALSE
"GAM_Cys_binary_U","Smoking",0,894,50,844,,"binary analyte","No nicotine exposure","Nicotine exposure","Low toxicant + No nicotine exposure",FALSE
"GAM_Cys_binary_U","Smoking",1,570,89,481,,"binary analyte","No nicotine exposure","Nicotine exposure","Low toxicant + Nicotine exposure",FALSE
"GAM_Cys_binary_U","Smoking",10,444,35,409,,"binary analyte","No nicotine exposure","Nicotine exposure","High toxicant + No nicotine exposure",FALSE
"GAM_Cys_binary_U","Smoking",11,578,85,493,,"binary analyte","No nicotine exposure","Nicotine exposure","High toxicant + Nicotine exposure",FALSE
"GLYP_ln_U","Diet",0,507,39,468,-0.973188898477762,"median split used only for secondary RERI/joint-cell summaries","Better diet","Poor diet","Low toxicant + Better diet",FALSE
"GLYP_ln_U","Diet",1,597,57,540,-0.973188898477762,"median split used only for secondary RERI/joint-cell summaries","Better diet","Poor diet","Low toxicant + Poor diet",FALSE
"GLYP_ln_U","Diet",10,583,81,502,-0.973188898477762,"median split used only for secondary RERI/joint-cell summaries","Better diet","Poor diet","High toxicant + Better diet",FALSE
"GLYP_ln_U","Diet",11,522,83,439,-0.973188898477762,"median split used only for secondary RERI/joint-cell summaries","Better diet","Poor diet","High toxicant + Poor diet",FALSE
"GLYP_ln_U","PhysicalActivity",0,688,36,652,-0.973188898477762,"median split used only for secondary RERI/joint-cell summaries","Ideal activity","Not ideal activity","Low toxicant + Ideal activity",FALSE
"GLYP_ln_U","PhysicalActivity",1,416,60,356,-0.973188898477762,"median split used only for secondary RERI/joint-cell summaries","Ideal activity","Not ideal activity","Low toxicant + Not ideal activity",FALSE
"GLYP_ln_U","PhysicalActivity",10,630,73,557,-0.973188898477762,"median split used only for secondary RERI/joint-cell summaries","Ideal activity","Not ideal activity","High toxicant + Ideal activity",FALSE
"GLYP_ln_U","PhysicalActivity",11,475,91,384,-0.973188898477762,"median split used only for secondary RERI/joint-cell summaries","Ideal activity","Not ideal activity","High toxicant + Not ideal activity",FALSE
"GLYP_ln_U","Sleep",0,602,43,559,-0.970093437867131,"median split used only for secondary RERI/joint-cell summaries","Ideal sleep","Not ideal sleep","Low toxicant + Ideal sleep",FALSE
"GLYP_ln_U","Sleep",1,497,51,446,-0.970093437867131,"median split used only for secondary RERI/joint-cell summaries","Ideal sleep","Not ideal sleep","Low toxicant + Not ideal sleep",FALSE
"GLYP_ln_U","Sleep",10,601,73,528,-0.970093437867131,"median split used only for secondary RERI/joint-cell summaries","Ideal sleep","Not ideal sleep","High toxicant + Ideal sleep",FALSE
"GLYP_ln_U","Sleep",11,499,90,409,-0.970093437867131,"median split used only for secondary RERI/joint-cell summaries","Ideal sleep","Not ideal sleep","High toxicant + Not ideal sleep",FALSE
"GLYP_ln_U","Smoking",0,575,30,545,-0.973512557999259,"median split used only for secondary RERI/joint-cell summaries","No nicotine exposure","Nicotine exposure","Low toxicant + No nicotine exposure",FALSE
"GLYP_ln_U","Smoking",1,529,66,463,-0.973512557999259,"median split used only for secondary RERI/joint-cell summaries","No nicotine exposure","Nicotine exposure","Low toxicant + Nicotine exposure",FALSE
"GLYP_ln_U","Smoking",10,571,63,508,-0.973512557999259,"median split used only for secondary RERI/joint-cell summaries","No nicotine exposure","Nicotine exposure","High toxicant + No nicotine exposure",FALSE
"GLYP_ln_U","Smoking",11,533,101,432,-0.973512557999259,"median split used only for secondary RERI/joint-cell summaries","No nicotine exposure","Nicotine exposure","High toxicant + Nicotine exposure",FALSE
"Harman_ln_U","Diet",0,319,21,298,2.60828158320791,"median split used only for secondary RERI/joint-cell summaries","Better diet","Poor diet","Low toxicant + Better diet",FALSE
"Harman_ln_U","Diet",1,321,21,300,2.60828158320791,"median split used only for secondary RERI/joint-cell summaries","Better diet","Poor diet","Low toxicant + Poor diet",FALSE
"Harman_ln_U","Diet",10,351,42,309,2.60828158320791,"median split used only for secondary RERI/joint-cell summaries","Better diet","Poor diet","High toxicant + Better diet",FALSE
"Harman_ln_U","Diet",11,289,35,254,2.60828158320791,"median split used only for secondary RERI/joint-cell summaries","Better diet","Poor diet","High toxicant + Poor diet",FALSE
"Harman_ln_U","PhysicalActivity",0,408,18,390,2.60828158320791,"median split used only for secondary RERI/joint-cell summaries","Ideal activity","Not ideal activity","Low toxicant + Ideal activity",FALSE
"Harman_ln_U","PhysicalActivity",1,232,24,208,2.60828158320791,"median split used only for secondary RERI/joint-cell summaries","Ideal activity","Not ideal activity","Low toxicant + Not ideal activity",FALSE
"Harman_ln_U","PhysicalActivity",10,389,34,355,2.60828158320791,"median split used only for secondary RERI/joint-cell summaries","Ideal activity","Not ideal activity","High toxicant + Ideal activity",FALSE
"Harman_ln_U","PhysicalActivity",11,251,43,208,2.60828158320791,"median split used only for secondary RERI/joint-cell summaries","Ideal activity","Not ideal activity","High toxicant + Not ideal activity",FALSE
"Harman_ln_U","Sleep",0,342,22,320,2.60828158320791,"median split used only for secondary RERI/joint-cell summaries","Ideal sleep","Not ideal sleep","Low toxicant + Ideal sleep",FALSE
"Harman_ln_U","Sleep",1,298,20,278,2.60828158320791,"median split used only for secondary RERI/joint-cell summaries","Ideal sleep","Not ideal sleep","Low toxicant + Not ideal sleep",FALSE
"Harman_ln_U","Sleep",10,360,37,323,2.60828158320791,"median split used only for secondary RERI/joint-cell summaries","Ideal sleep","Not ideal sleep","High toxicant + Ideal sleep",FALSE
"Harman_ln_U","Sleep",11,280,40,240,2.60828158320791,"median split used only for secondary RERI/joint-cell summaries","Ideal sleep","Not ideal sleep","High toxicant + Not ideal sleep",FALSE
"Harman_ln_U","Smoking",0,389,15,374,2.60828158320791,"median split used only for secondary RERI/joint-cell summaries","No nicotine exposure","Nicotine exposure","Low toxicant + No nicotine exposure",FALSE
"Harman_ln_U","Smoking",1,251,27,224,2.60828158320791,"median split used only for secondary RERI/joint-cell summaries","No nicotine exposure","Nicotine exposure","Low toxicant + Nicotine exposure",FALSE
"Harman_ln_U","Smoking",10,299,18,281,2.60828158320791,"median split used only for secondary RERI/joint-cell summaries","No nicotine exposure","Nicotine exposure","High toxicant + No nicotine exposure",FALSE
"Harman_ln_U","Smoking",11,341,59,282,2.60828158320791,"median split used only for secondary RERI/joint-cell summaries","No nicotine exposure","Nicotine exposure","High toxicant + Nicotine exposure",FALSE
"HEMA_binary_U","Diet",0,775,87,688,,"binary analyte","Better diet","Poor diet","Low toxicant + Better diet",FALSE
"HEMA_binary_U","Diet",1,584,66,518,,"binary analyte","Better diet","Poor diet","Low toxicant + Poor diet",FALSE
"HEMA_binary_U","Diet",10,481,43,438,,"binary analyte","Better diet","Poor diet","High toxicant + Better diet",FALSE
"HEMA_binary_U","Diet",11,628,61,567,,"binary analyte","Better diet","Poor diet","High toxicant + Poor diet",FALSE
"HEMA_binary_U","PhysicalActivity",0,796,59,737,,"binary analyte","Ideal activity","Not ideal activity","Low toxicant + Ideal activity",FALSE
"HEMA_binary_U","PhysicalActivity",1,563,94,469,,"binary analyte","Ideal activity","Not ideal activity","Low toxicant + Not ideal activity",FALSE
"HEMA_binary_U","PhysicalActivity",10,674,47,627,,"binary analyte","Ideal activity","Not ideal activity","High toxicant + Ideal activity",FALSE
"HEMA_binary_U","PhysicalActivity",11,435,57,378,,"binary analyte","Ideal activity","Not ideal activity","High toxicant + Not ideal activity",FALSE
"HEMA_binary_U","Sleep",0,779,78,701,,"binary analyte","Ideal sleep","Not ideal sleep","Low toxicant + Ideal sleep",FALSE
"HEMA_binary_U","Sleep",1,577,73,504,,"binary analyte","Ideal sleep","Not ideal sleep","Low toxicant + Not ideal sleep",FALSE
"HEMA_binary_U","Sleep",10,569,44,525,,"binary analyte","Ideal sleep","Not ideal sleep","High toxicant + Ideal sleep",FALSE
"HEMA_binary_U","Sleep",11,538,60,478,,"binary analyte","Ideal sleep","Not ideal sleep","High toxicant + Not ideal sleep",FALSE
"HEMA_binary_U","Smoking",0,844,59,785,,"binary analyte","No nicotine exposure","Nicotine exposure","Low toxicant + No nicotine exposure",FALSE
"HEMA_binary_U","Smoking",1,515,94,421,,"binary analyte","No nicotine exposure","Nicotine exposure","Low toxicant + Nicotine exposure",FALSE
"HEMA_binary_U","Smoking",10,485,25,460,,"binary analyte","No nicotine exposure","Nicotine exposure","High toxicant + No nicotine exposure",FALSE
"HEMA_binary_U","Smoking",11,624,79,545,,"binary analyte","No nicotine exposure","Nicotine exposure","High toxicant + Nicotine exposure",FALSE
"Hg_binary_U","Diet",0,416,50,366,,"binary analyte","Better diet","Poor diet","Low toxicant + Better diet",FALSE
"Hg_binary_U","Diet",1,506,51,455,,"binary analyte","Better diet","Poor diet","Low toxicant + Poor diet",FALSE
"Hg_binary_U","Diet",10,861,84,777,,"binary analyte","Better diet","Poor diet","High toxicant + Better diet",FALSE
"Hg_binary_U","Diet",11,727,79,648,,"binary analyte","Better diet","Poor diet","High toxicant + Poor diet",FALSE
"Hg_binary_U","PhysicalActivity",0,535,44,491,,"binary analyte","Ideal activity","Not ideal activity","Low toxicant + Ideal activity",FALSE
"Hg_binary_U","PhysicalActivity",1,387,57,330,,"binary analyte","Ideal activity","Not ideal activity","Low toxicant + Not ideal activity",FALSE
"Hg_binary_U","PhysicalActivity",10,956,64,892,,"binary analyte","Ideal activity","Not ideal activity","High toxicant + Ideal activity",FALSE
"Hg_binary_U","PhysicalActivity",11,632,99,533,,"binary analyte","Ideal activity","Not ideal activity","High toxicant + Not ideal activity",FALSE
"Hg_binary_U","Sleep",0,510,45,465,,"binary analyte","Ideal sleep","Not ideal sleep","Low toxicant + Ideal sleep",FALSE
"Hg_binary_U","Sleep",1,409,54,355,,"binary analyte","Ideal sleep","Not ideal sleep","Low toxicant + Not ideal sleep",FALSE
"Hg_binary_U","Sleep",10,863,80,783,,"binary analyte","Ideal sleep","Not ideal sleep","High toxicant + Ideal sleep",FALSE
"Hg_binary_U","Sleep",11,723,83,640,,"binary analyte","Ideal sleep","Not ideal sleep","High toxicant + Not ideal sleep",FALSE
"Hg_binary_U","Smoking",0,475,29,446,,"binary analyte","No nicotine exposure","Nicotine exposure","Low toxicant + No nicotine exposure",FALSE
"Hg_binary_U","Smoking",1,447,72,375,,"binary analyte","No nicotine exposure","Nicotine exposure","Low toxicant + Nicotine exposure",FALSE
"Hg_binary_U","Smoking",10,874,60,814,,"binary analyte","No nicotine exposure","Nicotine exposure","High toxicant + No nicotine exposure",FALSE
"Hg_binary_U","Smoking",11,714,103,611,,"binary analyte","No nicotine exposure","Nicotine exposure","High toxicant + Nicotine exposure",FALSE
"HIBP_ln_U","Diet",0,604,62,542,0.940781751882451,"median split used only for secondary RERI/joint-cell summaries","Better diet","Poor diet","Low toxicant + Better diet",FALSE
"HIBP_ln_U","Diet",1,557,72,485,0.940781751882451,"median split used only for secondary RERI/joint-cell summaries","Better diet","Poor diet","Low toxicant + Poor diet",FALSE
"HIBP_ln_U","Diet",10,569,56,513,0.940781751882451,"median split used only for secondary RERI/joint-cell summaries","Better diet","Poor diet","High toxicant + Better diet",FALSE
"HIBP_ln_U","Diet",11,593,66,527,0.940781751882451,"median split used only for secondary RERI/joint-cell summaries","Better diet","Poor diet","High toxicant + Poor diet",FALSE
"HIBP_ln_U","PhysicalActivity",0,677,63,614,0.940781751882451,"median split used only for secondary RERI/joint-cell summaries","Ideal activity","Not ideal activity","Low toxicant + Ideal activity",FALSE
"HIBP_ln_U","PhysicalActivity",1,484,71,413,0.940781751882451,"median split used only for secondary RERI/joint-cell summaries","Ideal activity","Not ideal activity","Low toxicant + Not ideal activity",FALSE
"HIBP_ln_U","PhysicalActivity",10,680,59,621,0.940781751882451,"median split used only for secondary RERI/joint-cell summaries","Ideal activity","Not ideal activity","High toxicant + Ideal activity",FALSE
"HIBP_ln_U","PhysicalActivity",11,482,63,419,0.940781751882451,"median split used only for secondary RERI/joint-cell summaries","Ideal activity","Not ideal activity","High toxicant + Not ideal activity",FALSE
"HIBP_ln_U","Sleep",0,648,74,574,0.940781751882451,"median split used only for secondary RERI/joint-cell summaries","Ideal sleep","Not ideal sleep","Low toxicant + Ideal sleep",FALSE
"HIBP_ln_U","Sleep",1,508,59,449,0.940781751882451,"median split used only for secondary RERI/joint-cell summaries","Ideal sleep","Not ideal sleep","Low toxicant + Not ideal sleep",FALSE
"HIBP_ln_U","Sleep",10,624,49,575,0.940781751882451,"median split used only for secondary RERI/joint-cell summaries","Ideal sleep","Not ideal sleep","High toxicant + Ideal sleep",FALSE
"HIBP_ln_U","Sleep",11,533,71,462,0.940781751882451,"median split used only for secondary RERI/joint-cell summaries","Ideal sleep","Not ideal sleep","High toxicant + Not ideal sleep",FALSE
"HIBP_ln_U","Smoking",0,605,41,564,0.940585017667833,"median split used only for secondary RERI/joint-cell summaries","No nicotine exposure","Nicotine exposure","Low toxicant + No nicotine exposure",FALSE
"HIBP_ln_U","Smoking",1,555,93,462,0.940585017667833,"median split used only for secondary RERI/joint-cell summaries","No nicotine exposure","Nicotine exposure","Low toxicant + Nicotine exposure",FALSE
"HIBP_ln_U","Smoking",10,653,56,597,0.940585017667833,"median split used only for secondary RERI/joint-cell summaries","No nicotine exposure","Nicotine exposure","High toxicant + No nicotine exposure",FALSE
"HIBP_ln_U","Smoking",11,507,66,441,0.940585017667833,"median split used only for secondary RERI/joint-cell summaries","No nicotine exposure","Nicotine exposure","High toxicant + Nicotine exposure",FALSE
"IHg_binary_S","Diet",0,1385,154,1231,,"binary analyte","Better diet","Poor diet","Low toxicant + Better diet",FALSE
"IHg_binary_S","Diet",1,1455,158,1297,,"binary analyte","Better diet","Poor diet","Low toxicant + Poor diet",FALSE
"IHg_binary_S","Diet",10,498,48,450,,"binary analyte","Better diet","Poor diet","High toxicant + Better diet",FALSE
"IHg_binary_S","Diet",11,350,34,316,,"binary analyte","Better diet","Poor diet","High toxicant + Poor diet",FALSE
"IHg_binary_S","PhysicalActivity",0,1684,125,1559,,"binary analyte","Ideal activity","Not ideal activity","Low toxicant + Ideal activity",FALSE
"IHg_binary_S","PhysicalActivity",1,1156,187,969,,"binary analyte","Ideal activity","Not ideal activity","Low toxicant + Not ideal activity",FALSE
"IHg_binary_S","PhysicalActivity",10,495,37,458,,"binary analyte","Ideal activity","Not ideal activity","High toxicant + Ideal activity",FALSE
"IHg_binary_S","PhysicalActivity",11,353,45,308,,"binary analyte","Ideal activity","Not ideal activity","High toxicant + Not ideal activity",FALSE
"IHg_binary_S","Sleep",0,1564,144,1420,,"binary analyte","Ideal sleep","Not ideal sleep","Low toxicant + Ideal sleep",FALSE
"IHg_binary_S","Sleep",1,1270,166,1104,,"binary analyte","Ideal sleep","Not ideal sleep","Low toxicant + Not ideal sleep",FALSE
"IHg_binary_S","Sleep",10,458,43,415,,"binary analyte","Ideal sleep","Not ideal sleep","High toxicant + Ideal sleep",FALSE
"IHg_binary_S","Sleep",11,389,39,350,,"binary analyte","Ideal sleep","Not ideal sleep","High toxicant + Not ideal sleep",FALSE
"IHg_binary_S","Smoking",0,1499,100,1399,,"binary analyte","No nicotine exposure","Nicotine exposure","Low toxicant + No nicotine exposure",FALSE
"IHg_binary_S","Smoking",1,1341,212,1129,,"binary analyte","No nicotine exposure","Nicotine exposure","Low toxicant + Nicotine exposure",FALSE
"IHg_binary_S","Smoking",10,503,40,463,,"binary analyte","No nicotine exposure","Nicotine exposure","High toxicant + No nicotine exposure",FALSE
"IHg_binary_S","Smoking",11,345,42,303,,"binary analyte","No nicotine exposure","Nicotine exposure","High toxicant + Nicotine exposure",FALSE
"IPM1_Cys_ln_U","Diet",0,336,28,308,1.27904883076629,"median split used only for secondary RERI/joint-cell summaries","Better diet","Poor diet","Low toxicant + Better diet",FALSE
"IPM1_Cys_ln_U","Diet",1,256,24,232,1.27904883076629,"median split used only for secondary RERI/joint-cell summaries","Better diet","Poor diet","Low toxicant + Poor diet",FALSE
"IPM1_Cys_ln_U","Diet",10,249,41,208,1.27904883076629,"median split used only for secondary RERI/joint-cell summaries","Better diet","Poor diet","High toxicant + Better diet",FALSE
"IPM1_Cys_ln_U","Diet",11,344,44,300,1.27904883076629,"median split used only for secondary RERI/joint-cell summaries","Better diet","Poor diet","High toxicant + Poor diet",FALSE
"IPM1_Cys_ln_U","PhysicalActivity",0,341,17,324,1.27904883076629,"median split used only for secondary RERI/joint-cell summaries","Ideal activity","Not ideal activity","Low toxicant + Ideal activity",FALSE
"IPM1_Cys_ln_U","PhysicalActivity",1,251,35,216,1.27904883076629,"median split used only for secondary RERI/joint-cell summaries","Ideal activity","Not ideal activity","Low toxicant + Not ideal activity",FALSE
"IPM1_Cys_ln_U","PhysicalActivity",10,336,38,298,1.27904883076629,"median split used only for secondary RERI/joint-cell summaries","Ideal activity","Not ideal activity","High toxicant + Ideal activity",FALSE
"IPM1_Cys_ln_U","PhysicalActivity",11,257,47,210,1.27904883076629,"median split used only for secondary RERI/joint-cell summaries","Ideal activity","Not ideal activity","High toxicant + Not ideal activity",FALSE
"IPM1_Cys_ln_U","Sleep",0,341,29,312,1.27911495448379,"median split used only for secondary RERI/joint-cell summaries","Ideal sleep","Not ideal sleep","Low toxicant + Ideal sleep",FALSE
"IPM1_Cys_ln_U","Sleep",1,249,22,227,1.27911495448379,"median split used only for secondary RERI/joint-cell summaries","Ideal sleep","Not ideal sleep","Low toxicant + Not ideal sleep",FALSE
"IPM1_Cys_ln_U","Sleep",10,312,35,277,1.27911495448379,"median split used only for secondary RERI/joint-cell summaries","Ideal sleep","Not ideal sleep","High toxicant + Ideal sleep",FALSE
"IPM1_Cys_ln_U","Sleep",11,279,50,229,1.27911495448379,"median split used only for secondary RERI/joint-cell summaries","Ideal sleep","Not ideal sleep","High toxicant + Not ideal sleep",FALSE
"IPM1_Cys_ln_U","Smoking",0,396,25,371,1.27904883076629,"median split used only for secondary RERI/joint-cell summaries","No nicotine exposure","Nicotine exposure","Low toxicant + No nicotine exposure",FALSE
"IPM1_Cys_ln_U","Smoking",1,196,27,169,1.27904883076629,"median split used only for secondary RERI/joint-cell summaries","No nicotine exposure","Nicotine exposure","Low toxicant + Nicotine exposure",FALSE
"IPM1_Cys_ln_U","Smoking",10,248,26,222,1.27904883076629,"median split used only for secondary RERI/joint-cell summaries","No nicotine exposure","Nicotine exposure","High toxicant + No nicotine exposure",FALSE
"IPM1_Cys_ln_U","Smoking",11,345,59,286,1.27904883076629,"median split used only for secondary RERI/joint-cell summaries","No nicotine exposure","Nicotine exposure","High toxicant + Nicotine exposure",FALSE
"IPM3_Cys_ln_U","Diet",0,317,30,287,1.25586374617362,"median split used only for secondary RERI/joint-cell summaries","Better diet","Poor diet","Low toxicant + Better diet",FALSE
"IPM3_Cys_ln_U","Diet",1,275,15,260,1.25586374617362,"median split used only for secondary RERI/joint-cell summaries","Better diet","Poor diet","Low toxicant + Poor diet",FALSE
"IPM3_Cys_ln_U","Diet",10,268,39,229,1.25586374617362,"median split used only for secondary RERI/joint-cell summaries","Better diet","Poor diet","High toxicant + Better diet",FALSE
"IPM3_Cys_ln_U","Diet",11,325,53,272,1.25586374617362,"median split used only for secondary RERI/joint-cell summaries","Better diet","Poor diet","High toxicant + Poor diet",FALSE
"IPM3_Cys_ln_U","PhysicalActivity",0,347,16,331,1.25586374617362,"median split used only for secondary RERI/joint-cell summaries","Ideal activity","Not ideal activity","Low toxicant + Ideal activity",FALSE
"IPM3_Cys_ln_U","PhysicalActivity",1,245,29,216,1.25586374617362,"median split used only for secondary RERI/joint-cell summaries","Ideal activity","Not ideal activity","Low toxicant + Not ideal activity",FALSE
"IPM3_Cys_ln_U","PhysicalActivity",10,330,39,291,1.25586374617362,"median split used only for secondary RERI/joint-cell summaries","Ideal activity","Not ideal activity","High toxicant + Ideal activity",FALSE
"IPM3_Cys_ln_U","PhysicalActivity",11,263,53,210,1.25586374617362,"median split used only for secondary RERI/joint-cell summaries","Ideal activity","Not ideal activity","High toxicant + Not ideal activity",FALSE
"IPM3_Cys_ln_U","Sleep",0,337,24,313,1.25586374617362,"median split used only for secondary RERI/joint-cell summaries","Ideal sleep","Not ideal sleep","Low toxicant + Ideal sleep",FALSE
"IPM3_Cys_ln_U","Sleep",1,253,21,232,1.25586374617362,"median split used only for secondary RERI/joint-cell summaries","Ideal sleep","Not ideal sleep","Low toxicant + Not ideal sleep",FALSE
"IPM3_Cys_ln_U","Sleep",10,316,40,276,1.25586374617362,"median split used only for secondary RERI/joint-cell summaries","Ideal sleep","Not ideal sleep","High toxicant + Ideal sleep",FALSE
"IPM3_Cys_ln_U","Sleep",11,275,51,224,1.25586374617362,"median split used only for secondary RERI/joint-cell summaries","Ideal sleep","Not ideal sleep","High toxicant + Not ideal sleep",FALSE
"IPM3_Cys_ln_U","Smoking",0,399,24,375,1.25586374617362,"median split used only for secondary RERI/joint-cell summaries","No nicotine exposure","Nicotine exposure","Low toxicant + No nicotine exposure",FALSE
"IPM3_Cys_ln_U","Smoking",1,193,21,172,1.25586374617362,"median split used only for secondary RERI/joint-cell summaries","No nicotine exposure","Nicotine exposure","Low toxicant + Nicotine exposure",FALSE
"IPM3_Cys_ln_U","Smoking",10,245,27,218,1.25586374617362,"median split used only for secondary RERI/joint-cell summaries","No nicotine exposure","Nicotine exposure","High toxicant + No nicotine exposure",FALSE
"IPM3_Cys_ln_U","Smoking",11,348,65,283,1.25586374617362,"median split used only for secondary RERI/joint-cell summaries","No nicotine exposure","Nicotine exposure","High toxicant + Nicotine exposure",FALSE
"IPPPP_binary_U","Diet",0,402,42,360,,"binary analyte","Better diet","Poor diet","Low toxicant + Better diet",FALSE
"IPPPP_binary_U","Diet",1,427,62,365,,"binary analyte","Better diet","Poor diet","Low toxicant + Poor diet",FALSE
"IPPPP_binary_U","Diet",10,84,7,77,,"binary analyte","Better diet","Poor diet","High toxicant + Better diet",FALSE
"IPPPP_binary_U","Diet",11,88,13,75,,"binary analyte","Better diet","Poor diet","High toxicant + Poor diet",FALSE
"IPPPP_binary_U","PhysicalActivity",0,517,56,461,,"binary analyte","Ideal activity","Not ideal activity","Low toxicant + Ideal activity",FALSE
"IPPPP_binary_U","PhysicalActivity",1,312,48,264,,"binary analyte","Ideal activity","Not ideal activity","Low toxicant + Not ideal activity",FALSE
"IPPPP_binary_U","PhysicalActivity",10,99,6,93,,"binary analyte","Ideal activity","Not ideal activity","High toxicant + Ideal activity",FALSE
"IPPPP_binary_U","PhysicalActivity",11,73,14,59,,"binary analyte","Ideal activity","Not ideal activity","High toxicant + Not ideal activity",FALSE
"IPPPP_binary_U","Sleep",0,458,48,410,,"binary analyte","Ideal sleep","Not ideal sleep","Low toxicant + Ideal sleep",FALSE
"IPPPP_binary_U","Sleep",1,364,55,309,,"binary analyte","Ideal sleep","Not ideal sleep","Low toxicant + Not ideal sleep",FALSE
"IPPPP_binary_U","Sleep",10,102,5,97,,"binary analyte","Ideal sleep","Not ideal sleep","High toxicant + Ideal sleep",FALSE
"IPPPP_binary_U","Sleep",11,69,14,55,,"binary analyte","Ideal sleep","Not ideal sleep","High toxicant + Not ideal sleep",FALSE
"IPPPP_binary_U","Smoking",0,425,31,394,,"binary analyte","No nicotine exposure","Nicotine exposure","Low toxicant + No nicotine exposure",FALSE
"IPPPP_binary_U","Smoking",1,403,73,330,,"binary analyte","No nicotine exposure","Nicotine exposure","Low toxicant + Nicotine exposure",FALSE
"IPPPP_binary_U","Smoking",10,98,9,89,,"binary analyte","No nicotine exposure","Nicotine exposure","High toxicant + No nicotine exposure",FALSE
"IPPPP_binary_U","Smoking",11,74,11,63,,"binary analyte","No nicotine exposure","Nicotine exposure","High toxicant + Nicotine exposure",FALSE
"m_p_Xylene_binary_S","Diet",0,705,81,624,,"binary analyte","Better diet","Poor diet","Low toxicant + Better diet",FALSE
"m_p_Xylene_binary_S","Diet",1,571,65,506,,"binary analyte","Better diet","Poor diet","Low toxicant + Poor diet",FALSE
"m_p_Xylene_binary_S","Diet",10,1113,113,1000,,"binary analyte","Better diet","Poor diet","High toxicant + Better diet",FALSE
"m_p_Xylene_binary_S","Diet",11,1178,115,1063,,"binary analyte","Better diet","Poor diet","High toxicant + Poor diet",FALSE
"m_p_Xylene_binary_S","PhysicalActivity",0,729,50,679,,"binary analyte","Ideal activity","Not ideal activity","Low toxicant + Ideal activity",FALSE
"m_p_Xylene_binary_S","PhysicalActivity",1,547,96,451,,"binary analyte","Ideal activity","Not ideal activity","Low toxicant + Not ideal activity",FALSE
"m_p_Xylene_binary_S","PhysicalActivity",10,1379,102,1277,,"binary analyte","Ideal activity","Not ideal activity","High toxicant + Ideal activity",FALSE
"m_p_Xylene_binary_S","PhysicalActivity",11,912,126,786,,"binary analyte","Ideal activity","Not ideal activity","High toxicant + Not ideal activity",FALSE
"m_p_Xylene_binary_S","Sleep",0,711,68,643,,"binary analyte","Ideal sleep","Not ideal sleep","Low toxicant + Ideal sleep",FALSE
"m_p_Xylene_binary_S","Sleep",1,564,78,486,,"binary analyte","Ideal sleep","Not ideal sleep","Low toxicant + Not ideal sleep",FALSE
"m_p_Xylene_binary_S","Sleep",10,1250,112,1138,,"binary analyte","Ideal sleep","Not ideal sleep","High toxicant + Ideal sleep",FALSE
"m_p_Xylene_binary_S","Sleep",11,1036,115,921,,"binary analyte","Ideal sleep","Not ideal sleep","High toxicant + Not ideal sleep",FALSE
"m_p_Xylene_binary_S","Smoking",0,875,74,801,,"binary analyte","No nicotine exposure","Nicotine exposure","Low toxicant + No nicotine exposure",FALSE
"m_p_Xylene_binary_S","Smoking",1,401,72,329,,"binary analyte","No nicotine exposure","Nicotine exposure","Low toxicant + Nicotine exposure",FALSE
"m_p_Xylene_binary_S","Smoking",10,1067,64,1003,,"binary analyte","No nicotine exposure","Nicotine exposure","High toxicant + No nicotine exposure",FALSE
"m_p_Xylene_binary_S","Smoking",11,1224,164,1060,,"binary analyte","No nicotine exposure","Nicotine exposure","High toxicant + Nicotine exposure",FALSE
"MA_ln_U","Diet",0,644,63,581,4.89116164096196,"median split used only for secondary RERI/joint-cell summaries","Better diet","Poor diet","Low toxicant + Better diet",FALSE
"MA_ln_U","Diet",1,574,46,528,4.89116164096196,"median split used only for secondary RERI/joint-cell summaries","Better diet","Poor diet","Low toxicant + Poor diet",FALSE
"MA_ln_U","Diet",10,600,70,530,4.89116164096196,"median split used only for secondary RERI/joint-cell summaries","Better diet","Poor diet","High toxicant + Better diet",FALSE
"MA_ln_U","Diet",11,619,80,539,4.89116164096196,"median split used only for secondary RERI/joint-cell summaries","Better diet","Poor diet","High toxicant + Poor diet",FALSE
"MA_ln_U","PhysicalActivity",0,742,44,698,4.89116164096196,"median split used only for secondary RERI/joint-cell summaries","Ideal activity","Not ideal activity","Low toxicant + Ideal activity",FALSE
"MA_ln_U","PhysicalActivity",1,476,65,411,4.89116164096196,"median split used only for secondary RERI/joint-cell summaries","Ideal activity","Not ideal activity","Low toxicant + Not ideal activity",FALSE
"MA_ln_U","PhysicalActivity",10,715,63,652,4.89116164096196,"median split used only for secondary RERI/joint-cell summaries","Ideal activity","Not ideal activity","High toxicant + Ideal activity",FALSE
"MA_ln_U","PhysicalActivity",11,504,87,417,4.89116164096196,"median split used only for secondary RERI/joint-cell summaries","Ideal activity","Not ideal activity","High toxicant + Not ideal activity",FALSE
"MA_ln_U","Sleep",0,685,54,631,4.89098549888602,"median split used only for secondary RERI/joint-cell summaries","Ideal sleep","Not ideal sleep","Low toxicant + Ideal sleep",FALSE
"MA_ln_U","Sleep",1,531,54,477,4.89098549888602,"median split used only for secondary RERI/joint-cell summaries","Ideal sleep","Not ideal sleep","Low toxicant + Not ideal sleep",FALSE
"MA_ln_U","Sleep",10,654,70,584,4.89098549888602,"median split used only for secondary RERI/joint-cell summaries","Ideal sleep","Not ideal sleep","High toxicant + Ideal sleep",FALSE
"MA_ln_U","Sleep",11,562,79,483,4.89098549888602,"median split used only for secondary RERI/joint-cell summaries","Ideal sleep","Not ideal sleep","High toxicant + Not ideal sleep",FALSE
"MA_ln_U","Smoking",0,771,45,726,4.89116164096196,"median split used only for secondary RERI/joint-cell summaries","No nicotine exposure","Nicotine exposure","Low toxicant + No nicotine exposure",FALSE
"MA_ln_U","Smoking",1,447,64,383,4.89116164096196,"median split used only for secondary RERI/joint-cell summaries","No nicotine exposure","Nicotine exposure","Low toxicant + Nicotine exposure",FALSE
"MA_ln_U","Smoking",10,536,40,496,4.89116164096196,"median split used only for secondary RERI/joint-cell summaries","No nicotine exposure","Nicotine exposure","High toxicant + No nicotine exposure",FALSE
"MA_ln_U","Smoking",11,683,110,573,4.89116164096196,"median split used only for secondary RERI/joint-cell summaries","No nicotine exposure","Nicotine exposure","High toxicant + Nicotine exposure",FALSE
"MB3_Cys_ln_U","Diet",0,656,58,598,1.54992378490169,"median split used only for secondary RERI/joint-cell summaries","Better diet","Poor diet","Low toxicant + Better diet",FALSE
"MB3_Cys_ln_U","Diet",1,557,46,511,1.54992378490169,"median split used only for secondary RERI/joint-cell summaries","Better diet","Poor diet","Low toxicant + Poor diet",FALSE
"MB3_Cys_ln_U","Diet",10,572,69,503,1.54992378490169,"median split used only for secondary RERI/joint-cell summaries","Better diet","Poor diet","High toxicant + Better diet",FALSE
"MB3_Cys_ln_U","Diet",11,642,80,562,1.54992378490169,"median split used only for secondary RERI/joint-cell summaries","Better diet","Poor diet","High toxicant + Poor diet",FALSE
"MB3_Cys_ln_U","PhysicalActivity",0,721,43,678,1.54992378490169,"median split used only for secondary RERI/joint-cell summaries","Ideal activity","Not ideal activity","Low toxicant + Ideal activity",FALSE
"MB3_Cys_ln_U","PhysicalActivity",1,492,61,431,1.54992378490169,"median split used only for secondary RERI/joint-cell summaries","Ideal activity","Not ideal activity","Low toxicant + Not ideal activity",FALSE
"MB3_Cys_ln_U","PhysicalActivity",10,723,63,660,1.54992378490169,"median split used only for secondary RERI/joint-cell summaries","Ideal activity","Not ideal activity","High toxicant + Ideal activity",FALSE
"MB3_Cys_ln_U","PhysicalActivity",11,491,86,405,1.54992378490169,"median split used only for secondary RERI/joint-cell summaries","Ideal activity","Not ideal activity","High toxicant + Not ideal activity",FALSE
"MB3_Cys_ln_U","Sleep",0,684,54,630,1.54992378490169,"median split used only for secondary RERI/joint-cell summaries","Ideal sleep","Not ideal sleep","Low toxicant + Ideal sleep",FALSE
"MB3_Cys_ln_U","Sleep",1,526,49,477,1.54992378490169,"median split used only for secondary RERI/joint-cell summaries","Ideal sleep","Not ideal sleep","Low toxicant + Not ideal sleep",FALSE
"MB3_Cys_ln_U","Sleep",10,642,67,575,1.54992378490169,"median split used only for secondary RERI/joint-cell summaries","Ideal sleep","Not ideal sleep","High toxicant + Ideal sleep",FALSE
"MB3_Cys_ln_U","Sleep",11,570,81,489,1.54992378490169,"median split used only for secondary RERI/joint-cell summaries","Ideal sleep","Not ideal sleep","High toxicant + Not ideal sleep",FALSE
"MB3_Cys_ln_U","Smoking",0,820,51,769,1.54992378490169,"median split used only for secondary RERI/joint-cell summaries","No nicotine exposure","Nicotine exposure","Low toxicant + No nicotine exposure",FALSE
"MB3_Cys_ln_U","Smoking",1,393,53,340,1.54992378490169,"median split used only for secondary RERI/joint-cell summaries","No nicotine exposure","Nicotine exposure","Low toxicant + Nicotine exposure",FALSE
"MB3_Cys_ln_U","Smoking",10,481,31,450,1.54992378490169,"median split used only for secondary RERI/joint-cell summaries","No nicotine exposure","Nicotine exposure","High toxicant + No nicotine exposure",FALSE
"MB3_Cys_ln_U","Smoking",11,733,118,615,1.54992378490169,"median split used only for secondary RERI/joint-cell summaries","No nicotine exposure","Nicotine exposure","High toxicant + Nicotine exposure",FALSE
"MBzP_ln_U","Diet",0,664,64,600,1.30177471495939,"median split used only for secondary RERI/joint-cell summaries","Better diet","Poor diet","Low toxicant + Better diet",FALSE
"MBzP_ln_U","Diet",1,549,65,484,1.30177471495939,"median split used only for secondary RERI/joint-cell summaries","Better diet","Poor diet","Low toxicant + Poor diet",FALSE
"MBzP_ln_U","Diet",10,565,57,508,1.30177471495939,"median split used only for secondary RERI/joint-cell summaries","Better diet","Poor diet","High toxicant + Better diet",FALSE
"MBzP_ln_U","Diet",11,648,77,571,1.30177471495939,"median split used only for secondary RERI/joint-cell summaries","Better diet","Poor diet","High toxicant + Poor diet",FALSE
"MBzP_ln_U","PhysicalActivity",0,730,66,664,1.30177471495939,"median split used only for secondary RERI/joint-cell summaries","Ideal activity","Not ideal activity","Low toxicant + Ideal activity",FALSE
"MBzP_ln_U","PhysicalActivity",1,483,63,420,1.30177471495939,"median split used only for secondary RERI/joint-cell summaries","Ideal activity","Not ideal activity","Low toxicant + Not ideal activity",FALSE
"MBzP_ln_U","PhysicalActivity",10,697,60,637,1.30177471495939,"median split used only for secondary RERI/joint-cell summaries","Ideal activity","Not ideal activity","High toxicant + Ideal activity",FALSE
"MBzP_ln_U","PhysicalActivity",11,516,74,442,1.30177471495939,"median split used only for secondary RERI/joint-cell summaries","Ideal activity","Not ideal activity","High toxicant + Not ideal activity",FALSE
"MBzP_ln_U","Sleep",0,707,71,636,1.29981745772471,"median split used only for secondary RERI/joint-cell summaries","Ideal sleep","Not ideal sleep","Low toxicant + Ideal sleep",FALSE
"MBzP_ln_U","Sleep",1,501,58,443,1.29981745772471,"median split used only for secondary RERI/joint-cell summaries","Ideal sleep","Not ideal sleep","Low toxicant + Not ideal sleep",FALSE
"MBzP_ln_U","Sleep",10,615,55,560,1.29981745772471,"median split used only for secondary RERI/joint-cell summaries","Ideal sleep","Not ideal sleep","High toxicant + Ideal sleep",FALSE
"MBzP_ln_U","Sleep",11,593,76,517,1.29981745772471,"median split used only for secondary RERI/joint-cell summaries","Ideal sleep","Not ideal sleep","High toxicant + Not ideal sleep",FALSE
"MBzP_ln_U","Smoking",0,703,48,655,1.30241287713919,"median split used only for secondary RERI/joint-cell summaries","No nicotine exposure","Nicotine exposure","Low toxicant + No nicotine exposure",FALSE
"MBzP_ln_U","Smoking",1,508,81,427,1.30241287713919,"median split used only for secondary RERI/joint-cell summaries","No nicotine exposure","Nicotine exposure","Low toxicant + Nicotine exposure",FALSE
"MBzP_ln_U","Smoking",10,618,52,566,1.30241287713919,"median split used only for secondary RERI/joint-cell summaries","No nicotine exposure","Nicotine exposure","High toxicant + No nicotine exposure",FALSE
"MBzP_ln_U","Smoking",11,594,82,512,1.30241287713919,"median split used only for secondary RERI/joint-cell summaries","No nicotine exposure","Nicotine exposure","High toxicant + Nicotine exposure",FALSE
"MCNP_ln_U","Diet",0,627,52,575,0.659206609242815,"median split used only for secondary RERI/joint-cell summaries","Better diet","Poor diet","Low toxicant + Better diet",FALSE
"MCNP_ln_U","Diet",1,586,72,514,0.659206609242815,"median split used only for secondary RERI/joint-cell summaries","Better diet","Poor diet","Low toxicant + Poor diet",FALSE
"MCNP_ln_U","Diet",10,602,69,533,0.659206609242815,"median split used only for secondary RERI/joint-cell summaries","Better diet","Poor diet","High toxicant + Better diet",FALSE
"MCNP_ln_U","Diet",11,611,70,541,0.659206609242815,"median split used only for secondary RERI/joint-cell summaries","Better diet","Poor diet","High toxicant + Poor diet",FALSE
"MCNP_ln_U","PhysicalActivity",0,711,58,653,0.659206609242815,"median split used only for secondary RERI/joint-cell summaries","Ideal activity","Not ideal activity","Low toxicant + Ideal activity",FALSE
"MCNP_ln_U","PhysicalActivity",1,502,66,436,0.659206609242815,"median split used only for secondary RERI/joint-cell summaries","Ideal activity","Not ideal activity","Low toxicant + Not ideal activity",FALSE
"MCNP_ln_U","PhysicalActivity",10,716,68,648,0.659206609242815,"median split used only for secondary RERI/joint-cell summaries","Ideal activity","Not ideal activity","High toxicant + Ideal activity",FALSE
"MCNP_ln_U","PhysicalActivity",11,497,71,426,0.659206609242815,"median split used only for secondary RERI/joint-cell summaries","Ideal activity","Not ideal activity","High toxicant + Not ideal activity",FALSE
"MCNP_ln_U","Sleep",0,655,58,597,0.660357357736954,"median split used only for secondary RERI/joint-cell summaries","Ideal sleep","Not ideal sleep","Low toxicant + Ideal sleep",FALSE
"MCNP_ln_U","Sleep",1,551,64,487,0.660357357736954,"median split used only for secondary RERI/joint-cell summaries","Ideal sleep","Not ideal sleep","Low toxicant + Not ideal sleep",FALSE
"MCNP_ln_U","Sleep",10,667,68,599,0.660357357736954,"median split used only for secondary RERI/joint-cell summaries","Ideal sleep","Not ideal sleep","High toxicant + Ideal sleep",FALSE
"MCNP_ln_U","Sleep",11,543,70,473,0.660357357736954,"median split used only for secondary RERI/joint-cell summaries","Ideal sleep","Not ideal sleep","High toxicant + Not ideal sleep",FALSE
"MCNP_ln_U","Smoking",0,643,39,604,0.658055860748675,"median split used only for secondary RERI/joint-cell summaries","No nicotine exposure","Nicotine exposure","Low toxicant + No nicotine exposure",FALSE
"MCNP_ln_U","Smoking",1,567,84,483,0.658055860748675,"median split used only for secondary RERI/joint-cell summaries","No nicotine exposure","Nicotine exposure","Low toxicant + Nicotine exposure",FALSE
"MCNP_ln_U","Smoking",10,678,61,617,0.658055860748675,"median split used only for secondary RERI/joint-cell summaries","No nicotine exposure","Nicotine exposure","High toxicant + No nicotine exposure",FALSE
"MCNP_ln_U","Smoking",11,535,79,456,0.658055860748675,"median split used only for secondary RERI/joint-cell summaries","No nicotine exposure","Nicotine exposure","High toxicant + Nicotine exposure",FALSE
"MCOCH_binary_U","Diet",0,298,29,269,,"binary analyte","Better diet","Poor diet","Low toxicant + Better diet",FALSE
"MCOCH_binary_U","Diet",1,275,41,234,,"binary analyte","Better diet","Poor diet","Low toxicant + Poor diet",FALSE
"MCOCH_binary_U","Diet",10,258,24,234,,"binary analyte","Better diet","Poor diet","High toxicant + Better diet",FALSE
"MCOCH_binary_U","Diet",11,302,36,266,,"binary analyte","Better diet","Poor diet","High toxicant + Poor diet",FALSE
"MCOCH_binary_U","PhysicalActivity",0,329,32,297,,"binary analyte","Ideal activity","Not ideal activity","Low toxicant + Ideal activity",FALSE
"MCOCH_binary_U","PhysicalActivity",1,244,38,206,,"binary analyte","Ideal activity","Not ideal activity","Low toxicant + Not ideal activity",FALSE
"MCOCH_binary_U","PhysicalActivity",10,368,33,335,,"binary analyte","Ideal activity","Not ideal activity","High toxicant + Ideal activity",FALSE
"MCOCH_binary_U","PhysicalActivity",11,192,27,165,,"binary analyte","Ideal activity","Not ideal activity","High toxicant + Not ideal activity",FALSE
"MCOCH_binary_U","Sleep",0,316,30,286,,"binary analyte","Ideal sleep","Not ideal sleep","Low toxicant + Ideal sleep",FALSE
"MCOCH_binary_U","Sleep",1,253,39,214,,"binary analyte","Ideal sleep","Not ideal sleep","Low toxicant + Not ideal sleep",FALSE
"MCOCH_binary_U","Sleep",10,318,25,293,,"binary analyte","Ideal sleep","Not ideal sleep","High toxicant + Ideal sleep",FALSE
"MCOCH_binary_U","Sleep",11,239,34,205,,"binary analyte","Ideal sleep","Not ideal sleep","High toxicant + Not ideal sleep",FALSE
"MCOCH_binary_U","Smoking",0,311,24,287,,"binary analyte","No nicotine exposure","Nicotine exposure","Low toxicant + No nicotine exposure",FALSE
"MCOCH_binary_U","Smoking",1,261,46,215,,"binary analyte","No nicotine exposure","Nicotine exposure","Low toxicant + Nicotine exposure",FALSE
"MCOCH_binary_U","Smoking",10,302,23,279,,"binary analyte","No nicotine exposure","Nicotine exposure","High toxicant + No nicotine exposure",FALSE
"MCOCH_binary_U","Smoking",11,258,37,221,,"binary analyte","No nicotine exposure","Nicotine exposure","High toxicant + Nicotine exposure",FALSE
"MCOP_ln_U","Diet",0,605,56,549,2.33593078024338,"median split used only for secondary RERI/joint-cell summaries","Better diet","Poor diet","Low toxicant + Better diet",FALSE
"MCOP_ln_U","Diet",1,608,79,529,2.33593078024338,"median split used only for secondary RERI/joint-cell summaries","Better diet","Poor diet","Low toxicant + Poor diet",FALSE
"MCOP_ln_U","Diet",10,624,65,559,2.33593078024338,"median split used only for secondary RERI/joint-cell summaries","Better diet","Poor diet","High toxicant + Better diet",FALSE
"MCOP_ln_U","Diet",11,589,63,526,2.33593078024338,"median split used only for secondary RERI/joint-cell summaries","Better diet","Poor diet","High toxicant + Poor diet",FALSE
"MCOP_ln_U","PhysicalActivity",0,733,62,671,2.33593078024338,"median split used only for secondary RERI/joint-cell summaries","Ideal activity","Not ideal activity","Low toxicant + Ideal activity",FALSE
"MCOP_ln_U","PhysicalActivity",1,480,73,407,2.33593078024338,"median split used only for secondary RERI/joint-cell summaries","Ideal activity","Not ideal activity","Low toxicant + Not ideal activity",FALSE
"MCOP_ln_U","PhysicalActivity",10,694,64,630,2.33593078024338,"median split used only for secondary RERI/joint-cell summaries","Ideal activity","Not ideal activity","High toxicant + Ideal activity",FALSE
"MCOP_ln_U","PhysicalActivity",11,519,64,455,2.33593078024338,"median split used only for secondary RERI/joint-cell summaries","Ideal activity","Not ideal activity","High toxicant + Not ideal activity",FALSE
"MCOP_ln_U","Sleep",0,645,58,587,2.33708152873752,"median split used only for secondary RERI/joint-cell summaries","Ideal sleep","Not ideal sleep","Low toxicant + Ideal sleep",FALSE
"MCOP_ln_U","Sleep",1,563,75,488,2.33708152873752,"median split used only for secondary RERI/joint-cell summaries","Ideal sleep","Not ideal sleep","Low toxicant + Not ideal sleep",FALSE
"MCOP_ln_U","Sleep",10,677,68,609,2.33708152873752,"median split used only for secondary RERI/joint-cell summaries","Ideal sleep","Not ideal sleep","High toxicant + Ideal sleep",FALSE
"MCOP_ln_U","Sleep",11,531,59,472,2.33708152873752,"median split used only for secondary RERI/joint-cell summaries","Ideal sleep","Not ideal sleep","High toxicant + Not ideal sleep",FALSE
"MCOP_ln_U","Smoking",0,600,40,560,2.33537491581704,"median split used only for secondary RERI/joint-cell summaries","No nicotine exposure","Nicotine exposure","Low toxicant + No nicotine exposure",FALSE
"MCOP_ln_U","Smoking",1,611,95,516,2.33537491581704,"median split used only for secondary RERI/joint-cell summaries","No nicotine exposure","Nicotine exposure","Low toxicant + Nicotine exposure",FALSE
"MCOP_ln_U","Smoking",10,721,60,661,2.33537491581704,"median split used only for secondary RERI/joint-cell summaries","No nicotine exposure","Nicotine exposure","High toxicant + No nicotine exposure",FALSE
"MCOP_ln_U","Smoking",11,491,68,423,2.33537491581704,"median split used only for secondary RERI/joint-cell summaries","No nicotine exposure","Nicotine exposure","High toxicant + Nicotine exposure",FALSE
"MCPP_ln_U","Diet",0,613,48,565,0.22314355131421,"median split used only for secondary RERI/joint-cell summaries","Better diet","Poor diet","Low toxicant + Better diet",FALSE
"MCPP_ln_U","Diet",1,594,72,522,0.22314355131421,"median split used only for secondary RERI/joint-cell summaries","Better diet","Poor diet","Low toxicant + Poor diet",FALSE
"MCPP_ln_U","Diet",10,616,73,543,0.22314355131421,"median split used only for secondary RERI/joint-cell summaries","Better diet","Poor diet","High toxicant + Better diet",FALSE
"MCPP_ln_U","Diet",11,603,70,533,0.22314355131421,"median split used only for secondary RERI/joint-cell summaries","Better diet","Poor diet","High toxicant + Poor diet",FALSE
"MCPP_ln_U","PhysicalActivity",0,728,60,668,0.22314355131421,"median split used only for secondary RERI/joint-cell summaries","Ideal activity","Not ideal activity","Low toxicant + Ideal activity",FALSE
"MCPP_ln_U","PhysicalActivity",1,479,60,419,0.22314355131421,"median split used only for secondary RERI/joint-cell summaries","Ideal activity","Not ideal activity","Low toxicant + Not ideal activity",FALSE
"MCPP_ln_U","PhysicalActivity",10,699,66,633,0.22314355131421,"median split used only for secondary RERI/joint-cell summaries","Ideal activity","Not ideal activity","High toxicant + Ideal activity",FALSE
"MCPP_ln_U","PhysicalActivity",11,520,77,443,0.22314355131421,"median split used only for secondary RERI/joint-cell summaries","Ideal activity","Not ideal activity","High toxicant + Not ideal activity",FALSE
"MCPP_ln_U","Sleep",0,652,53,599,0.22314355131421,"median split used only for secondary RERI/joint-cell summaries","Ideal sleep","Not ideal sleep","Low toxicant + Ideal sleep",FALSE
"MCPP_ln_U","Sleep",1,547,65,482,0.22314355131421,"median split used only for secondary RERI/joint-cell summaries","Ideal sleep","Not ideal sleep","Low toxicant + Not ideal sleep",FALSE
"MCPP_ln_U","Sleep",10,670,73,597,0.22314355131421,"median split used only for secondary RERI/joint-cell summaries","Ideal sleep","Not ideal sleep","High toxicant + Ideal sleep",FALSE
"MCPP_ln_U","Sleep",11,547,69,478,0.22314355131421,"median split used only for secondary RERI/joint-cell summaries","Ideal sleep","Not ideal sleep","High toxicant + Not ideal sleep",FALSE
"MCPP_ln_U","Smoking",0,635,36,599,0.22314355131421,"median split used only for secondary RERI/joint-cell summaries","No nicotine exposure","Nicotine exposure","Low toxicant + No nicotine exposure",FALSE
"MCPP_ln_U","Smoking",1,571,84,487,0.22314355131421,"median split used only for secondary RERI/joint-cell summaries","No nicotine exposure","Nicotine exposure","Low toxicant + Nicotine exposure",FALSE
"MCPP_ln_U","Smoking",10,686,64,622,0.22314355131421,"median split used only for secondary RERI/joint-cell summaries","No nicotine exposure","Nicotine exposure","High toxicant + No nicotine exposure",FALSE
"MCPP_ln_U","Smoking",11,531,79,452,0.22314355131421,"median split used only for secondary RERI/joint-cell summaries","No nicotine exposure","Nicotine exposure","High toxicant + Nicotine exposure",FALSE
"MDA_binary_U","Diet",0,460,46,414,,"binary analyte","Better diet","Poor diet","Low toxicant + Better diet",FALSE
"MDA_binary_U","Diet",1,512,72,440,,"binary analyte","Better diet","Poor diet","Low toxicant + Poor diet",FALSE
"MDA_binary_U","Diet",10,98,8,90,,"binary analyte","Better diet","Poor diet","High toxicant + Better diet",FALSE
"MDA_binary_U","Diet",11,68,6,62,,"binary analyte","Better diet","Poor diet","High toxicant + Poor diet",FALSE
"MDA_binary_U","PhysicalActivity",0,599,59,540,,"binary analyte","Ideal activity","Not ideal activity","Low toxicant + Ideal activity",FALSE
"MDA_binary_U","PhysicalActivity",1,373,59,314,,"binary analyte","Ideal activity","Not ideal activity","Low toxicant + Not ideal activity",FALSE
"MDA_binary_U","PhysicalActivity",10,96,6,90,,"binary analyte","Ideal activity","Not ideal activity","High toxicant + Ideal activity",FALSE
"MDA_binary_U","PhysicalActivity",11,70,8,62,,"binary analyte","Ideal activity","Not ideal activity","High toxicant + Not ideal activity",FALSE
"MDA_binary_U","Sleep",0,538,51,487,,"binary analyte","Ideal sleep","Not ideal sleep","Low toxicant + Ideal sleep",FALSE
"MDA_binary_U","Sleep",1,426,65,361,,"binary analyte","Ideal sleep","Not ideal sleep","Low toxicant + Not ideal sleep",FALSE
"MDA_binary_U","Sleep",10,95,6,89,,"binary analyte","Ideal sleep","Not ideal sleep","High toxicant + Ideal sleep",FALSE
"MDA_binary_U","Sleep",11,71,8,63,,"binary analyte","Ideal sleep","Not ideal sleep","High toxicant + Not ideal sleep",FALSE
"MDA_binary_U","Smoking",0,525,42,483,,"binary analyte","No nicotine exposure","Nicotine exposure","Low toxicant + No nicotine exposure",FALSE
"MDA_binary_U","Smoking",1,446,76,370,,"binary analyte","No nicotine exposure","Nicotine exposure","Low toxicant + Nicotine exposure",FALSE
"MDA_binary_U","Smoking",10,88,5,83,,"binary analyte","No nicotine exposure","Nicotine exposure","High toxicant + No nicotine exposure",FALSE
"MDA_binary_U","Smoking",11,78,9,69,,"binary analyte","No nicotine exposure","Nicotine exposure","High toxicant + Nicotine exposure",FALSE
"MeA_a_C_binary_U","Diet",0,591,52,539,,"binary analyte","Better diet","Poor diet","Low toxicant + Better diet",FALSE
"MeA_a_C_binary_U","Diet",1,452,39,413,,"binary analyte","Better diet","Poor diet","Low toxicant + Poor diet",FALSE
"MeA_a_C_binary_U","Diet",10,78,10,68,,"binary analyte","Better diet","Poor diet","High toxicant + Better diet",FALSE
"MeA_a_C_binary_U","Diet",11,158,17,141,,"binary analyte","Better diet","Poor diet","High toxicant + Poor diet",FALSE
"MeA_a_C_binary_U","PhysicalActivity",0,644,40,604,,"binary analyte","Ideal activity","Not ideal activity","Low toxicant + Ideal activity",FALSE
"MeA_a_C_binary_U","PhysicalActivity",1,399,51,348,,"binary analyte","Ideal activity","Not ideal activity","Low toxicant + Not ideal activity",FALSE
"MeA_a_C_binary_U","PhysicalActivity",10,153,12,141,,"binary analyte","Ideal activity","Not ideal activity","High toxicant + Ideal activity",FALSE
"MeA_a_C_binary_U","PhysicalActivity",11,83,15,68,,"binary analyte","Ideal activity","Not ideal activity","High toxicant + Not ideal activity",FALSE
"MeA_a_C_binary_U","Sleep",0,586,45,541,,"binary analyte","Ideal sleep","Not ideal sleep","Low toxicant + Ideal sleep",FALSE
"MeA_a_C_binary_U","Sleep",1,457,46,411,,"binary analyte","Ideal sleep","Not ideal sleep","Low toxicant + Not ideal sleep",FALSE
"MeA_a_C_binary_U","Sleep",10,115,13,102,,"binary analyte","Ideal sleep","Not ideal sleep","High toxicant + Ideal sleep",FALSE
"MeA_a_C_binary_U","Sleep",11,121,14,107,,"binary analyte","Ideal sleep","Not ideal sleep","High toxicant + Not ideal sleep",FALSE
"MeA_a_C_binary_U","Smoking",0,650,31,619,,"binary analyte","No nicotine exposure","Nicotine exposure","Low toxicant + No nicotine exposure",FALSE
"MeA_a_C_binary_U","Smoking",1,393,60,333,,"binary analyte","No nicotine exposure","Nicotine exposure","Low toxicant + Nicotine exposure",FALSE
"MeA_a_C_binary_U","Smoking",10,36,1,35,,"binary analyte","No nicotine exposure","Nicotine exposure","High toxicant + No nicotine exposure",TRUE
"MeA_a_C_binary_U","Smoking",11,200,26,174,,"binary analyte","No nicotine exposure","Nicotine exposure","High toxicant + Nicotine exposure",FALSE
"MECPP_ln_U","Diet",0,602,45,557,2.22350749787062,"median split used only for secondary RERI/joint-cell summaries","Better diet","Poor diet","Low toxicant + Better diet",FALSE
"MECPP_ln_U","Diet",1,611,62,549,2.22350749787062,"median split used only for secondary RERI/joint-cell summaries","Better diet","Poor diet","Low toxicant + Poor diet",FALSE
"MECPP_ln_U","Diet",10,627,76,551,2.22350749787062,"median split used only for secondary RERI/joint-cell summaries","Better diet","Poor diet","High toxicant + Better diet",FALSE
"MECPP_ln_U","Diet",11,586,80,506,2.22350749787062,"median split used only for secondary RERI/joint-cell summaries","Better diet","Poor diet","High toxicant + Poor diet",FALSE
"MECPP_ln_U","PhysicalActivity",0,733,53,680,2.22350749787062,"median split used only for secondary RERI/joint-cell summaries","Ideal activity","Not ideal activity","Low toxicant + Ideal activity",FALSE
"MECPP_ln_U","PhysicalActivity",1,480,54,426,2.22350749787062,"median split used only for secondary RERI/joint-cell summaries","Ideal activity","Not ideal activity","Low toxicant + Not ideal activity",FALSE
"MECPP_ln_U","PhysicalActivity",10,694,73,621,2.22350749787062,"median split used only for secondary RERI/joint-cell summaries","Ideal activity","Not ideal activity","High toxicant + Ideal activity",FALSE
"MECPP_ln_U","PhysicalActivity",11,519,83,436,2.22350749787062,"median split used only for secondary RERI/joint-cell summaries","Ideal activity","Not ideal activity","High toxicant + Not ideal activity",FALSE
"MECPP_ln_U","Sleep",0,653,57,596,2.22399101493678,"median split used only for secondary RERI/joint-cell summaries","Ideal sleep","Not ideal sleep","Low toxicant + Ideal sleep",FALSE
"MECPP_ln_U","Sleep",1,555,50,505,2.22399101493678,"median split used only for secondary RERI/joint-cell summaries","Ideal sleep","Not ideal sleep","Low toxicant + Not ideal sleep",FALSE
"MECPP_ln_U","Sleep",10,669,69,600,2.22399101493678,"median split used only for secondary RERI/joint-cell summaries","Ideal sleep","Not ideal sleep","High toxicant + Ideal sleep",FALSE
"MECPP_ln_U","Sleep",11,539,84,455,2.22399101493678,"median split used only for secondary RERI/joint-cell summaries","Ideal sleep","Not ideal sleep","High toxicant + Not ideal sleep",FALSE
"MECPP_ln_U","Smoking",0,632,35,597,2.22307303006631,"median split used only for secondary RERI/joint-cell summaries","No nicotine exposure","Nicotine exposure","Low toxicant + No nicotine exposure",FALSE
"MECPP_ln_U","Smoking",1,579,72,507,2.22307303006631,"median split used only for secondary RERI/joint-cell summaries","No nicotine exposure","Nicotine exposure","Low toxicant + Nicotine exposure",FALSE
"MECPP_ln_U","Smoking",10,689,65,624,2.22307303006631,"median split used only for secondary RERI/joint-cell summaries","No nicotine exposure","Nicotine exposure","High toxicant + No nicotine exposure",FALSE
"MECPP_ln_U","Smoking",11,523,91,432,2.22307303006631,"median split used only for secondary RERI/joint-cell summaries","No nicotine exposure","Nicotine exposure","High toxicant + Nicotine exposure",FALSE
"MeFOSAA_binary_S","Diet",0,650,42,608,,"binary analyte","Better diet","Poor diet","Low toxicant + Better diet",FALSE
"MeFOSAA_binary_S","Diet",1,672,72,600,,"binary analyte","Better diet","Poor diet","Low toxicant + Poor diet",FALSE
"MeFOSAA_binary_S","Diet",10,540,81,459,,"binary analyte","Better diet","Poor diet","High toxicant + Better diet",FALSE
"MeFOSAA_binary_S","Diet",11,503,70,433,,"binary analyte","Better diet","Poor diet","High toxicant + Poor diet",FALSE
"MeFOSAA_binary_S","PhysicalActivity",0,791,54,737,,"binary analyte","Ideal activity","Not ideal activity","Low toxicant + Ideal activity",FALSE
"MeFOSAA_binary_S","PhysicalActivity",1,531,60,471,,"binary analyte","Ideal activity","Not ideal activity","Low toxicant + Not ideal activity",FALSE
"MeFOSAA_binary_S","PhysicalActivity",10,586,70,516,,"binary analyte","Ideal activity","Not ideal activity","High toxicant + Ideal activity",FALSE
"MeFOSAA_binary_S","PhysicalActivity",11,457,81,376,,"binary analyte","Ideal activity","Not ideal activity","High toxicant + Not ideal activity",FALSE
"MeFOSAA_binary_S","Sleep",0,728,56,672,,"binary analyte","Ideal sleep","Not ideal sleep","Low toxicant + Ideal sleep",FALSE
"MeFOSAA_binary_S","Sleep",1,588,56,532,,"binary analyte","Ideal sleep","Not ideal sleep","Low toxicant + Not ideal sleep",FALSE
"MeFOSAA_binary_S","Sleep",10,561,73,488,,"binary analyte","Ideal sleep","Not ideal sleep","High toxicant + Ideal sleep",FALSE
"MeFOSAA_binary_S","Sleep",11,477,77,400,,"binary analyte","Ideal sleep","Not ideal sleep","High toxicant + Not ideal sleep",FALSE
"MeFOSAA_binary_S","Smoking",0,773,45,728,,"binary analyte","No nicotine exposure","Nicotine exposure","Low toxicant + No nicotine exposure",FALSE
"MeFOSAA_binary_S","Smoking",1,547,69,478,,"binary analyte","No nicotine exposure","Nicotine exposure","Low toxicant + Nicotine exposure",FALSE
"MeFOSAA_binary_S","Smoking",10,508,56,452,,"binary analyte","No nicotine exposure","Nicotine exposure","High toxicant + No nicotine exposure",FALSE
"MeFOSAA_binary_S","Smoking",11,534,95,439,,"binary analyte","No nicotine exposure","Nicotine exposure","High toxicant + Nicotine exposure",FALSE
"MEHHP_ln_U","Diet",0,615,56,559,1.75534012727355,"median split used only for secondary RERI/joint-cell summaries","Better diet","Poor diet","Low toxicant + Better diet",FALSE
"MEHHP_ln_U","Diet",1,598,62,536,1.75534012727355,"median split used only for secondary RERI/joint-cell summaries","Better diet","Poor diet","Low toxicant + Poor diet",FALSE
"MEHHP_ln_U","Diet",10,614,65,549,1.75534012727355,"median split used only for secondary RERI/joint-cell summaries","Better diet","Poor diet","High toxicant + Better diet",FALSE
"MEHHP_ln_U","Diet",11,599,80,519,1.75534012727355,"median split used only for secondary RERI/joint-cell summaries","Better diet","Poor diet","High toxicant + Poor diet",FALSE
"MEHHP_ln_U","PhysicalActivity",0,731,60,671,1.75534012727355,"median split used only for secondary RERI/joint-cell summaries","Ideal activity","Not ideal activity","Low toxicant + Ideal activity",FALSE
"MEHHP_ln_U","PhysicalActivity",1,482,58,424,1.75534012727355,"median split used only for secondary RERI/joint-cell summaries","Ideal activity","Not ideal activity","Low toxicant + Not ideal activity",FALSE
"MEHHP_ln_U","PhysicalActivity",10,696,66,630,1.75534012727355,"median split used only for secondary RERI/joint-cell summaries","Ideal activity","Not ideal activity","High toxicant + Ideal activity",FALSE
"MEHHP_ln_U","PhysicalActivity",11,517,79,438,1.75534012727355,"median split used only for secondary RERI/joint-cell summaries","Ideal activity","Not ideal activity","High toxicant + Not ideal activity",FALSE
"MEHHP_ln_U","Sleep",0,672,68,604,1.75578595877879,"median split used only for secondary RERI/joint-cell summaries","Ideal sleep","Not ideal sleep","Low toxicant + Ideal sleep",FALSE
"MEHHP_ln_U","Sleep",1,536,49,487,1.75578595877879,"median split used only for secondary RERI/joint-cell summaries","Ideal sleep","Not ideal sleep","Low toxicant + Not ideal sleep",FALSE
"MEHHP_ln_U","Sleep",10,650,58,592,1.75578595877879,"median split used only for secondary RERI/joint-cell summaries","Ideal sleep","Not ideal sleep","High toxicant + Ideal sleep",FALSE
"MEHHP_ln_U","Sleep",11,558,85,473,1.75578595877879,"median split used only for secondary RERI/joint-cell summaries","Ideal sleep","Not ideal sleep","High toxicant + Not ideal sleep",FALSE
"MEHHP_ln_U","Smoking",0,640,39,601,1.75514972361549,"median split used only for secondary RERI/joint-cell summaries","No nicotine exposure","Nicotine exposure","Low toxicant + No nicotine exposure",FALSE
"MEHHP_ln_U","Smoking",1,571,79,492,1.75514972361549,"median split used only for secondary RERI/joint-cell summaries","No nicotine exposure","Nicotine exposure","Low toxicant + Nicotine exposure",FALSE
"MEHHP_ln_U","Smoking",10,681,61,620,1.75514972361549,"median split used only for secondary RERI/joint-cell summaries","No nicotine exposure","Nicotine exposure","High toxicant + No nicotine exposure",FALSE
"MEHHP_ln_U","Smoking",11,531,84,447,1.75514972361549,"median split used only for secondary RERI/joint-cell summaries","No nicotine exposure","Nicotine exposure","High toxicant + Nicotine exposure",FALSE
"MEHP_binary_U","Diet",0,516,54,462,,"binary analyte","Better diet","Poor diet","Low toxicant + Better diet",FALSE
"MEHP_binary_U","Diet",1,479,67,412,,"binary analyte","Better diet","Poor diet","Low toxicant + Poor diet",FALSE
"MEHP_binary_U","Diet",10,713,67,646,,"binary analyte","Better diet","Poor diet","High toxicant + Better diet",FALSE
"MEHP_binary_U","Diet",11,719,75,644,,"binary analyte","Better diet","Poor diet","High toxicant + Poor diet",FALSE
"MEHP_binary_U","PhysicalActivity",0,576,58,518,,"binary analyte","Ideal activity","Not ideal activity","Low toxicant + Ideal activity",FALSE
"MEHP_binary_U","PhysicalActivity",1,419,63,356,,"binary analyte","Ideal activity","Not ideal activity","Low toxicant + Not ideal activity",FALSE
"MEHP_binary_U","PhysicalActivity",10,852,68,784,,"binary analyte","Ideal activity","Not ideal activity","High toxicant + Ideal activity",FALSE
"MEHP_binary_U","PhysicalActivity",11,580,74,506,,"binary analyte","Ideal activity","Not ideal activity","High toxicant + Not ideal activity",FALSE
"MEHP_binary_U","Sleep",0,561,68,493,,"binary analyte","Ideal sleep","Not ideal sleep","Low toxicant + Ideal sleep",FALSE
"MEHP_binary_U","Sleep",1,431,52,379,,"binary analyte","Ideal sleep","Not ideal sleep","Low toxicant + Not ideal sleep",FALSE
"MEHP_binary_U","Sleep",10,761,58,703,,"binary analyte","Ideal sleep","Not ideal sleep","High toxicant + Ideal sleep",FALSE
"MEHP_binary_U","Sleep",11,664,82,582,,"binary analyte","Ideal sleep","Not ideal sleep","High toxicant + Not ideal sleep",FALSE
"MEHP_binary_U","Smoking",0,522,48,474,,"binary analyte","No nicotine exposure","Nicotine exposure","Low toxicant + No nicotine exposure",FALSE
"MEHP_binary_U","Smoking",1,473,73,400,,"binary analyte","No nicotine exposure","Nicotine exposure","Low toxicant + Nicotine exposure",FALSE
"MEHP_binary_U","Smoking",10,799,52,747,,"binary analyte","No nicotine exposure","Nicotine exposure","High toxicant + No nicotine exposure",FALSE
"MEHP_binary_U","Smoking",11,630,90,540,,"binary analyte","No nicotine exposure","Nicotine exposure","High toxicant + Nicotine exposure",FALSE
"MEOHP_ln_U","Diet",0,611,48,563,1.32354475065626,"median split used only for secondary RERI/joint-cell summaries","Better diet","Poor diet","Low toxicant + Better diet",FALSE
"MEOHP_ln_U","Diet",1,602,59,543,1.32354475065626,"median split used only for secondary RERI/joint-cell summaries","Better diet","Poor diet","Low toxicant + Poor diet",FALSE
"MEOHP_ln_U","Diet",10,618,73,545,1.32354475065626,"median split used only for secondary RERI/joint-cell summaries","Better diet","Poor diet","High toxicant + Better diet",FALSE
"MEOHP_ln_U","Diet",11,595,83,512,1.32354475065626,"median split used only for secondary RERI/joint-cell summaries","Better diet","Poor diet","High toxicant + Poor diet",FALSE
"MEOHP_ln_U","PhysicalActivity",0,728,52,676,1.32354475065626,"median split used only for secondary RERI/joint-cell summaries","Ideal activity","Not ideal activity","Low toxicant + Ideal activity",FALSE
"MEOHP_ln_U","PhysicalActivity",1,485,55,430,1.32354475065626,"median split used only for secondary RERI/joint-cell summaries","Ideal activity","Not ideal activity","Low toxicant + Not ideal activity",FALSE
"MEOHP_ln_U","PhysicalActivity",10,699,74,625,1.32354475065626,"median split used only for secondary RERI/joint-cell summaries","Ideal activity","Not ideal activity","High toxicant + Ideal activity",FALSE
"MEOHP_ln_U","PhysicalActivity",11,514,82,432,1.32354475065626,"median split used only for secondary RERI/joint-cell summaries","Ideal activity","Not ideal activity","High toxicant + Not ideal activity",FALSE
"MEOHP_ln_U","Sleep",0,672,61,611,1.32612243286086,"median split used only for secondary RERI/joint-cell summaries","Ideal sleep","Not ideal sleep","Low toxicant + Ideal sleep",FALSE
"MEOHP_ln_U","Sleep",1,536,46,490,1.32612243286086,"median split used only for secondary RERI/joint-cell summaries","Ideal sleep","Not ideal sleep","Low toxicant + Not ideal sleep",FALSE
"MEOHP_ln_U","Sleep",10,650,65,585,1.32612243286086,"median split used only for secondary RERI/joint-cell summaries","Ideal sleep","Not ideal sleep","High toxicant + Ideal sleep",FALSE
"MEOHP_ln_U","Sleep",11,558,88,470,1.32612243286086,"median split used only for secondary RERI/joint-cell summaries","Ideal sleep","Not ideal sleep","High toxicant + Not ideal sleep",FALSE
"MEOHP_ln_U","Smoking",0,640,32,608,1.32175583998232,"median split used only for secondary RERI/joint-cell summaries","No nicotine exposure","Nicotine exposure","Low toxicant + No nicotine exposure",FALSE
"MEOHP_ln_U","Smoking",1,567,75,492,1.32175583998232,"median split used only for secondary RERI/joint-cell summaries","No nicotine exposure","Nicotine exposure","Low toxicant + Nicotine exposure",FALSE
"MEOHP_ln_U","Smoking",10,681,68,613,1.32175583998232,"median split used only for secondary RERI/joint-cell summaries","No nicotine exposure","Nicotine exposure","High toxicant + No nicotine exposure",FALSE
"MEOHP_ln_U","Smoking",11,535,88,447,1.32175583998232,"median split used only for secondary RERI/joint-cell summaries","No nicotine exposure","Nicotine exposure","High toxicant + Nicotine exposure",FALSE
"MeP_ln_U","Diet",0,563,62,501,3.95457146100827,"median split used only for secondary RERI/joint-cell summaries","Better diet","Poor diet","Low toxicant + Better diet",FALSE
"MeP_ln_U","Diet",1,650,78,572,3.95457146100827,"median split used only for secondary RERI/joint-cell summaries","Better diet","Poor diet","Low toxicant + Poor diet",FALSE
"MeP_ln_U","Diet",10,666,59,607,3.95457146100827,"median split used only for secondary RERI/joint-cell summaries","Better diet","Poor diet","High toxicant + Better diet",FALSE
"MeP_ln_U","Diet",11,547,64,483,3.95457146100827,"median split used only for secondary RERI/joint-cell summaries","Better diet","Poor diet","High toxicant + Poor diet",FALSE
"MeP_ln_U","PhysicalActivity",0,725,66,659,3.95457146100827,"median split used only for secondary RERI/joint-cell summaries","Ideal activity","Not ideal activity","Low toxicant + Ideal activity",FALSE
"MeP_ln_U","PhysicalActivity",1,488,74,414,3.95457146100827,"median split used only for secondary RERI/joint-cell summaries","Ideal activity","Not ideal activity","Low toxicant + Not ideal activity",FALSE
"MeP_ln_U","PhysicalActivity",10,702,60,642,3.95457146100827,"median split used only for secondary RERI/joint-cell summaries","Ideal activity","Not ideal activity","High toxicant + Ideal activity",FALSE
"MeP_ln_U","PhysicalActivity",11,511,63,448,3.95457146100827,"median split used only for secondary RERI/joint-cell summaries","Ideal activity","Not ideal activity","High toxicant + Not ideal activity",FALSE
"MeP_ln_U","Sleep",0,666,64,602,3.95778261512903,"median split used only for secondary RERI/joint-cell summaries","Ideal sleep","Not ideal sleep","Low toxicant + Ideal sleep",FALSE
"MeP_ln_U","Sleep",1,542,73,469,3.95778261512903,"median split used only for secondary RERI/joint-cell summaries","Ideal sleep","Not ideal sleep","Low toxicant + Not ideal sleep",FALSE
"MeP_ln_U","Sleep",10,656,62,594,3.95778261512903,"median split used only for secondary RERI/joint-cell summaries","Ideal sleep","Not ideal sleep","High toxicant + Ideal sleep",FALSE
"MeP_ln_U","Sleep",11,552,61,491,3.95778261512903,"median split used only for secondary RERI/joint-cell summaries","Ideal sleep","Not ideal sleep","High toxicant + Not ideal sleep",FALSE
"MeP_ln_U","Smoking",0,600,46,554,3.95310303117161,"median split used only for secondary RERI/joint-cell summaries","No nicotine exposure","Nicotine exposure","Low toxicant + No nicotine exposure",FALSE
"MeP_ln_U","Smoking",1,611,94,517,3.95310303117161,"median split used only for secondary RERI/joint-cell summaries","No nicotine exposure","Nicotine exposure","Low toxicant + Nicotine exposure",FALSE
"MeP_ln_U","Smoking",10,721,54,667,3.95310303117161,"median split used only for secondary RERI/joint-cell summaries","No nicotine exposure","Nicotine exposure","High toxicant + No nicotine exposure",FALSE
"MeP_ln_U","Smoking",11,491,69,422,3.95310303117161,"median split used only for secondary RERI/joint-cell summaries","No nicotine exposure","Nicotine exposure","High toxicant + Nicotine exposure",FALSE
"MEP_ln_U","Diet",0,598,53,545,3.5284318410363,"median split used only for secondary RERI/joint-cell summaries","Better diet","Poor diet","Low toxicant + Better diet",FALSE
"MEP_ln_U","Diet",1,615,73,542,3.5284318410363,"median split used only for secondary RERI/joint-cell summaries","Better diet","Poor diet","Low toxicant + Poor diet",FALSE
"MEP_ln_U","Diet",10,631,68,563,3.5284318410363,"median split used only for secondary RERI/joint-cell summaries","Better diet","Poor diet","High toxicant + Better diet",FALSE
"MEP_ln_U","Diet",11,582,69,513,3.5284318410363,"median split used only for secondary RERI/joint-cell summaries","Better diet","Poor diet","High toxicant + Poor diet",FALSE
"MEP_ln_U","PhysicalActivity",0,718,60,658,3.5284318410363,"median split used only for secondary RERI/joint-cell summaries","Ideal activity","Not ideal activity","Low toxicant + Ideal activity",FALSE
"MEP_ln_U","PhysicalActivity",1,495,66,429,3.5284318410363,"median split used only for secondary RERI/joint-cell summaries","Ideal activity","Not ideal activity","Low toxicant + Not ideal activity",FALSE
"MEP_ln_U","PhysicalActivity",10,709,66,643,3.5284318410363,"median split used only for secondary RERI/joint-cell summaries","Ideal activity","Not ideal activity","High toxicant + Ideal activity",FALSE
"MEP_ln_U","PhysicalActivity",11,504,71,433,3.5284318410363,"median split used only for secondary RERI/joint-cell summaries","Ideal activity","Not ideal activity","High toxicant + Not ideal activity",FALSE
"MEP_ln_U","Sleep",0,684,67,617,3.52716842746472,"median split used only for secondary RERI/joint-cell summaries","Ideal sleep","Not ideal sleep","Low toxicant + Ideal sleep",FALSE
"MEP_ln_U","Sleep",1,524,59,465,3.52716842746472,"median split used only for secondary RERI/joint-cell summaries","Ideal sleep","Not ideal sleep","Low toxicant + Not ideal sleep",FALSE
"MEP_ln_U","Sleep",10,638,59,579,3.52716842746472,"median split used only for secondary RERI/joint-cell summaries","Ideal sleep","Not ideal sleep","High toxicant + Ideal sleep",FALSE
"MEP_ln_U","Sleep",11,570,75,495,3.52716842746472,"median split used only for secondary RERI/joint-cell summaries","Ideal sleep","Not ideal sleep","High toxicant + Not ideal sleep",FALSE
"MEP_ln_U","Smoking",0,656,41,615,3.52749110698645,"median split used only for secondary RERI/joint-cell summaries","No nicotine exposure","Nicotine exposure","Low toxicant + No nicotine exposure",FALSE
"MEP_ln_U","Smoking",1,555,85,470,3.52749110698645,"median split used only for secondary RERI/joint-cell summaries","No nicotine exposure","Nicotine exposure","Low toxicant + Nicotine exposure",FALSE
"MEP_ln_U","Smoking",10,665,59,606,3.52749110698645,"median split used only for secondary RERI/joint-cell summaries","No nicotine exposure","Nicotine exposure","High toxicant + No nicotine exposure",FALSE
"MEP_ln_U","Smoking",11,547,78,469,3.52749110698645,"median split used only for secondary RERI/joint-cell summaries","No nicotine exposure","Nicotine exposure","High toxicant + Nicotine exposure",FALSE
"MHBP_ln_U","Diet",0,582,63,519,-0.209720530982069,"median split used only for secondary RERI/joint-cell summaries","Better diet","Poor diet","Low toxicant + Better diet",FALSE
"MHBP_ln_U","Diet",1,578,63,515,-0.209720530982069,"median split used only for secondary RERI/joint-cell summaries","Better diet","Poor diet","Low toxicant + Poor diet",FALSE
"MHBP_ln_U","Diet",10,591,55,536,-0.209720530982069,"median split used only for secondary RERI/joint-cell summaries","Better diet","Poor diet","High toxicant + Better diet",FALSE
"MHBP_ln_U","Diet",11,572,75,497,-0.209720530982069,"median split used only for secondary RERI/joint-cell summaries","Better diet","Poor diet","High toxicant + Poor diet",FALSE
"MHBP_ln_U","PhysicalActivity",0,706,58,648,-0.209720530982069,"median split used only for secondary RERI/joint-cell summaries","Ideal activity","Not ideal activity","Low toxicant + Ideal activity",FALSE
"MHBP_ln_U","PhysicalActivity",1,454,68,386,-0.209720530982069,"median split used only for secondary RERI/joint-cell summaries","Ideal activity","Not ideal activity","Low toxicant + Not ideal activity",FALSE
"MHBP_ln_U","PhysicalActivity",10,651,64,587,-0.209720530982069,"median split used only for secondary RERI/joint-cell summaries","Ideal activity","Not ideal activity","High toxicant + Ideal activity",FALSE
"MHBP_ln_U","PhysicalActivity",11,512,66,446,-0.209720530982069,"median split used only for secondary RERI/joint-cell summaries","Ideal activity","Not ideal activity","High toxicant + Not ideal activity",FALSE
"MHBP_ln_U","Sleep",0,643,69,574,-0.209720530982069,"median split used only for secondary RERI/joint-cell summaries","Ideal sleep","Not ideal sleep","Low toxicant + Ideal sleep",FALSE
"MHBP_ln_U","Sleep",1,512,55,457,-0.209720530982069,"median split used only for secondary RERI/joint-cell summaries","Ideal sleep","Not ideal sleep","Low toxicant + Not ideal sleep",FALSE
"MHBP_ln_U","Sleep",10,629,54,575,-0.209720530982069,"median split used only for secondary RERI/joint-cell summaries","Ideal sleep","Not ideal sleep","High toxicant + Ideal sleep",FALSE
"MHBP_ln_U","Sleep",11,529,75,454,-0.209720530982069,"median split used only for secondary RERI/joint-cell summaries","Ideal sleep","Not ideal sleep","High toxicant + Not ideal sleep",FALSE
"MHBP_ln_U","Smoking",0,602,42,560,-0.209720530982069,"median split used only for secondary RERI/joint-cell summaries","No nicotine exposure","Nicotine exposure","Low toxicant + No nicotine exposure",FALSE
"MHBP_ln_U","Smoking",1,556,84,472,-0.209720530982069,"median split used only for secondary RERI/joint-cell summaries","No nicotine exposure","Nicotine exposure","Low toxicant + Nicotine exposure",FALSE
"MHBP_ln_U","Smoking",10,656,55,601,-0.209720530982069,"median split used only for secondary RERI/joint-cell summaries","No nicotine exposure","Nicotine exposure","High toxicant + No nicotine exposure",FALSE
"MHBP_ln_U","Smoking",11,506,75,431,-0.209720530982069,"median split used only for secondary RERI/joint-cell summaries","No nicotine exposure","Nicotine exposure","High toxicant + Nicotine exposure",FALSE
"MHNCH_binary_U","Diet",0,824,95,729,,"binary analyte","Better diet","Poor diet","Low toxicant + Better diet",FALSE
"MHNCH_binary_U","Diet",1,734,99,635,,"binary analyte","Better diet","Poor diet","Low toxicant + Poor diet",FALSE
"MHNCH_binary_U","Diet",10,405,26,379,,"binary analyte","Better diet","Poor diet","High toxicant + Better diet",FALSE
"MHNCH_binary_U","Diet",11,464,43,421,,"binary analyte","Better diet","Poor diet","High toxicant + Poor diet",FALSE
"MHNCH_binary_U","PhysicalActivity",0,888,89,799,,"binary analyte","Ideal activity","Not ideal activity","Low toxicant + Ideal activity",FALSE
"MHNCH_binary_U","PhysicalActivity",1,670,105,565,,"binary analyte","Ideal activity","Not ideal activity","Low toxicant + Not ideal activity",FALSE
"MHNCH_binary_U","PhysicalActivity",10,540,37,503,,"binary analyte","Ideal activity","Not ideal activity","High toxicant + Ideal activity",FALSE
"MHNCH_binary_U","PhysicalActivity",11,329,32,297,,"binary analyte","Ideal activity","Not ideal activity","High toxicant + Not ideal activity",FALSE
"MHNCH_binary_U","Sleep",0,847,94,753,,"binary analyte","Ideal sleep","Not ideal sleep","Low toxicant + Ideal sleep",FALSE
"MHNCH_binary_U","Sleep",1,706,98,608,,"binary analyte","Ideal sleep","Not ideal sleep","Low toxicant + Not ideal sleep",FALSE
"MHNCH_binary_U","Sleep",10,475,32,443,,"binary analyte","Ideal sleep","Not ideal sleep","High toxicant + Ideal sleep",FALSE
"MHNCH_binary_U","Sleep",11,389,36,353,,"binary analyte","Ideal sleep","Not ideal sleep","High toxicant + Not ideal sleep",FALSE
"MHNCH_binary_U","Smoking",0,838,73,765,,"binary analyte","No nicotine exposure","Nicotine exposure","Low toxicant + No nicotine exposure",FALSE
"MHNCH_binary_U","Smoking",1,719,121,598,,"binary analyte","No nicotine exposure","Nicotine exposure","Low toxicant + Nicotine exposure",FALSE
"MHNCH_binary_U","Smoking",10,483,27,456,,"binary analyte","No nicotine exposure","Nicotine exposure","High toxicant + No nicotine exposure",FALSE
"MHNCH_binary_U","Smoking",11,384,42,342,,"binary analyte","No nicotine exposure","Nicotine exposure","High toxicant + Nicotine exposure",FALSE
"MiBP_ln_U","Diet",0,633,54,579,2.03860200995068,"median split used only for secondary RERI/joint-cell summaries","Better diet","Poor diet","Low toxicant + Better diet",FALSE
"MiBP_ln_U","Diet",1,580,67,513,2.03860200995068,"median split used only for secondary RERI/joint-cell summaries","Better diet","Poor diet","Low toxicant + Poor diet",FALSE
"MiBP_ln_U","Diet",10,596,67,529,2.03860200995068,"median split used only for secondary RERI/joint-cell summaries","Better diet","Poor diet","High toxicant + Better diet",FALSE
"MiBP_ln_U","Diet",11,617,75,542,2.03860200995068,"median split used only for secondary RERI/joint-cell summaries","Better diet","Poor diet","High toxicant + Poor diet",FALSE
"MiBP_ln_U","PhysicalActivity",0,711,50,661,2.03860200995068,"median split used only for secondary RERI/joint-cell summaries","Ideal activity","Not ideal activity","Low toxicant + Ideal activity",FALSE
"MiBP_ln_U","PhysicalActivity",1,502,71,431,2.03860200995068,"median split used only for secondary RERI/joint-cell summaries","Ideal activity","Not ideal activity","Low toxicant + Not ideal activity",FALSE
"MiBP_ln_U","PhysicalActivity",10,716,76,640,2.03860200995068,"median split used only for secondary RERI/joint-cell summaries","Ideal activity","Not ideal activity","High toxicant + Ideal activity",FALSE
"MiBP_ln_U","PhysicalActivity",11,497,66,431,2.03860200995068,"median split used only for secondary RERI/joint-cell summaries","Ideal activity","Not ideal activity","High toxicant + Not ideal activity",FALSE
"MiBP_ln_U","Sleep",0,684,64,620,2.03835849356939,"median split used only for secondary RERI/joint-cell summaries","Ideal sleep","Not ideal sleep","Low toxicant + Ideal sleep",FALSE
"MiBP_ln_U","Sleep",1,524,56,468,2.03835849356939,"median split used only for secondary RERI/joint-cell summaries","Ideal sleep","Not ideal sleep","Low toxicant + Not ideal sleep",FALSE
"MiBP_ln_U","Sleep",10,638,62,576,2.03835849356939,"median split used only for secondary RERI/joint-cell summaries","Ideal sleep","Not ideal sleep","High toxicant + Ideal sleep",FALSE
"MiBP_ln_U","Sleep",11,570,78,492,2.03835849356939,"median split used only for secondary RERI/joint-cell summaries","Ideal sleep","Not ideal sleep","High toxicant + Not ideal sleep",FALSE
"MiBP_ln_U","Smoking",0,660,42,618,2.03877050194891,"median split used only for secondary RERI/joint-cell summaries","No nicotine exposure","Nicotine exposure","Low toxicant + No nicotine exposure",FALSE
"MiBP_ln_U","Smoking",1,551,79,472,2.03877050194891,"median split used only for secondary RERI/joint-cell summaries","No nicotine exposure","Nicotine exposure","Low toxicant + Nicotine exposure",FALSE
"MiBP_ln_U","Smoking",10,661,58,603,2.03877050194891,"median split used only for secondary RERI/joint-cell summaries","No nicotine exposure","Nicotine exposure","High toxicant + No nicotine exposure",FALSE
"MiBP_ln_U","Smoking",11,551,84,467,2.03877050194891,"median split used only for secondary RERI/joint-cell summaries","No nicotine exposure","Nicotine exposure","High toxicant + Nicotine exposure",FALSE
"MINP_binary_U","Diet",0,841,84,757,,"binary analyte","Better diet","Poor diet","Low toxicant + Better diet",FALSE
"MINP_binary_U","Diet",1,814,107,707,,"binary analyte","Better diet","Poor diet","Low toxicant + Poor diet",FALSE
"MINP_binary_U","Diet",10,388,37,351,,"binary analyte","Better diet","Poor diet","High toxicant + Better diet",FALSE
"MINP_binary_U","Diet",11,384,35,349,,"binary analyte","Better diet","Poor diet","High toxicant + Poor diet",FALSE
"MINP_binary_U","PhysicalActivity",0,962,90,872,,"binary analyte","Ideal activity","Not ideal activity","Low toxicant + Ideal activity",FALSE
"MINP_binary_U","PhysicalActivity",1,693,101,592,,"binary analyte","Ideal activity","Not ideal activity","Low toxicant + Not ideal activity",FALSE
"MINP_binary_U","PhysicalActivity",10,466,36,430,,"binary analyte","Ideal activity","Not ideal activity","High toxicant + Ideal activity",FALSE
"MINP_binary_U","PhysicalActivity",11,306,36,270,,"binary analyte","Ideal activity","Not ideal activity","High toxicant + Not ideal activity",FALSE
"MINP_binary_U","Sleep",0,919,96,823,,"binary analyte","Ideal sleep","Not ideal sleep","Low toxicant + Ideal sleep",FALSE
"MINP_binary_U","Sleep",1,729,94,635,,"binary analyte","Ideal sleep","Not ideal sleep","Low toxicant + Not ideal sleep",FALSE
"MINP_binary_U","Sleep",10,403,30,373,,"binary analyte","Ideal sleep","Not ideal sleep","High toxicant + Ideal sleep",FALSE
"MINP_binary_U","Sleep",11,366,40,326,,"binary analyte","Ideal sleep","Not ideal sleep","High toxicant + Not ideal sleep",FALSE
"MINP_binary_U","Smoking",0,877,74,803,,"binary analyte","No nicotine exposure","Nicotine exposure","Low toxicant + No nicotine exposure",FALSE
"MINP_binary_U","Smoking",1,777,117,660,,"binary analyte","No nicotine exposure","Nicotine exposure","Low toxicant + Nicotine exposure",FALSE
"MINP_binary_U","Smoking",10,444,26,418,,"binary analyte","No nicotine exposure","Nicotine exposure","High toxicant + No nicotine exposure",FALSE
"MINP_binary_U","Smoking",11,326,46,280,,"binary analyte","No nicotine exposure","Nicotine exposure","High toxicant + Nicotine exposure",FALSE
"MMA_binary_U","Diet",0,435,45,390,,"binary analyte","Better diet","Poor diet","Low toxicant + Better diet",FALSE
"MMA_binary_U","Diet",1,497,56,441,,"binary analyte","Better diet","Poor diet","Low toxicant + Poor diet",FALSE
"MMA_binary_U","Diet",10,839,89,750,,"binary analyte","Better diet","Poor diet","High toxicant + Better diet",FALSE
"MMA_binary_U","Diet",11,737,74,663,,"binary analyte","Better diet","Poor diet","High toxicant + Poor diet",FALSE
"MMA_binary_U","PhysicalActivity",0,532,39,493,,"binary analyte","Ideal activity","Not ideal activity","Low toxicant + Ideal activity",FALSE
"MMA_binary_U","PhysicalActivity",1,400,62,338,,"binary analyte","Ideal activity","Not ideal activity","Low toxicant + Not ideal activity",FALSE
"MMA_binary_U","PhysicalActivity",10,959,69,890,,"binary analyte","Ideal activity","Not ideal activity","High toxicant + Ideal activity",FALSE
"MMA_binary_U","PhysicalActivity",11,617,94,523,,"binary analyte","Ideal activity","Not ideal activity","High toxicant + Not ideal activity",FALSE
"MMA_binary_U","Sleep",0,515,52,463,,"binary analyte","Ideal sleep","Not ideal sleep","Low toxicant + Ideal sleep",FALSE
"MMA_binary_U","Sleep",1,415,48,367,,"binary analyte","Ideal sleep","Not ideal sleep","Low toxicant + Not ideal sleep",FALSE
"MMA_binary_U","Sleep",10,859,73,786,,"binary analyte","Ideal sleep","Not ideal sleep","High toxicant + Ideal sleep",FALSE
"MMA_binary_U","Sleep",11,714,89,625,,"binary analyte","Ideal sleep","Not ideal sleep","High toxicant + Not ideal sleep",FALSE
"MMA_binary_U","Smoking",0,512,35,477,,"binary analyte","No nicotine exposure","Nicotine exposure","Low toxicant + No nicotine exposure",FALSE
"MMA_binary_U","Smoking",1,420,66,354,,"binary analyte","No nicotine exposure","Nicotine exposure","Low toxicant + Nicotine exposure",FALSE
"MMA_binary_U","Smoking",10,841,54,787,,"binary analyte","No nicotine exposure","Nicotine exposure","High toxicant + No nicotine exposure",FALSE
"MMA_binary_U","Smoking",11,735,109,626,,"binary analyte","No nicotine exposure","Nicotine exposure","High toxicant + Nicotine exposure",FALSE
"Mn_binary_U","Diet",0,928,89,839,,"binary analyte","Better diet","Poor diet","Low toxicant + Better diet",FALSE
"Mn_binary_U","Diet",1,875,92,783,,"binary analyte","Better diet","Poor diet","Low toxicant + Poor diet",FALSE
"Mn_binary_U","Diet",10,347,43,304,,"binary analyte","Better diet","Poor diet","High toxicant + Better diet",FALSE
"Mn_binary_U","Diet",11,354,38,316,,"binary analyte","Better diet","Poor diet","High toxicant + Poor diet",FALSE
"Mn_binary_U","PhysicalActivity",0,1107,80,1027,,"binary analyte","Ideal activity","Not ideal activity","Low toxicant + Ideal activity",FALSE
"Mn_binary_U","PhysicalActivity",1,696,101,595,,"binary analyte","Ideal activity","Not ideal activity","Low toxicant + Not ideal activity",FALSE
"Mn_binary_U","PhysicalActivity",10,383,27,356,,"binary analyte","Ideal activity","Not ideal activity","High toxicant + Ideal activity",FALSE
"Mn_binary_U","PhysicalActivity",11,318,54,264,,"binary analyte","Ideal activity","Not ideal activity","High toxicant + Not ideal activity",FALSE
"Mn_binary_U","Sleep",0,998,86,912,,"binary analyte","Ideal sleep","Not ideal sleep","Low toxicant + Ideal sleep",FALSE
"Mn_binary_U","Sleep",1,802,95,707,,"binary analyte","Ideal sleep","Not ideal sleep","Low toxicant + Not ideal sleep",FALSE
"Mn_binary_U","Sleep",10,373,39,334,,"binary analyte","Ideal sleep","Not ideal sleep","High toxicant + Ideal sleep",FALSE
"Mn_binary_U","Sleep",11,326,40,286,,"binary analyte","Ideal sleep","Not ideal sleep","High toxicant + Not ideal sleep",FALSE
"Mn_binary_U","Smoking",0,959,53,906,,"binary analyte","No nicotine exposure","Nicotine exposure","Low toxicant + No nicotine exposure",FALSE
"Mn_binary_U","Smoking",1,844,128,716,,"binary analyte","No nicotine exposure","Nicotine exposure","Low toxicant + Nicotine exposure",FALSE
"Mn_binary_U","Smoking",10,390,35,355,,"binary analyte","No nicotine exposure","Nicotine exposure","High toxicant + No nicotine exposure",FALSE
"Mn_binary_U","Smoking",11,311,46,265,,"binary analyte","No nicotine exposure","Nicotine exposure","High toxicant + Nicotine exposure",FALSE
"Mn_ln_S","Diet",0,921,112,809,5.13367854460639,"median split used only for secondary RERI/joint-cell summaries","Better diet","Poor diet","Low toxicant + Better diet",FALSE
"Mn_ln_S","Diet",1,922,106,816,5.13367854460639,"median split used only for secondary RERI/joint-cell summaries","Better diet","Poor diet","Low toxicant + Poor diet",FALSE
"Mn_ln_S","Diet",10,963,90,873,5.13367854460639,"median split used only for secondary RERI/joint-cell summaries","Better diet","Poor diet","High toxicant + Better diet",FALSE
"Mn_ln_S","Diet",11,884,86,798,5.13367854460639,"median split used only for secondary RERI/joint-cell summaries","Better diet","Poor diet","High toxicant + Poor diet",FALSE
"Mn_ln_S","PhysicalActivity",0,1106,93,1013,5.13367854460639,"median split used only for secondary RERI/joint-cell summaries","Ideal activity","Not ideal activity","Low toxicant + Ideal activity",FALSE
"Mn_ln_S","PhysicalActivity",1,737,125,612,5.13367854460639,"median split used only for secondary RERI/joint-cell summaries","Ideal activity","Not ideal activity","Low toxicant + Not ideal activity",FALSE
"Mn_ln_S","PhysicalActivity",10,1075,69,1006,5.13367854460639,"median split used only for secondary RERI/joint-cell summaries","Ideal activity","Not ideal activity","High toxicant + Ideal activity",FALSE
"Mn_ln_S","PhysicalActivity",11,772,107,665,5.13367854460639,"median split used only for secondary RERI/joint-cell summaries","Ideal activity","Not ideal activity","High toxicant + Not ideal activity",FALSE
"Mn_ln_S","Sleep",0,1012,102,910,5.13367854460639,"median split used only for secondary RERI/joint-cell summaries","Ideal sleep","Not ideal sleep","Low toxicant + Ideal sleep",FALSE
"Mn_ln_S","Sleep",1,828,116,712,5.13367854460639,"median split used only for secondary RERI/joint-cell summaries","Ideal sleep","Not ideal sleep","Low toxicant + Not ideal sleep",FALSE
"Mn_ln_S","Sleep",10,1011,85,926,5.13367854460639,"median split used only for secondary RERI/joint-cell summaries","Ideal sleep","Not ideal sleep","High toxicant + Ideal sleep",FALSE
"Mn_ln_S","Sleep",11,832,89,743,5.13367854460639,"median split used only for secondary RERI/joint-cell summaries","Ideal sleep","Not ideal sleep","High toxicant + Not ideal sleep",FALSE
"Mn_ln_S","Smoking",0,927,75,852,5.13367854460639,"median split used only for secondary RERI/joint-cell summaries","No nicotine exposure","Nicotine exposure","Low toxicant + No nicotine exposure",FALSE
"Mn_ln_S","Smoking",1,916,143,773,5.13367854460639,"median split used only for secondary RERI/joint-cell summaries","No nicotine exposure","Nicotine exposure","Low toxicant + Nicotine exposure",FALSE
"Mn_ln_S","Smoking",10,1077,65,1012,5.13367854460639,"median split used only for secondary RERI/joint-cell summaries","No nicotine exposure","Nicotine exposure","High toxicant + No nicotine exposure",FALSE
"Mn_ln_S","Smoking",11,770,111,659,5.13367854460639,"median split used only for secondary RERI/joint-cell summaries","No nicotine exposure","Nicotine exposure","High toxicant + Nicotine exposure",FALSE
"MnBP_ln_U","Diet",0,612,53,559,2.24671008635582,"median split used only for secondary RERI/joint-cell summaries","Better diet","Poor diet","Low toxicant + Better diet",FALSE
"MnBP_ln_U","Diet",1,601,56,545,2.24671008635582,"median split used only for secondary RERI/joint-cell summaries","Better diet","Poor diet","Low toxicant + Poor diet",FALSE
"MnBP_ln_U","Diet",10,617,68,549,2.24671008635582,"median split used only for secondary RERI/joint-cell summaries","Better diet","Poor diet","High toxicant + Better diet",FALSE
"MnBP_ln_U","Diet",11,596,86,510,2.24671008635582,"median split used only for secondary RERI/joint-cell summaries","Better diet","Poor diet","High toxicant + Poor diet",FALSE
"MnBP_ln_U","PhysicalActivity",0,736,51,685,2.24671008635582,"median split used only for secondary RERI/joint-cell summaries","Ideal activity","Not ideal activity","Low toxicant + Ideal activity",FALSE
"MnBP_ln_U","PhysicalActivity",1,477,58,419,2.24671008635582,"median split used only for secondary RERI/joint-cell summaries","Ideal activity","Not ideal activity","Low toxicant + Not ideal activity",FALSE
"MnBP_ln_U","PhysicalActivity",10,691,75,616,2.24671008635582,"median split used only for secondary RERI/joint-cell summaries","Ideal activity","Not ideal activity","High toxicant + Ideal activity",FALSE
"MnBP_ln_U","PhysicalActivity",11,522,79,443,2.24671008635582,"median split used only for secondary RERI/joint-cell summaries","Ideal activity","Not ideal activity","High toxicant + Not ideal activity",FALSE
"MnBP_ln_U","Sleep",0,679,57,622,2.24671008635582,"median split used only for secondary RERI/joint-cell summaries","Ideal sleep","Not ideal sleep","Low toxicant + Ideal sleep",FALSE
"MnBP_ln_U","Sleep",1,529,49,480,2.24671008635582,"median split used only for secondary RERI/joint-cell summaries","Ideal sleep","Not ideal sleep","Low toxicant + Not ideal sleep",FALSE
"MnBP_ln_U","Sleep",10,643,69,574,2.24671008635582,"median split used only for secondary RERI/joint-cell summaries","Ideal sleep","Not ideal sleep","High toxicant + Ideal sleep",FALSE
"MnBP_ln_U","Sleep",11,565,85,480,2.24671008635582,"median split used only for secondary RERI/joint-cell summaries","Ideal sleep","Not ideal sleep","High toxicant + Not ideal sleep",FALSE
"MnBP_ln_U","Smoking",0,660,38,622,2.246626439346,"median split used only for secondary RERI/joint-cell summaries","No nicotine exposure","Nicotine exposure","Low toxicant + No nicotine exposure",FALSE
"MnBP_ln_U","Smoking",1,551,71,480,2.246626439346,"median split used only for secondary RERI/joint-cell summaries","No nicotine exposure","Nicotine exposure","Low toxicant + Nicotine exposure",FALSE
"MnBP_ln_U","Smoking",10,661,62,599,2.246626439346,"median split used only for secondary RERI/joint-cell summaries","No nicotine exposure","Nicotine exposure","High toxicant + No nicotine exposure",FALSE
"MnBP_ln_U","Smoking",11,551,92,459,2.246626439346,"median split used only for secondary RERI/joint-cell summaries","No nicotine exposure","Nicotine exposure","High toxicant + Nicotine exposure",FALSE
"Mo_ln_U","Diet",0,573,50,523,3.60048447261441,"median split used only for secondary RERI/joint-cell summaries","Better diet","Poor diet","Low toxicant + Better diet",FALSE
"Mo_ln_U","Diet",1,677,79,598,3.60048447261441,"median split used only for secondary RERI/joint-cell summaries","Better diet","Poor diet","Low toxicant + Poor diet",FALSE
"Mo_ln_U","Diet",10,701,82,619,3.60048447261441,"median split used only for secondary RERI/joint-cell summaries","Better diet","Poor diet","High toxicant + Better diet",FALSE
"Mo_ln_U","Diet",11,550,51,499,3.60048447261441,"median split used only for secondary RERI/joint-cell summaries","Better diet","Poor diet","High toxicant + Poor diet",FALSE
"Mo_ln_U","PhysicalActivity",0,752,57,695,3.60048447261441,"median split used only for secondary RERI/joint-cell summaries","Ideal activity","Not ideal activity","Low toxicant + Ideal activity",FALSE
"Mo_ln_U","PhysicalActivity",1,498,72,426,3.60048447261441,"median split used only for secondary RERI/joint-cell summaries","Ideal activity","Not ideal activity","Low toxicant + Not ideal activity",FALSE
"Mo_ln_U","PhysicalActivity",10,736,50,686,3.60048447261441,"median split used only for secondary RERI/joint-cell summaries","Ideal activity","Not ideal activity","High toxicant + Ideal activity",FALSE
"Mo_ln_U","PhysicalActivity",11,515,83,432,3.60048447261441,"median split used only for secondary RERI/joint-cell summaries","Ideal activity","Not ideal activity","High toxicant + Not ideal activity",FALSE
"Mo_ln_U","Sleep",0,658,60,598,3.60044259902238,"median split used only for secondary RERI/joint-cell summaries","Ideal sleep","Not ideal sleep","Low toxicant + Ideal sleep",FALSE
"Mo_ln_U","Sleep",1,590,68,522,3.60044259902238,"median split used only for secondary RERI/joint-cell summaries","Ideal sleep","Not ideal sleep","Low toxicant + Not ideal sleep",FALSE
"Mo_ln_U","Sleep",10,711,65,646,3.60044259902238,"median split used only for secondary RERI/joint-cell summaries","Ideal sleep","Not ideal sleep","High toxicant + Ideal sleep",FALSE
"Mo_ln_U","Sleep",11,537,67,470,3.60044259902238,"median split used only for secondary RERI/joint-cell summaries","Ideal sleep","Not ideal sleep","High toxicant + Not ideal sleep",FALSE
"Mo_ln_U","Smoking",0,634,44,590,3.60048447261441,"median split used only for secondary RERI/joint-cell summaries","No nicotine exposure","Nicotine exposure","Low toxicant + No nicotine exposure",FALSE
"Mo_ln_U","Smoking",1,616,85,531,3.60048447261441,"median split used only for secondary RERI/joint-cell summaries","No nicotine exposure","Nicotine exposure","Low toxicant + Nicotine exposure",FALSE
"Mo_ln_U","Smoking",10,712,44,668,3.60048447261441,"median split used only for secondary RERI/joint-cell summaries","No nicotine exposure","Nicotine exposure","High toxicant + No nicotine exposure",FALSE
"Mo_ln_U","Smoking",11,539,89,450,3.60048447261441,"median split used only for secondary RERI/joint-cell summaries","No nicotine exposure","Nicotine exposure","High toxicant + Nicotine exposure",FALSE
"n_PFOA_ln_S","Diet",0,244,23,221,0.470003629245736,"median split used only for secondary RERI/joint-cell summaries","Better diet","Poor diet","Low toxicant + Better diet",FALSE
"n_PFOA_ln_S","Diet",1,308,40,268,0.470003629245736,"median split used only for secondary RERI/joint-cell summaries","Better diet","Poor diet","Low toxicant + Poor diet",FALSE
"n_PFOA_ln_S","Diet",10,294,30,264,0.470003629245736,"median split used only for secondary RERI/joint-cell summaries","Better diet","Poor diet","High toxicant + Better diet",FALSE
"n_PFOA_ln_S","Diet",11,260,36,224,0.470003629245736,"median split used only for secondary RERI/joint-cell summaries","Better diet","Poor diet","High toxicant + Poor diet",FALSE
"n_PFOA_ln_S","PhysicalActivity",0,337,32,305,0.470003629245736,"median split used only for secondary RERI/joint-cell summaries","Ideal activity","Not ideal activity","Low toxicant + Ideal activity",FALSE
"n_PFOA_ln_S","PhysicalActivity",1,215,31,184,0.470003629245736,"median split used only for secondary RERI/joint-cell summaries","Ideal activity","Not ideal activity","Low toxicant + Not ideal activity",FALSE
"n_PFOA_ln_S","PhysicalActivity",10,331,30,301,0.470003629245736,"median split used only for secondary RERI/joint-cell summaries","Ideal activity","Not ideal activity","High toxicant + Ideal activity",FALSE
"n_PFOA_ln_S","PhysicalActivity",11,223,36,187,0.470003629245736,"median split used only for secondary RERI/joint-cell summaries","Ideal activity","Not ideal activity","High toxicant + Not ideal activity",FALSE
"n_PFOA_ln_S","Sleep",0,297,27,270,0.470003629245736,"median split used only for secondary RERI/joint-cell summaries","Ideal sleep","Not ideal sleep","Low toxicant + Ideal sleep",FALSE
"n_PFOA_ln_S","Sleep",1,251,34,217,0.470003629245736,"median split used only for secondary RERI/joint-cell summaries","Ideal sleep","Not ideal sleep","Low toxicant + Not ideal sleep",FALSE
"n_PFOA_ln_S","Sleep",10,321,30,291,0.470003629245736,"median split used only for secondary RERI/joint-cell summaries","Ideal sleep","Not ideal sleep","High toxicant + Ideal sleep",FALSE
"n_PFOA_ln_S","Sleep",11,229,36,193,0.470003629245736,"median split used only for secondary RERI/joint-cell summaries","Ideal sleep","Not ideal sleep","High toxicant + Not ideal sleep",FALSE
"n_PFOA_ln_S","Smoking",0,311,26,285,0.470003629245736,"median split used only for secondary RERI/joint-cell summaries","No nicotine exposure","Nicotine exposure","Low toxicant + No nicotine exposure",FALSE
"n_PFOA_ln_S","Smoking",1,240,37,203,0.470003629245736,"median split used only for secondary RERI/joint-cell summaries","No nicotine exposure","Nicotine exposure","Low toxicant + Nicotine exposure",FALSE
"n_PFOA_ln_S","Smoking",10,280,19,261,0.470003629245736,"median split used only for secondary RERI/joint-cell summaries","No nicotine exposure","Nicotine exposure","High toxicant + No nicotine exposure",FALSE
"n_PFOA_ln_S","Smoking",11,274,47,227,0.470003629245736,"median split used only for secondary RERI/joint-cell summaries","No nicotine exposure","Nicotine exposure","High toxicant + Nicotine exposure",FALSE
"n_PFOS_ln_S","Diet",0,264,17,247,1.28093384546206,"median split used only for secondary RERI/joint-cell summaries","Better diet","Poor diet","Low toxicant + Better diet",FALSE
"n_PFOS_ln_S","Diet",1,273,23,250,1.28093384546206,"median split used only for secondary RERI/joint-cell summaries","Better diet","Poor diet","Low toxicant + Poor diet",FALSE
"n_PFOS_ln_S","Diet",10,274,36,238,1.28093384546206,"median split used only for secondary RERI/joint-cell summaries","Better diet","Poor diet","High toxicant + Better diet",FALSE
"n_PFOS_ln_S","Diet",11,295,53,242,1.28093384546206,"median split used only for secondary RERI/joint-cell summaries","Better diet","Poor diet","High toxicant + Poor diet",FALSE
"n_PFOS_ln_S","PhysicalActivity",0,348,16,332,1.28093384546206,"median split used only for secondary RERI/joint-cell summaries","Ideal activity","Not ideal activity","Low toxicant + Ideal activity",FALSE
"n_PFOS_ln_S","PhysicalActivity",1,189,24,165,1.28093384546206,"median split used only for secondary RERI/joint-cell summaries","Ideal activity","Not ideal activity","Low toxicant + Not ideal activity",FALSE
"n_PFOS_ln_S","PhysicalActivity",10,320,46,274,1.28093384546206,"median split used only for secondary RERI/joint-cell summaries","Ideal activity","Not ideal activity","High toxicant + Ideal activity",FALSE
"n_PFOS_ln_S","PhysicalActivity",11,249,43,206,1.28093384546206,"median split used only for secondary RERI/joint-cell summaries","Ideal activity","Not ideal activity","High toxicant + Not ideal activity",FALSE
"n_PFOS_ln_S","Sleep",0,295,18,277,1.28093384546206,"median split used only for secondary RERI/joint-cell summaries","Ideal sleep","Not ideal sleep","Low toxicant + Ideal sleep",FALSE
"n_PFOS_ln_S","Sleep",1,239,21,218,1.28093384546206,"median split used only for secondary RERI/joint-cell summaries","Ideal sleep","Not ideal sleep","Low toxicant + Not ideal sleep",FALSE
"n_PFOS_ln_S","Sleep",10,323,39,284,1.28093384546206,"median split used only for secondary RERI/joint-cell summaries","Ideal sleep","Not ideal sleep","High toxicant + Ideal sleep",FALSE
"n_PFOS_ln_S","Sleep",11,241,49,192,1.28093384546206,"median split used only for secondary RERI/joint-cell summaries","Ideal sleep","Not ideal sleep","High toxicant + Not ideal sleep",FALSE
"n_PFOS_ln_S","Smoking",0,291,16,275,1.28093384546206,"median split used only for secondary RERI/joint-cell summaries","No nicotine exposure","Nicotine exposure","Low toxicant + No nicotine exposure",FALSE
"n_PFOS_ln_S","Smoking",1,245,24,221,1.28093384546206,"median split used only for secondary RERI/joint-cell summaries","No nicotine exposure","Nicotine exposure","Low toxicant + Nicotine exposure",FALSE
"n_PFOS_ln_S","Smoking",10,300,29,271,1.28093384546206,"median split used only for secondary RERI/joint-cell summaries","No nicotine exposure","Nicotine exposure","High toxicant + No nicotine exposure",FALSE
"n_PFOS_ln_S","Smoking",11,269,60,209,1.28093384546206,"median split used only for secondary RERI/joint-cell summaries","No nicotine exposure","Nicotine exposure","High toxicant + Nicotine exposure",FALSE
"NDMA_binary_U","Diet",0,278,30,248,,"binary analyte","Better diet","Poor diet","Low toxicant + Better diet",FALSE
"NDMA_binary_U","Diet",1,406,62,344,,"binary analyte","Better diet","Poor diet","Low toxicant + Poor diet",FALSE
"NDMA_binary_U","Diet",10,205,19,186,,"binary analyte","Better diet","Poor diet","High toxicant + Better diet",FALSE
"NDMA_binary_U","Diet",11,107,13,94,,"binary analyte","Better diet","Poor diet","High toxicant + Poor diet",FALSE
"NDMA_binary_U","PhysicalActivity",0,395,43,352,,"binary analyte","Ideal activity","Not ideal activity","Low toxicant + Ideal activity",FALSE
"NDMA_binary_U","PhysicalActivity",1,289,49,240,,"binary analyte","Ideal activity","Not ideal activity","Low toxicant + Not ideal activity",FALSE
"NDMA_binary_U","PhysicalActivity",10,216,19,197,,"binary analyte","Ideal activity","Not ideal activity","High toxicant + Ideal activity",FALSE
"NDMA_binary_U","PhysicalActivity",11,96,13,83,,"binary analyte","Ideal activity","Not ideal activity","High toxicant + Not ideal activity",FALSE
"NDMA_binary_U","Sleep",0,373,39,334,,"binary analyte","Ideal sleep","Not ideal sleep","Low toxicant + Ideal sleep",FALSE
"NDMA_binary_U","Sleep",1,303,51,252,,"binary analyte","Ideal sleep","Not ideal sleep","Low toxicant + Not ideal sleep",FALSE
"NDMA_binary_U","Sleep",10,185,14,171,,"binary analyte","Ideal sleep","Not ideal sleep","High toxicant + Ideal sleep",FALSE
"NDMA_binary_U","Sleep",11,127,18,109,,"binary analyte","Ideal sleep","Not ideal sleep","High toxicant + Not ideal sleep",FALSE
"NDMA_binary_U","Smoking",0,323,24,299,,"binary analyte","No nicotine exposure","Nicotine exposure","Low toxicant + No nicotine exposure",FALSE
"NDMA_binary_U","Smoking",1,360,68,292,,"binary analyte","No nicotine exposure","Nicotine exposure","Low toxicant + Nicotine exposure",FALSE
"NDMA_binary_U","Smoking",10,197,16,181,,"binary analyte","No nicotine exposure","Nicotine exposure","High toxicant + No nicotine exposure",FALSE
"NDMA_binary_U","Smoking",11,115,16,99,,"binary analyte","No nicotine exposure","Nicotine exposure","High toxicant + Nicotine exposure",FALSE
"Nitrate_ln_U","Diet",0,550,63,487,10.665627604583,"median split used only for secondary RERI/joint-cell summaries","Better diet","Poor diet","Low toxicant + Better diet",FALSE
"Nitrate_ln_U","Diet",1,693,80,613,10.665627604583,"median split used only for secondary RERI/joint-cell summaries","Better diet","Poor diet","Low toxicant + Poor diet",FALSE
"Nitrate_ln_U","Diet",10,717,70,647,10.665627604583,"median split used only for secondary RERI/joint-cell summaries","Better diet","Poor diet","High toxicant + Better diet",FALSE
"Nitrate_ln_U","Diet",11,529,47,482,10.665627604583,"median split used only for secondary RERI/joint-cell summaries","Better diet","Poor diet","High toxicant + Poor diet",FALSE
"Nitrate_ln_U","PhysicalActivity",0,709,51,658,10.665627604583,"median split used only for secondary RERI/joint-cell summaries","Ideal activity","Not ideal activity","Low toxicant + Ideal activity",FALSE
"Nitrate_ln_U","PhysicalActivity",1,534,92,442,10.665627604583,"median split used only for secondary RERI/joint-cell summaries","Ideal activity","Not ideal activity","Low toxicant + Not ideal activity",FALSE
"Nitrate_ln_U","PhysicalActivity",10,775,57,718,10.665627604583,"median split used only for secondary RERI/joint-cell summaries","Ideal activity","Not ideal activity","High toxicant + Ideal activity",FALSE
"Nitrate_ln_U","PhysicalActivity",11,471,60,411,10.665627604583,"median split used only for secondary RERI/joint-cell summaries","Ideal activity","Not ideal activity","High toxicant + Not ideal activity",FALSE
"Nitrate_ln_U","Sleep",0,661,68,593,10.6653573509032,"median split used only for secondary RERI/joint-cell summaries","Ideal sleep","Not ideal sleep","Low toxicant + Ideal sleep",FALSE
"Nitrate_ln_U","Sleep",1,581,75,506,10.6653573509032,"median split used only for secondary RERI/joint-cell summaries","Ideal sleep","Not ideal sleep","Low toxicant + Not ideal sleep",FALSE
"Nitrate_ln_U","Sleep",10,703,57,646,10.6653573509032,"median split used only for secondary RERI/joint-cell summaries","Ideal sleep","Not ideal sleep","High toxicant + Ideal sleep",FALSE
"Nitrate_ln_U","Sleep",11,539,58,481,10.6653573509032,"median split used only for secondary RERI/joint-cell summaries","Ideal sleep","Not ideal sleep","High toxicant + Not ideal sleep",FALSE
"Nitrate_ln_U","Smoking",0,665,51,614,10.665627604583,"median split used only for secondary RERI/joint-cell summaries","No nicotine exposure","Nicotine exposure","Low toxicant + No nicotine exposure",FALSE
"Nitrate_ln_U","Smoking",1,578,92,486,10.665627604583,"median split used only for secondary RERI/joint-cell summaries","No nicotine exposure","Nicotine exposure","Low toxicant + Nicotine exposure",FALSE
"Nitrate_ln_U","Smoking",10,674,34,640,10.665627604583,"median split used only for secondary RERI/joint-cell summaries","No nicotine exposure","Nicotine exposure","High toxicant + No nicotine exposure",FALSE
"Nitrate_ln_U","Smoking",11,572,83,489,10.665627604583,"median split used only for secondary RERI/joint-cell summaries","No nicotine exposure","Nicotine exposure","High toxicant + Nicotine exposure",FALSE
"Norharman_ln_U","Diet",0,327,21,306,3.58523820696262,"median split used only for secondary RERI/joint-cell summaries","Better diet","Poor diet","Low toxicant + Better diet",FALSE
"Norharman_ln_U","Diet",1,305,19,286,3.58523820696262,"median split used only for secondary RERI/joint-cell summaries","Better diet","Poor diet","Low toxicant + Poor diet",FALSE
"Norharman_ln_U","Diet",10,339,40,299,3.58523820696262,"median split used only for secondary RERI/joint-cell summaries","Better diet","Poor diet","High toxicant + Better diet",FALSE
"Norharman_ln_U","Diet",11,294,36,258,3.58523820696262,"median split used only for secondary RERI/joint-cell summaries","Better diet","Poor diet","High toxicant + Poor diet",FALSE
"Norharman_ln_U","PhysicalActivity",0,407,21,386,3.58523820696262,"median split used only for secondary RERI/joint-cell summaries","Ideal activity","Not ideal activity","Low toxicant + Ideal activity",FALSE
"Norharman_ln_U","PhysicalActivity",1,225,19,206,3.58523820696262,"median split used only for secondary RERI/joint-cell summaries","Ideal activity","Not ideal activity","Low toxicant + Not ideal activity",FALSE
"Norharman_ln_U","PhysicalActivity",10,381,30,351,3.58523820696262,"median split used only for secondary RERI/joint-cell summaries","Ideal activity","Not ideal activity","High toxicant + Ideal activity",FALSE
"Norharman_ln_U","PhysicalActivity",11,252,46,206,3.58523820696262,"median split used only for secondary RERI/joint-cell summaries","Ideal activity","Not ideal activity","High toxicant + Not ideal activity",FALSE
"Norharman_ln_U","Sleep",0,344,21,323,3.58523820696262,"median split used only for secondary RERI/joint-cell summaries","Ideal sleep","Not ideal sleep","Low toxicant + Ideal sleep",FALSE
"Norharman_ln_U","Sleep",1,288,19,269,3.58523820696262,"median split used only for secondary RERI/joint-cell summaries","Ideal sleep","Not ideal sleep","Low toxicant + Not ideal sleep",FALSE
"Norharman_ln_U","Sleep",10,351,36,315,3.58523820696262,"median split used only for secondary RERI/joint-cell summaries","Ideal sleep","Not ideal sleep","High toxicant + Ideal sleep",FALSE
"Norharman_ln_U","Sleep",11,282,40,242,3.58523820696262,"median split used only for secondary RERI/joint-cell summaries","Ideal sleep","Not ideal sleep","High toxicant + Not ideal sleep",FALSE
"Norharman_ln_U","Smoking",0,382,13,369,3.58523820696262,"median split used only for secondary RERI/joint-cell summaries","No nicotine exposure","Nicotine exposure","Low toxicant + No nicotine exposure",FALSE
"Norharman_ln_U","Smoking",1,250,27,223,3.58523820696262,"median split used only for secondary RERI/joint-cell summaries","No nicotine exposure","Nicotine exposure","Low toxicant + Nicotine exposure",FALSE
"Norharman_ln_U","Smoking",10,299,20,279,3.58523820696262,"median split used only for secondary RERI/joint-cell summaries","No nicotine exposure","Nicotine exposure","High toxicant + No nicotine exposure",FALSE
"Norharman_ln_U","Smoking",11,334,56,278,3.58523820696262,"median split used only for secondary RERI/joint-cell summaries","No nicotine exposure","Nicotine exposure","High toxicant + Nicotine exposure",FALSE
"NPMA_ln_U","Diet",0,601,73,528,1.34282187853887,"median split used only for secondary RERI/joint-cell summaries","Better diet","Poor diet","Low toxicant + Better diet",FALSE
"NPMA_ln_U","Diet",1,625,72,553,1.34282187853887,"median split used only for secondary RERI/joint-cell summaries","Better diet","Poor diet","Low toxicant + Poor diet",FALSE
"NPMA_ln_U","Diet",10,646,60,586,1.34282187853887,"median split used only for secondary RERI/joint-cell summaries","Better diet","Poor diet","High toxicant + Better diet",FALSE
"NPMA_ln_U","Diet",11,580,54,526,1.34282187853887,"median split used only for secondary RERI/joint-cell summaries","Better diet","Poor diet","High toxicant + Poor diet",FALSE
"NPMA_ln_U","PhysicalActivity",0,702,49,653,1.34282187853887,"median split used only for secondary RERI/joint-cell summaries","Ideal activity","Not ideal activity","Low toxicant + Ideal activity",FALSE
"NPMA_ln_U","PhysicalActivity",1,524,96,428,1.34282187853887,"median split used only for secondary RERI/joint-cell summaries","Ideal activity","Not ideal activity","Low toxicant + Not ideal activity",FALSE
"NPMA_ln_U","PhysicalActivity",10,768,58,710,1.34282187853887,"median split used only for secondary RERI/joint-cell summaries","Ideal activity","Not ideal activity","High toxicant + Ideal activity",FALSE
"NPMA_ln_U","PhysicalActivity",11,458,56,402,1.34282187853887,"median split used only for secondary RERI/joint-cell summaries","Ideal activity","Not ideal activity","High toxicant + Not ideal activity",FALSE
"NPMA_ln_U","Sleep",0,627,67,560,1.34507164529594,"median split used only for secondary RERI/joint-cell summaries","Ideal sleep","Not ideal sleep","Low toxicant + Ideal sleep",FALSE
"NPMA_ln_U","Sleep",1,596,76,520,1.34507164529594,"median split used only for secondary RERI/joint-cell summaries","Ideal sleep","Not ideal sleep","Low toxicant + Not ideal sleep",FALSE
"NPMA_ln_U","Sleep",10,712,58,654,1.34507164529594,"median split used only for secondary RERI/joint-cell summaries","Ideal sleep","Not ideal sleep","High toxicant + Ideal sleep",FALSE
"NPMA_ln_U","Sleep",11,512,56,456,1.34507164529594,"median split used only for secondary RERI/joint-cell summaries","Ideal sleep","Not ideal sleep","High toxicant + Not ideal sleep",FALSE
"NPMA_ln_U","Smoking",0,602,35,567,1.34282187853887,"median split used only for secondary RERI/joint-cell summaries","No nicotine exposure","Nicotine exposure","Low toxicant + No nicotine exposure",FALSE
"NPMA_ln_U","Smoking",1,624,110,514,1.34282187853887,"median split used only for secondary RERI/joint-cell summaries","No nicotine exposure","Nicotine exposure","Low toxicant + Nicotine exposure",FALSE
"NPMA_ln_U","Smoking",10,716,50,666,1.34282187853887,"median split used only for secondary RERI/joint-cell summaries","No nicotine exposure","Nicotine exposure","High toxicant + No nicotine exposure",FALSE
"NPMA_ln_U","Smoking",11,510,64,446,1.34282187853887,"median split used only for secondary RERI/joint-cell summaries","No nicotine exposure","Nicotine exposure","High toxicant + Nicotine exposure",FALSE
"o_ANS_ln_U","Diet",0,263,14,249,1.59658976995625,"median split used only for secondary RERI/joint-cell summaries","Better diet","Poor diet","Low toxicant + Better diet",FALSE
"o_ANS_ln_U","Diet",1,312,24,288,1.59658976995625,"median split used only for secondary RERI/joint-cell summaries","Better diet","Poor diet","Low toxicant + Poor diet",FALSE
"o_ANS_ln_U","Diet",10,345,41,304,1.59658976995625,"median split used only for secondary RERI/joint-cell summaries","Better diet","Poor diet","High toxicant + Better diet",FALSE
"o_ANS_ln_U","Diet",11,231,24,207,1.59658976995625,"median split used only for secondary RERI/joint-cell summaries","Better diet","Poor diet","High toxicant + Poor diet",FALSE
"o_ANS_ln_U","PhysicalActivity",0,366,17,349,1.59658976995625,"median split used only for secondary RERI/joint-cell summaries","Ideal activity","Not ideal activity","Low toxicant + Ideal activity",FALSE
"o_ANS_ln_U","PhysicalActivity",1,209,21,188,1.59658976995625,"median split used only for secondary RERI/joint-cell summaries","Ideal activity","Not ideal activity","Low toxicant + Not ideal activity",FALSE
"o_ANS_ln_U","PhysicalActivity",10,362,31,331,1.59658976995625,"median split used only for secondary RERI/joint-cell summaries","Ideal activity","Not ideal activity","High toxicant + Ideal activity",FALSE
"o_ANS_ln_U","PhysicalActivity",11,214,34,180,1.59658976995625,"median split used only for secondary RERI/joint-cell summaries","Ideal activity","Not ideal activity","High toxicant + Not ideal activity",FALSE
"o_ANS_ln_U","Sleep",0,318,21,297,1.59658976995625,"median split used only for secondary RERI/joint-cell summaries","Ideal sleep","Not ideal sleep","Low toxicant + Ideal sleep",FALSE
"o_ANS_ln_U","Sleep",1,257,17,240,1.59658976995625,"median split used only for secondary RERI/joint-cell summaries","Ideal sleep","Not ideal sleep","Low toxicant + Not ideal sleep",FALSE
"o_ANS_ln_U","Sleep",10,316,31,285,1.59658976995625,"median split used only for secondary RERI/joint-cell summaries","Ideal sleep","Not ideal sleep","High toxicant + Ideal sleep",FALSE
"o_ANS_ln_U","Sleep",11,260,34,226,1.59658976995625,"median split used only for secondary RERI/joint-cell summaries","Ideal sleep","Not ideal sleep","High toxicant + Not ideal sleep",FALSE
"o_ANS_ln_U","Smoking",0,336,10,326,1.59658976995625,"median split used only for secondary RERI/joint-cell summaries","No nicotine exposure","Nicotine exposure","Low toxicant + No nicotine exposure",FALSE
"o_ANS_ln_U","Smoking",1,239,28,211,1.59658976995625,"median split used only for secondary RERI/joint-cell summaries","No nicotine exposure","Nicotine exposure","Low toxicant + Nicotine exposure",FALSE
"o_ANS_ln_U","Smoking",10,281,15,266,1.59658976995625,"median split used only for secondary RERI/joint-cell summaries","No nicotine exposure","Nicotine exposure","High toxicant + No nicotine exposure",FALSE
"o_ANS_ln_U","Smoking",11,295,50,245,1.59658976995625,"median split used only for secondary RERI/joint-cell summaries","No nicotine exposure","Nicotine exposure","High toxicant + Nicotine exposure",FALSE
"o_TLD_ln_U","Diet",0,305,25,280,3.57642311547464,"median split used only for secondary RERI/joint-cell summaries","Better diet","Poor diet","Low toxicant + Better diet",FALSE
"o_TLD_ln_U","Diet",1,290,22,268,3.57642311547464,"median split used only for secondary RERI/joint-cell summaries","Better diet","Poor diet","Low toxicant + Poor diet",FALSE
"o_TLD_ln_U","Diet",10,324,32,292,3.57642311547464,"median split used only for secondary RERI/joint-cell summaries","Better diet","Poor diet","High toxicant + Better diet",FALSE
"o_TLD_ln_U","Diet",11,277,31,246,3.57642311547464,"median split used only for secondary RERI/joint-cell summaries","Better diet","Poor diet","High toxicant + Poor diet",FALSE
"o_TLD_ln_U","PhysicalActivity",0,369,18,351,3.57642311547464,"median split used only for secondary RERI/joint-cell summaries","Ideal activity","Not ideal activity","Low toxicant + Ideal activity",FALSE
"o_TLD_ln_U","PhysicalActivity",1,226,29,197,3.57642311547464,"median split used only for secondary RERI/joint-cell summaries","Ideal activity","Not ideal activity","Low toxicant + Not ideal activity",FALSE
"o_TLD_ln_U","PhysicalActivity",10,372,30,342,3.57642311547464,"median split used only for secondary RERI/joint-cell summaries","Ideal activity","Not ideal activity","High toxicant + Ideal activity",FALSE
"o_TLD_ln_U","PhysicalActivity",11,229,33,196,3.57642311547464,"median split used only for secondary RERI/joint-cell summaries","Ideal activity","Not ideal activity","High toxicant + Not ideal activity",FALSE
"o_TLD_ln_U","Sleep",0,325,26,299,3.57642311547464,"median split used only for secondary RERI/joint-cell summaries","Ideal sleep","Not ideal sleep","Low toxicant + Ideal sleep",FALSE
"o_TLD_ln_U","Sleep",1,270,21,249,3.57642311547464,"median split used only for secondary RERI/joint-cell summaries","Ideal sleep","Not ideal sleep","Low toxicant + Not ideal sleep",FALSE
"o_TLD_ln_U","Sleep",10,334,31,303,3.57642311547464,"median split used only for secondary RERI/joint-cell summaries","Ideal sleep","Not ideal sleep","High toxicant + Ideal sleep",FALSE
"o_TLD_ln_U","Sleep",11,267,32,235,3.57642311547464,"median split used only for secondary RERI/joint-cell summaries","Ideal sleep","Not ideal sleep","High toxicant + Not ideal sleep",FALSE
"o_TLD_ln_U","Smoking",0,358,13,345,3.57642311547464,"median split used only for secondary RERI/joint-cell summaries","No nicotine exposure","Nicotine exposure","Low toxicant + No nicotine exposure",FALSE
"o_TLD_ln_U","Smoking",1,237,34,203,3.57642311547464,"median split used only for secondary RERI/joint-cell summaries","No nicotine exposure","Nicotine exposure","Low toxicant + Nicotine exposure",FALSE
"o_TLD_ln_U","Smoking",10,286,15,271,3.57642311547464,"median split used only for secondary RERI/joint-cell summaries","No nicotine exposure","Nicotine exposure","High toxicant + No nicotine exposure",FALSE
"o_TLD_ln_U","Smoking",11,315,48,267,3.57642311547464,"median split used only for secondary RERI/joint-cell summaries","No nicotine exposure","Nicotine exposure","High toxicant + Nicotine exposure",FALSE
"o_Xylene_binary_S","Diet",0,1418,142,1276,,"binary analyte","Better diet","Poor diet","Low toxicant + Better diet",FALSE
"o_Xylene_binary_S","Diet",1,1180,110,1070,,"binary analyte","Better diet","Poor diet","Low toxicant + Poor diet",FALSE
"o_Xylene_binary_S","Diet",10,409,53,356,,"binary analyte","Better diet","Poor diet","High toxicant + Better diet",FALSE
"o_Xylene_binary_S","Diet",11,568,70,498,,"binary analyte","Better diet","Poor diet","High toxicant + Poor diet",FALSE
"o_Xylene_binary_S","PhysicalActivity",0,1519,95,1424,,"binary analyte","Ideal activity","Not ideal activity","Low toxicant + Ideal activity",FALSE
"o_Xylene_binary_S","PhysicalActivity",1,1079,157,922,,"binary analyte","Ideal activity","Not ideal activity","Low toxicant + Not ideal activity",FALSE
"o_Xylene_binary_S","PhysicalActivity",10,590,58,532,,"binary analyte","Ideal activity","Not ideal activity","High toxicant + Ideal activity",FALSE
"o_Xylene_binary_S","PhysicalActivity",11,387,65,322,,"binary analyte","Ideal activity","Not ideal activity","High toxicant + Not ideal activity",FALSE
"o_Xylene_binary_S","Sleep",0,1465,127,1338,,"binary analyte","Ideal sleep","Not ideal sleep","Low toxicant + Ideal sleep",FALSE
"o_Xylene_binary_S","Sleep",1,1129,125,1004,,"binary analyte","Ideal sleep","Not ideal sleep","Low toxicant + Not ideal sleep",FALSE
"o_Xylene_binary_S","Sleep",10,501,54,447,,"binary analyte","Ideal sleep","Not ideal sleep","High toxicant + Ideal sleep",FALSE
"o_Xylene_binary_S","Sleep",11,474,68,406,,"binary analyte","Ideal sleep","Not ideal sleep","High toxicant + Not ideal sleep",FALSE
"o_Xylene_binary_S","Smoking",0,1656,119,1537,,"binary analyte","No nicotine exposure","Nicotine exposure","Low toxicant + No nicotine exposure",FALSE
"o_Xylene_binary_S","Smoking",1,942,133,809,,"binary analyte","No nicotine exposure","Nicotine exposure","Low toxicant + Nicotine exposure",FALSE
"o_Xylene_binary_S","Smoking",10,288,19,269,,"binary analyte","No nicotine exposure","Nicotine exposure","High toxicant + No nicotine exposure",FALSE
"o_Xylene_binary_S","Smoking",11,689,104,585,,"binary analyte","No nicotine exposure","Nicotine exposure","High toxicant + Nicotine exposure",FALSE
"OXY_binary_U","Diet",0,926,98,828,,"binary analyte","Better diet","Poor diet","Low toxicant + Better diet",FALSE
"OXY_binary_U","Diet",1,992,103,889,,"binary analyte","Better diet","Poor diet","Low toxicant + Poor diet",FALSE
"OXY_binary_U","Diet",10,291,29,262,,"binary analyte","Better diet","Poor diet","High toxicant + Better diet",FALSE
"OXY_binary_U","Diet",11,256,45,211,,"binary analyte","Better diet","Poor diet","High toxicant + Poor diet",FALSE
"OXY_binary_U","PhysicalActivity",0,1148,80,1068,,"binary analyte","Ideal activity","Not ideal activity","Low toxicant + Ideal activity",FALSE
"OXY_binary_U","PhysicalActivity",1,770,121,649,,"binary analyte","Ideal activity","Not ideal activity","Low toxicant + Not ideal activity",FALSE
"OXY_binary_U","PhysicalActivity",10,335,36,299,,"binary analyte","Ideal activity","Not ideal activity","High toxicant + Ideal activity",FALSE
"OXY_binary_U","PhysicalActivity",11,212,38,174,,"binary analyte","Ideal activity","Not ideal activity","High toxicant + Not ideal activity",FALSE
"OXY_binary_U","Sleep",0,1053,90,963,,"binary analyte","Ideal sleep","Not ideal sleep","Low toxicant + Ideal sleep",FALSE
"OXY_binary_U","Sleep",1,856,108,748,,"binary analyte","Ideal sleep","Not ideal sleep","Low toxicant + Not ideal sleep",FALSE
"OXY_binary_U","Sleep",10,279,34,245,,"binary analyte","Ideal sleep","Not ideal sleep","High toxicant + Ideal sleep",FALSE
"OXY_binary_U","Sleep",11,267,40,227,,"binary analyte","Ideal sleep","Not ideal sleep","High toxicant + Not ideal sleep",FALSE
"OXY_binary_U","Smoking",0,1014,75,939,,"binary analyte","No nicotine exposure","Nicotine exposure","Low toxicant + No nicotine exposure",FALSE
"OXY_binary_U","Smoking",1,903,126,777,,"binary analyte","No nicotine exposure","Nicotine exposure","Low toxicant + Nicotine exposure",FALSE
"OXY_binary_U","Smoking",10,295,30,265,,"binary analyte","No nicotine exposure","Nicotine exposure","High toxicant + No nicotine exposure",FALSE
"OXY_binary_U","Smoking",11,252,44,208,,"binary analyte","No nicotine exposure","Nicotine exposure","High toxicant + Nicotine exposure",FALSE
"Pb_ln_S","Diet",0,883,53,830,-3.05760767727208,"median split used only for secondary RERI/joint-cell summaries","Better diet","Poor diet","Low toxicant + Better diet",FALSE
"Pb_ln_S","Diet",1,937,59,878,-3.05760767727208,"median split used only for secondary RERI/joint-cell summaries","Better diet","Poor diet","Low toxicant + Poor diet",FALSE
"Pb_ln_S","Diet",10,1001,149,852,-3.05760767727208,"median split used only for secondary RERI/joint-cell summaries","Better diet","Poor diet","High toxicant + Better diet",FALSE
"Pb_ln_S","Diet",11,869,133,736,-3.05760767727208,"median split used only for secondary RERI/joint-cell summaries","Better diet","Poor diet","High toxicant + Poor diet",FALSE
"Pb_ln_S","PhysicalActivity",0,1120,40,1080,-3.05760767727208,"median split used only for secondary RERI/joint-cell summaries","Ideal activity","Not ideal activity","Low toxicant + Ideal activity",FALSE
"Pb_ln_S","PhysicalActivity",1,700,72,628,-3.05760767727208,"median split used only for secondary RERI/joint-cell summaries","Ideal activity","Not ideal activity","Low toxicant + Not ideal activity",FALSE
"Pb_ln_S","PhysicalActivity",10,1061,122,939,-3.05760767727208,"median split used only for secondary RERI/joint-cell summaries","Ideal activity","Not ideal activity","High toxicant + Ideal activity",FALSE
"Pb_ln_S","PhysicalActivity",11,809,160,649,-3.05760767727208,"median split used only for secondary RERI/joint-cell summaries","Ideal activity","Not ideal activity","High toxicant + Not ideal activity",FALSE
"Pb_ln_S","Sleep",0,1001,55,946,-3.05760767727208,"median split used only for secondary RERI/joint-cell summaries","Ideal sleep","Not ideal sleep","Low toxicant + Ideal sleep",FALSE
"Pb_ln_S","Sleep",1,815,55,760,-3.05760767727208,"median split used only for secondary RERI/joint-cell summaries","Ideal sleep","Not ideal sleep","Low toxicant + Not ideal sleep",FALSE
"Pb_ln_S","Sleep",10,1022,132,890,-3.05760767727208,"median split used only for secondary RERI/joint-cell summaries","Ideal sleep","Not ideal sleep","High toxicant + Ideal sleep",FALSE
"Pb_ln_S","Sleep",11,845,150,695,-3.05760767727208,"median split used only for secondary RERI/joint-cell summaries","Ideal sleep","Not ideal sleep","High toxicant + Not ideal sleep",FALSE
"Pb_ln_S","Smoking",0,1192,54,1138,-3.05760767727208,"median split used only for secondary RERI/joint-cell summaries","No nicotine exposure","Nicotine exposure","Low toxicant + No nicotine exposure",FALSE
"Pb_ln_S","Smoking",1,628,58,570,-3.05760767727208,"median split used only for secondary RERI/joint-cell summaries","No nicotine exposure","Nicotine exposure","Low toxicant + Nicotine exposure",FALSE
"Pb_ln_S","Smoking",10,812,86,726,-3.05760767727208,"median split used only for secondary RERI/joint-cell summaries","No nicotine exposure","Nicotine exposure","High toxicant + No nicotine exposure",FALSE
"Pb_ln_S","Smoking",11,1058,196,862,-3.05760767727208,"median split used only for secondary RERI/joint-cell summaries","No nicotine exposure","Nicotine exposure","High toxicant + Nicotine exposure",FALSE
"Pb_ln_U","Diet",0,583,43,540,-1.09861228866811,"median split used only for secondary RERI/joint-cell summaries","Better diet","Poor diet","Low toxicant + Better diet",FALSE
"Pb_ln_U","Diet",1,665,59,606,-1.09861228866811,"median split used only for secondary RERI/joint-cell summaries","Better diet","Poor diet","Low toxicant + Poor diet",FALSE
"Pb_ln_U","Diet",10,691,89,602,-1.09861228866811,"median split used only for secondary RERI/joint-cell summaries","Better diet","Poor diet","High toxicant + Better diet",FALSE
"Pb_ln_U","Diet",11,563,71,492,-1.09861228866811,"median split used only for secondary RERI/joint-cell summaries","Better diet","Poor diet","High toxicant + Poor diet",FALSE
"Pb_ln_U","PhysicalActivity",0,784,37,747,-1.09861228866811,"median split used only for secondary RERI/joint-cell summaries","Ideal activity","Not ideal activity","Low toxicant + Ideal activity",FALSE
"Pb_ln_U","PhysicalActivity",1,464,65,399,-1.09861228866811,"median split used only for secondary RERI/joint-cell summaries","Ideal activity","Not ideal activity","Low toxicant + Not ideal activity",FALSE
"Pb_ln_U","PhysicalActivity",10,705,70,635,-1.09861228866811,"median split used only for secondary RERI/joint-cell summaries","Ideal activity","Not ideal activity","High toxicant + Ideal activity",FALSE
"Pb_ln_U","PhysicalActivity",11,549,90,459,-1.09861228866811,"median split used only for secondary RERI/joint-cell summaries","Ideal activity","Not ideal activity","High toxicant + Not ideal activity",FALSE
"Pb_ln_U","Sleep",0,658,49,609,-1.09861228866811,"median split used only for secondary RERI/joint-cell summaries","Ideal sleep","Not ideal sleep","Low toxicant + Ideal sleep",FALSE
"Pb_ln_U","Sleep",1,587,51,536,-1.09861228866811,"median split used only for secondary RERI/joint-cell summaries","Ideal sleep","Not ideal sleep","Low toxicant + Not ideal sleep",FALSE
"Pb_ln_U","Sleep",10,712,76,636,-1.09861228866811,"median split used only for secondary RERI/joint-cell summaries","Ideal sleep","Not ideal sleep","High toxicant + Ideal sleep",FALSE
"Pb_ln_U","Sleep",11,540,84,456,-1.09861228866811,"median split used only for secondary RERI/joint-cell summaries","Ideal sleep","Not ideal sleep","High toxicant + Not ideal sleep",FALSE
"Pb_ln_U","Smoking",0,746,37,709,-1.09861228866811,"median split used only for secondary RERI/joint-cell summaries","No nicotine exposure","Nicotine exposure","Low toxicant + No nicotine exposure",FALSE
"Pb_ln_U","Smoking",1,502,65,437,-1.09861228866811,"median split used only for secondary RERI/joint-cell summaries","No nicotine exposure","Nicotine exposure","Low toxicant + Nicotine exposure",FALSE
"Pb_ln_U","Smoking",10,601,51,550,-1.09861228866811,"median split used only for secondary RERI/joint-cell summaries","No nicotine exposure","Nicotine exposure","High toxicant + No nicotine exposure",FALSE
"Pb_ln_U","Smoking",11,653,109,544,-1.09861228866811,"median split used only for secondary RERI/joint-cell summaries","No nicotine exposure","Nicotine exposure","High toxicant + Nicotine exposure",FALSE
"Perchlorate_ln_U","Diet",0,536,58,478,0.968388261422246,"median split used only for secondary RERI/joint-cell summaries","Better diet","Poor diet","Low toxicant + Better diet",FALSE
"Perchlorate_ln_U","Diet",1,708,77,631,0.968388261422246,"median split used only for secondary RERI/joint-cell summaries","Better diet","Poor diet","Low toxicant + Poor diet",FALSE
"Perchlorate_ln_U","Diet",10,730,75,655,0.968388261422246,"median split used only for secondary RERI/joint-cell summaries","Better diet","Poor diet","High toxicant + Better diet",FALSE
"Perchlorate_ln_U","Diet",11,514,50,464,0.968388261422246,"median split used only for secondary RERI/joint-cell summaries","Better diet","Poor diet","High toxicant + Poor diet",FALSE
"Perchlorate_ln_U","PhysicalActivity",0,754,56,698,0.968388261422246,"median split used only for secondary RERI/joint-cell summaries","Ideal activity","Not ideal activity","Low toxicant + Ideal activity",FALSE
"Perchlorate_ln_U","PhysicalActivity",1,490,79,411,0.968388261422246,"median split used only for secondary RERI/joint-cell summaries","Ideal activity","Not ideal activity","Low toxicant + Not ideal activity",FALSE
"Perchlorate_ln_U","PhysicalActivity",10,729,52,677,0.968388261422246,"median split used only for secondary RERI/joint-cell summaries","Ideal activity","Not ideal activity","High toxicant + Ideal activity",FALSE
"Perchlorate_ln_U","PhysicalActivity",11,515,73,442,0.968388261422246,"median split used only for secondary RERI/joint-cell summaries","Ideal activity","Not ideal activity","High toxicant + Not ideal activity",FALSE
"Perchlorate_ln_U","Sleep",0,652,63,589,0.967813884899656,"median split used only for secondary RERI/joint-cell summaries","Ideal sleep","Not ideal sleep","Low toxicant + Ideal sleep",FALSE
"Perchlorate_ln_U","Sleep",1,589,72,517,0.967813884899656,"median split used only for secondary RERI/joint-cell summaries","Ideal sleep","Not ideal sleep","Low toxicant + Not ideal sleep",FALSE
"Perchlorate_ln_U","Sleep",10,711,62,649,0.967813884899656,"median split used only for secondary RERI/joint-cell summaries","Ideal sleep","Not ideal sleep","High toxicant + Ideal sleep",FALSE
"Perchlorate_ln_U","Sleep",11,531,61,470,0.967813884899656,"median split used only for secondary RERI/joint-cell summaries","Ideal sleep","Not ideal sleep","High toxicant + Not ideal sleep",FALSE
"Perchlorate_ln_U","Smoking",0,636,37,599,0.968388261422246,"median split used only for secondary RERI/joint-cell summaries","No nicotine exposure","Nicotine exposure","Low toxicant + No nicotine exposure",FALSE
"Perchlorate_ln_U","Smoking",1,608,98,510,0.968388261422246,"median split used only for secondary RERI/joint-cell summaries","No nicotine exposure","Nicotine exposure","Low toxicant + Nicotine exposure",FALSE
"Perchlorate_ln_U","Smoking",10,703,48,655,0.968388261422246,"median split used only for secondary RERI/joint-cell summaries","No nicotine exposure","Nicotine exposure","High toxicant + No nicotine exposure",FALSE
"Perchlorate_ln_U","Smoking",11,541,77,464,0.968388261422246,"median split used only for secondary RERI/joint-cell summaries","No nicotine exposure","Nicotine exposure","High toxicant + Nicotine exposure",FALSE
"PFBA_binary_U","Diet",0,528,59,469,,"binary analyte","Better diet","Poor diet","Low toxicant + Better diet",FALSE
"PFBA_binary_U","Diet",1,505,53,452,,"binary analyte","Better diet","Poor diet","Low toxicant + Poor diet",FALSE
"PFBA_binary_U","Diet",10,89,6,83,,"binary analyte","Better diet","Poor diet","High toxicant + Better diet",FALSE
"PFBA_binary_U","Diet",11,70,8,62,,"binary analyte","Better diet","Poor diet","High toxicant + Poor diet",FALSE
"PFBA_binary_U","PhysicalActivity",0,565,52,513,,"binary analyte","Ideal activity","Not ideal activity","Low toxicant + Ideal activity",FALSE
"PFBA_binary_U","PhysicalActivity",1,468,60,408,,"binary analyte","Ideal activity","Not ideal activity","Low toxicant + Not ideal activity",FALSE
"PFBA_binary_U","PhysicalActivity",10,97,5,92,,"binary analyte","Ideal activity","Not ideal activity","High toxicant + Ideal activity",FALSE
"PFBA_binary_U","PhysicalActivity",11,62,9,53,,"binary analyte","Ideal activity","Not ideal activity","High toxicant + Not ideal activity",FALSE
"PFBA_binary_U","Sleep",0,540,59,481,,"binary analyte","Ideal sleep","Not ideal sleep","Low toxicant + Ideal sleep",FALSE
"PFBA_binary_U","Sleep",1,490,52,438,,"binary analyte","Ideal sleep","Not ideal sleep","Low toxicant + Not ideal sleep",FALSE
"PFBA_binary_U","Sleep",10,98,9,89,,"binary analyte","Ideal sleep","Not ideal sleep","High toxicant + Ideal sleep",FALSE
"PFBA_binary_U","Sleep",11,61,5,56,,"binary analyte","Ideal sleep","Not ideal sleep","High toxicant + Not ideal sleep",FALSE
"PFBA_binary_U","Smoking",0,551,44,507,,"binary analyte","No nicotine exposure","Nicotine exposure","Low toxicant + No nicotine exposure",FALSE
"PFBA_binary_U","Smoking",1,480,68,412,,"binary analyte","No nicotine exposure","Nicotine exposure","Low toxicant + Nicotine exposure",FALSE
"PFBA_binary_U","Smoking",10,95,6,89,,"binary analyte","No nicotine exposure","Nicotine exposure","High toxicant + No nicotine exposure",FALSE
"PFBA_binary_U","Smoking",11,64,8,56,,"binary analyte","No nicotine exposure","Nicotine exposure","High toxicant + Nicotine exposure",FALSE
"PFDA_ln_S","Diet",0,461,42,419,-1.6094379124341,"median split used only for secondary RERI/joint-cell summaries","Better diet","Poor diet","Low toxicant + Better diet",FALSE
"PFDA_ln_S","Diet",1,557,58,499,-1.6094379124341,"median split used only for secondary RERI/joint-cell summaries","Better diet","Poor diet","Low toxicant + Poor diet",FALSE
"PFDA_ln_S","Diet",10,729,81,648,-1.6094379124341,"median split used only for secondary RERI/joint-cell summaries","Better diet","Poor diet","High toxicant + Better diet",FALSE
"PFDA_ln_S","Diet",11,618,84,534,-1.6094379124341,"median split used only for secondary RERI/joint-cell summaries","Better diet","Poor diet","High toxicant + Poor diet",FALSE
"PFDA_ln_S","PhysicalActivity",0,579,43,536,-1.6094379124341,"median split used only for secondary RERI/joint-cell summaries","Ideal activity","Not ideal activity","Low toxicant + Ideal activity",FALSE
"PFDA_ln_S","PhysicalActivity",1,439,57,382,-1.6094379124341,"median split used only for secondary RERI/joint-cell summaries","Ideal activity","Not ideal activity","Low toxicant + Not ideal activity",FALSE
"PFDA_ln_S","PhysicalActivity",10,798,81,717,-1.6094379124341,"median split used only for secondary RERI/joint-cell summaries","Ideal activity","Not ideal activity","High toxicant + Ideal activity",FALSE
"PFDA_ln_S","PhysicalActivity",11,549,84,465,-1.6094379124341,"median split used only for secondary RERI/joint-cell summaries","Ideal activity","Not ideal activity","High toxicant + Not ideal activity",FALSE
"PFDA_ln_S","Sleep",0,550,51,499,-1.6094379124341,"median split used only for secondary RERI/joint-cell summaries","Ideal sleep","Not ideal sleep","Low toxicant + Ideal sleep",FALSE
"PFDA_ln_S","Sleep",1,464,47,417,-1.6094379124341,"median split used only for secondary RERI/joint-cell summaries","Ideal sleep","Not ideal sleep","Low toxicant + Not ideal sleep",FALSE
"PFDA_ln_S","Sleep",10,739,78,661,-1.6094379124341,"median split used only for secondary RERI/joint-cell summaries","Ideal sleep","Not ideal sleep","High toxicant + Ideal sleep",FALSE
"PFDA_ln_S","Sleep",11,601,86,515,-1.6094379124341,"median split used only for secondary RERI/joint-cell summaries","Ideal sleep","Not ideal sleep","High toxicant + Not ideal sleep",FALSE
"PFDA_ln_S","Smoking",0,535,34,501,-1.6094379124341,"median split used only for secondary RERI/joint-cell summaries","No nicotine exposure","Nicotine exposure","Low toxicant + No nicotine exposure",FALSE
"PFDA_ln_S","Smoking",1,482,66,416,-1.6094379124341,"median split used only for secondary RERI/joint-cell summaries","No nicotine exposure","Nicotine exposure","Low toxicant + Nicotine exposure",FALSE
"PFDA_ln_S","Smoking",10,746,67,679,-1.6094379124341,"median split used only for secondary RERI/joint-cell summaries","No nicotine exposure","Nicotine exposure","High toxicant + No nicotine exposure",FALSE
"PFDA_ln_S","Smoking",11,599,98,501,-1.6094379124341,"median split used only for secondary RERI/joint-cell summaries","No nicotine exposure","Nicotine exposure","High toxicant + Nicotine exposure",FALSE
"PFHpA_binary_S","Diet",0,570,59,511,,"binary analyte","Better diet","Poor diet","Low toxicant + Better diet",FALSE
"PFHpA_binary_S","Diet",1,549,58,491,,"binary analyte","Better diet","Poor diet","Low toxicant + Poor diet",FALSE
"PFHpA_binary_S","Diet",10,82,11,71,,"binary analyte","Better diet","Poor diet","High toxicant + Better diet",FALSE
"PFHpA_binary_S","Diet",11,58,8,50,,"binary analyte","Better diet","Poor diet","High toxicant + Poor diet",FALSE
"PFHpA_binary_S","PhysicalActivity",0,634,55,579,,"binary analyte","Ideal activity","Not ideal activity","Low toxicant + Ideal activity",FALSE
"PFHpA_binary_S","PhysicalActivity",1,485,62,423,,"binary analyte","Ideal activity","Not ideal activity","Low toxicant + Not ideal activity",FALSE
"PFHpA_binary_S","PhysicalActivity",10,75,7,68,,"binary analyte","Ideal activity","Not ideal activity","High toxicant + Ideal activity",FALSE
"PFHpA_binary_S","PhysicalActivity",11,65,12,53,,"binary analyte","Ideal activity","Not ideal activity","High toxicant + Not ideal activity",FALSE
"PFHpA_binary_S","Sleep",0,602,63,539,,"binary analyte","Ideal sleep","Not ideal sleep","Low toxicant + Ideal sleep",FALSE
"PFHpA_binary_S","Sleep",1,515,53,462,,"binary analyte","Ideal sleep","Not ideal sleep","Low toxicant + Not ideal sleep",FALSE
"PFHpA_binary_S","Sleep",10,69,9,60,,"binary analyte","Ideal sleep","Not ideal sleep","High toxicant + Ideal sleep",FALSE
"PFHpA_binary_S","Sleep",11,70,10,60,,"binary analyte","Ideal sleep","Not ideal sleep","High toxicant + Not ideal sleep",FALSE
"PFHpA_binary_S","Smoking",0,614,48,566,,"binary analyte","No nicotine exposure","Nicotine exposure","Low toxicant + No nicotine exposure",FALSE
"PFHpA_binary_S","Smoking",1,503,69,434,,"binary analyte","No nicotine exposure","Nicotine exposure","Low toxicant + Nicotine exposure",FALSE
"PFHpA_binary_S","Smoking",10,76,8,68,,"binary analyte","No nicotine exposure","Nicotine exposure","High toxicant + No nicotine exposure",FALSE
"PFHpA_binary_S","Smoking",11,64,11,53,,"binary analyte","No nicotine exposure","Nicotine exposure","High toxicant + Nicotine exposure",FALSE
"PFHS_ln_S","Diet",0,525,37,488,0.262364264467491,"median split used only for secondary RERI/joint-cell summaries","Better diet","Poor diet","Low toxicant + Better diet",FALSE
"PFHS_ln_S","Diet",1,579,51,528,0.262364264467491,"median split used only for secondary RERI/joint-cell summaries","Better diet","Poor diet","Low toxicant + Poor diet",FALSE
"PFHS_ln_S","Diet",10,665,86,579,0.262364264467491,"median split used only for secondary RERI/joint-cell summaries","Better diet","Poor diet","High toxicant + Better diet",FALSE
"PFHS_ln_S","Diet",11,596,91,505,0.262364264467491,"median split used only for secondary RERI/joint-cell summaries","Better diet","Poor diet","High toxicant + Poor diet",FALSE
"PFHS_ln_S","PhysicalActivity",0,658,37,621,0.262364264467491,"median split used only for secondary RERI/joint-cell summaries","Ideal activity","Not ideal activity","Low toxicant + Ideal activity",FALSE
"PFHS_ln_S","PhysicalActivity",1,446,51,395,0.262364264467491,"median split used only for secondary RERI/joint-cell summaries","Ideal activity","Not ideal activity","Low toxicant + Not ideal activity",FALSE
"PFHS_ln_S","PhysicalActivity",10,719,87,632,0.262364264467491,"median split used only for secondary RERI/joint-cell summaries","Ideal activity","Not ideal activity","High toxicant + Ideal activity",FALSE
"PFHS_ln_S","PhysicalActivity",11,542,90,452,0.262364264467491,"median split used only for secondary RERI/joint-cell summaries","Ideal activity","Not ideal activity","High toxicant + Not ideal activity",FALSE
"PFHS_ln_S","Sleep",0,580,36,544,0.262364264467491,"median split used only for secondary RERI/joint-cell summaries","Ideal sleep","Not ideal sleep","Low toxicant + Ideal sleep",FALSE
"PFHS_ln_S","Sleep",1,519,50,469,0.262364264467491,"median split used only for secondary RERI/joint-cell summaries","Ideal sleep","Not ideal sleep","Low toxicant + Not ideal sleep",FALSE
"PFHS_ln_S","Sleep",10,709,93,616,0.262364264467491,"median split used only for secondary RERI/joint-cell summaries","Ideal sleep","Not ideal sleep","High toxicant + Ideal sleep",FALSE
"PFHS_ln_S","Sleep",11,546,83,463,0.262364264467491,"median split used only for secondary RERI/joint-cell summaries","Ideal sleep","Not ideal sleep","High toxicant + Not ideal sleep",FALSE
"PFHS_ln_S","Smoking",0,658,34,624,0.262364264467491,"median split used only for secondary RERI/joint-cell summaries","No nicotine exposure","Nicotine exposure","Low toxicant + No nicotine exposure",FALSE
"PFHS_ln_S","Smoking",1,445,54,391,0.262364264467491,"median split used only for secondary RERI/joint-cell summaries","No nicotine exposure","Nicotine exposure","Low toxicant + Nicotine exposure",FALSE
"PFHS_ln_S","Smoking",10,623,67,556,0.262364264467491,"median split used only for secondary RERI/joint-cell summaries","No nicotine exposure","Nicotine exposure","High toxicant + No nicotine exposure",FALSE
"PFHS_ln_S","Smoking",11,636,110,526,0.262364264467491,"median split used only for secondary RERI/joint-cell summaries","No nicotine exposure","Nicotine exposure","High toxicant + Nicotine exposure",FALSE
"PFHxA_binary_U","Diet",0,467,50,417,,"binary analyte","Better diet","Poor diet","Low toxicant + Better diet",FALSE
"PFHxA_binary_U","Diet",1,444,50,394,,"binary analyte","Better diet","Poor diet","Low toxicant + Poor diet",FALSE
"PFHxA_binary_U","Diet",10,150,15,135,,"binary analyte","Better diet","Poor diet","High toxicant + Better diet",FALSE
"PFHxA_binary_U","Diet",11,131,11,120,,"binary analyte","Better diet","Poor diet","High toxicant + Poor diet",FALSE
"PFHxA_binary_U","PhysicalActivity",0,501,47,454,,"binary analyte","Ideal activity","Not ideal activity","Low toxicant + Ideal activity",FALSE
"PFHxA_binary_U","PhysicalActivity",1,410,53,357,,"binary analyte","Ideal activity","Not ideal activity","Low toxicant + Not ideal activity",FALSE
"PFHxA_binary_U","PhysicalActivity",10,161,10,151,,"binary analyte","Ideal activity","Not ideal activity","High toxicant + Ideal activity",FALSE
"PFHxA_binary_U","PhysicalActivity",11,120,16,104,,"binary analyte","Ideal activity","Not ideal activity","High toxicant + Not ideal activity",FALSE
"PFHxA_binary_U","Sleep",0,492,52,440,,"binary analyte","Ideal sleep","Not ideal sleep","Low toxicant + Ideal sleep",FALSE
"PFHxA_binary_U","Sleep",1,417,47,370,,"binary analyte","Ideal sleep","Not ideal sleep","Low toxicant + Not ideal sleep",FALSE
"PFHxA_binary_U","Sleep",10,146,16,130,,"binary analyte","Ideal sleep","Not ideal sleep","High toxicant + Ideal sleep",FALSE
"PFHxA_binary_U","Sleep",11,134,10,124,,"binary analyte","Ideal sleep","Not ideal sleep","High toxicant + Not ideal sleep",FALSE
"PFHxA_binary_U","Smoking",0,496,38,458,,"binary analyte","No nicotine exposure","Nicotine exposure","Low toxicant + No nicotine exposure",FALSE
"PFHxA_binary_U","Smoking",1,413,62,351,,"binary analyte","No nicotine exposure","Nicotine exposure","Low toxicant + Nicotine exposure",FALSE
"PFHxA_binary_U","Smoking",10,150,12,138,,"binary analyte","No nicotine exposure","Nicotine exposure","High toxicant + No nicotine exposure",FALSE
"PFHxA_binary_U","Smoking",11,131,14,117,,"binary analyte","No nicotine exposure","Nicotine exposure","High toxicant + Nicotine exposure",FALSE
"PFNA_ln_S","Diet",0,528,45,483,-0.356674943938732,"median split used only for secondary RERI/joint-cell summaries","Better diet","Poor diet","Low toxicant + Better diet",FALSE
"PFNA_ln_S","Diet",1,613,62,551,-0.356674943938732,"median split used only for secondary RERI/joint-cell summaries","Better diet","Poor diet","Low toxicant + Poor diet",FALSE
"PFNA_ln_S","Diet",10,662,78,584,-0.356674943938732,"median split used only for secondary RERI/joint-cell summaries","Better diet","Poor diet","High toxicant + Better diet",FALSE
"PFNA_ln_S","Diet",11,562,80,482,-0.356674943938732,"median split used only for secondary RERI/joint-cell summaries","Better diet","Poor diet","High toxicant + Poor diet",FALSE
"PFNA_ln_S","PhysicalActivity",0,677,48,629,-0.356674943938732,"median split used only for secondary RERI/joint-cell summaries","Ideal activity","Not ideal activity","Low toxicant + Ideal activity",FALSE
"PFNA_ln_S","PhysicalActivity",1,464,59,405,-0.356674943938732,"median split used only for secondary RERI/joint-cell summaries","Ideal activity","Not ideal activity","Low toxicant + Not ideal activity",FALSE
"PFNA_ln_S","PhysicalActivity",10,700,76,624,-0.356674943938732,"median split used only for secondary RERI/joint-cell summaries","Ideal activity","Not ideal activity","High toxicant + Ideal activity",FALSE
"PFNA_ln_S","PhysicalActivity",11,524,82,442,-0.356674943938732,"median split used only for secondary RERI/joint-cell summaries","Ideal activity","Not ideal activity","High toxicant + Not ideal activity",FALSE
"PFNA_ln_S","Sleep",0,611,50,561,-0.356674943938732,"median split used only for secondary RERI/joint-cell summaries","Ideal sleep","Not ideal sleep","Low toxicant + Ideal sleep",FALSE
"PFNA_ln_S","Sleep",1,524,55,469,-0.356674943938732,"median split used only for secondary RERI/joint-cell summaries","Ideal sleep","Not ideal sleep","Low toxicant + Not ideal sleep",FALSE
"PFNA_ln_S","Sleep",10,678,79,599,-0.356674943938732,"median split used only for secondary RERI/joint-cell summaries","Ideal sleep","Not ideal sleep","High toxicant + Ideal sleep",FALSE
"PFNA_ln_S","Sleep",11,541,78,463,-0.356674943938732,"median split used only for secondary RERI/joint-cell summaries","Ideal sleep","Not ideal sleep","High toxicant + Not ideal sleep",FALSE
"PFNA_ln_S","Smoking",0,625,41,584,-0.356674943938732,"median split used only for secondary RERI/joint-cell summaries","No nicotine exposure","Nicotine exposure","Low toxicant + No nicotine exposure",FALSE
"PFNA_ln_S","Smoking",1,514,66,448,-0.356674943938732,"median split used only for secondary RERI/joint-cell summaries","No nicotine exposure","Nicotine exposure","Low toxicant + Nicotine exposure",FALSE
"PFNA_ln_S","Smoking",10,656,60,596,-0.356674943938732,"median split used only for secondary RERI/joint-cell summaries","No nicotine exposure","Nicotine exposure","High toxicant + No nicotine exposure",FALSE
"PFNA_ln_S","Smoking",11,567,98,469,-0.356674943938732,"median split used only for secondary RERI/joint-cell summaries","No nicotine exposure","Nicotine exposure","High toxicant + Nicotine exposure",FALSE
"PFUnDA_binary_S","Diet",0,594,59,535,,"binary analyte","Better diet","Poor diet","Low toxicant + Better diet",FALSE
"PFUnDA_binary_S","Diet",1,730,78,652,,"binary analyte","Better diet","Poor diet","Low toxicant + Poor diet",FALSE
"PFUnDA_binary_S","Diet",10,596,64,532,,"binary analyte","Better diet","Poor diet","High toxicant + Better diet",FALSE
"PFUnDA_binary_S","Diet",11,445,64,381,,"binary analyte","Better diet","Poor diet","High toxicant + Poor diet",FALSE
"PFUnDA_binary_S","PhysicalActivity",0,754,58,696,,"binary analyte","Ideal activity","Not ideal activity","Low toxicant + Ideal activity",FALSE
"PFUnDA_binary_S","PhysicalActivity",1,570,79,491,,"binary analyte","Ideal activity","Not ideal activity","Low toxicant + Not ideal activity",FALSE
"PFUnDA_binary_S","PhysicalActivity",10,623,66,557,,"binary analyte","Ideal activity","Not ideal activity","High toxicant + Ideal activity",FALSE
"PFUnDA_binary_S","PhysicalActivity",11,418,62,356,,"binary analyte","Ideal activity","Not ideal activity","High toxicant + Not ideal activity",FALSE
"PFUnDA_binary_S","Sleep",0,716,66,650,,"binary analyte","Ideal sleep","Not ideal sleep","Low toxicant + Ideal sleep",FALSE
"PFUnDA_binary_S","Sleep",1,603,68,535,,"binary analyte","Ideal sleep","Not ideal sleep","Low toxicant + Not ideal sleep",FALSE
"PFUnDA_binary_S","Sleep",10,573,63,510,,"binary analyte","Ideal sleep","Not ideal sleep","High toxicant + Ideal sleep",FALSE
"PFUnDA_binary_S","Sleep",11,462,65,397,,"binary analyte","Ideal sleep","Not ideal sleep","High toxicant + Not ideal sleep",FALSE
"PFUnDA_binary_S","Smoking",0,704,54,650,,"binary analyte","No nicotine exposure","Nicotine exposure","Low toxicant + No nicotine exposure",FALSE
"PFUnDA_binary_S","Smoking",1,619,83,536,,"binary analyte","No nicotine exposure","Nicotine exposure","Low toxicant + Nicotine exposure",FALSE
"PFUnDA_binary_S","Smoking",10,577,47,530,,"binary analyte","No nicotine exposure","Nicotine exposure","High toxicant + No nicotine exposure",FALSE
"PFUnDA_binary_S","Smoking",11,462,81,381,,"binary analyte","No nicotine exposure","Nicotine exposure","High toxicant + Nicotine exposure",FALSE
"PGA_ln_U","Diet",0,630,41,589,5.30864015392035,"median split used only for secondary RERI/joint-cell summaries","Better diet","Poor diet","Low toxicant + Better diet",FALSE
"PGA_ln_U","Diet",1,591,39,552,5.30864015392035,"median split used only for secondary RERI/joint-cell summaries","Better diet","Poor diet","Low toxicant + Poor diet",FALSE
"PGA_ln_U","Diet",10,615,87,528,5.30864015392035,"median split used only for secondary RERI/joint-cell summaries","Better diet","Poor diet","High toxicant + Better diet",FALSE
"PGA_ln_U","Diet",11,606,86,520,5.30864015392035,"median split used only for secondary RERI/joint-cell summaries","Better diet","Poor diet","High toxicant + Poor diet",FALSE
"PGA_ln_U","PhysicalActivity",0,726,33,693,5.30864015392035,"median split used only for secondary RERI/joint-cell summaries","Ideal activity","Not ideal activity","Low toxicant + Ideal activity",FALSE
"PGA_ln_U","PhysicalActivity",1,495,47,448,5.30864015392035,"median split used only for secondary RERI/joint-cell summaries","Ideal activity","Not ideal activity","Low toxicant + Not ideal activity",FALSE
"PGA_ln_U","PhysicalActivity",10,731,73,658,5.30864015392035,"median split used only for secondary RERI/joint-cell summaries","Ideal activity","Not ideal activity","High toxicant + Ideal activity",FALSE
"PGA_ln_U","PhysicalActivity",11,490,100,390,5.30864015392035,"median split used only for secondary RERI/joint-cell summaries","Ideal activity","Not ideal activity","High toxicant + Not ideal activity",FALSE
"PGA_ln_U","Sleep",0,675,44,631,5.3080735414934,"median split used only for secondary RERI/joint-cell summaries","Ideal sleep","Not ideal sleep","Low toxicant + Ideal sleep",FALSE
"PGA_ln_U","Sleep",1,543,35,508,5.3080735414934,"median split used only for secondary RERI/joint-cell summaries","Ideal sleep","Not ideal sleep","Low toxicant + Not ideal sleep",FALSE
"PGA_ln_U","Sleep",10,660,76,584,5.3080735414934,"median split used only for secondary RERI/joint-cell summaries","Ideal sleep","Not ideal sleep","High toxicant + Ideal sleep",FALSE
"PGA_ln_U","Sleep",11,559,96,463,5.3080735414934,"median split used only for secondary RERI/joint-cell summaries","Ideal sleep","Not ideal sleep","High toxicant + Not ideal sleep",FALSE
"PGA_ln_U","Smoking",0,802,38,764,5.30864015392035,"median split used only for secondary RERI/joint-cell summaries","No nicotine exposure","Nicotine exposure","Low toxicant + No nicotine exposure",FALSE
"PGA_ln_U","Smoking",1,419,42,377,5.30864015392035,"median split used only for secondary RERI/joint-cell summaries","No nicotine exposure","Nicotine exposure","Low toxicant + Nicotine exposure",FALSE
"PGA_ln_U","Smoking",10,515,45,470,5.30864015392035,"median split used only for secondary RERI/joint-cell summaries","No nicotine exposure","Nicotine exposure","High toxicant + No nicotine exposure",FALSE
"PGA_ln_U","Smoking",11,706,128,578,5.30864015392035,"median split used only for secondary RERI/joint-cell summaries","No nicotine exposure","Nicotine exposure","High toxicant + Nicotine exposure",FALSE
"PHE_Cys_binary_U","Diet",0,754,70,684,,"binary analyte","Better diet","Poor diet","Low toxicant + Better diet",FALSE
"PHE_Cys_binary_U","Diet",1,613,51,562,,"binary analyte","Better diet","Poor diet","Low toxicant + Poor diet",FALSE
"PHE_Cys_binary_U","Diet",10,492,59,433,,"binary analyte","Better diet","Poor diet","High toxicant + Better diet",FALSE
"PHE_Cys_binary_U","Diet",11,569,72,497,,"binary analyte","Better diet","Poor diet","High toxicant + Poor diet",FALSE
"PHE_Cys_binary_U","PhysicalActivity",0,826,56,770,,"binary analyte","Ideal activity","Not ideal activity","Low toxicant + Ideal activity",FALSE
"PHE_Cys_binary_U","PhysicalActivity",1,541,65,476,,"binary analyte","Ideal activity","Not ideal activity","Low toxicant + Not ideal activity",FALSE
"PHE_Cys_binary_U","PhysicalActivity",10,617,49,568,,"binary analyte","Ideal activity","Not ideal activity","High toxicant + Ideal activity",FALSE
"PHE_Cys_binary_U","PhysicalActivity",11,444,82,362,,"binary analyte","Ideal activity","Not ideal activity","High toxicant + Not ideal activity",FALSE
"PHE_Cys_binary_U","Sleep",0,774,64,710,,"binary analyte","Ideal sleep","Not ideal sleep","Low toxicant + Ideal sleep",FALSE
"PHE_Cys_binary_U","Sleep",1,590,55,535,,"binary analyte","Ideal sleep","Not ideal sleep","Low toxicant + Not ideal sleep",FALSE
"PHE_Cys_binary_U","Sleep",10,548,58,490,,"binary analyte","Ideal sleep","Not ideal sleep","High toxicant + Ideal sleep",FALSE
"PHE_Cys_binary_U","Sleep",11,511,73,438,,"binary analyte","Ideal sleep","Not ideal sleep","High toxicant + Not ideal sleep",FALSE
"PHE_Cys_binary_U","Smoking",0,857,45,812,,"binary analyte","No nicotine exposure","Nicotine exposure","Low toxicant + No nicotine exposure",FALSE
"PHE_Cys_binary_U","Smoking",1,510,76,434,,"binary analyte","No nicotine exposure","Nicotine exposure","Low toxicant + Nicotine exposure",FALSE
"PHE_Cys_binary_U","Smoking",10,449,39,410,,"binary analyte","No nicotine exposure","Nicotine exposure","High toxicant + No nicotine exposure",FALSE
"PHE_Cys_binary_U","Smoking",11,612,92,520,,"binary analyte","No nicotine exposure","Nicotine exposure","High toxicant + Nicotine exposure",FALSE
"PhIP_binary_U","Diet",0,280,31,249,,"binary analyte","Better diet","Poor diet","Low toxicant + Better diet",FALSE
"PhIP_binary_U","Diet",1,246,21,225,,"binary analyte","Better diet","Poor diet","Low toxicant + Poor diet",FALSE
"PhIP_binary_U","Diet",10,390,32,358,,"binary analyte","Better diet","Poor diet","High toxicant + Better diet",FALSE
"PhIP_binary_U","Diet",11,364,35,329,,"binary analyte","Better diet","Poor diet","High toxicant + Poor diet",FALSE
"PhIP_binary_U","PhysicalActivity",0,326,23,303,,"binary analyte","Ideal activity","Not ideal activity","Low toxicant + Ideal activity",FALSE
"PhIP_binary_U","PhysicalActivity",1,200,29,171,,"binary analyte","Ideal activity","Not ideal activity","Low toxicant + Not ideal activity",FALSE
"PhIP_binary_U","PhysicalActivity",10,470,29,441,,"binary analyte","Ideal activity","Not ideal activity","High toxicant + Ideal activity",FALSE
"PhIP_binary_U","PhysicalActivity",11,284,38,246,,"binary analyte","Ideal activity","Not ideal activity","High toxicant + Not ideal activity",FALSE
"PhIP_binary_U","Sleep",0,290,24,266,,"binary analyte","Ideal sleep","Not ideal sleep","Low toxicant + Ideal sleep",FALSE
"PhIP_binary_U","Sleep",1,236,28,208,,"binary analyte","Ideal sleep","Not ideal sleep","Low toxicant + Not ideal sleep",FALSE
"PhIP_binary_U","Sleep",10,413,35,378,,"binary analyte","Ideal sleep","Not ideal sleep","High toxicant + Ideal sleep",FALSE
"PhIP_binary_U","Sleep",11,341,32,309,,"binary analyte","Ideal sleep","Not ideal sleep","High toxicant + Not ideal sleep",FALSE
"PhIP_binary_U","Smoking",0,281,16,265,,"binary analyte","No nicotine exposure","Nicotine exposure","Low toxicant + No nicotine exposure",FALSE
"PhIP_binary_U","Smoking",1,245,36,209,,"binary analyte","No nicotine exposure","Nicotine exposure","Low toxicant + Nicotine exposure",FALSE
"PhIP_binary_U","Smoking",10,407,17,390,,"binary analyte","No nicotine exposure","Nicotine exposure","High toxicant + No nicotine exposure",FALSE
"PhIP_binary_U","Smoking",11,347,50,297,,"binary analyte","No nicotine exposure","Nicotine exposure","High toxicant + Nicotine exposure",FALSE
"PMA_binary_U","Diet",0,771,77,694,,"binary analyte","Better diet","Poor diet","Low toxicant + Better diet",FALSE
"PMA_binary_U","Diet",1,657,65,592,,"binary analyte","Better diet","Poor diet","Low toxicant + Poor diet",FALSE
"PMA_binary_U","Diet",10,478,54,424,,"binary analyte","Better diet","Poor diet","High toxicant + Better diet",FALSE
"PMA_binary_U","Diet",11,544,62,482,,"binary analyte","Better diet","Poor diet","High toxicant + Poor diet",FALSE
"PMA_binary_U","PhysicalActivity",0,859,64,795,,"binary analyte","Ideal activity","Not ideal activity","Low toxicant + Ideal activity",FALSE
"PMA_binary_U","PhysicalActivity",1,569,78,491,,"binary analyte","Ideal activity","Not ideal activity","Low toxicant + Not ideal activity",FALSE
"PMA_binary_U","PhysicalActivity",10,597,42,555,,"binary analyte","Ideal activity","Not ideal activity","High toxicant + Ideal activity",FALSE
"PMA_binary_U","PhysicalActivity",11,425,74,351,,"binary analyte","Ideal activity","Not ideal activity","High toxicant + Not ideal activity",FALSE
"PMA_binary_U","Sleep",0,800,71,729,,"binary analyte","Ideal sleep","Not ideal sleep","Low toxicant + Ideal sleep",FALSE
"PMA_binary_U","Sleep",1,625,69,556,,"binary analyte","Ideal sleep","Not ideal sleep","Low toxicant + Not ideal sleep",FALSE
"PMA_binary_U","Sleep",10,542,53,489,,"binary analyte","Ideal sleep","Not ideal sleep","High toxicant + Ideal sleep",FALSE
"PMA_binary_U","Sleep",11,478,63,415,,"binary analyte","Ideal sleep","Not ideal sleep","High toxicant + Not ideal sleep",FALSE
"PMA_binary_U","Smoking",0,811,51,760,,"binary analyte","No nicotine exposure","Nicotine exposure","Low toxicant + No nicotine exposure",FALSE
"PMA_binary_U","Smoking",1,617,91,526,,"binary analyte","No nicotine exposure","Nicotine exposure","Low toxicant + Nicotine exposure",FALSE
"PMA_binary_U","Smoking",10,507,34,473,,"binary analyte","No nicotine exposure","Nicotine exposure","High toxicant + No nicotine exposure",FALSE
"PMA_binary_U","Smoking",11,515,82,433,,"binary analyte","No nicotine exposure","Nicotine exposure","High toxicant + Nicotine exposure",FALSE
"PMM_Cys_ln_U","Diet",0,634,45,589,5.37212258362136,"median split used only for secondary RERI/joint-cell summaries","Better diet","Poor diet","Low toxicant + Better diet",FALSE
"PMM_Cys_ln_U","Diet",1,595,41,554,5.37212258362136,"median split used only for secondary RERI/joint-cell summaries","Better diet","Poor diet","Low toxicant + Poor diet",FALSE
"PMM_Cys_ln_U","Diet",10,622,86,536,5.37212258362136,"median split used only for secondary RERI/joint-cell summaries","Better diet","Poor diet","High toxicant + Better diet",FALSE
"PMM_Cys_ln_U","Diet",11,607,85,522,5.37212258362136,"median split used only for secondary RERI/joint-cell summaries","Better diet","Poor diet","High toxicant + Poor diet",FALSE
"PMM_Cys_ln_U","PhysicalActivity",0,740,35,705,5.37212258362136,"median split used only for secondary RERI/joint-cell summaries","Ideal activity","Not ideal activity","Low toxicant + Ideal activity",FALSE
"PMM_Cys_ln_U","PhysicalActivity",1,489,51,438,5.37212258362136,"median split used only for secondary RERI/joint-cell summaries","Ideal activity","Not ideal activity","Low toxicant + Not ideal activity",FALSE
"PMM_Cys_ln_U","PhysicalActivity",10,724,71,653,5.37212258362136,"median split used only for secondary RERI/joint-cell summaries","Ideal activity","Not ideal activity","High toxicant + Ideal activity",FALSE
"PMM_Cys_ln_U","PhysicalActivity",11,505,100,405,5.37212258362136,"median split used only for secondary RERI/joint-cell summaries","Ideal activity","Not ideal activity","High toxicant + Not ideal activity",FALSE
"PMM_Cys_ln_U","Sleep",0,704,41,663,5.37181982854096,"median split used only for secondary RERI/joint-cell summaries","Ideal sleep","Not ideal sleep","Low toxicant + Ideal sleep",FALSE
"PMM_Cys_ln_U","Sleep",1,522,44,478,5.37181982854096,"median split used only for secondary RERI/joint-cell summaries","Ideal sleep","Not ideal sleep","Low toxicant + Not ideal sleep",FALSE
"PMM_Cys_ln_U","Sleep",10,642,82,560,5.37181982854096,"median split used only for secondary RERI/joint-cell summaries","Ideal sleep","Not ideal sleep","High toxicant + Ideal sleep",FALSE
"PMM_Cys_ln_U","Sleep",11,585,88,497,5.37181982854096,"median split used only for secondary RERI/joint-cell summaries","Ideal sleep","Not ideal sleep","High toxicant + Not ideal sleep",FALSE
"PMM_Cys_ln_U","Smoking",0,825,36,789,5.37212258362136,"median split used only for secondary RERI/joint-cell summaries","No nicotine exposure","Nicotine exposure","Low toxicant + No nicotine exposure",FALSE
"PMM_Cys_ln_U","Smoking",1,404,50,354,5.37212258362136,"median split used only for secondary RERI/joint-cell summaries","No nicotine exposure","Nicotine exposure","Low toxicant + Nicotine exposure",FALSE
"PMM_Cys_ln_U","Smoking",10,506,49,457,5.37212258362136,"median split used only for secondary RERI/joint-cell summaries","No nicotine exposure","Nicotine exposure","High toxicant + No nicotine exposure",FALSE
"PMM_Cys_ln_U","Smoking",11,723,122,601,5.37212258362136,"median split used only for secondary RERI/joint-cell summaries","No nicotine exposure","Nicotine exposure","High toxicant + Nicotine exposure",FALSE
"PNP_ln_U","Diet",0,516,50,466,-0.54654370636807,"median split used only for secondary RERI/joint-cell summaries","Better diet","Poor diet","Low toxicant + Better diet",FALSE
"PNP_ln_U","Diet",1,695,73,622,-0.54654370636807,"median split used only for secondary RERI/joint-cell summaries","Better diet","Poor diet","Low toxicant + Poor diet",FALSE
"PNP_ln_U","Diet",10,682,77,605,-0.54654370636807,"median split used only for secondary RERI/joint-cell summaries","Better diet","Poor diet","High toxicant + Better diet",FALSE
"PNP_ln_U","Diet",11,534,73,461,-0.54654370636807,"median split used only for secondary RERI/joint-cell summaries","Better diet","Poor diet","High toxicant + Poor diet",FALSE
"PNP_ln_U","PhysicalActivity",0,738,50,688,-0.54654370636807,"median split used only for secondary RERI/joint-cell summaries","Ideal activity","Not ideal activity","Low toxicant + Ideal activity",FALSE
"PNP_ln_U","PhysicalActivity",1,473,73,400,-0.54654370636807,"median split used only for secondary RERI/joint-cell summaries","Ideal activity","Not ideal activity","Low toxicant + Not ideal activity",FALSE
"PNP_ln_U","PhysicalActivity",10,721,65,656,-0.54654370636807,"median split used only for secondary RERI/joint-cell summaries","Ideal activity","Not ideal activity","High toxicant + Ideal activity",FALSE
"PNP_ln_U","PhysicalActivity",11,495,85,410,-0.54654370636807,"median split used only for secondary RERI/joint-cell summaries","Ideal activity","Not ideal activity","High toxicant + Not ideal activity",FALSE
"PNP_ln_U","Sleep",0,669,60,609,-0.544727175441672,"median split used only for secondary RERI/joint-cell summaries","Ideal sleep","Not ideal sleep","Low toxicant + Ideal sleep",FALSE
"PNP_ln_U","Sleep",1,539,61,478,-0.544727175441672,"median split used only for secondary RERI/joint-cell summaries","Ideal sleep","Not ideal sleep","Low toxicant + Not ideal sleep",FALSE
"PNP_ln_U","Sleep",10,641,62,579,-0.544727175441672,"median split used only for secondary RERI/joint-cell summaries","Ideal sleep","Not ideal sleep","High toxicant + Ideal sleep",FALSE
"PNP_ln_U","Sleep",11,568,87,481,-0.544727175441672,"median split used only for secondary RERI/joint-cell summaries","Ideal sleep","Not ideal sleep","High toxicant + Not ideal sleep",FALSE
"PNP_ln_U","Smoking",0,651,47,604,-0.54654370636807,"median split used only for secondary RERI/joint-cell summaries","No nicotine exposure","Nicotine exposure","Low toxicant + No nicotine exposure",FALSE
"PNP_ln_U","Smoking",1,560,76,484,-0.54654370636807,"median split used only for secondary RERI/joint-cell summaries","No nicotine exposure","Nicotine exposure","Low toxicant + Nicotine exposure",FALSE
"PNP_ln_U","Smoking",10,638,56,582,-0.54654370636807,"median split used only for secondary RERI/joint-cell summaries","No nicotine exposure","Nicotine exposure","High toxicant + No nicotine exposure",FALSE
"PNP_ln_U","Smoking",11,577,94,483,-0.54654370636807,"median split used only for secondary RERI/joint-cell summaries","No nicotine exposure","Nicotine exposure","High toxicant + Nicotine exposure",FALSE
"PPDA_binary_U","Diet",0,440,52,388,,"binary analyte","Better diet","Poor diet","Low toxicant + Better diet",FALSE
"PPDA_binary_U","Diet",1,438,45,393,,"binary analyte","Better diet","Poor diet","Low toxicant + Poor diet",FALSE
"PPDA_binary_U","Diet",10,72,9,63,,"binary analyte","Better diet","Poor diet","High toxicant + Better diet",FALSE
"PPDA_binary_U","Diet",11,93,17,76,,"binary analyte","Better diet","Poor diet","High toxicant + Poor diet",FALSE
"PPDA_binary_U","PhysicalActivity",0,510,41,469,,"binary analyte","Ideal activity","Not ideal activity","Low toxicant + Ideal activity",FALSE
"PPDA_binary_U","PhysicalActivity",1,368,56,312,,"binary analyte","Ideal activity","Not ideal activity","Low toxicant + Not ideal activity",FALSE
"PPDA_binary_U","PhysicalActivity",10,96,10,86,,"binary analyte","Ideal activity","Not ideal activity","High toxicant + Ideal activity",FALSE
"PPDA_binary_U","PhysicalActivity",11,69,16,53,,"binary analyte","Ideal activity","Not ideal activity","High toxicant + Not ideal activity",FALSE
"PPDA_binary_U","Sleep",0,485,43,442,,"binary analyte","Ideal sleep","Not ideal sleep","Low toxicant + Ideal sleep",FALSE
"PPDA_binary_U","Sleep",1,390,53,337,,"binary analyte","Ideal sleep","Not ideal sleep","Low toxicant + Not ideal sleep",FALSE
"PPDA_binary_U","Sleep",10,87,13,74,,"binary analyte","Ideal sleep","Not ideal sleep","High toxicant + Ideal sleep",FALSE
"PPDA_binary_U","Sleep",11,78,13,65,,"binary analyte","Ideal sleep","Not ideal sleep","High toxicant + Not ideal sleep",FALSE
"PPDA_binary_U","Smoking",0,485,35,450,,"binary analyte","No nicotine exposure","Nicotine exposure","Low toxicant + No nicotine exposure",FALSE
"PPDA_binary_U","Smoking",1,393,62,331,,"binary analyte","No nicotine exposure","Nicotine exposure","Low toxicant + Nicotine exposure",FALSE
"PPDA_binary_U","Smoking",10,84,10,74,,"binary analyte","No nicotine exposure","Nicotine exposure","High toxicant + No nicotine exposure",FALSE
"PPDA_binary_U","Smoking",11,81,16,65,,"binary analyte","No nicotine exposure","Nicotine exposure","High toxicant + Nicotine exposure",FALSE
"PrP_ln_U","Diet",0,571,68,503,1.82522891335024,"median split used only for secondary RERI/joint-cell summaries","Better diet","Poor diet","Low toxicant + Better diet",FALSE
"PrP_ln_U","Diet",1,642,86,556,1.82522891335024,"median split used only for secondary RERI/joint-cell summaries","Better diet","Poor diet","Low toxicant + Poor diet",FALSE
"PrP_ln_U","Diet",10,658,53,605,1.82522891335024,"median split used only for secondary RERI/joint-cell summaries","Better diet","Poor diet","High toxicant + Better diet",FALSE
"PrP_ln_U","Diet",11,555,56,499,1.82522891335024,"median split used only for secondary RERI/joint-cell summaries","Better diet","Poor diet","High toxicant + Poor diet",FALSE
"PrP_ln_U","PhysicalActivity",0,719,73,646,1.82522891335024,"median split used only for secondary RERI/joint-cell summaries","Ideal activity","Not ideal activity","Low toxicant + Ideal activity",FALSE
"PrP_ln_U","PhysicalActivity",1,494,81,413,1.82522891335024,"median split used only for secondary RERI/joint-cell summaries","Ideal activity","Not ideal activity","Low toxicant + Not ideal activity",FALSE
"PrP_ln_U","PhysicalActivity",10,708,53,655,1.82522891335024,"median split used only for secondary RERI/joint-cell summaries","Ideal activity","Not ideal activity","High toxicant + Ideal activity",FALSE
"PrP_ln_U","PhysicalActivity",11,505,56,449,1.82522891335024,"median split used only for secondary RERI/joint-cell summaries","Ideal activity","Not ideal activity","High toxicant + Not ideal activity",FALSE
"PrP_ln_U","Sleep",0,656,75,581,1.82522891335024,"median split used only for secondary RERI/joint-cell summaries","Ideal sleep","Not ideal sleep","Low toxicant + Ideal sleep",FALSE
"PrP_ln_U","Sleep",1,552,76,476,1.82522891335024,"median split used only for secondary RERI/joint-cell summaries","Ideal sleep","Not ideal sleep","Low toxicant + Not ideal sleep",FALSE
"PrP_ln_U","Sleep",10,666,51,615,1.82522891335024,"median split used only for secondary RERI/joint-cell summaries","Ideal sleep","Not ideal sleep","High toxicant + Ideal sleep",FALSE
"PrP_ln_U","Sleep",11,542,58,484,1.82522891335024,"median split used only for secondary RERI/joint-cell summaries","Ideal sleep","Not ideal sleep","High toxicant + Not ideal sleep",FALSE
"PrP_ln_U","Smoking",0,587,50,537,1.82650241767193,"median split used only for secondary RERI/joint-cell summaries","No nicotine exposure","Nicotine exposure","Low toxicant + No nicotine exposure",FALSE
"PrP_ln_U","Smoking",1,624,104,520,1.82650241767193,"median split used only for secondary RERI/joint-cell summaries","No nicotine exposure","Nicotine exposure","Low toxicant + Nicotine exposure",FALSE
"PrP_ln_U","Smoking",10,734,50,684,1.82650241767193,"median split used only for secondary RERI/joint-cell summaries","No nicotine exposure","Nicotine exposure","High toxicant + No nicotine exposure",FALSE
"PrP_ln_U","Smoking",11,478,59,419,1.82650241767193,"median split used only for secondary RERI/joint-cell summaries","No nicotine exposure","Nicotine exposure","High toxicant + Nicotine exposure",FALSE
"Sb_ln_U","Diet",0,638,60,578,-3.09104245335832,"median split used only for secondary RERI/joint-cell summaries","Better diet","Poor diet","Low toxicant + Better diet",FALSE
"Sb_ln_U","Diet",1,612,68,544,-3.09104245335832,"median split used only for secondary RERI/joint-cell summaries","Better diet","Poor diet","Low toxicant + Poor diet",FALSE
"Sb_ln_U","Diet",10,636,72,564,-3.09104245335832,"median split used only for secondary RERI/joint-cell summaries","Better diet","Poor diet","High toxicant + Better diet",FALSE
"Sb_ln_U","Diet",11,616,62,554,-3.09104245335832,"median split used only for secondary RERI/joint-cell summaries","Better diet","Poor diet","High toxicant + Poor diet",FALSE
"Sb_ln_U","PhysicalActivity",0,742,51,691,-3.09104245335832,"median split used only for secondary RERI/joint-cell summaries","Ideal activity","Not ideal activity","Low toxicant + Ideal activity",FALSE
"Sb_ln_U","PhysicalActivity",1,508,77,431,-3.09104245335832,"median split used only for secondary RERI/joint-cell summaries","Ideal activity","Not ideal activity","Low toxicant + Not ideal activity",FALSE
"Sb_ln_U","PhysicalActivity",10,747,56,691,-3.09104245335832,"median split used only for secondary RERI/joint-cell summaries","Ideal activity","Not ideal activity","High toxicant + Ideal activity",FALSE
"Sb_ln_U","PhysicalActivity",11,505,78,427,-3.09104245335832,"median split used only for secondary RERI/joint-cell summaries","Ideal activity","Not ideal activity","High toxicant + Not ideal activity",FALSE
"Sb_ln_U","Sleep",0,686,55,631,-3.09258209954391,"median split used only for secondary RERI/joint-cell summaries","Ideal sleep","Not ideal sleep","Low toxicant + Ideal sleep",FALSE
"Sb_ln_U","Sleep",1,562,72,490,-3.09258209954391,"median split used only for secondary RERI/joint-cell summaries","Ideal sleep","Not ideal sleep","Low toxicant + Not ideal sleep",FALSE
"Sb_ln_U","Sleep",10,684,70,614,-3.09258209954391,"median split used only for secondary RERI/joint-cell summaries","Ideal sleep","Not ideal sleep","High toxicant + Ideal sleep",FALSE
"Sb_ln_U","Sleep",11,565,63,502,-3.09258209954391,"median split used only for secondary RERI/joint-cell summaries","Ideal sleep","Not ideal sleep","High toxicant + Not ideal sleep",FALSE
"Sb_ln_U","Smoking",0,688,43,645,-3.09104245335832,"median split used only for secondary RERI/joint-cell summaries","No nicotine exposure","Nicotine exposure","Low toxicant + No nicotine exposure",FALSE
"Sb_ln_U","Smoking",1,562,85,477,-3.09104245335832,"median split used only for secondary RERI/joint-cell summaries","No nicotine exposure","Nicotine exposure","Low toxicant + Nicotine exposure",FALSE
"Sb_ln_U","Smoking",10,659,45,614,-3.09104245335832,"median split used only for secondary RERI/joint-cell summaries","No nicotine exposure","Nicotine exposure","High toxicant + No nicotine exposure",FALSE
"Sb_ln_U","Smoking",11,593,89,504,-3.09104245335832,"median split used only for secondary RERI/joint-cell summaries","No nicotine exposure","Nicotine exposure","High toxicant + Nicotine exposure",FALSE
"Se_ln_S","Diet",0,912,106,806,0.904218150639886,"median split used only for secondary RERI/joint-cell summaries","Better diet","Poor diet","Low toxicant + Better diet",FALSE
"Se_ln_S","Diet",1,903,94,809,0.904218150639886,"median split used only for secondary RERI/joint-cell summaries","Better diet","Poor diet","Low toxicant + Poor diet",FALSE
"Se_ln_S","Diet",10,972,96,876,0.904218150639886,"median split used only for secondary RERI/joint-cell summaries","Better diet","Poor diet","High toxicant + Better diet",FALSE
"Se_ln_S","Diet",11,903,98,805,0.904218150639886,"median split used only for secondary RERI/joint-cell summaries","Better diet","Poor diet","High toxicant + Poor diet",FALSE
"Se_ln_S","PhysicalActivity",0,1038,75,963,0.904218150639886,"median split used only for secondary RERI/joint-cell summaries","Ideal activity","Not ideal activity","Low toxicant + Ideal activity",FALSE
"Se_ln_S","PhysicalActivity",1,777,125,652,0.904218150639886,"median split used only for secondary RERI/joint-cell summaries","Ideal activity","Not ideal activity","Low toxicant + Not ideal activity",FALSE
"Se_ln_S","PhysicalActivity",10,1143,87,1056,0.904218150639886,"median split used only for secondary RERI/joint-cell summaries","Ideal activity","Not ideal activity","High toxicant + Ideal activity",FALSE
"Se_ln_S","PhysicalActivity",11,732,107,625,0.904218150639886,"median split used only for secondary RERI/joint-cell summaries","Ideal activity","Not ideal activity","High toxicant + Not ideal activity",FALSE
"Se_ln_S","Sleep",0,987,94,893,0.904218150639886,"median split used only for secondary RERI/joint-cell summaries","Ideal sleep","Not ideal sleep","Low toxicant + Ideal sleep",FALSE
"Se_ln_S","Sleep",1,824,105,719,0.904218150639886,"median split used only for secondary RERI/joint-cell summaries","Ideal sleep","Not ideal sleep","Low toxicant + Not ideal sleep",FALSE
"Se_ln_S","Sleep",10,1036,93,943,0.904218150639886,"median split used only for secondary RERI/joint-cell summaries","Ideal sleep","Not ideal sleep","High toxicant + Ideal sleep",FALSE
"Se_ln_S","Sleep",11,836,100,736,0.904218150639886,"median split used only for secondary RERI/joint-cell summaries","Ideal sleep","Not ideal sleep","High toxicant + Not ideal sleep",FALSE
"Se_ln_S","Smoking",0,951,71,880,0.904218150639886,"median split used only for secondary RERI/joint-cell summaries","No nicotine exposure","Nicotine exposure","Low toxicant + No nicotine exposure",FALSE
"Se_ln_S","Smoking",1,864,129,735,0.904218150639886,"median split used only for secondary RERI/joint-cell summaries","No nicotine exposure","Nicotine exposure","Low toxicant + Nicotine exposure",FALSE
"Se_ln_S","Smoking",10,1053,69,984,0.904218150639886,"median split used only for secondary RERI/joint-cell summaries","No nicotine exposure","Nicotine exposure","High toxicant + No nicotine exposure",FALSE
"Se_ln_S","Smoking",11,822,125,697,0.904218150639886,"median split used only for secondary RERI/joint-cell summaries","No nicotine exposure","Nicotine exposure","High toxicant + Nicotine exposure",FALSE
"Sm_PFOS_ln_S","Diet",0,259,15,244,0.470003629245736,"median split used only for secondary RERI/joint-cell summaries","Better diet","Poor diet","Low toxicant + Better diet",FALSE
"Sm_PFOS_ln_S","Diet",1,269,24,245,0.470003629245736,"median split used only for secondary RERI/joint-cell summaries","Better diet","Poor diet","Low toxicant + Poor diet",FALSE
"Sm_PFOS_ln_S","Diet",10,279,38,241,0.470003629245736,"median split used only for secondary RERI/joint-cell summaries","Better diet","Poor diet","High toxicant + Better diet",FALSE
"Sm_PFOS_ln_S","Diet",11,299,52,247,0.470003629245736,"median split used only for secondary RERI/joint-cell summaries","Better diet","Poor diet","High toxicant + Poor diet",FALSE
"Sm_PFOS_ln_S","PhysicalActivity",0,339,17,322,0.470003629245736,"median split used only for secondary RERI/joint-cell summaries","Ideal activity","Not ideal activity","Low toxicant + Ideal activity",FALSE
"Sm_PFOS_ln_S","PhysicalActivity",1,189,22,167,0.470003629245736,"median split used only for secondary RERI/joint-cell summaries","Ideal activity","Not ideal activity","Low toxicant + Not ideal activity",FALSE
"Sm_PFOS_ln_S","PhysicalActivity",10,329,45,284,0.470003629245736,"median split used only for secondary RERI/joint-cell summaries","Ideal activity","Not ideal activity","High toxicant + Ideal activity",FALSE
"Sm_PFOS_ln_S","PhysicalActivity",11,249,45,204,0.470003629245736,"median split used only for secondary RERI/joint-cell summaries","Ideal activity","Not ideal activity","High toxicant + Not ideal activity",FALSE
"Sm_PFOS_ln_S","Sleep",0,300,20,280,0.470003629245736,"median split used only for secondary RERI/joint-cell summaries","Ideal sleep","Not ideal sleep","Low toxicant + Ideal sleep",FALSE
"Sm_PFOS_ln_S","Sleep",1,225,19,206,0.470003629245736,"median split used only for secondary RERI/joint-cell summaries","Ideal sleep","Not ideal sleep","Low toxicant + Not ideal sleep",FALSE
"Sm_PFOS_ln_S","Sleep",10,318,37,281,0.470003629245736,"median split used only for secondary RERI/joint-cell summaries","Ideal sleep","Not ideal sleep","High toxicant + Ideal sleep",FALSE
"Sm_PFOS_ln_S","Sleep",11,255,51,204,0.470003629245736,"median split used only for secondary RERI/joint-cell summaries","Ideal sleep","Not ideal sleep","High toxicant + Not ideal sleep",FALSE
"Sm_PFOS_ln_S","Smoking",0,295,14,281,0.470003629245736,"median split used only for secondary RERI/joint-cell summaries","No nicotine exposure","Nicotine exposure","Low toxicant + No nicotine exposure",FALSE
"Sm_PFOS_ln_S","Smoking",1,232,25,207,0.470003629245736,"median split used only for secondary RERI/joint-cell summaries","No nicotine exposure","Nicotine exposure","Low toxicant + Nicotine exposure",FALSE
"Sm_PFOS_ln_S","Smoking",10,296,31,265,0.470003629245736,"median split used only for secondary RERI/joint-cell summaries","No nicotine exposure","Nicotine exposure","High toxicant + No nicotine exposure",FALSE
"Sm_PFOS_ln_S","Smoking",11,282,59,223,0.470003629245736,"median split used only for secondary RERI/joint-cell summaries","No nicotine exposure","Nicotine exposure","High toxicant + Nicotine exposure",FALSE
"Sn_ln_U","Diet",0,620,37,583,-0.78170057790139,"median split used only for secondary RERI/joint-cell summaries","Better diet","Poor diet","Low toxicant + Better diet",FALSE
"Sn_ln_U","Diet",1,630,41,589,-0.78170057790139,"median split used only for secondary RERI/joint-cell summaries","Better diet","Poor diet","Low toxicant + Poor diet",FALSE
"Sn_ln_U","Diet",10,654,95,559,-0.78170057790139,"median split used only for secondary RERI/joint-cell summaries","Better diet","Poor diet","High toxicant + Better diet",FALSE
"Sn_ln_U","Diet",11,597,89,508,-0.78170057790139,"median split used only for secondary RERI/joint-cell summaries","Better diet","Poor diet","High toxicant + Poor diet",FALSE
"Sn_ln_U","PhysicalActivity",0,813,41,772,-0.78170057790139,"median split used only for secondary RERI/joint-cell summaries","Ideal activity","Not ideal activity","Low toxicant + Ideal activity",FALSE
"Sn_ln_U","PhysicalActivity",1,437,37,400,-0.78170057790139,"median split used only for secondary RERI/joint-cell summaries","Ideal activity","Not ideal activity","Low toxicant + Not ideal activity",FALSE
"Sn_ln_U","PhysicalActivity",10,675,66,609,-0.78170057790139,"median split used only for secondary RERI/joint-cell summaries","Ideal activity","Not ideal activity","High toxicant + Ideal activity",FALSE
"Sn_ln_U","PhysicalActivity",11,576,118,458,-0.78170057790139,"median split used only for secondary RERI/joint-cell summaries","Ideal activity","Not ideal activity","High toxicant + Not ideal activity",FALSE
"Sn_ln_U","Sleep",0,699,39,660,-0.782759339249632,"median split used only for secondary RERI/joint-cell summaries","Ideal sleep","Not ideal sleep","Low toxicant + Ideal sleep",FALSE
"Sn_ln_U","Sleep",1,545,39,506,-0.782759339249632,"median split used only for secondary RERI/joint-cell summaries","Ideal sleep","Not ideal sleep","Low toxicant + Not ideal sleep",FALSE
"Sn_ln_U","Sleep",10,670,86,584,-0.782759339249632,"median split used only for secondary RERI/joint-cell summaries","Ideal sleep","Not ideal sleep","High toxicant + Ideal sleep",FALSE
"Sn_ln_U","Sleep",11,582,96,486,-0.782759339249632,"median split used only for secondary RERI/joint-cell summaries","Ideal sleep","Not ideal sleep","High toxicant + Not ideal sleep",FALSE
"Sn_ln_U","Smoking",0,670,22,648,-0.78170057790139,"median split used only for secondary RERI/joint-cell summaries","No nicotine exposure","Nicotine exposure","Low toxicant + No nicotine exposure",FALSE
"Sn_ln_U","Smoking",1,580,56,524,-0.78170057790139,"median split used only for secondary RERI/joint-cell summaries","No nicotine exposure","Nicotine exposure","Low toxicant + Nicotine exposure",FALSE
"Sn_ln_U","Smoking",10,676,66,610,-0.78170057790139,"median split used only for secondary RERI/joint-cell summaries","No nicotine exposure","Nicotine exposure","High toxicant + No nicotine exposure",FALSE
"Sn_ln_U","Smoking",11,575,118,457,-0.78170057790139,"median split used only for secondary RERI/joint-cell summaries","No nicotine exposure","Nicotine exposure","High toxicant + Nicotine exposure",FALSE
"Sr_ln_U","Diet",0,618,68,550,4.55219342875133,"median split used only for secondary RERI/joint-cell summaries","Better diet","Poor diet","Low toxicant + Better diet",FALSE
"Sr_ln_U","Diet",1,633,72,561,4.55219342875133,"median split used only for secondary RERI/joint-cell summaries","Better diet","Poor diet","Low toxicant + Poor diet",FALSE
"Sr_ln_U","Diet",10,656,64,592,4.55219342875133,"median split used only for secondary RERI/joint-cell summaries","Better diet","Poor diet","High toxicant + Better diet",FALSE
"Sr_ln_U","Diet",11,595,58,537,4.55219342875133,"median split used only for secondary RERI/joint-cell summaries","Better diet","Poor diet","High toxicant + Poor diet",FALSE
"Sr_ln_U","PhysicalActivity",0,747,53,694,4.55219342875133,"median split used only for secondary RERI/joint-cell summaries","Ideal activity","Not ideal activity","Low toxicant + Ideal activity",FALSE
"Sr_ln_U","PhysicalActivity",1,504,87,417,4.55219342875133,"median split used only for secondary RERI/joint-cell summaries","Ideal activity","Not ideal activity","Low toxicant + Not ideal activity",FALSE
"Sr_ln_U","PhysicalActivity",10,742,54,688,4.55219342875133,"median split used only for secondary RERI/joint-cell summaries","Ideal activity","Not ideal activity","High toxicant + Ideal activity",FALSE
"Sr_ln_U","PhysicalActivity",11,509,68,441,4.55219342875133,"median split used only for secondary RERI/joint-cell summaries","Ideal activity","Not ideal activity","High toxicant + Not ideal activity",FALSE
"Sr_ln_U","Sleep",0,669,66,603,4.55174912343367,"median split used only for secondary RERI/joint-cell summaries","Ideal sleep","Not ideal sleep","Low toxicant + Ideal sleep",FALSE
"Sr_ln_U","Sleep",1,579,73,506,4.55174912343367,"median split used only for secondary RERI/joint-cell summaries","Ideal sleep","Not ideal sleep","Low toxicant + Not ideal sleep",FALSE
"Sr_ln_U","Sleep",10,701,59,642,4.55174912343367,"median split used only for secondary RERI/joint-cell summaries","Ideal sleep","Not ideal sleep","High toxicant + Ideal sleep",FALSE
"Sr_ln_U","Sleep",11,548,62,486,4.55174912343367,"median split used only for secondary RERI/joint-cell summaries","Ideal sleep","Not ideal sleep","High toxicant + Not ideal sleep",FALSE
"Sr_ln_U","Smoking",0,679,49,630,4.55219342875133,"median split used only for secondary RERI/joint-cell summaries","No nicotine exposure","Nicotine exposure","Low toxicant + No nicotine exposure",FALSE
"Sr_ln_U","Smoking",1,572,91,481,4.55219342875133,"median split used only for secondary RERI/joint-cell summaries","No nicotine exposure","Nicotine exposure","Low toxicant + Nicotine exposure",FALSE
"Sr_ln_U","Smoking",10,668,39,629,4.55219342875133,"median split used only for secondary RERI/joint-cell summaries","No nicotine exposure","Nicotine exposure","High toxicant + No nicotine exposure",FALSE
"Sr_ln_U","Smoking",11,583,83,500,4.55219342875133,"median split used only for secondary RERI/joint-cell summaries","No nicotine exposure","Nicotine exposure","High toxicant + Nicotine exposure",FALSE
"TBPPP_binary_U","Diet",0,427,43,384,,"binary analyte","Better diet","Poor diet","Low toxicant + Better diet",FALSE
"TBPPP_binary_U","Diet",1,429,66,363,,"binary analyte","Better diet","Poor diet","Low toxicant + Poor diet",FALSE
"TBPPP_binary_U","Diet",10,60,6,54,,"binary analyte","Better diet","Poor diet","High toxicant + Better diet",FALSE
"TBPPP_binary_U","Diet",11,87,9,78,,"binary analyte","Better diet","Poor diet","High toxicant + Poor diet",FALSE
"TBPPP_binary_U","PhysicalActivity",0,515,55,460,,"binary analyte","Ideal activity","Not ideal activity","Low toxicant + Ideal activity",FALSE
"TBPPP_binary_U","PhysicalActivity",1,341,54,287,,"binary analyte","Ideal activity","Not ideal activity","Low toxicant + Not ideal activity",FALSE
"TBPPP_binary_U","PhysicalActivity",10,101,7,94,,"binary analyte","Ideal activity","Not ideal activity","High toxicant + Ideal activity",FALSE
"TBPPP_binary_U","PhysicalActivity",11,46,8,38,,"binary analyte","Ideal activity","Not ideal activity","High toxicant + Not ideal activity",FALSE
"TBPPP_binary_U","Sleep",0,487,49,438,,"binary analyte","Ideal sleep","Not ideal sleep","Low toxicant + Ideal sleep",FALSE
"TBPPP_binary_U","Sleep",1,362,59,303,,"binary analyte","Ideal sleep","Not ideal sleep","Low toxicant + Not ideal sleep",FALSE
"TBPPP_binary_U","Sleep",10,75,4,71,,"binary analyte","Ideal sleep","Not ideal sleep","High toxicant + Ideal sleep",FALSE
"TBPPP_binary_U","Sleep",11,71,10,61,,"binary analyte","Ideal sleep","Not ideal sleep","High toxicant + Not ideal sleep",FALSE
"TBPPP_binary_U","Smoking",0,449,34,415,,"binary analyte","No nicotine exposure","Nicotine exposure","Low toxicant + No nicotine exposure",FALSE
"TBPPP_binary_U","Smoking",1,406,75,331,,"binary analyte","No nicotine exposure","Nicotine exposure","Low toxicant + Nicotine exposure",FALSE
"TBPPP_binary_U","Smoking",10,76,6,70,,"binary analyte","No nicotine exposure","Nicotine exposure","High toxicant + No nicotine exposure",FALSE
"TBPPP_binary_U","Smoking",11,71,9,62,,"binary analyte","No nicotine exposure","Nicotine exposure","High toxicant + Nicotine exposure",FALSE
"TCC_binary_U","Diet",0,786,73,713,,"binary analyte","Better diet","Poor diet","Low toxicant + Better diet",FALSE
"TCC_binary_U","Diet",1,713,86,627,,"binary analyte","Better diet","Poor diet","Low toxicant + Poor diet",FALSE
"TCC_binary_U","Diet",10,443,48,395,,"binary analyte","Better diet","Poor diet","High toxicant + Better diet",FALSE
"TCC_binary_U","Diet",11,486,56,430,,"binary analyte","Better diet","Poor diet","High toxicant + Poor diet",FALSE
"TCC_binary_U","PhysicalActivity",0,903,78,825,,"binary analyte","Ideal activity","Not ideal activity","Low toxicant + Ideal activity",FALSE
"TCC_binary_U","PhysicalActivity",1,596,81,515,,"binary analyte","Ideal activity","Not ideal activity","Low toxicant + Not ideal activity",FALSE
"TCC_binary_U","PhysicalActivity",10,526,48,478,,"binary analyte","Ideal activity","Not ideal activity","High toxicant + Ideal activity",FALSE
"TCC_binary_U","PhysicalActivity",11,403,56,347,,"binary analyte","Ideal activity","Not ideal activity","High toxicant + Not ideal activity",FALSE
"TCC_binary_U","Sleep",0,838,79,759,,"binary analyte","Ideal sleep","Not ideal sleep","Low toxicant + Ideal sleep",FALSE
"TCC_binary_U","Sleep",1,655,78,577,,"binary analyte","Ideal sleep","Not ideal sleep","Low toxicant + Not ideal sleep",FALSE
"TCC_binary_U","Sleep",10,484,47,437,,"binary analyte","Ideal sleep","Not ideal sleep","High toxicant + Ideal sleep",FALSE
"TCC_binary_U","Sleep",11,441,56,385,,"binary analyte","Ideal sleep","Not ideal sleep","High toxicant + Not ideal sleep",FALSE
"TCC_binary_U","Smoking",0,826,56,770,,"binary analyte","No nicotine exposure","Nicotine exposure","Low toxicant + No nicotine exposure",FALSE
"TCC_binary_U","Smoking",1,672,103,569,,"binary analyte","No nicotine exposure","Nicotine exposure","Low toxicant + Nicotine exposure",FALSE
"TCC_binary_U","Smoking",10,496,44,452,,"binary analyte","No nicotine exposure","Nicotine exposure","High toxicant + No nicotine exposure",FALSE
"TCC_binary_U","Smoking",11,431,60,371,,"binary analyte","No nicotine exposure","Nicotine exposure","High toxicant + Nicotine exposure",FALSE
"TCPY_ln_U","Diet",0,515,42,473,0.0404741079277744,"median split used only for secondary RERI/joint-cell summaries","Better diet","Poor diet","Low toxicant + Better diet",FALSE
"TCPY_ln_U","Diet",1,709,69,640,0.0404741079277744,"median split used only for secondary RERI/joint-cell summaries","Better diet","Poor diet","Low toxicant + Poor diet",FALSE
"TCPY_ln_U","Diet",10,692,85,607,0.0404741079277744,"median split used only for secondary RERI/joint-cell summaries","Better diet","Poor diet","High toxicant + Better diet",FALSE
"TCPY_ln_U","Diet",11,533,77,456,0.0404741079277744,"median split used only for secondary RERI/joint-cell summaries","Better diet","Poor diet","High toxicant + Poor diet",FALSE
"TCPY_ln_U","PhysicalActivity",0,748,46,702,0.0404741079277744,"median split used only for secondary RERI/joint-cell summaries","Ideal activity","Not ideal activity","Low toxicant + Ideal activity",FALSE
"TCPY_ln_U","PhysicalActivity",1,476,65,411,0.0404741079277744,"median split used only for secondary RERI/joint-cell summaries","Ideal activity","Not ideal activity","Low toxicant + Not ideal activity",FALSE
"TCPY_ln_U","PhysicalActivity",10,727,69,658,0.0404741079277744,"median split used only for secondary RERI/joint-cell summaries","Ideal activity","Not ideal activity","High toxicant + Ideal activity",FALSE
"TCPY_ln_U","PhysicalActivity",11,498,93,405,0.0404741079277744,"median split used only for secondary RERI/joint-cell summaries","Ideal activity","Not ideal activity","High toxicant + Not ideal activity",FALSE
"TCPY_ln_U","Sleep",0,634,53,581,0.040821994520255,"median split used only for secondary RERI/joint-cell summaries","Ideal sleep","Not ideal sleep","Low toxicant + Ideal sleep",FALSE
"TCPY_ln_U","Sleep",1,585,56,529,0.040821994520255,"median split used only for secondary RERI/joint-cell summaries","Ideal sleep","Not ideal sleep","Low toxicant + Not ideal sleep",FALSE
"TCPY_ln_U","Sleep",10,692,71,621,0.040821994520255,"median split used only for secondary RERI/joint-cell summaries","Ideal sleep","Not ideal sleep","High toxicant + Ideal sleep",FALSE
"TCPY_ln_U","Sleep",11,528,90,438,0.040821994520255,"median split used only for secondary RERI/joint-cell summaries","Ideal sleep","Not ideal sleep","High toxicant + Not ideal sleep",FALSE
"TCPY_ln_U","Smoking",0,616,42,574,0.0406480512240147,"median split used only for secondary RERI/joint-cell summaries","No nicotine exposure","Nicotine exposure","Low toxicant + No nicotine exposure",FALSE
"TCPY_ln_U","Smoking",1,608,69,539,0.0406480512240147,"median split used only for secondary RERI/joint-cell summaries","No nicotine exposure","Nicotine exposure","Low toxicant + Nicotine exposure",FALSE
"TCPY_ln_U","Smoking",10,683,63,620,0.0406480512240147,"median split used only for secondary RERI/joint-cell summaries","No nicotine exposure","Nicotine exposure","High toxicant + No nicotine exposure",FALSE
"TCPY_ln_U","Smoking",11,541,99,442,0.0406480512240147,"median split used only for secondary RERI/joint-cell summaries","No nicotine exposure","Nicotine exposure","High toxicant + Nicotine exposure",FALSE
"THg_ln_S","Diet",0,776,83,693,1.30833281965018,"median split used only for secondary RERI/joint-cell summaries","Better diet","Poor diet","Low toxicant + Better diet",FALSE
"THg_ln_S","Diet",1,1027,107,920,1.30833281965018,"median split used only for secondary RERI/joint-cell summaries","Better diet","Poor diet","Low toxicant + Poor diet",FALSE
"THg_ln_S","Diet",10,1108,119,989,1.30833281965018,"median split used only for secondary RERI/joint-cell summaries","Better diet","Poor diet","High toxicant + Better diet",FALSE
"THg_ln_S","Diet",11,779,85,694,1.30833281965018,"median split used only for secondary RERI/joint-cell summaries","Better diet","Poor diet","High toxicant + Poor diet",FALSE
"THg_ln_S","PhysicalActivity",0,1026,75,951,1.30833281965018,"median split used only for secondary RERI/joint-cell summaries","Ideal activity","Not ideal activity","Low toxicant + Ideal activity",FALSE
"THg_ln_S","PhysicalActivity",1,777,115,662,1.30833281965018,"median split used only for secondary RERI/joint-cell summaries","Ideal activity","Not ideal activity","Low toxicant + Not ideal activity",FALSE
"THg_ln_S","PhysicalActivity",10,1155,87,1068,1.30833281965018,"median split used only for secondary RERI/joint-cell summaries","Ideal activity","Not ideal activity","High toxicant + Ideal activity",FALSE
"THg_ln_S","PhysicalActivity",11,732,117,615,1.30833281965018,"median split used only for secondary RERI/joint-cell summaries","Ideal activity","Not ideal activity","High toxicant + Not ideal activity",FALSE
"THg_ln_S","Sleep",0,944,78,866,1.30833281965018,"median split used only for secondary RERI/joint-cell summaries","Ideal sleep","Not ideal sleep","Low toxicant + Ideal sleep",FALSE
"THg_ln_S","Sleep",1,855,110,745,1.30833281965018,"median split used only for secondary RERI/joint-cell summaries","Ideal sleep","Not ideal sleep","Low toxicant + Not ideal sleep",FALSE
"THg_ln_S","Sleep",10,1079,109,970,1.30833281965018,"median split used only for secondary RERI/joint-cell summaries","Ideal sleep","Not ideal sleep","High toxicant + Ideal sleep",FALSE
"THg_ln_S","Sleep",11,805,95,710,1.30833281965018,"median split used only for secondary RERI/joint-cell summaries","Ideal sleep","Not ideal sleep","High toxicant + Not ideal sleep",FALSE
"THg_ln_S","Smoking",0,931,63,868,1.30833281965018,"median split used only for secondary RERI/joint-cell summaries","No nicotine exposure","Nicotine exposure","Low toxicant + No nicotine exposure",FALSE
"THg_ln_S","Smoking",1,872,127,745,1.30833281965018,"median split used only for secondary RERI/joint-cell summaries","No nicotine exposure","Nicotine exposure","Low toxicant + Nicotine exposure",FALSE
"THg_ln_S","Smoking",10,1073,77,996,1.30833281965018,"median split used only for secondary RERI/joint-cell summaries","No nicotine exposure","Nicotine exposure","High toxicant + No nicotine exposure",FALSE
"THg_ln_S","Smoking",11,814,127,687,1.30833281965018,"median split used only for secondary RERI/joint-cell summaries","No nicotine exposure","Nicotine exposure","High toxicant + Nicotine exposure",FALSE
"Thiocyanate_ln_U","Diet",0,679,66,613,6.97813607574394,"median split used only for secondary RERI/joint-cell summaries","Better diet","Poor diet","Low toxicant + Better diet",FALSE
"Thiocyanate_ln_U","Diet",1,562,59,503,6.97813607574394,"median split used only for secondary RERI/joint-cell summaries","Better diet","Poor diet","Low toxicant + Poor diet",FALSE
"Thiocyanate_ln_U","Diet",10,583,65,518,6.97813607574394,"median split used only for secondary RERI/joint-cell summaries","Better diet","Poor diet","High toxicant + Better diet",FALSE
"Thiocyanate_ln_U","Diet",11,659,68,591,6.97813607574394,"median split used only for secondary RERI/joint-cell summaries","Better diet","Poor diet","High toxicant + Poor diet",FALSE
"Thiocyanate_ln_U","PhysicalActivity",0,724,48,676,6.97813607574394,"median split used only for secondary RERI/joint-cell summaries","Ideal activity","Not ideal activity","Low toxicant + Ideal activity",FALSE
"Thiocyanate_ln_U","PhysicalActivity",1,517,77,440,6.97813607574394,"median split used only for secondary RERI/joint-cell summaries","Ideal activity","Not ideal activity","Low toxicant + Not ideal activity",FALSE
"Thiocyanate_ln_U","PhysicalActivity",10,757,59,698,6.97813607574394,"median split used only for secondary RERI/joint-cell summaries","Ideal activity","Not ideal activity","High toxicant + Ideal activity",FALSE
"Thiocyanate_ln_U","PhysicalActivity",11,485,74,411,6.97813607574394,"median split used only for secondary RERI/joint-cell summaries","Ideal activity","Not ideal activity","High toxicant + Not ideal activity",FALSE
"Thiocyanate_ln_U","Sleep",0,697,59,638,6.97625552103373,"median split used only for secondary RERI/joint-cell summaries","Ideal sleep","Not ideal sleep","Low toxicant + Ideal sleep",FALSE
"Thiocyanate_ln_U","Sleep",1,542,65,477,6.97625552103373,"median split used only for secondary RERI/joint-cell summaries","Ideal sleep","Not ideal sleep","Low toxicant + Not ideal sleep",FALSE
"Thiocyanate_ln_U","Sleep",10,665,66,599,6.97625552103373,"median split used only for secondary RERI/joint-cell summaries","Ideal sleep","Not ideal sleep","High toxicant + Ideal sleep",FALSE
"Thiocyanate_ln_U","Sleep",11,574,66,508,6.97625552103373,"median split used only for secondary RERI/joint-cell summaries","Ideal sleep","Not ideal sleep","High toxicant + Not ideal sleep",FALSE
"Thiocyanate_ln_U","Smoking",0,828,51,777,6.97813607574394,"median split used only for secondary RERI/joint-cell summaries","No nicotine exposure","Nicotine exposure","Low toxicant + No nicotine exposure",FALSE
"Thiocyanate_ln_U","Smoking",1,413,74,339,6.97813607574394,"median split used only for secondary RERI/joint-cell summaries","No nicotine exposure","Nicotine exposure","Low toxicant + Nicotine exposure",FALSE
"Thiocyanate_ln_U","Smoking",10,506,33,473,6.97813607574394,"median split used only for secondary RERI/joint-cell summaries","No nicotine exposure","Nicotine exposure","High toxicant + No nicotine exposure",FALSE
"Thiocyanate_ln_U","Smoking",11,736,100,636,6.97813607574394,"median split used only for secondary RERI/joint-cell summaries","No nicotine exposure","Nicotine exposure","High toxicant + Nicotine exposure",FALSE
"Tl_ln_U","Diet",0,536,76,460,-1.88172686771954,"median split used only for secondary RERI/joint-cell summaries","Better diet","Poor diet","Low toxicant + Better diet",FALSE
"Tl_ln_U","Diet",1,715,91,624,-1.88172686771954,"median split used only for secondary RERI/joint-cell summaries","Better diet","Poor diet","Low toxicant + Poor diet",FALSE
"Tl_ln_U","Diet",10,738,56,682,-1.88172686771954,"median split used only for secondary RERI/joint-cell summaries","Better diet","Poor diet","High toxicant + Better diet",FALSE
"Tl_ln_U","Diet",11,513,39,474,-1.88172686771954,"median split used only for secondary RERI/joint-cell summaries","Better diet","Poor diet","High toxicant + Poor diet",FALSE
"Tl_ln_U","PhysicalActivity",0,736,64,672,-1.88172686771954,"median split used only for secondary RERI/joint-cell summaries","Ideal activity","Not ideal activity","Low toxicant + Ideal activity",FALSE
"Tl_ln_U","PhysicalActivity",1,515,103,412,-1.88172686771954,"median split used only for secondary RERI/joint-cell summaries","Ideal activity","Not ideal activity","Low toxicant + Not ideal activity",FALSE
"Tl_ln_U","PhysicalActivity",10,753,43,710,-1.88172686771954,"median split used only for secondary RERI/joint-cell summaries","Ideal activity","Not ideal activity","High toxicant + Ideal activity",FALSE
"Tl_ln_U","PhysicalActivity",11,498,52,446,-1.88172686771954,"median split used only for secondary RERI/joint-cell summaries","Ideal activity","Not ideal activity","High toxicant + Not ideal activity",FALSE
"Tl_ln_U","Sleep",0,661,75,586,-1.88137162791774,"median split used only for secondary RERI/joint-cell summaries","Ideal sleep","Not ideal sleep","Low toxicant + Ideal sleep",FALSE
"Tl_ln_U","Sleep",1,587,90,497,-1.88137162791774,"median split used only for secondary RERI/joint-cell summaries","Ideal sleep","Not ideal sleep","Low toxicant + Not ideal sleep",FALSE
"Tl_ln_U","Sleep",10,709,50,659,-1.88137162791774,"median split used only for secondary RERI/joint-cell summaries","Ideal sleep","Not ideal sleep","High toxicant + Ideal sleep",FALSE
"Tl_ln_U","Sleep",11,540,45,495,-1.88137162791774,"median split used only for secondary RERI/joint-cell summaries","Ideal sleep","Not ideal sleep","High toxicant + Not ideal sleep",FALSE
"Tl_ln_U","Smoking",0,614,57,557,-1.88172686771954,"median split used only for secondary RERI/joint-cell summaries","No nicotine exposure","Nicotine exposure","Low toxicant + No nicotine exposure",FALSE
"Tl_ln_U","Smoking",1,637,110,527,-1.88172686771954,"median split used only for secondary RERI/joint-cell summaries","No nicotine exposure","Nicotine exposure","Low toxicant + Nicotine exposure",FALSE
"Tl_ln_U","Smoking",10,733,31,702,-1.88172686771954,"median split used only for secondary RERI/joint-cell summaries","No nicotine exposure","Nicotine exposure","High toxicant + No nicotine exposure",FALSE
"Tl_ln_U","Smoking",11,518,64,454,-1.88172686771954,"median split used only for secondary RERI/joint-cell summaries","No nicotine exposure","Nicotine exposure","High toxicant + Nicotine exposure",FALSE
"Toluene_ln_S","Diet",0,975,106,869,-2.65926003693278,"median split used only for secondary RERI/joint-cell summaries","Better diet","Poor diet","Low toxicant + Better diet",FALSE
"Toluene_ln_S","Diet",1,763,71,692,-2.65926003693278,"median split used only for secondary RERI/joint-cell summaries","Better diet","Poor diet","Low toxicant + Poor diet",FALSE
"Toluene_ln_S","Diet",10,817,83,734,-2.65926003693278,"median split used only for secondary RERI/joint-cell summaries","Better diet","Poor diet","High toxicant + Better diet",FALSE
"Toluene_ln_S","Diet",11,957,105,852,-2.65926003693278,"median split used only for secondary RERI/joint-cell summaries","Better diet","Poor diet","High toxicant + Poor diet",FALSE
"Toluene_ln_S","PhysicalActivity",0,995,66,929,-2.65926003693278,"median split used only for secondary RERI/joint-cell summaries","Ideal activity","Not ideal activity","Low toxicant + Ideal activity",FALSE
"Toluene_ln_S","PhysicalActivity",1,743,111,632,-2.65926003693278,"median split used only for secondary RERI/joint-cell summaries","Ideal activity","Not ideal activity","Low toxicant + Not ideal activity",FALSE
"Toluene_ln_S","PhysicalActivity",10,1076,81,995,-2.65926003693278,"median split used only for secondary RERI/joint-cell summaries","Ideal activity","Not ideal activity","High toxicant + Ideal activity",FALSE
"Toluene_ln_S","PhysicalActivity",11,698,107,591,-2.65926003693278,"median split used only for secondary RERI/joint-cell summaries","Ideal activity","Not ideal activity","High toxicant + Not ideal activity",FALSE
"Toluene_ln_S","Sleep",0,969,87,882,-2.65926003693278,"median split used only for secondary RERI/joint-cell summaries","Ideal sleep","Not ideal sleep","Low toxicant + Ideal sleep",FALSE
"Toluene_ln_S","Sleep",1,766,90,676,-2.65926003693278,"median split used only for secondary RERI/joint-cell summaries","Ideal sleep","Not ideal sleep","Low toxicant + Not ideal sleep",FALSE
"Toluene_ln_S","Sleep",10,957,90,867,-2.65926003693278,"median split used only for secondary RERI/joint-cell summaries","Ideal sleep","Not ideal sleep","High toxicant + Ideal sleep",FALSE
"Toluene_ln_S","Sleep",11,814,97,717,-2.65926003693278,"median split used only for secondary RERI/joint-cell summaries","Ideal sleep","Not ideal sleep","High toxicant + Not ideal sleep",FALSE
"Toluene_ln_S","Smoking",0,1198,86,1112,-2.65926003693278,"median split used only for secondary RERI/joint-cell summaries","No nicotine exposure","Nicotine exposure","Low toxicant + No nicotine exposure",FALSE
"Toluene_ln_S","Smoking",1,540,91,449,-2.65926003693278,"median split used only for secondary RERI/joint-cell summaries","No nicotine exposure","Nicotine exposure","Low toxicant + Nicotine exposure",FALSE
"Toluene_ln_S","Smoking",10,721,50,671,-2.65926003693278,"median split used only for secondary RERI/joint-cell summaries","No nicotine exposure","Nicotine exposure","High toxicant + No nicotine exposure",FALSE
"Toluene_ln_S","Smoking",11,1053,138,915,-2.65926003693278,"median split used only for secondary RERI/joint-cell summaries","No nicotine exposure","Nicotine exposure","High toxicant + Nicotine exposure",FALSE
"Total_As_ln_U","Diet",0,531,55,476,1.83280001909832,"median split used only for secondary RERI/joint-cell summaries","Better diet","Poor diet","Low toxicant + Better diet",FALSE
"Total_As_ln_U","Diet",1,719,76,643,1.83280001909832,"median split used only for secondary RERI/joint-cell summaries","Better diet","Poor diet","Low toxicant + Poor diet",FALSE
"Total_As_ln_U","Diet",10,742,77,665,1.83280001909832,"median split used only for secondary RERI/joint-cell summaries","Better diet","Poor diet","High toxicant + Better diet",FALSE
"Total_As_ln_U","Diet",11,509,54,455,1.83280001909832,"median split used only for secondary RERI/joint-cell summaries","Better diet","Poor diet","High toxicant + Poor diet",FALSE
"Total_As_ln_U","PhysicalActivity",0,723,52,671,1.83280001909832,"median split used only for secondary RERI/joint-cell summaries","Ideal activity","Not ideal activity","Low toxicant + Ideal activity",FALSE
"Total_As_ln_U","PhysicalActivity",1,527,79,448,1.83280001909832,"median split used only for secondary RERI/joint-cell summaries","Ideal activity","Not ideal activity","Low toxicant + Not ideal activity",FALSE
"Total_As_ln_U","PhysicalActivity",10,765,55,710,1.83280001909832,"median split used only for secondary RERI/joint-cell summaries","Ideal activity","Not ideal activity","High toxicant + Ideal activity",FALSE
"Total_As_ln_U","PhysicalActivity",11,486,76,410,1.83280001909832,"median split used only for secondary RERI/joint-cell summaries","Ideal activity","Not ideal activity","High toxicant + Not ideal activity",FALSE
"Total_As_ln_U","Sleep",0,641,55,586,1.83247564139849,"median split used only for secondary RERI/joint-cell summaries","Ideal sleep","Not ideal sleep","Low toxicant + Ideal sleep",FALSE
"Total_As_ln_U","Sleep",1,607,75,532,1.83247564139849,"median split used only for secondary RERI/joint-cell summaries","Ideal sleep","Not ideal sleep","Low toxicant + Not ideal sleep",FALSE
"Total_As_ln_U","Sleep",10,728,70,658,1.83247564139849,"median split used only for secondary RERI/joint-cell summaries","Ideal sleep","Not ideal sleep","High toxicant + Ideal sleep",FALSE
"Total_As_ln_U","Sleep",11,520,60,460,1.83247564139849,"median split used only for secondary RERI/joint-cell summaries","Ideal sleep","Not ideal sleep","High toxicant + Not ideal sleep",FALSE
"Total_As_ln_U","Smoking",0,623,38,585,1.83280001909832,"median split used only for secondary RERI/joint-cell summaries","No nicotine exposure","Nicotine exposure","Low toxicant + No nicotine exposure",FALSE
"Total_As_ln_U","Smoking",1,627,93,534,1.83280001909832,"median split used only for secondary RERI/joint-cell summaries","No nicotine exposure","Nicotine exposure","Low toxicant + Nicotine exposure",FALSE
"Total_As_ln_U","Smoking",10,723,50,673,1.83280001909832,"median split used only for secondary RERI/joint-cell summaries","No nicotine exposure","Nicotine exposure","High toxicant + No nicotine exposure",FALSE
"Total_As_ln_U","Smoking",11,528,81,447,1.83280001909832,"median split used only for secondary RERI/joint-cell summaries","No nicotine exposure","Nicotine exposure","High toxicant + Nicotine exposure",FALSE
"TTCA_binary_U","Diet",0,439,34,405,,"binary analyte","Better diet","Poor diet","Low toxicant + Better diet",FALSE
"TTCA_binary_U","Diet",1,382,35,347,,"binary analyte","Better diet","Poor diet","Low toxicant + Poor diet",FALSE
"TTCA_binary_U","Diet",10,242,29,213,,"binary analyte","Better diet","Poor diet","High toxicant + Better diet",FALSE
"TTCA_binary_U","Diet",11,237,24,213,,"binary analyte","Better diet","Poor diet","High toxicant + Poor diet",FALSE
"TTCA_binary_U","PhysicalActivity",0,513,31,482,,"binary analyte","Ideal activity","Not ideal activity","Low toxicant + Ideal activity",FALSE
"TTCA_binary_U","PhysicalActivity",1,308,38,270,,"binary analyte","Ideal activity","Not ideal activity","Low toxicant + Not ideal activity",FALSE
"TTCA_binary_U","PhysicalActivity",10,292,21,271,,"binary analyte","Ideal activity","Not ideal activity","High toxicant + Ideal activity",FALSE
"TTCA_binary_U","PhysicalActivity",11,187,32,155,,"binary analyte","Ideal activity","Not ideal activity","High toxicant + Not ideal activity",FALSE
"TTCA_binary_U","Sleep",0,431,29,402,,"binary analyte","Ideal sleep","Not ideal sleep","Low toxicant + Ideal sleep",FALSE
"TTCA_binary_U","Sleep",1,389,39,350,,"binary analyte","Ideal sleep","Not ideal sleep","Low toxicant + Not ideal sleep",FALSE
"TTCA_binary_U","Sleep",10,277,31,246,,"binary analyte","Ideal sleep","Not ideal sleep","High toxicant + Ideal sleep",FALSE
"TTCA_binary_U","Sleep",11,202,22,180,,"binary analyte","Ideal sleep","Not ideal sleep","High toxicant + Not ideal sleep",FALSE
"TTCA_binary_U","Smoking",0,451,17,434,,"binary analyte","No nicotine exposure","Nicotine exposure","Low toxicant + No nicotine exposure",FALSE
"TTCA_binary_U","Smoking",1,370,52,318,,"binary analyte","No nicotine exposure","Nicotine exposure","Low toxicant + Nicotine exposure",FALSE
"TTCA_binary_U","Smoking",10,242,17,225,,"binary analyte","No nicotine exposure","Nicotine exposure","High toxicant + No nicotine exposure",FALSE
"TTCA_binary_U","Smoking",11,237,36,201,,"binary analyte","No nicotine exposure","Nicotine exposure","High toxicant + Nicotine exposure",FALSE
"U_ln_U","Diet",0,655,60,595,-5.27402308075436,"median split used only for secondary RERI/joint-cell summaries","Better diet","Poor diet","Low toxicant + Better diet",FALSE
"U_ln_U","Diet",1,596,69,527,-5.27402308075436,"median split used only for secondary RERI/joint-cell summaries","Better diet","Poor diet","Low toxicant + Poor diet",FALSE
"U_ln_U","Diet",10,619,72,547,-5.27402308075436,"median split used only for secondary RERI/joint-cell summaries","Better diet","Poor diet","High toxicant + Better diet",FALSE
"U_ln_U","Diet",11,632,61,571,-5.27402308075436,"median split used only for secondary RERI/joint-cell summaries","Better diet","Poor diet","High toxicant + Poor diet",FALSE
"U_ln_U","PhysicalActivity",0,772,50,722,-5.27402308075436,"median split used only for secondary RERI/joint-cell summaries","Ideal activity","Not ideal activity","Low toxicant + Ideal activity",FALSE
"U_ln_U","PhysicalActivity",1,479,79,400,-5.27402308075436,"median split used only for secondary RERI/joint-cell summaries","Ideal activity","Not ideal activity","Low toxicant + Not ideal activity",FALSE
"U_ln_U","PhysicalActivity",10,717,57,660,-5.27402308075436,"median split used only for secondary RERI/joint-cell summaries","Ideal activity","Not ideal activity","High toxicant + Ideal activity",FALSE
"U_ln_U","PhysicalActivity",11,534,76,458,-5.27402308075436,"median split used only for secondary RERI/joint-cell summaries","Ideal activity","Not ideal activity","High toxicant + Not ideal activity",FALSE
"U_ln_U","Sleep",0,700,64,636,-5.27382634653974,"median split used only for secondary RERI/joint-cell summaries","Ideal sleep","Not ideal sleep","Low toxicant + Ideal sleep",FALSE
"U_ln_U","Sleep",1,548,64,484,-5.27382634653974,"median split used only for secondary RERI/joint-cell summaries","Ideal sleep","Not ideal sleep","Low toxicant + Not ideal sleep",FALSE
"U_ln_U","Sleep",10,670,61,609,-5.27382634653974,"median split used only for secondary RERI/joint-cell summaries","Ideal sleep","Not ideal sleep","High toxicant + Ideal sleep",FALSE
"U_ln_U","Sleep",11,579,71,508,-5.27382634653974,"median split used only for secondary RERI/joint-cell summaries","Ideal sleep","Not ideal sleep","High toxicant + Not ideal sleep",FALSE
"U_ln_U","Smoking",0,678,42,636,-5.27402308075436,"median split used only for secondary RERI/joint-cell summaries","No nicotine exposure","Nicotine exposure","Low toxicant + No nicotine exposure",FALSE
"U_ln_U","Smoking",1,573,87,486,-5.27402308075436,"median split used only for secondary RERI/joint-cell summaries","No nicotine exposure","Nicotine exposure","Low toxicant + Nicotine exposure",FALSE
"U_ln_U","Smoking",10,669,46,623,-5.27402308075436,"median split used only for secondary RERI/joint-cell summaries","No nicotine exposure","Nicotine exposure","High toxicant + No nicotine exposure",FALSE
"U_ln_U","Smoking",11,582,87,495,-5.27402308075436,"median split used only for secondary RERI/joint-cell summaries","No nicotine exposure","Nicotine exposure","High toxicant + Nicotine exposure",FALSE
"W_ln_U","Diet",0,668,53,615,-2.85263142991332,"median split used only for secondary RERI/joint-cell summaries","Better diet","Poor diet","Low toxicant + Better diet",FALSE
"W_ln_U","Diet",1,582,68,514,-2.85263142991332,"median split used only for secondary RERI/joint-cell summaries","Better diet","Poor diet","Low toxicant + Poor diet",FALSE
"W_ln_U","Diet",10,606,79,527,-2.85263142991332,"median split used only for secondary RERI/joint-cell summaries","Better diet","Poor diet","High toxicant + Better diet",FALSE
"W_ln_U","Diet",11,645,62,583,-2.85263142991332,"median split used only for secondary RERI/joint-cell summaries","Better diet","Poor diet","High toxicant + Poor diet",FALSE
"W_ln_U","PhysicalActivity",0,763,53,710,-2.85263142991332,"median split used only for secondary RERI/joint-cell summaries","Ideal activity","Not ideal activity","Low toxicant + Ideal activity",FALSE
"W_ln_U","PhysicalActivity",1,487,68,419,-2.85263142991332,"median split used only for secondary RERI/joint-cell summaries","Ideal activity","Not ideal activity","Low toxicant + Not ideal activity",FALSE
"W_ln_U","PhysicalActivity",10,725,54,671,-2.85263142991332,"median split used only for secondary RERI/joint-cell summaries","Ideal activity","Not ideal activity","High toxicant + Ideal activity",FALSE
"W_ln_U","PhysicalActivity",11,526,87,439,-2.85263142991332,"median split used only for secondary RERI/joint-cell summaries","Ideal activity","Not ideal activity","High toxicant + Not ideal activity",FALSE
"W_ln_U","Sleep",0,689,62,627,-2.85302374064353,"median split used only for secondary RERI/joint-cell summaries","Ideal sleep","Not ideal sleep","Low toxicant + Ideal sleep",FALSE
"W_ln_U","Sleep",1,559,59,500,-2.85302374064353,"median split used only for secondary RERI/joint-cell summaries","Ideal sleep","Not ideal sleep","Low toxicant + Not ideal sleep",FALSE
"W_ln_U","Sleep",10,680,63,617,-2.85302374064353,"median split used only for secondary RERI/joint-cell summaries","Ideal sleep","Not ideal sleep","High toxicant + Ideal sleep",FALSE
"W_ln_U","Sleep",11,568,76,492,-2.85302374064353,"median split used only for secondary RERI/joint-cell summaries","Ideal sleep","Not ideal sleep","High toxicant + Not ideal sleep",FALSE
"W_ln_U","Smoking",0,684,38,646,-2.85263142991332,"median split used only for secondary RERI/joint-cell summaries","No nicotine exposure","Nicotine exposure","Low toxicant + No nicotine exposure",FALSE
"W_ln_U","Smoking",1,566,83,483,-2.85263142991332,"median split used only for secondary RERI/joint-cell summaries","No nicotine exposure","Nicotine exposure","Low toxicant + Nicotine exposure",FALSE
"W_ln_U","Smoking",10,662,50,612,-2.85263142991332,"median split used only for secondary RERI/joint-cell summaries","No nicotine exposure","Nicotine exposure","High toxicant + No nicotine exposure",FALSE
"W_ln_U","Smoking",11,589,91,498,-2.85263142991332,"median split used only for secondary RERI/joint-cell summaries","No nicotine exposure","Nicotine exposure","High toxicant + Nicotine exposure",FALSE
"X1_AN_ln_U","Diet",0,346,32,314,-1.28823314794368,"median split used only for secondary RERI/joint-cell summaries","Better diet","Poor diet","Low toxicant + Better diet",FALSE
"X1_AN_ln_U","Diet",1,260,19,241,-1.28823314794368,"median split used only for secondary RERI/joint-cell summaries","Better diet","Poor diet","Low toxicant + Poor diet",FALSE
"X1_AN_ln_U","Diet",10,299,21,278,-1.28823314794368,"median split used only for secondary RERI/joint-cell summaries","Better diet","Poor diet","High toxicant + Better diet",FALSE
"X1_AN_ln_U","Diet",11,313,33,280,-1.28823314794368,"median split used only for secondary RERI/joint-cell summaries","Better diet","Poor diet","High toxicant + Poor diet",FALSE
"X1_AN_ln_U","PhysicalActivity",0,380,20,360,-1.28823314794368,"median split used only for secondary RERI/joint-cell summaries","Ideal activity","Not ideal activity","Low toxicant + Ideal activity",FALSE
"X1_AN_ln_U","PhysicalActivity",1,226,31,195,-1.28823314794368,"median split used only for secondary RERI/joint-cell summaries","Ideal activity","Not ideal activity","Low toxicant + Not ideal activity",FALSE
"X1_AN_ln_U","PhysicalActivity",10,375,27,348,-1.28823314794368,"median split used only for secondary RERI/joint-cell summaries","Ideal activity","Not ideal activity","High toxicant + Ideal activity",FALSE
"X1_AN_ln_U","PhysicalActivity",11,237,27,210,-1.28823314794368,"median split used only for secondary RERI/joint-cell summaries","Ideal activity","Not ideal activity","High toxicant + Not ideal activity",FALSE
"X1_AN_ln_U","Sleep",0,335,27,308,-1.28823314794368,"median split used only for secondary RERI/joint-cell summaries","Ideal sleep","Not ideal sleep","Low toxicant + Ideal sleep",FALSE
"X1_AN_ln_U","Sleep",1,271,24,247,-1.28823314794368,"median split used only for secondary RERI/joint-cell summaries","Ideal sleep","Not ideal sleep","Low toxicant + Not ideal sleep",FALSE
"X1_AN_ln_U","Sleep",10,334,27,307,-1.28823314794368,"median split used only for secondary RERI/joint-cell summaries","Ideal sleep","Not ideal sleep","High toxicant + Ideal sleep",FALSE
"X1_AN_ln_U","Sleep",11,278,27,251,-1.28823314794368,"median split used only for secondary RERI/joint-cell summaries","Ideal sleep","Not ideal sleep","High toxicant + Not ideal sleep",FALSE
"X1_AN_ln_U","Smoking",0,392,23,369,-1.28823314794368,"median split used only for secondary RERI/joint-cell summaries","No nicotine exposure","Nicotine exposure","Low toxicant + No nicotine exposure",FALSE
"X1_AN_ln_U","Smoking",1,214,28,186,-1.28823314794368,"median split used only for secondary RERI/joint-cell summaries","No nicotine exposure","Nicotine exposure","Low toxicant + Nicotine exposure",FALSE
"X1_AN_ln_U","Smoking",10,259,6,253,-1.28823314794368,"median split used only for secondary RERI/joint-cell summaries","No nicotine exposure","Nicotine exposure","High toxicant + No nicotine exposure",FALSE
"X1_AN_ln_U","Smoking",11,353,48,305,-1.28823314794368,"median split used only for secondary RERI/joint-cell summaries","No nicotine exposure","Nicotine exposure","High toxicant + Nicotine exposure",FALSE
"X1_NP_ln_U","Diet",0,629,46,583,4.93216031770208,"median split used only for secondary RERI/joint-cell summaries","Better diet","Poor diet","Low toxicant + Better diet",FALSE
"X1_NP_ln_U","Diet",1,578,49,529,4.93216031770208,"median split used only for secondary RERI/joint-cell summaries","Better diet","Poor diet","Low toxicant + Poor diet",FALSE
"X1_NP_ln_U","Diet",10,597,78,519,4.93216031770208,"median split used only for secondary RERI/joint-cell summaries","Better diet","Poor diet","High toxicant + Better diet",FALSE
"X1_NP_ln_U","Diet",11,610,74,536,4.93216031770208,"median split used only for secondary RERI/joint-cell summaries","Better diet","Poor diet","High toxicant + Poor diet",FALSE
"X1_NP_ln_U","PhysicalActivity",0,719,32,687,4.93216031770208,"median split used only for secondary RERI/joint-cell summaries","Ideal activity","Not ideal activity","Low toxicant + Ideal activity",FALSE
"X1_NP_ln_U","PhysicalActivity",1,488,63,425,4.93216031770208,"median split used only for secondary RERI/joint-cell summaries","Ideal activity","Not ideal activity","Low toxicant + Not ideal activity",FALSE
"X1_NP_ln_U","PhysicalActivity",10,717,67,650,4.93216031770208,"median split used only for secondary RERI/joint-cell summaries","Ideal activity","Not ideal activity","High toxicant + Ideal activity",FALSE
"X1_NP_ln_U","PhysicalActivity",11,490,85,405,4.93216031770208,"median split used only for secondary RERI/joint-cell summaries","Ideal activity","Not ideal activity","High toxicant + Not ideal activity",FALSE
"X1_NP_ln_U","Sleep",0,677,45,632,4.93267375262654,"median split used only for secondary RERI/joint-cell summaries","Ideal sleep","Not ideal sleep","Low toxicant + Ideal sleep",FALSE
"X1_NP_ln_U","Sleep",1,527,49,478,4.93267375262654,"median split used only for secondary RERI/joint-cell summaries","Ideal sleep","Not ideal sleep","Low toxicant + Not ideal sleep",FALSE
"X1_NP_ln_U","Sleep",10,636,70,566,4.93267375262654,"median split used only for secondary RERI/joint-cell summaries","Ideal sleep","Not ideal sleep","High toxicant + Ideal sleep",FALSE
"X1_NP_ln_U","Sleep",11,569,81,488,4.93267375262654,"median split used only for secondary RERI/joint-cell summaries","Ideal sleep","Not ideal sleep","High toxicant + Not ideal sleep",FALSE
"X1_NP_ln_U","Smoking",0,812,47,765,4.93216031770208,"median split used only for secondary RERI/joint-cell summaries","No nicotine exposure","Nicotine exposure","Low toxicant + No nicotine exposure",FALSE
"X1_NP_ln_U","Smoking",1,395,48,347,4.93216031770208,"median split used only for secondary RERI/joint-cell summaries","No nicotine exposure","Nicotine exposure","Low toxicant + Nicotine exposure",FALSE
"X1_NP_ln_U","Smoking",10,492,38,454,4.93216031770208,"median split used only for secondary RERI/joint-cell summaries","No nicotine exposure","Nicotine exposure","High toxicant + No nicotine exposure",FALSE
"X1_NP_ln_U","Smoking",11,715,114,601,4.93216031770208,"median split used only for secondary RERI/joint-cell summaries","No nicotine exposure","Nicotine exposure","High toxicant + Nicotine exposure",FALSE
"X1_PH_ln_U","Diet",0,644,62,582,2.3473711919197,"median split used only for secondary RERI/joint-cell summaries","Better diet","Poor diet","Low toxicant + Better diet",FALSE
"X1_PH_ln_U","Diet",1,603,62,541,2.3473711919197,"median split used only for secondary RERI/joint-cell summaries","Better diet","Poor diet","Low toxicant + Poor diet",FALSE
"X1_PH_ln_U","Diet",10,624,70,554,2.3473711919197,"median split used only for secondary RERI/joint-cell summaries","Better diet","Poor diet","High toxicant + Better diet",FALSE
"X1_PH_ln_U","Diet",11,623,68,555,2.3473711919197,"median split used only for secondary RERI/joint-cell summaries","Better diet","Poor diet","High toxicant + Poor diet",FALSE
"X1_PH_ln_U","PhysicalActivity",0,740,41,699,2.3473711919197,"median split used only for secondary RERI/joint-cell summaries","Ideal activity","Not ideal activity","Low toxicant + Ideal activity",FALSE
"X1_PH_ln_U","PhysicalActivity",1,507,83,424,2.3473711919197,"median split used only for secondary RERI/joint-cell summaries","Ideal activity","Not ideal activity","Low toxicant + Not ideal activity",FALSE
"X1_PH_ln_U","PhysicalActivity",10,744,66,678,2.3473711919197,"median split used only for secondary RERI/joint-cell summaries","Ideal activity","Not ideal activity","High toxicant + Ideal activity",FALSE
"X1_PH_ln_U","PhysicalActivity",11,503,72,431,2.3473711919197,"median split used only for secondary RERI/joint-cell summaries","Ideal activity","Not ideal activity","High toxicant + Not ideal activity",FALSE
"X1_PH_ln_U","Sleep",0,687,56,631,2.34703685556488,"median split used only for secondary RERI/joint-cell summaries","Ideal sleep","Not ideal sleep","Low toxicant + Ideal sleep",FALSE
"X1_PH_ln_U","Sleep",1,557,67,490,2.34703685556488,"median split used only for secondary RERI/joint-cell summaries","Ideal sleep","Not ideal sleep","Low toxicant + Not ideal sleep",FALSE
"X1_PH_ln_U","Sleep",10,678,68,610,2.34703685556488,"median split used only for secondary RERI/joint-cell summaries","Ideal sleep","Not ideal sleep","High toxicant + Ideal sleep",FALSE
"X1_PH_ln_U","Sleep",11,567,69,498,2.34703685556488,"median split used only for secondary RERI/joint-cell summaries","Ideal sleep","Not ideal sleep","High toxicant + Not ideal sleep",FALSE
"X1_PH_ln_U","Smoking",0,770,50,720,2.3473711919197,"median split used only for secondary RERI/joint-cell summaries","No nicotine exposure","Nicotine exposure","Low toxicant + No nicotine exposure",FALSE
"X1_PH_ln_U","Smoking",1,477,74,403,2.3473711919197,"median split used only for secondary RERI/joint-cell summaries","No nicotine exposure","Nicotine exposure","Low toxicant + Nicotine exposure",FALSE
"X1_PH_ln_U","Smoking",10,573,38,535,2.3473711919197,"median split used only for secondary RERI/joint-cell summaries","No nicotine exposure","Nicotine exposure","High toxicant + No nicotine exposure",FALSE
"X1_PH_ln_U","Smoking",11,674,100,574,2.3473711919197,"median split used only for secondary RERI/joint-cell summaries","No nicotine exposure","Nicotine exposure","High toxicant + Nicotine exposure",FALSE
"X1_PY_ln_U","Diet",0,659,73,586,2.54489856041598,"median split used only for secondary RERI/joint-cell summaries","Better diet","Poor diet","Low toxicant + Better diet",FALSE
"X1_PY_ln_U","Diet",1,587,65,522,2.54489856041598,"median split used only for secondary RERI/joint-cell summaries","Better diet","Poor diet","Low toxicant + Poor diet",FALSE
"X1_PY_ln_U","Diet",10,609,59,550,2.54489856041598,"median split used only for secondary RERI/joint-cell summaries","Better diet","Poor diet","High toxicant + Better diet",FALSE
"X1_PY_ln_U","Diet",11,638,64,574,2.54489856041598,"median split used only for secondary RERI/joint-cell summaries","Better diet","Poor diet","High toxicant + Poor diet",FALSE
"X1_PY_ln_U","PhysicalActivity",0,728,50,678,2.54489856041598,"median split used only for secondary RERI/joint-cell summaries","Ideal activity","Not ideal activity","Low toxicant + Ideal activity",FALSE
"X1_PY_ln_U","PhysicalActivity",1,518,88,430,2.54489856041598,"median split used only for secondary RERI/joint-cell summaries","Ideal activity","Not ideal activity","Low toxicant + Not ideal activity",FALSE
"X1_PY_ln_U","PhysicalActivity",10,756,57,699,2.54489856041598,"median split used only for secondary RERI/joint-cell summaries","Ideal activity","Not ideal activity","High toxicant + Ideal activity",FALSE
"X1_PY_ln_U","PhysicalActivity",11,491,66,425,2.54489856041598,"median split used only for secondary RERI/joint-cell summaries","Ideal activity","Not ideal activity","High toxicant + Not ideal activity",FALSE
"X1_PY_ln_U","Sleep",0,683,59,624,2.54413583435197,"median split used only for secondary RERI/joint-cell summaries","Ideal sleep","Not ideal sleep","Low toxicant + Ideal sleep",FALSE
"X1_PY_ln_U","Sleep",1,561,78,483,2.54413583435197,"median split used only for secondary RERI/joint-cell summaries","Ideal sleep","Not ideal sleep","Low toxicant + Not ideal sleep",FALSE
"X1_PY_ln_U","Sleep",10,682,65,617,2.54413583435197,"median split used only for secondary RERI/joint-cell summaries","Ideal sleep","Not ideal sleep","High toxicant + Ideal sleep",FALSE
"X1_PY_ln_U","Sleep",11,562,57,505,2.54413583435197,"median split used only for secondary RERI/joint-cell summaries","Ideal sleep","Not ideal sleep","High toxicant + Not ideal sleep",FALSE
"X1_PY_ln_U","Smoking",0,768,53,715,2.54489856041598,"median split used only for secondary RERI/joint-cell summaries","No nicotine exposure","Nicotine exposure","Low toxicant + No nicotine exposure",FALSE
"X1_PY_ln_U","Smoking",1,478,85,393,2.54489856041598,"median split used only for secondary RERI/joint-cell summaries","No nicotine exposure","Nicotine exposure","Low toxicant + Nicotine exposure",FALSE
"X1_PY_ln_U","Smoking",10,575,35,540,2.54489856041598,"median split used only for secondary RERI/joint-cell summaries","No nicotine exposure","Nicotine exposure","High toxicant + No nicotine exposure",FALSE
"X1_PY_ln_U","Smoking",11,672,88,584,2.54489856041598,"median split used only for secondary RERI/joint-cell summaries","No nicotine exposure","Nicotine exposure","High toxicant + Nicotine exposure",FALSE
"X14_DCB_binary_S","Diet",0,951,100,851,,"binary analyte","Better diet","Poor diet","Low toxicant + Better diet",FALSE
"X14_DCB_binary_S","Diet",1,909,80,829,,"binary analyte","Better diet","Poor diet","Low toxicant + Poor diet",FALSE
"X14_DCB_binary_S","Diet",10,864,91,773,,"binary analyte","Better diet","Poor diet","High toxicant + Better diet",FALSE
"X14_DCB_binary_S","Diet",11,827,95,732,,"binary analyte","Better diet","Poor diet","High toxicant + Poor diet",FALSE
"X14_DCB_binary_S","PhysicalActivity",0,1114,75,1039,,"binary analyte","Ideal activity","Not ideal activity","Low toxicant + Ideal activity",FALSE
"X14_DCB_binary_S","PhysicalActivity",1,746,105,641,,"binary analyte","Ideal activity","Not ideal activity","Low toxicant + Not ideal activity",FALSE
"X14_DCB_binary_S","PhysicalActivity",10,984,73,911,,"binary analyte","Ideal activity","Not ideal activity","High toxicant + Ideal activity",FALSE
"X14_DCB_binary_S","PhysicalActivity",11,707,113,594,,"binary analyte","Ideal activity","Not ideal activity","High toxicant + Not ideal activity",FALSE
"X14_DCB_binary_S","Sleep",0,1052,82,970,,"binary analyte","Ideal sleep","Not ideal sleep","Low toxicant + Ideal sleep",FALSE
"X14_DCB_binary_S","Sleep",1,806,98,708,,"binary analyte","Ideal sleep","Not ideal sleep","Low toxicant + Not ideal sleep",FALSE
"X14_DCB_binary_S","Sleep",10,900,94,806,,"binary analyte","Ideal sleep","Not ideal sleep","High toxicant + Ideal sleep",FALSE
"X14_DCB_binary_S","Sleep",11,787,91,696,,"binary analyte","Ideal sleep","Not ideal sleep","High toxicant + Not ideal sleep",FALSE
"X14_DCB_binary_S","Smoking",0,997,69,928,,"binary analyte","No nicotine exposure","Nicotine exposure","Low toxicant + No nicotine exposure",FALSE
"X14_DCB_binary_S","Smoking",1,863,111,752,,"binary analyte","No nicotine exposure","Nicotine exposure","Low toxicant + Nicotine exposure",FALSE
"X14_DCB_binary_S","Smoking",10,936,65,871,,"binary analyte","No nicotine exposure","Nicotine exposure","High toxicant + No nicotine exposure",FALSE
"X14_DCB_binary_S","Smoking",11,755,121,634,,"binary analyte","No nicotine exposure","Nicotine exposure","High toxicant + Nicotine exposure",FALSE
"X2_AN_ln_U","Diet",0,325,26,299,-0.504890888246176,"median split used only for secondary RERI/joint-cell summaries","Better diet","Poor diet","Low toxicant + Better diet",FALSE
"X2_AN_ln_U","Diet",1,287,21,266,-0.504890888246176,"median split used only for secondary RERI/joint-cell summaries","Better diet","Poor diet","Low toxicant + Poor diet",FALSE
"X2_AN_ln_U","Diet",10,318,29,289,-0.504890888246176,"median split used only for secondary RERI/joint-cell summaries","Better diet","Poor diet","High toxicant + Better diet",FALSE
"X2_AN_ln_U","Diet",11,295,27,268,-0.504890888246176,"median split used only for secondary RERI/joint-cell summaries","Better diet","Poor diet","High toxicant + Poor diet",FALSE
"X2_AN_ln_U","PhysicalActivity",0,382,21,361,-0.504890888246176,"median split used only for secondary RERI/joint-cell summaries","Ideal activity","Not ideal activity","Low toxicant + Ideal activity",FALSE
"X2_AN_ln_U","PhysicalActivity",1,230,26,204,-0.504890888246176,"median split used only for secondary RERI/joint-cell summaries","Ideal activity","Not ideal activity","Low toxicant + Not ideal activity",FALSE
"X2_AN_ln_U","PhysicalActivity",10,382,24,358,-0.504890888246176,"median split used only for secondary RERI/joint-cell summaries","Ideal activity","Not ideal activity","High toxicant + Ideal activity",FALSE
"X2_AN_ln_U","PhysicalActivity",11,231,32,199,-0.504890888246176,"median split used only for secondary RERI/joint-cell summaries","Ideal activity","Not ideal activity","High toxicant + Not ideal activity",FALSE
"X2_AN_ln_U","Sleep",0,337,20,317,-0.504890888246176,"median split used only for secondary RERI/joint-cell summaries","Ideal sleep","Not ideal sleep","Low toxicant + Ideal sleep",FALSE
"X2_AN_ln_U","Sleep",1,275,27,248,-0.504890888246176,"median split used only for secondary RERI/joint-cell summaries","Ideal sleep","Not ideal sleep","Low toxicant + Not ideal sleep",FALSE
"X2_AN_ln_U","Sleep",10,331,32,299,-0.504890888246176,"median split used only for secondary RERI/joint-cell summaries","Ideal sleep","Not ideal sleep","High toxicant + Ideal sleep",FALSE
"X2_AN_ln_U","Sleep",11,282,24,258,-0.504890888246176,"median split used only for secondary RERI/joint-cell summaries","Ideal sleep","Not ideal sleep","High toxicant + Not ideal sleep",FALSE
"X2_AN_ln_U","Smoking",0,401,20,381,-0.504890888246176,"median split used only for secondary RERI/joint-cell summaries","No nicotine exposure","Nicotine exposure","Low toxicant + No nicotine exposure",FALSE
"X2_AN_ln_U","Smoking",1,211,27,184,-0.504890888246176,"median split used only for secondary RERI/joint-cell summaries","No nicotine exposure","Nicotine exposure","Low toxicant + Nicotine exposure",FALSE
"X2_AN_ln_U","Smoking",10,263,10,253,-0.504890888246176,"median split used only for secondary RERI/joint-cell summaries","No nicotine exposure","Nicotine exposure","High toxicant + No nicotine exposure",FALSE
"X2_AN_ln_U","Smoking",11,350,46,304,-0.504890888246176,"median split used only for secondary RERI/joint-cell summaries","No nicotine exposure","Nicotine exposure","High toxicant + Nicotine exposure",FALSE
"X2_FL_ln_U","Diet",0,709,74,635,2.85055026370949,"median split used only for secondary RERI/joint-cell summaries","Better diet","Poor diet","Low toxicant + Better diet",FALSE
"X2_FL_ln_U","Diet",1,537,43,494,2.85055026370949,"median split used only for secondary RERI/joint-cell summaries","Better diet","Poor diet","Low toxicant + Poor diet",FALSE
"X2_FL_ln_U","Diet",10,558,57,501,2.85055026370949,"median split used only for secondary RERI/joint-cell summaries","Better diet","Poor diet","High toxicant + Better diet",FALSE
"X2_FL_ln_U","Diet",11,689,87,602,2.85055026370949,"median split used only for secondary RERI/joint-cell summaries","Better diet","Poor diet","High toxicant + Poor diet",FALSE
"X2_FL_ln_U","PhysicalActivity",0,717,37,680,2.85055026370949,"median split used only for secondary RERI/joint-cell summaries","Ideal activity","Not ideal activity","Low toxicant + Ideal activity",FALSE
"X2_FL_ln_U","PhysicalActivity",1,529,80,449,2.85055026370949,"median split used only for secondary RERI/joint-cell summaries","Ideal activity","Not ideal activity","Low toxicant + Not ideal activity",FALSE
"X2_FL_ln_U","PhysicalActivity",10,766,69,697,2.85055026370949,"median split used only for secondary RERI/joint-cell summaries","Ideal activity","Not ideal activity","High toxicant + Ideal activity",FALSE
"X2_FL_ln_U","PhysicalActivity",11,481,75,406,2.85055026370949,"median split used only for secondary RERI/joint-cell summaries","Ideal activity","Not ideal activity","High toxicant + Not ideal activity",FALSE
"X2_FL_ln_U","Sleep",0,704,52,652,2.8498395315358,"median split used only for secondary RERI/joint-cell summaries","Ideal sleep","Not ideal sleep","Low toxicant + Ideal sleep",FALSE
"X2_FL_ln_U","Sleep",1,540,64,476,2.8498395315358,"median split used only for secondary RERI/joint-cell summaries","Ideal sleep","Not ideal sleep","Low toxicant + Not ideal sleep",FALSE
"X2_FL_ln_U","Sleep",10,660,71,589,2.8498395315358,"median split used only for secondary RERI/joint-cell summaries","Ideal sleep","Not ideal sleep","High toxicant + Ideal sleep",FALSE
"X2_FL_ln_U","Sleep",11,584,72,512,2.8498395315358,"median split used only for secondary RERI/joint-cell summaries","Ideal sleep","Not ideal sleep","High toxicant + Not ideal sleep",FALSE
"X2_FL_ln_U","Smoking",0,858,60,798,2.85055026370949,"median split used only for secondary RERI/joint-cell summaries","No nicotine exposure","Nicotine exposure","Low toxicant + No nicotine exposure",FALSE
"X2_FL_ln_U","Smoking",1,388,57,331,2.85055026370949,"median split used only for secondary RERI/joint-cell summaries","No nicotine exposure","Nicotine exposure","Low toxicant + Nicotine exposure",FALSE
"X2_FL_ln_U","Smoking",10,485,28,457,2.85055026370949,"median split used only for secondary RERI/joint-cell summaries","No nicotine exposure","Nicotine exposure","High toxicant + No nicotine exposure",FALSE
"X2_FL_ln_U","Smoking",11,762,116,646,2.85055026370949,"median split used only for secondary RERI/joint-cell summaries","No nicotine exposure","Nicotine exposure","High toxicant + Nicotine exposure",FALSE
"X2_HPMA_ln_U","Diet",0,629,56,573,3.32971350591903,"median split used only for secondary RERI/joint-cell summaries","Better diet","Poor diet","Low toxicant + Better diet",FALSE
"X2_HPMA_ln_U","Diet",1,602,58,544,3.32971350591903,"median split used only for secondary RERI/joint-cell summaries","Better diet","Poor diet","Low toxicant + Poor diet",FALSE
"X2_HPMA_ln_U","Diet",10,624,73,551,3.32971350591903,"median split used only for secondary RERI/joint-cell summaries","Better diet","Poor diet","High toxicant + Better diet",FALSE
"X2_HPMA_ln_U","Diet",11,607,69,538,3.32971350591903,"median split used only for secondary RERI/joint-cell summaries","Better diet","Poor diet","High toxicant + Poor diet",FALSE
"X2_HPMA_ln_U","PhysicalActivity",0,707,43,664,3.32971350591903,"median split used only for secondary RERI/joint-cell summaries","Ideal activity","Not ideal activity","Low toxicant + Ideal activity",FALSE
"X2_HPMA_ln_U","PhysicalActivity",1,524,71,453,3.32971350591903,"median split used only for secondary RERI/joint-cell summaries","Ideal activity","Not ideal activity","Low toxicant + Not ideal activity",FALSE
"X2_HPMA_ln_U","PhysicalActivity",10,760,62,698,3.32971350591903,"median split used only for secondary RERI/joint-cell summaries","Ideal activity","Not ideal activity","High toxicant + Ideal activity",FALSE
"X2_HPMA_ln_U","PhysicalActivity",11,471,80,391,3.32971350591903,"median split used only for secondary RERI/joint-cell summaries","Ideal activity","Not ideal activity","High toxicant + Not ideal activity",FALSE
"X2_HPMA_ln_U","Sleep",0,664,55,609,3.32943407646769,"median split used only for secondary RERI/joint-cell summaries","Ideal sleep","Not ideal sleep","Low toxicant + Ideal sleep",FALSE
"X2_HPMA_ln_U","Sleep",1,564,58,506,3.32943407646769,"median split used only for secondary RERI/joint-cell summaries","Ideal sleep","Not ideal sleep","Low toxicant + Not ideal sleep",FALSE
"X2_HPMA_ln_U","Sleep",10,686,68,618,3.32943407646769,"median split used only for secondary RERI/joint-cell summaries","Ideal sleep","Not ideal sleep","High toxicant + Ideal sleep",FALSE
"X2_HPMA_ln_U","Sleep",11,543,73,470,3.32943407646769,"median split used only for secondary RERI/joint-cell summaries","Ideal sleep","Not ideal sleep","High toxicant + Not ideal sleep",FALSE
"X2_HPMA_ln_U","Smoking",0,801,52,749,3.32971350591903,"median split used only for secondary RERI/joint-cell summaries","No nicotine exposure","Nicotine exposure","Low toxicant + No nicotine exposure",FALSE
"X2_HPMA_ln_U","Smoking",1,430,62,368,3.32971350591903,"median split used only for secondary RERI/joint-cell summaries","No nicotine exposure","Nicotine exposure","Low toxicant + Nicotine exposure",FALSE
"X2_HPMA_ln_U","Smoking",10,529,32,497,3.32971350591903,"median split used only for secondary RERI/joint-cell summaries","No nicotine exposure","Nicotine exposure","High toxicant + No nicotine exposure",FALSE
"X2_HPMA_ln_U","Smoking",11,702,110,592,3.32971350591903,"median split used only for secondary RERI/joint-cell summaries","No nicotine exposure","Nicotine exposure","High toxicant + Nicotine exposure",FALSE
"X2_MHA_ln_U","Diet",0,638,70,568,3.44143949794059,"median split used only for secondary RERI/joint-cell summaries","Better diet","Poor diet","Low toxicant + Better diet",FALSE
"X2_MHA_ln_U","Diet",1,538,57,481,3.44143949794059,"median split used only for secondary RERI/joint-cell summaries","Better diet","Poor diet","Low toxicant + Poor diet",FALSE
"X2_MHA_ln_U","Diet",10,558,59,499,3.44143949794059,"median split used only for secondary RERI/joint-cell summaries","Better diet","Poor diet","High toxicant + Better diet",FALSE
"X2_MHA_ln_U","Diet",11,619,63,556,3.44143949794059,"median split used only for secondary RERI/joint-cell summaries","Better diet","Poor diet","High toxicant + Poor diet",FALSE
"X2_MHA_ln_U","PhysicalActivity",0,679,52,627,3.44143949794059,"median split used only for secondary RERI/joint-cell summaries","Ideal activity","Not ideal activity","Low toxicant + Ideal activity",FALSE
"X2_MHA_ln_U","PhysicalActivity",1,497,75,422,3.44143949794059,"median split used only for secondary RERI/joint-cell summaries","Ideal activity","Not ideal activity","Low toxicant + Not ideal activity",FALSE
"X2_MHA_ln_U","PhysicalActivity",10,712,50,662,3.44143949794059,"median split used only for secondary RERI/joint-cell summaries","Ideal activity","Not ideal activity","High toxicant + Ideal activity",FALSE
"X2_MHA_ln_U","PhysicalActivity",11,465,72,393,3.44143949794059,"median split used only for secondary RERI/joint-cell summaries","Ideal activity","Not ideal activity","High toxicant + Not ideal activity",FALSE
"X2_MHA_ln_U","Sleep",0,643,59,584,3.44161642994157,"median split used only for secondary RERI/joint-cell summaries","Ideal sleep","Not ideal sleep","Low toxicant + Ideal sleep",FALSE
"X2_MHA_ln_U","Sleep",1,531,67,464,3.44161642994157,"median split used only for secondary RERI/joint-cell summaries","Ideal sleep","Not ideal sleep","Low toxicant + Not ideal sleep",FALSE
"X2_MHA_ln_U","Sleep",10,645,60,585,3.44161642994157,"median split used only for secondary RERI/joint-cell summaries","Ideal sleep","Not ideal sleep","High toxicant + Ideal sleep",FALSE
"X2_MHA_ln_U","Sleep",11,529,61,468,3.44161642994157,"median split used only for secondary RERI/joint-cell summaries","Ideal sleep","Not ideal sleep","High toxicant + Not ideal sleep",FALSE
"X2_MHA_ln_U","Smoking",0,759,59,700,3.44143949794059,"median split used only for secondary RERI/joint-cell summaries","No nicotine exposure","Nicotine exposure","Low toxicant + No nicotine exposure",FALSE
"X2_MHA_ln_U","Smoking",1,417,68,349,3.44143949794059,"median split used only for secondary RERI/joint-cell summaries","No nicotine exposure","Nicotine exposure","Low toxicant + Nicotine exposure",FALSE
"X2_MHA_ln_U","Smoking",10,498,24,474,3.44143949794059,"median split used only for secondary RERI/joint-cell summaries","No nicotine exposure","Nicotine exposure","High toxicant + No nicotine exposure",FALSE
"X2_MHA_ln_U","Smoking",11,679,98,581,3.44143949794059,"median split used only for secondary RERI/joint-cell summaries","No nicotine exposure","Nicotine exposure","High toxicant + Nicotine exposure",FALSE
"X2_NP_ln_U","Diet",0,682,73,609,6.3023136788413,"median split used only for secondary RERI/joint-cell summaries","Better diet","Poor diet","Low toxicant + Better diet",FALSE
"X2_NP_ln_U","Diet",1,544,49,495,6.3023136788413,"median split used only for secondary RERI/joint-cell summaries","Better diet","Poor diet","Low toxicant + Poor diet",FALSE
"X2_NP_ln_U","Diet",10,563,57,506,6.3023136788413,"median split used only for secondary RERI/joint-cell summaries","Better diet","Poor diet","High toxicant + Better diet",FALSE
"X2_NP_ln_U","Diet",11,664,77,587,6.3023136788413,"median split used only for secondary RERI/joint-cell summaries","Better diet","Poor diet","High toxicant + Poor diet",FALSE
"X2_NP_ln_U","PhysicalActivity",0,753,45,708,6.3023136788413,"median split used only for secondary RERI/joint-cell summaries","Ideal activity","Not ideal activity","Low toxicant + Ideal activity",FALSE
"X2_NP_ln_U","PhysicalActivity",1,473,77,396,6.3023136788413,"median split used only for secondary RERI/joint-cell summaries","Ideal activity","Not ideal activity","Low toxicant + Not ideal activity",FALSE
"X2_NP_ln_U","PhysicalActivity",10,708,58,650,6.3023136788413,"median split used only for secondary RERI/joint-cell summaries","Ideal activity","Not ideal activity","High toxicant + Ideal activity",FALSE
"X2_NP_ln_U","PhysicalActivity",11,519,76,443,6.3023136788413,"median split used only for secondary RERI/joint-cell summaries","Ideal activity","Not ideal activity","High toxicant + Not ideal activity",FALSE
"X2_NP_ln_U","Sleep",0,711,56,655,6.30205916114682,"median split used only for secondary RERI/joint-cell summaries","Ideal sleep","Not ideal sleep","Low toxicant + Ideal sleep",FALSE
"X2_NP_ln_U","Sleep",1,513,65,448,6.30205916114682,"median split used only for secondary RERI/joint-cell summaries","Ideal sleep","Not ideal sleep","Low toxicant + Not ideal sleep",FALSE
"X2_NP_ln_U","Sleep",10,631,65,566,6.30205916114682,"median split used only for secondary RERI/joint-cell summaries","Ideal sleep","Not ideal sleep","High toxicant + Ideal sleep",FALSE
"X2_NP_ln_U","Sleep",11,593,68,525,6.30205916114682,"median split used only for secondary RERI/joint-cell summaries","Ideal sleep","Not ideal sleep","High toxicant + Not ideal sleep",FALSE
"X2_NP_ln_U","Smoking",0,778,55,723,6.3023136788413,"median split used only for secondary RERI/joint-cell summaries","No nicotine exposure","Nicotine exposure","Low toxicant + No nicotine exposure",FALSE
"X2_NP_ln_U","Smoking",1,448,67,381,6.3023136788413,"median split used only for secondary RERI/joint-cell summaries","No nicotine exposure","Nicotine exposure","Low toxicant + Nicotine exposure",FALSE
"X2_NP_ln_U","Smoking",10,546,32,514,6.3023136788413,"median split used only for secondary RERI/joint-cell summaries","No nicotine exposure","Nicotine exposure","High toxicant + No nicotine exposure",FALSE
"X2_NP_ln_U","Smoking",11,681,102,579,6.3023136788413,"median split used only for secondary RERI/joint-cell summaries","No nicotine exposure","Nicotine exposure","High toxicant + Nicotine exposure",FALSE
"X23_OH_PH_ln_U","Diet",0,662,75,587,2.52650323780167,"median split used only for secondary RERI/joint-cell summaries","Better diet","Poor diet","Low toxicant + Better diet",FALSE
"X23_OH_PH_ln_U","Diet",1,585,55,530,2.52650323780167,"median split used only for secondary RERI/joint-cell summaries","Better diet","Poor diet","Low toxicant + Poor diet",FALSE
"X23_OH_PH_ln_U","Diet",10,606,57,549,2.52650323780167,"median split used only for secondary RERI/joint-cell summaries","Better diet","Poor diet","High toxicant + Better diet",FALSE
"X23_OH_PH_ln_U","Diet",11,641,75,566,2.52650323780167,"median split used only for secondary RERI/joint-cell summaries","Better diet","Poor diet","High toxicant + Poor diet",FALSE
"X23_OH_PH_ln_U","PhysicalActivity",0,727,47,680,2.52650323780167,"median split used only for secondary RERI/joint-cell summaries","Ideal activity","Not ideal activity","Low toxicant + Ideal activity",FALSE
"X23_OH_PH_ln_U","PhysicalActivity",1,520,83,437,2.52650323780167,"median split used only for secondary RERI/joint-cell summaries","Ideal activity","Not ideal activity","Low toxicant + Not ideal activity",FALSE
"X23_OH_PH_ln_U","PhysicalActivity",10,757,60,697,2.52650323780167,"median split used only for secondary RERI/joint-cell summaries","Ideal activity","Not ideal activity","High toxicant + Ideal activity",FALSE
"X23_OH_PH_ln_U","PhysicalActivity",11,490,72,418,2.52650323780167,"median split used only for secondary RERI/joint-cell summaries","Ideal activity","Not ideal activity","High toxicant + Not ideal activity",FALSE
"X23_OH_PH_ln_U","Sleep",0,696,60,636,2.52572864430826,"median split used only for secondary RERI/joint-cell summaries","Ideal sleep","Not ideal sleep","Low toxicant + Ideal sleep",FALSE
"X23_OH_PH_ln_U","Sleep",1,546,69,477,2.52572864430826,"median split used only for secondary RERI/joint-cell summaries","Ideal sleep","Not ideal sleep","Low toxicant + Not ideal sleep",FALSE
"X23_OH_PH_ln_U","Sleep",10,669,64,605,2.52572864430826,"median split used only for secondary RERI/joint-cell summaries","Ideal sleep","Not ideal sleep","High toxicant + Ideal sleep",FALSE
"X23_OH_PH_ln_U","Sleep",11,578,67,511,2.52572864430826,"median split used only for secondary RERI/joint-cell summaries","Ideal sleep","Not ideal sleep","High toxicant + Not ideal sleep",FALSE
"X23_OH_PH_ln_U","Smoking",0,808,58,750,2.52650323780167,"median split used only for secondary RERI/joint-cell summaries","No nicotine exposure","Nicotine exposure","Low toxicant + No nicotine exposure",FALSE
"X23_OH_PH_ln_U","Smoking",1,439,72,367,2.52650323780167,"median split used only for secondary RERI/joint-cell summaries","No nicotine exposure","Nicotine exposure","Low toxicant + Nicotine exposure",FALSE
"X23_OH_PH_ln_U","Smoking",10,535,30,505,2.52650323780167,"median split used only for secondary RERI/joint-cell summaries","No nicotine exposure","Nicotine exposure","High toxicant + No nicotine exposure",FALSE
"X23_OH_PH_ln_U","Smoking",11,712,102,610,2.52650323780167,"median split used only for secondary RERI/joint-cell summaries","No nicotine exposure","Nicotine exposure","High toxicant + Nicotine exposure",FALSE
"X24_DCP_ln_U","Diet",0,588,53,535,-0.567204170470013,"median split used only for secondary RERI/joint-cell summaries","Better diet","Poor diet","Low toxicant + Better diet",FALSE
"X24_DCP_ln_U","Diet",1,625,74,551,-0.567204170470013,"median split used only for secondary RERI/joint-cell summaries","Better diet","Poor diet","Low toxicant + Poor diet",FALSE
"X24_DCP_ln_U","Diet",10,641,68,573,-0.567204170470013,"median split used only for secondary RERI/joint-cell summaries","Better diet","Poor diet","High toxicant + Better diet",FALSE
"X24_DCP_ln_U","Diet",11,572,68,504,-0.567204170470013,"median split used only for secondary RERI/joint-cell summaries","Better diet","Poor diet","High toxicant + Poor diet",FALSE
"X24_DCP_ln_U","PhysicalActivity",0,749,54,695,-0.567204170470013,"median split used only for secondary RERI/joint-cell summaries","Ideal activity","Not ideal activity","Low toxicant + Ideal activity",FALSE
"X24_DCP_ln_U","PhysicalActivity",1,464,73,391,-0.567204170470013,"median split used only for secondary RERI/joint-cell summaries","Ideal activity","Not ideal activity","Low toxicant + Not ideal activity",FALSE
"X24_DCP_ln_U","PhysicalActivity",10,678,72,606,-0.567204170470013,"median split used only for secondary RERI/joint-cell summaries","Ideal activity","Not ideal activity","High toxicant + Ideal activity",FALSE
"X24_DCP_ln_U","PhysicalActivity",11,535,64,471,-0.567204170470013,"median split used only for secondary RERI/joint-cell summaries","Ideal activity","Not ideal activity","High toxicant + Not ideal activity",FALSE
"X24_DCP_ln_U","Sleep",0,667,63,604,-0.56531380905006,"median split used only for secondary RERI/joint-cell summaries","Ideal sleep","Not ideal sleep","Low toxicant + Ideal sleep",FALSE
"X24_DCP_ln_U","Sleep",1,540,62,478,-0.56531380905006,"median split used only for secondary RERI/joint-cell summaries","Ideal sleep","Not ideal sleep","Low toxicant + Not ideal sleep",FALSE
"X24_DCP_ln_U","Sleep",10,655,63,592,-0.56531380905006,"median split used only for secondary RERI/joint-cell summaries","Ideal sleep","Not ideal sleep","High toxicant + Ideal sleep",FALSE
"X24_DCP_ln_U","Sleep",11,554,72,482,-0.56531380905006,"median split used only for secondary RERI/joint-cell summaries","Ideal sleep","Not ideal sleep","High toxicant + Not ideal sleep",FALSE
"X24_DCP_ln_U","Smoking",0,655,51,604,-0.569094531889967,"median split used only for secondary RERI/joint-cell summaries","No nicotine exposure","Nicotine exposure","Low toxicant + No nicotine exposure",FALSE
"X24_DCP_ln_U","Smoking",1,556,76,480,-0.569094531889967,"median split used only for secondary RERI/joint-cell summaries","No nicotine exposure","Nicotine exposure","Low toxicant + Nicotine exposure",FALSE
"X24_DCP_ln_U","Smoking",10,666,49,617,-0.569094531889967,"median split used only for secondary RERI/joint-cell summaries","No nicotine exposure","Nicotine exposure","High toxicant + No nicotine exposure",FALSE
"X24_DCP_ln_U","Smoking",11,546,87,459,-0.569094531889967,"median split used only for secondary RERI/joint-cell summaries","No nicotine exposure","Nicotine exposure","High toxicant + Nicotine exposure",FALSE
"X24D_ln_U","Diet",0,504,46,458,-1.2457124104987,"median split used only for secondary RERI/joint-cell summaries","Better diet","Poor diet","Low toxicant + Better diet",FALSE
"X24D_ln_U","Diet",1,732,85,647,-1.2457124104987,"median split used only for secondary RERI/joint-cell summaries","Better diet","Poor diet","Low toxicant + Poor diet",FALSE
"X24D_ln_U","Diet",10,717,82,635,-1.2457124104987,"median split used only for secondary RERI/joint-cell summaries","Better diet","Poor diet","High toxicant + Better diet",FALSE
"X24D_ln_U","Diet",11,520,64,456,-1.2457124104987,"median split used only for secondary RERI/joint-cell summaries","Better diet","Poor diet","High toxicant + Poor diet",FALSE
"X24D_ln_U","PhysicalActivity",0,742,51,691,-1.2457124104987,"median split used only for secondary RERI/joint-cell summaries","Ideal activity","Not ideal activity","Low toxicant + Ideal activity",FALSE
"X24D_ln_U","PhysicalActivity",1,494,80,414,-1.2457124104987,"median split used only for secondary RERI/joint-cell summaries","Ideal activity","Not ideal activity","Low toxicant + Not ideal activity",FALSE
"X24D_ln_U","PhysicalActivity",10,746,65,681,-1.2457124104987,"median split used only for secondary RERI/joint-cell summaries","Ideal activity","Not ideal activity","High toxicant + Ideal activity",FALSE
"X24D_ln_U","PhysicalActivity",11,491,81,410,-1.2457124104987,"median split used only for secondary RERI/joint-cell summaries","Ideal activity","Not ideal activity","High toxicant + Not ideal activity",FALSE
"X24D_ln_U","Sleep",0,642,58,584,-1.24453998931494,"median split used only for secondary RERI/joint-cell summaries","Ideal sleep","Not ideal sleep","Low toxicant + Ideal sleep",FALSE
"X24D_ln_U","Sleep",1,589,71,518,-1.24453998931494,"median split used only for secondary RERI/joint-cell summaries","Ideal sleep","Not ideal sleep","Low toxicant + Not ideal sleep",FALSE
"X24D_ln_U","Sleep",10,696,67,629,-1.24453998931494,"median split used only for secondary RERI/joint-cell summaries","Ideal sleep","Not ideal sleep","High toxicant + Ideal sleep",FALSE
"X24D_ln_U","Sleep",11,536,78,458,-1.24453998931494,"median split used only for secondary RERI/joint-cell summaries","Ideal sleep","Not ideal sleep","High toxicant + Not ideal sleep",FALSE
"X24D_ln_U","Smoking",0,615,38,577,-1.24552601001833,"median split used only for secondary RERI/joint-cell summaries","No nicotine exposure","Nicotine exposure","Low toxicant + No nicotine exposure",FALSE
"X24D_ln_U","Smoking",1,621,93,528,-1.24552601001833,"median split used only for secondary RERI/joint-cell summaries","No nicotine exposure","Nicotine exposure","Low toxicant + Nicotine exposure",FALSE
"X24D_ln_U","Smoking",10,697,67,630,-1.24552601001833,"median split used only for secondary RERI/joint-cell summaries","No nicotine exposure","Nicotine exposure","High toxicant + No nicotine exposure",FALSE
"X24D_ln_U","Smoking",11,539,79,460,-1.24552601001833,"median split used only for secondary RERI/joint-cell summaries","No nicotine exposure","Nicotine exposure","High toxicant + Nicotine exposure",FALSE
"X25_DCP_ln_U","Diet",0,616,54,562,0.990398704027877,"median split used only for secondary RERI/joint-cell summaries","Better diet","Poor diet","Low toxicant + Better diet",FALSE
"X25_DCP_ln_U","Diet",1,596,63,533,0.990398704027877,"median split used only for secondary RERI/joint-cell summaries","Better diet","Poor diet","Low toxicant + Poor diet",FALSE
"X25_DCP_ln_U","Diet",10,613,67,546,0.990398704027877,"median split used only for secondary RERI/joint-cell summaries","Better diet","Poor diet","High toxicant + Better diet",FALSE
"X25_DCP_ln_U","Diet",11,601,79,522,0.990398704027877,"median split used only for secondary RERI/joint-cell summaries","Better diet","Poor diet","High toxicant + Poor diet",FALSE
"X25_DCP_ln_U","PhysicalActivity",0,735,50,685,0.990398704027877,"median split used only for secondary RERI/joint-cell summaries","Ideal activity","Not ideal activity","Low toxicant + Ideal activity",FALSE
"X25_DCP_ln_U","PhysicalActivity",1,477,67,410,0.990398704027877,"median split used only for secondary RERI/joint-cell summaries","Ideal activity","Not ideal activity","Low toxicant + Not ideal activity",FALSE
"X25_DCP_ln_U","PhysicalActivity",10,692,76,616,0.990398704027877,"median split used only for secondary RERI/joint-cell summaries","Ideal activity","Not ideal activity","High toxicant + Ideal activity",FALSE
"X25_DCP_ln_U","PhysicalActivity",11,522,70,452,0.990398704027877,"median split used only for secondary RERI/joint-cell summaries","Ideal activity","Not ideal activity","High toxicant + Not ideal activity",FALSE
"X25_DCP_ln_U","Sleep",0,694,56,638,0.990398704027877,"median split used only for secondary RERI/joint-cell summaries","Ideal sleep","Not ideal sleep","Low toxicant + Ideal sleep",FALSE
"X25_DCP_ln_U","Sleep",1,513,60,453,0.990398704027877,"median split used only for secondary RERI/joint-cell summaries","Ideal sleep","Not ideal sleep","Low toxicant + Not ideal sleep",FALSE
"X25_DCP_ln_U","Sleep",10,628,70,558,0.990398704027877,"median split used only for secondary RERI/joint-cell summaries","Ideal sleep","Not ideal sleep","High toxicant + Ideal sleep",FALSE
"X25_DCP_ln_U","Sleep",11,581,74,507,0.990398704027877,"median split used only for secondary RERI/joint-cell summaries","Ideal sleep","Not ideal sleep","High toxicant + Not ideal sleep",FALSE
"X25_DCP_ln_U","Smoking",0,684,51,633,0.990398704027877,"median split used only for secondary RERI/joint-cell summaries","No nicotine exposure","Nicotine exposure","Low toxicant + No nicotine exposure",FALSE
"X25_DCP_ln_U","Smoking",1,527,66,461,0.990398704027877,"median split used only for secondary RERI/joint-cell summaries","No nicotine exposure","Nicotine exposure","Low toxicant + Nicotine exposure",FALSE
"X25_DCP_ln_U","Smoking",10,637,49,588,0.990398704027877,"median split used only for secondary RERI/joint-cell summaries","No nicotine exposure","Nicotine exposure","High toxicant + No nicotine exposure",FALSE
"X25_DCP_ln_U","Smoking",11,575,97,478,0.990398704027877,"median split used only for secondary RERI/joint-cell summaries","No nicotine exposure","Nicotine exposure","High toxicant + Nicotine exposure",FALSE
"X25_DMF_binary_S","Diet",0,1611,161,1450,,"binary analyte","Better diet","Poor diet","Low toxicant + Better diet",FALSE
"X25_DMF_binary_S","Diet",1,1280,124,1156,,"binary analyte","Better diet","Poor diet","Low toxicant + Poor diet",FALSE
"X25_DMF_binary_S","Diet",10,217,33,184,,"binary analyte","Better diet","Poor diet","High toxicant + Better diet",FALSE
"X25_DMF_binary_S","Diet",11,473,56,417,,"binary analyte","Better diet","Poor diet","High toxicant + Poor diet",FALSE
"X25_DMF_binary_S","PhysicalActivity",0,1685,109,1576,,"binary analyte","Ideal activity","Not ideal activity","Low toxicant + Ideal activity",FALSE
"X25_DMF_binary_S","PhysicalActivity",1,1206,176,1030,,"binary analyte","Ideal activity","Not ideal activity","Low toxicant + Not ideal activity",FALSE
"X25_DMF_binary_S","PhysicalActivity",10,432,44,388,,"binary analyte","Ideal activity","Not ideal activity","High toxicant + Ideal activity",FALSE
"X25_DMF_binary_S","PhysicalActivity",11,258,45,213,,"binary analyte","Ideal activity","Not ideal activity","High toxicant + Not ideal activity",FALSE
"X25_DMF_binary_S","Sleep",0,1646,140,1506,,"binary analyte","Ideal sleep","Not ideal sleep","Low toxicant + Ideal sleep",FALSE
"X25_DMF_binary_S","Sleep",1,1240,144,1096,,"binary analyte","Ideal sleep","Not ideal sleep","Low toxicant + Not ideal sleep",FALSE
"X25_DMF_binary_S","Sleep",10,324,40,284,,"binary analyte","Ideal sleep","Not ideal sleep","High toxicant + Ideal sleep",FALSE
"X25_DMF_binary_S","Sleep",11,365,49,316,,"binary analyte","Ideal sleep","Not ideal sleep","High toxicant + Not ideal sleep",FALSE
"X25_DMF_binary_S","Smoking",0,1921,135,1786,,"binary analyte","No nicotine exposure","Nicotine exposure","Low toxicant + No nicotine exposure",FALSE
"X25_DMF_binary_S","Smoking",1,970,150,820,,"binary analyte","No nicotine exposure","Nicotine exposure","Low toxicant + Nicotine exposure",FALSE
"X25_DMF_binary_S","Smoking",10,26,2,24,,"binary analyte","No nicotine exposure","Nicotine exposure","High toxicant + No nicotine exposure",TRUE
"X25_DMF_binary_S","Smoking",11,664,87,577,,"binary analyte","No nicotine exposure","Nicotine exposure","High toxicant + Nicotine exposure",FALSE
"X26_DMA_binary_U","Diet",0,238,17,221,,"binary analyte","Better diet","Poor diet","Low toxicant + Better diet",FALSE
"X26_DMA_binary_U","Diet",1,181,12,169,,"binary analyte","Better diet","Poor diet","Low toxicant + Poor diet",FALSE
"X26_DMA_binary_U","Diet",10,377,41,336,,"binary analyte","Better diet","Poor diet","High toxicant + Better diet",FALSE
"X26_DMA_binary_U","Diet",11,371,41,330,,"binary analyte","Better diet","Poor diet","High toxicant + Poor diet",FALSE
"X26_DMA_binary_U","PhysicalActivity",0,264,16,248,,"binary analyte","Ideal activity","Not ideal activity","Low toxicant + Ideal activity",FALSE
"X26_DMA_binary_U","PhysicalActivity",1,155,13,142,,"binary analyte","Ideal activity","Not ideal activity","Low toxicant + Not ideal activity",FALSE
"X26_DMA_binary_U","PhysicalActivity",10,463,34,429,,"binary analyte","Ideal activity","Not ideal activity","High toxicant + Ideal activity",FALSE
"X26_DMA_binary_U","PhysicalActivity",11,285,48,237,,"binary analyte","Ideal activity","Not ideal activity","High toxicant + Not ideal activity",FALSE
"X26_DMA_binary_U","Sleep",0,241,16,225,,"binary analyte","Ideal sleep","Not ideal sleep","Low toxicant + Ideal sleep",FALSE
"X26_DMA_binary_U","Sleep",1,178,13,165,,"binary analyte","Ideal sleep","Not ideal sleep","Low toxicant + Not ideal sleep",FALSE
"X26_DMA_binary_U","Sleep",10,400,40,360,,"binary analyte","Ideal sleep","Not ideal sleep","High toxicant + Ideal sleep",FALSE
"X26_DMA_binary_U","Sleep",11,348,42,306,,"binary analyte","Ideal sleep","Not ideal sleep","High toxicant + Not ideal sleep",FALSE
"X26_DMA_binary_U","Smoking",0,262,9,253,,"binary analyte","No nicotine exposure","Nicotine exposure","Low toxicant + No nicotine exposure",FALSE
"X26_DMA_binary_U","Smoking",1,157,20,137,,"binary analyte","No nicotine exposure","Nicotine exposure","Low toxicant + Nicotine exposure",FALSE
"X26_DMA_binary_U","Smoking",10,362,21,341,,"binary analyte","No nicotine exposure","Nicotine exposure","High toxicant + No nicotine exposure",FALSE
"X26_DMA_binary_U","Smoking",11,386,61,325,,"binary analyte","No nicotine exposure","Nicotine exposure","High toxicant + Nicotine exposure",FALSE
"X3_FL_ln_U","Diet",0,692,74,618,1.96611285637283,"median split used only for secondary RERI/joint-cell summaries","Better diet","Poor diet","Low toxicant + Better diet",FALSE
"X3_FL_ln_U","Diet",1,549,46,503,1.96611285637283,"median split used only for secondary RERI/joint-cell summaries","Better diet","Poor diet","Low toxicant + Poor diet",FALSE
"X3_FL_ln_U","Diet",10,575,58,517,1.96611285637283,"median split used only for secondary RERI/joint-cell summaries","Better diet","Poor diet","High toxicant + Better diet",FALSE
"X3_FL_ln_U","Diet",11,673,83,590,1.96611285637283,"median split used only for secondary RERI/joint-cell summaries","Better diet","Poor diet","High toxicant + Poor diet",FALSE
"X3_FL_ln_U","PhysicalActivity",0,705,42,663,1.96611285637283,"median split used only for secondary RERI/joint-cell summaries","Ideal activity","Not ideal activity","Low toxicant + Ideal activity",FALSE
"X3_FL_ln_U","PhysicalActivity",1,536,78,458,1.96611285637283,"median split used only for secondary RERI/joint-cell summaries","Ideal activity","Not ideal activity","Low toxicant + Not ideal activity",FALSE
"X3_FL_ln_U","PhysicalActivity",10,778,65,713,1.96611285637283,"median split used only for secondary RERI/joint-cell summaries","Ideal activity","Not ideal activity","High toxicant + Ideal activity",FALSE
"X3_FL_ln_U","PhysicalActivity",11,470,76,394,1.96611285637283,"median split used only for secondary RERI/joint-cell summaries","Ideal activity","Not ideal activity","High toxicant + Not ideal activity",FALSE
"X3_FL_ln_U","Sleep",0,696,55,641,1.96611285637283,"median split used only for secondary RERI/joint-cell summaries","Ideal sleep","Not ideal sleep","Low toxicant + Ideal sleep",FALSE
"X3_FL_ln_U","Sleep",1,544,65,479,1.96611285637283,"median split used only for secondary RERI/joint-cell summaries","Ideal sleep","Not ideal sleep","Low toxicant + Not ideal sleep",FALSE
"X3_FL_ln_U","Sleep",10,665,68,597,1.96611285637283,"median split used only for secondary RERI/joint-cell summaries","Ideal sleep","Not ideal sleep","High toxicant + Ideal sleep",FALSE
"X3_FL_ln_U","Sleep",11,579,71,508,1.96611285637283,"median split used only for secondary RERI/joint-cell summaries","Ideal sleep","Not ideal sleep","High toxicant + Not ideal sleep",FALSE
"X3_FL_ln_U","Smoking",0,854,58,796,1.96611285637283,"median split used only for secondary RERI/joint-cell summaries","No nicotine exposure","Nicotine exposure","Low toxicant + No nicotine exposure",FALSE
"X3_FL_ln_U","Smoking",1,387,62,325,1.96611285637283,"median split used only for secondary RERI/joint-cell summaries","No nicotine exposure","Nicotine exposure","Low toxicant + Nicotine exposure",FALSE
"X3_FL_ln_U","Smoking",10,486,29,457,1.96611285637283,"median split used only for secondary RERI/joint-cell summaries","No nicotine exposure","Nicotine exposure","High toxicant + No nicotine exposure",FALSE
"X3_FL_ln_U","Smoking",11,762,112,650,1.96611285637283,"median split used only for secondary RERI/joint-cell summaries","No nicotine exposure","Nicotine exposure","High toxicant + Nicotine exposure",FALSE
"X3_HPMA_ln_U","Diet",0,640,54,586,5.45951111491777,"median split used only for secondary RERI/joint-cell summaries","Better diet","Poor diet","Low toxicant + Better diet",FALSE
"X3_HPMA_ln_U","Diet",1,560,43,517,5.45951111491777,"median split used only for secondary RERI/joint-cell summaries","Better diet","Poor diet","Low toxicant + Poor diet",FALSE
"X3_HPMA_ln_U","Diet",10,582,73,509,5.45951111491777,"median split used only for secondary RERI/joint-cell summaries","Better diet","Poor diet","High toxicant + Better diet",FALSE
"X3_HPMA_ln_U","Diet",11,618,81,537,5.45951111491777,"median split used only for secondary RERI/joint-cell summaries","Better diet","Poor diet","High toxicant + Poor diet",FALSE
"X3_HPMA_ln_U","PhysicalActivity",0,698,29,669,5.45951111491777,"median split used only for secondary RERI/joint-cell summaries","Ideal activity","Not ideal activity","Low toxicant + Ideal activity",FALSE
"X3_HPMA_ln_U","PhysicalActivity",1,502,68,434,5.45951111491777,"median split used only for secondary RERI/joint-cell summaries","Ideal activity","Not ideal activity","Low toxicant + Not ideal activity",FALSE
"X3_HPMA_ln_U","PhysicalActivity",10,736,75,661,5.45951111491777,"median split used only for secondary RERI/joint-cell summaries","Ideal activity","Not ideal activity","High toxicant + Ideal activity",FALSE
"X3_HPMA_ln_U","PhysicalActivity",11,464,79,385,5.45951111491777,"median split used only for secondary RERI/joint-cell summaries","Ideal activity","Not ideal activity","High toxicant + Not ideal activity",FALSE
"X3_HPMA_ln_U","Sleep",0,664,44,620,5.45958551414416,"median split used only for secondary RERI/joint-cell summaries","Ideal sleep","Not ideal sleep","Low toxicant + Ideal sleep",FALSE
"X3_HPMA_ln_U","Sleep",1,533,51,482,5.45958551414416,"median split used only for secondary RERI/joint-cell summaries","Ideal sleep","Not ideal sleep","Low toxicant + Not ideal sleep",FALSE
"X3_HPMA_ln_U","Sleep",10,648,76,572,5.45958551414416,"median split used only for secondary RERI/joint-cell summaries","Ideal sleep","Not ideal sleep","High toxicant + Ideal sleep",FALSE
"X3_HPMA_ln_U","Sleep",11,550,78,472,5.45958551414416,"median split used only for secondary RERI/joint-cell summaries","Ideal sleep","Not ideal sleep","High toxicant + Not ideal sleep",FALSE
"X3_HPMA_ln_U","Smoking",0,788,46,742,5.45951111491777,"median split used only for secondary RERI/joint-cell summaries","No nicotine exposure","Nicotine exposure","Low toxicant + No nicotine exposure",FALSE
"X3_HPMA_ln_U","Smoking",1,412,51,361,5.45951111491777,"median split used only for secondary RERI/joint-cell summaries","No nicotine exposure","Nicotine exposure","Low toxicant + Nicotine exposure",FALSE
"X3_HPMA_ln_U","Smoking",10,501,33,468,5.45951111491777,"median split used only for secondary RERI/joint-cell summaries","No nicotine exposure","Nicotine exposure","High toxicant + No nicotine exposure",FALSE
"X3_HPMA_ln_U","Smoking",11,699,121,578,5.45951111491777,"median split used only for secondary RERI/joint-cell summaries","No nicotine exposure","Nicotine exposure","High toxicant + Nicotine exposure",FALSE
"X34_MHA_ln_U","Diet",0,694,78,616,5.27478686913784,"median split used only for secondary RERI/joint-cell summaries","Better diet","Poor diet","Low toxicant + Better diet",FALSE
"X34_MHA_ln_U","Diet",1,545,47,498,5.27478686913784,"median split used only for secondary RERI/joint-cell summaries","Better diet","Poor diet","Low toxicant + Poor diet",FALSE
"X34_MHA_ln_U","Diet",10,571,54,517,5.27478686913784,"median split used only for secondary RERI/joint-cell summaries","Better diet","Poor diet","High toxicant + Better diet",FALSE
"X34_MHA_ln_U","Diet",11,669,79,590,5.27478686913784,"median split used only for secondary RERI/joint-cell summaries","Better diet","Poor diet","High toxicant + Poor diet",FALSE
"X34_MHA_ln_U","PhysicalActivity",0,727,52,675,5.27478686913784,"median split used only for secondary RERI/joint-cell summaries","Ideal activity","Not ideal activity","Low toxicant + Ideal activity",FALSE
"X34_MHA_ln_U","PhysicalActivity",1,512,73,439,5.27478686913784,"median split used only for secondary RERI/joint-cell summaries","Ideal activity","Not ideal activity","Low toxicant + Not ideal activity",FALSE
"X34_MHA_ln_U","PhysicalActivity",10,753,55,698,5.27478686913784,"median split used only for secondary RERI/joint-cell summaries","Ideal activity","Not ideal activity","High toxicant + Ideal activity",FALSE
"X34_MHA_ln_U","PhysicalActivity",11,487,78,409,5.27478686913784,"median split used only for secondary RERI/joint-cell summaries","Ideal activity","Not ideal activity","High toxicant + Not ideal activity",FALSE
"X34_MHA_ln_U","Sleep",0,686,63,623,5.27443031203794,"median split used only for secondary RERI/joint-cell summaries","Ideal sleep","Not ideal sleep","Low toxicant + Ideal sleep",FALSE
"X34_MHA_ln_U","Sleep",1,551,61,490,5.27443031203794,"median split used only for secondary RERI/joint-cell summaries","Ideal sleep","Not ideal sleep","Low toxicant + Not ideal sleep",FALSE
"X34_MHA_ln_U","Sleep",10,672,61,611,5.27443031203794,"median split used only for secondary RERI/joint-cell summaries","Ideal sleep","Not ideal sleep","High toxicant + Ideal sleep",FALSE
"X34_MHA_ln_U","Sleep",11,565,71,494,5.27443031203794,"median split used only for secondary RERI/joint-cell summaries","Ideal sleep","Not ideal sleep","High toxicant + Not ideal sleep",FALSE
"X34_MHA_ln_U","Smoking",0,810,59,751,5.27478686913784,"median split used only for secondary RERI/joint-cell summaries","No nicotine exposure","Nicotine exposure","Low toxicant + No nicotine exposure",FALSE
"X34_MHA_ln_U","Smoking",1,429,66,363,5.27478686913784,"median split used only for secondary RERI/joint-cell summaries","No nicotine exposure","Nicotine exposure","Low toxicant + Nicotine exposure",FALSE
"X34_MHA_ln_U","Smoking",10,522,26,496,5.27478686913784,"median split used only for secondary RERI/joint-cell summaries","No nicotine exposure","Nicotine exposure","High toxicant + No nicotine exposure",FALSE
"X34_MHA_ln_U","Smoking",11,718,107,611,5.27478686913784,"median split used only for secondary RERI/joint-cell summaries","No nicotine exposure","Nicotine exposure","High toxicant + Nicotine exposure",FALSE
"X3PBA_ln_U","Diet",0,546,64,482,-0.452348694007015,"median split used only for secondary RERI/joint-cell summaries","Better diet","Poor diet","Low toxicant + Better diet",FALSE
"X3PBA_ln_U","Diet",1,678,73,605,-0.452348694007015,"median split used only for secondary RERI/joint-cell summaries","Better diet","Poor diet","Low toxicant + Poor diet",FALSE
"X3PBA_ln_U","Diet",10,668,62,606,-0.452348694007015,"median split used only for secondary RERI/joint-cell summaries","Better diet","Poor diet","High toxicant + Better diet",FALSE
"X3PBA_ln_U","Diet",11,557,73,484,-0.452348694007015,"median split used only for secondary RERI/joint-cell summaries","Better diet","Poor diet","High toxicant + Poor diet",FALSE
"X3PBA_ln_U","PhysicalActivity",0,734,47,687,-0.452348694007015,"median split used only for secondary RERI/joint-cell summaries","Ideal activity","Not ideal activity","Low toxicant + Ideal activity",FALSE
"X3PBA_ln_U","PhysicalActivity",1,490,90,400,-0.452348694007015,"median split used only for secondary RERI/joint-cell summaries","Ideal activity","Not ideal activity","Low toxicant + Not ideal activity",FALSE
"X3PBA_ln_U","PhysicalActivity",10,741,68,673,-0.452348694007015,"median split used only for secondary RERI/joint-cell summaries","Ideal activity","Not ideal activity","High toxicant + Ideal activity",FALSE
"X3PBA_ln_U","PhysicalActivity",11,484,67,417,-0.452348694007015,"median split used only for secondary RERI/joint-cell summaries","Ideal activity","Not ideal activity","High toxicant + Not ideal activity",FALSE
"X3PBA_ln_U","Sleep",0,663,60,603,-0.451985123743057,"median split used only for secondary RERI/joint-cell summaries","Ideal sleep","Not ideal sleep","Low toxicant + Ideal sleep",FALSE
"X3PBA_ln_U","Sleep",1,556,75,481,-0.451985123743057,"median split used only for secondary RERI/joint-cell summaries","Ideal sleep","Not ideal sleep","Low toxicant + Not ideal sleep",FALSE
"X3PBA_ln_U","Sleep",10,660,61,599,-0.451985123743057,"median split used only for secondary RERI/joint-cell summaries","Ideal sleep","Not ideal sleep","High toxicant + Ideal sleep",FALSE
"X3PBA_ln_U","Sleep",11,560,73,487,-0.451985123743057,"median split used only for secondary RERI/joint-cell summaries","Ideal sleep","Not ideal sleep","High toxicant + Not ideal sleep",FALSE
"X3PBA_ln_U","Smoking",0,659,49,610,-0.452166908875036,"median split used only for secondary RERI/joint-cell summaries","No nicotine exposure","Nicotine exposure","Low toxicant + No nicotine exposure",FALSE
"X3PBA_ln_U","Smoking",1,565,88,477,-0.452166908875036,"median split used only for secondary RERI/joint-cell summaries","No nicotine exposure","Nicotine exposure","Low toxicant + Nicotine exposure",FALSE
"X3PBA_ln_U","Smoking",10,642,54,588,-0.452166908875036,"median split used only for secondary RERI/joint-cell summaries","No nicotine exposure","Nicotine exposure","High toxicant + No nicotine exposure",FALSE
"X3PBA_ln_U","Smoking",11,582,81,501,-0.452166908875036,"median split used only for secondary RERI/joint-cell summaries","No nicotine exposure","Nicotine exposure","High toxicant + Nicotine exposure",FALSE
"X4_ABP_ln_U","Diet",0,337,25,312,-0.481388951470861,"median split used only for secondary RERI/joint-cell summaries","Better diet","Poor diet","Low toxicant + Better diet",FALSE
"X4_ABP_ln_U","Diet",1,283,19,264,-0.481388951470861,"median split used only for secondary RERI/joint-cell summaries","Better diet","Poor diet","Low toxicant + Poor diet",FALSE
"X4_ABP_ln_U","Diet",10,311,35,276,-0.481388951470861,"median split used only for secondary RERI/joint-cell summaries","Better diet","Poor diet","High toxicant + Better diet",FALSE
"X4_ABP_ln_U","Diet",11,310,32,278,-0.481388951470861,"median split used only for secondary RERI/joint-cell summaries","Better diet","Poor diet","High toxicant + Poor diet",FALSE
"X4_ABP_ln_U","PhysicalActivity",0,376,18,358,-0.481388951470861,"median split used only for secondary RERI/joint-cell summaries","Ideal activity","Not ideal activity","Low toxicant + Ideal activity",FALSE
"X4_ABP_ln_U","PhysicalActivity",1,244,26,218,-0.481388951470861,"median split used only for secondary RERI/joint-cell summaries","Ideal activity","Not ideal activity","Low toxicant + Not ideal activity",FALSE
"X4_ABP_ln_U","PhysicalActivity",10,397,30,367,-0.481388951470861,"median split used only for secondary RERI/joint-cell summaries","Ideal activity","Not ideal activity","High toxicant + Ideal activity",FALSE
"X4_ABP_ln_U","PhysicalActivity",11,224,37,187,-0.481388951470861,"median split used only for secondary RERI/joint-cell summaries","Ideal activity","Not ideal activity","High toxicant + Not ideal activity",FALSE
"X4_ABP_ln_U","Sleep",0,341,24,317,-0.481388951470861,"median split used only for secondary RERI/joint-cell summaries","Ideal sleep","Not ideal sleep","Low toxicant + Ideal sleep",FALSE
"X4_ABP_ln_U","Sleep",1,279,20,259,-0.481388951470861,"median split used only for secondary RERI/joint-cell summaries","Ideal sleep","Not ideal sleep","Low toxicant + Not ideal sleep",FALSE
"X4_ABP_ln_U","Sleep",10,339,34,305,-0.481388951470861,"median split used only for secondary RERI/joint-cell summaries","Ideal sleep","Not ideal sleep","High toxicant + Ideal sleep",FALSE
"X4_ABP_ln_U","Sleep",11,282,33,249,-0.481388951470861,"median split used only for secondary RERI/joint-cell summaries","Ideal sleep","Not ideal sleep","High toxicant + Not ideal sleep",FALSE
"X4_ABP_ln_U","Smoking",0,416,15,401,-0.481388951470861,"median split used only for secondary RERI/joint-cell summaries","No nicotine exposure","Nicotine exposure","Low toxicant + No nicotine exposure",FALSE
"X4_ABP_ln_U","Smoking",1,204,29,175,-0.481388951470861,"median split used only for secondary RERI/joint-cell summaries","No nicotine exposure","Nicotine exposure","Low toxicant + Nicotine exposure",FALSE
"X4_ABP_ln_U","Smoking",10,248,17,231,-0.481388951470861,"median split used only for secondary RERI/joint-cell summaries","No nicotine exposure","Nicotine exposure","High toxicant + No nicotine exposure",FALSE
"X4_ABP_ln_U","Smoking",11,373,50,323,-0.481388951470861,"median split used only for secondary RERI/joint-cell summaries","No nicotine exposure","Nicotine exposure","High toxicant + Nicotine exposure",FALSE
"X4_MDA_binary_U","Diet",0,284,33,251,,"binary analyte","Better diet","Poor diet","Low toxicant + Better diet",FALSE
"X4_MDA_binary_U","Diet",1,280,32,248,,"binary analyte","Better diet","Poor diet","Low toxicant + Poor diet",FALSE
"X4_MDA_binary_U","Diet",10,277,34,243,,"binary analyte","Better diet","Poor diet","High toxicant + Better diet",FALSE
"X4_MDA_binary_U","Diet",11,292,34,258,,"binary analyte","Better diet","Poor diet","High toxicant + Poor diet",FALSE
"X4_MDA_binary_U","PhysicalActivity",0,320,23,297,,"binary analyte","Ideal activity","Not ideal activity","Low toxicant + Ideal activity",FALSE
"X4_MDA_binary_U","PhysicalActivity",1,244,42,202,,"binary analyte","Ideal activity","Not ideal activity","Low toxicant + Not ideal activity",FALSE
"X4_MDA_binary_U","PhysicalActivity",10,339,31,308,,"binary analyte","Ideal activity","Not ideal activity","High toxicant + Ideal activity",FALSE
"X4_MDA_binary_U","PhysicalActivity",11,230,37,193,,"binary analyte","Ideal activity","Not ideal activity","High toxicant + Not ideal activity",FALSE
"X4_MDA_binary_U","Sleep",0,314,32,282,,"binary analyte","Ideal sleep","Not ideal sleep","Low toxicant + Ideal sleep",FALSE
"X4_MDA_binary_U","Sleep",1,248,32,216,,"binary analyte","Ideal sleep","Not ideal sleep","Low toxicant + Not ideal sleep",FALSE
"X4_MDA_binary_U","Sleep",10,310,31,279,,"binary analyte","Ideal sleep","Not ideal sleep","High toxicant + Ideal sleep",FALSE
"X4_MDA_binary_U","Sleep",11,257,37,220,,"binary analyte","Ideal sleep","Not ideal sleep","High toxicant + Not ideal sleep",FALSE
"X4_MDA_binary_U","Smoking",0,309,24,285,,"binary analyte","No nicotine exposure","Nicotine exposure","Low toxicant + No nicotine exposure",FALSE
"X4_MDA_binary_U","Smoking",1,255,41,214,,"binary analyte","No nicotine exposure","Nicotine exposure","Low toxicant + Nicotine exposure",FALSE
"X4_MDA_binary_U","Smoking",10,309,26,283,,"binary analyte","No nicotine exposure","Nicotine exposure","High toxicant + No nicotine exposure",FALSE
"X4_MDA_binary_U","Smoking",11,260,42,218,,"binary analyte","No nicotine exposure","Nicotine exposure","High toxicant + Nicotine exposure",FALSE
"X4FPBA_binary_U","Diet",0,1073,113,960,,"binary analyte","Better diet","Poor diet","Low toxicant + Better diet",FALSE
"X4FPBA_binary_U","Diet",1,1103,124,979,,"binary analyte","Better diet","Poor diet","Low toxicant + Poor diet",FALSE
"X4FPBA_binary_U","Diet",10,148,15,133,,"binary analyte","Better diet","Poor diet","High toxicant + Better diet",FALSE
"X4FPBA_binary_U","Diet",11,150,25,125,,"binary analyte","Better diet","Poor diet","High toxicant + Poor diet",FALSE
"X4FPBA_binary_U","PhysicalActivity",0,1313,97,1216,,"binary analyte","Ideal activity","Not ideal activity","Low toxicant + Ideal activity",FALSE
"X4FPBA_binary_U","PhysicalActivity",1,863,140,723,,"binary analyte","Ideal activity","Not ideal activity","Low toxicant + Not ideal activity",FALSE
"X4FPBA_binary_U","PhysicalActivity",10,177,19,158,,"binary analyte","Ideal activity","Not ideal activity","High toxicant + Ideal activity",FALSE
"X4FPBA_binary_U","PhysicalActivity",11,121,21,100,,"binary analyte","Ideal activity","Not ideal activity","High toxicant + Not ideal activity",FALSE
"X4FPBA_binary_U","Sleep",0,1200,108,1092,,"binary analyte","Ideal sleep","Not ideal sleep","Low toxicant + Ideal sleep",FALSE
"X4FPBA_binary_U","Sleep",1,967,127,840,,"binary analyte","Ideal sleep","Not ideal sleep","Low toxicant + Not ideal sleep",FALSE
"X4FPBA_binary_U","Sleep",10,138,17,121,,"binary analyte","Ideal sleep","Not ideal sleep","High toxicant + Ideal sleep",FALSE
"X4FPBA_binary_U","Sleep",11,159,22,137,,"binary analyte","Ideal sleep","Not ideal sleep","High toxicant + Not ideal sleep",FALSE
"X4FPBA_binary_U","Smoking",0,1162,87,1075,,"binary analyte","No nicotine exposure","Nicotine exposure","Low toxicant + No nicotine exposure",FALSE
"X4FPBA_binary_U","Smoking",1,1013,150,863,,"binary analyte","No nicotine exposure","Nicotine exposure","Low toxicant + Nicotine exposure",FALSE
"X4FPBA_binary_U","Smoking",10,151,18,133,,"binary analyte","No nicotine exposure","Nicotine exposure","High toxicant + No nicotine exposure",FALSE
"X4FPBA_binary_U","Smoking",11,147,22,125,,"binary analyte","No nicotine exposure","Nicotine exposure","High toxicant + Nicotine exposure",FALSE
"X5OHIMI_binary_U","Diet",0,341,38,303,,"binary analyte","Better diet","Poor diet","Low toxicant + Better diet",FALSE
"X5OHIMI_binary_U","Diet",1,413,63,350,,"binary analyte","Better diet","Poor diet","Low toxicant + Poor diet",FALSE
"X5OHIMI_binary_U","Diet",10,118,7,111,,"binary analyte","Better diet","Poor diet","High toxicant + Better diet",FALSE
"X5OHIMI_binary_U","Diet",11,73,6,67,,"binary analyte","Better diet","Poor diet","High toxicant + Poor diet",FALSE
"X5OHIMI_binary_U","PhysicalActivity",0,457,51,406,,"binary analyte","Ideal activity","Not ideal activity","Low toxicant + Ideal activity",FALSE
"X5OHIMI_binary_U","PhysicalActivity",1,297,50,247,,"binary analyte","Ideal activity","Not ideal activity","Low toxicant + Not ideal activity",FALSE
"X5OHIMI_binary_U","PhysicalActivity",10,121,5,116,,"binary analyte","Ideal activity","Not ideal activity","High toxicant + Ideal activity",FALSE
"X5OHIMI_binary_U","PhysicalActivity",11,70,8,62,,"binary analyte","Ideal activity","Not ideal activity","High toxicant + Not ideal activity",FALSE
"X5OHIMI_binary_U","Sleep",0,415,47,368,,"binary analyte","Ideal sleep","Not ideal sleep","Low toxicant + Ideal sleep",FALSE
"X5OHIMI_binary_U","Sleep",1,331,52,279,,"binary analyte","Ideal sleep","Not ideal sleep","Low toxicant + Not ideal sleep",FALSE
"X5OHIMI_binary_U","Sleep",10,114,2,112,,"binary analyte","Ideal sleep","Not ideal sleep","High toxicant + Ideal sleep",TRUE
"X5OHIMI_binary_U","Sleep",11,77,11,66,,"binary analyte","Ideal sleep","Not ideal sleep","High toxicant + Not ideal sleep",FALSE
"X5OHIMI_binary_U","Smoking",0,378,33,345,,"binary analyte","No nicotine exposure","Nicotine exposure","Low toxicant + No nicotine exposure",FALSE
"X5OHIMI_binary_U","Smoking",1,375,68,307,,"binary analyte","No nicotine exposure","Nicotine exposure","Low toxicant + Nicotine exposure",FALSE
"X5OHIMI_binary_U","Smoking",10,116,6,110,,"binary analyte","No nicotine exposure","Nicotine exposure","High toxicant + No nicotine exposure",FALSE
"X5OHIMI_binary_U","Smoking",11,75,7,68,,"binary analyte","No nicotine exposure","Nicotine exposure","High toxicant + Nicotine exposure",FALSE
