"Pollutant","Modifier","Outcome","Exposure_Type","Exposure_Scale","n","N_Healthy","N_Risk","Mean_LE8_Healthy","Mean_LE8_Risk","Weight_Variables","status","error","Beta_Interaction","SE_Interaction","Interaction_Low","Interaction_High","P_Interaction","Toxicant_Beta_Healthy","Toxicant_Beta_Healthy_Low","Toxicant_Beta_Healthy_High","Toxicant_P_Healthy","Toxicant_Beta_Risk","Toxicant_Beta_Risk_Low","Toxicant_Beta_Risk_High","Toxicant_P_Risk","P_FDR_BH_within_modifier","P_FDR_BH_all_tests","Nominal_P_lt_0_05","FDR05_within_modifier","FDR10_within_modifier","FDR05_all_tests"
"BP3_ln_U","Diet","LE8_no_diet","Continuous","Continuous, per 1 SD",2212,1118,1094,72.94531050345,68.9240010446592,"WTSB2YR","ok",,-2.01279526778747,0.430242481421665,-2.95975258463755,-1.06583795093738,0.000673432101727675,2.67831289855201,1.68953487337262,3.6670909237314,9.4300272640103e-05,0.665517630764544,-0.546511095820861,1.87754635734995,0.252175171816159,0.100341383157424,0.177903487298715,TRUE,FALSE,FALSE,FALSE
"Harman_ln_U","Diet","LE8_no_diet","Continuous","Continuous, per 1 SD",1163,613,550,74.336984385924,69.5454545454545,"WTSA2YR","ok",,-2.4450954253553,0.907128870730916,-4.22303534132438,-0.667155509386211,0.00702994625450313,1.30895189318769,-0.193459165183834,2.81136295155922,0.0877128815873857,-1.1361435321676,-2.18538289086547,-0.0869041734697398,0.0338125764175183,0.310086924462403,0.420286715374257,TRUE,FALSE,FALSE,FALSE
"DMTP_ln_U","Diet","LE8_no_diet","Continuous","Continuous, per 1 SD",1043,512,531,73.1794084821429,68.0172181867097,"WTSB2YR","ok",,-2.71305879456459,1.12121966087141,-4.91060894863077,-0.515508640498409,0.0155316560499872,1.44447923404577,0.0330732580358166,2.85588521005571,0.044867823459876,-1.26857956051882,-2.51041719728405,-0.0267419237536013,0.0452664346686881,0.310086924462403,0.420286715374257,TRUE,FALSE,FALSE,FALSE
"MiBP_ln_U","Diet","LE8_no_diet","Continuous","Continuous, per 1 SD",2212,1118,1094,72.94531050345,68.9240010446592,"WTSB2YR","ok",,-1.8666185732192,0.656536799916389,-3.31164632688923,-0.421590819549172,0.0159921121294888,0.640791603856203,-0.351564957012413,1.63314816472482,0.182972577391427,-1.225826969363,-2.2559465975282,-0.195707341197794,0.0238652401103197,0.310086924462403,0.420286715374257,TRUE,FALSE,FALSE,FALSE
"X2_HPMA_ln_U","Diet","LE8_no_diet","Continuous","Continuous, per 1 SD",2230,1139,1091,73.3814122663991,68.4424512243027,"WTSA2YR","ok",,-2.14440829824059,0.77340830021409,-3.8466684897035,-0.442148106777679,0.018140067859025,0.464637980198569,-0.56670896222351,1.49598492262065,0.342714281095081,-1.67977031804202,-2.77342609377839,-0.586114542305651,0.00613667853637114,0.310086924462403,0.420286715374257,TRUE,FALSE,FALSE,FALSE
"PMM_Cys_ln_U","Diet","LE8_no_diet","Continuous","Continuous, per 1 SD",2229,1144,1085,73.2867132867133,68.5115207373272,"WTSA2YR","ok",,-1.92925380661977,0.71110026122179,-3.49437492890621,-0.364132684333317,0.0201804175982081,-1.54634840102259,-2.79253587427943,-0.300160927765749,0.0195391169659566,-3.47560220764236,-4.47284750781374,-2.47835690747097,9.7171720808586e-06,0.310086924462403,0.420286715374257,TRUE,FALSE,FALSE,FALSE
"TCPY_ln_U","Diet","LE8_no_diet","Continuous","Continuous, per 1 SD",2243,1105,1138,73.5649644473174,68.6461210143108,"WTSB2YR|WTSC2YR","ok",,-1.64255822148169,0.611758453692154,-2.98902949961873,-0.296086943344656,0.0212186500491555,1.39199238589954,0.373444022091046,2.41054074970804,0.0119091672568337,-0.250565835582152,-1.16392160986576,0.662789938701459,0.558217603600491,0.310086924462403,0.420286715374257,TRUE,FALSE,FALSE,FALSE
"X14_DCB_binary_S","Diet","LE8_no_diet","Binary","Binary 0/1",3343,1712,1631,73.0161048064085,68.495226416747,"WTSVOC2Y","ok",,2.52643404323919,0.94481325737872,0.44691408469078,4.60595400178759,0.0216387239628042,-1.050563195843,-2.71965782327137,0.61853143158537,0.193394523448792,1.47587084739619,-0.0655940616938564,3.01733575648623,0.0588488369101641,0.310086924462403,0.420286715374257,TRUE,FALSE,FALSE,FALSE
"PFHS_ln_S","Diet","LE8_no_diet","Continuous","Continuous, per 1 SD",2211,1115,1096,72.6880204996797,68.8555787278415,"WTSB2YR","ok",,1.74476096419681,0.654203882914792,0.304867926227022,3.18465400216659,0.0219111347799393,-0.407963342306622,-1.39908036748726,0.583153682874017,0.384367564663483,1.33679762189018,-0.0448478282167684,2.71844307199714,0.0566246026920174,0.310086924462403,0.420286715374257,TRUE,FALSE,FALSE,FALSE
"PNP_ln_U","Diet","LE8_no_diet","Continuous","Continuous, per 1 SD",2222,1097,1125,73.5824977210574,68.6298412698413,"WTSB2YR|WTSC2YR","ok",,-1.67576634225496,0.628881657194233,-3.05992553719331,-0.291607147316621,0.0220021829539534,1.08871929453206,0.115008071692766,2.06243051737136,0.0316253695913395,-0.587047047722899,-1.77075271457481,0.596658619129011,0.298359453239021,0.310086924462403,0.420286715374257,TRUE,FALSE,FALSE,FALSE
"MECPP_ln_U","Diet","LE8_no_diet","Continuous","Continuous, per 1 SD",2212,1118,1094,72.94531050345,68.9240010446592,"WTSB2YR","ok",,-1.86405597114935,0.708946851857627,-3.42443747138168,-0.303674470917032,0.0234351906227637,0.377538719282314,-0.938251452138846,1.69332889070347,0.540597542198918,-1.48651725186704,-2.86752234336998,-0.105512160364099,0.0372079772887443,0.310086924462403,0.420286715374257,TRUE,FALSE,FALSE,FALSE
"DMP_ln_U","Diet","LE8_no_diet","Continuous","Continuous, per 1 SD",1040,511,529,73.139502376293,68.0326762084796,"WTSB2YR","ok",,-2.38837483132252,1.0763033119898,-4.49789055926371,-0.278859103381332,0.0264830723917065,1.15677733839545,-0.237424450839607,2.55097912763052,0.103908493298473,-1.23159749292707,-2.50759754982307,0.0444025639689307,0.0585228749794285,0.310086924462403,0.440531216458909,TRUE,FALSE,FALSE,FALSE
"X1_NP_ln_U","Diet","LE8_no_diet","Continuous","Continuous, per 1 SD",2184,1113,1071,73.5066101912463,68.3106575963719,"WTSA2YR","ok",,-1.86912012689447,0.748472918708446,-3.51649791370223,-0.221742340086707,0.0296512158664415,-0.632937000518761,-1.884762857149,0.618888856111477,0.289504139256476,-2.50205712741323,-3.84691860760907,-1.15719564721739,0.00177488080756616,0.310086924462403,0.450973920290067,TRUE,FALSE,FALSE,FALSE
"MnBP_ln_U","Diet","LE8_no_diet","Continuous","Continuous, per 1 SD",2212,1118,1094,72.94531050345,68.9240010446592,"WTSB2YR","ok",,-1.65340005679169,0.6634386469398,-3.11361867333747,-0.193181440245916,0.0299199740228978,0.329451522189993,-0.615462746059748,1.27436579043973,0.459004811877086,-1.3239485346017,-2.59142507518826,-0.0564719940151337,0.0421022820705035,0.310086924462403,0.450973920290067,TRUE,FALSE,FALSE,FALSE
"MEOHP_ln_U","Diet","LE8_no_diet","Continuous","Continuous, per 1 SD",2212,1118,1094,72.94531050345,68.9240010446592,"WTSB2YR","ok",,-1.82739224949092,0.747419312122681,-3.47245106383885,-0.182333435143003,0.0325367090142163,0.348128617673105,-0.812975890001513,1.50923312534772,0.522888026560061,-1.47926363181782,-2.91614908763867,-0.0423781759969706,0.0446276851316716,0.310086924462403,0.450973920290067,TRUE,FALSE,FALSE,FALSE
"MHBP_ln_U","Diet","LE8_no_diet","Continuous","Continuous, per 1 SD",2131,1076,1055,72.8597981943707,68.7975626269465,"WTSB2YR|WTSSBH2Y","ok",,-1.53758272205457,0.632258101853283,-2.92917342158136,-0.145992022527789,0.0332979247744862,2.33087979667956,1.22714471462314,3.43461487873599,0.000707304885139306,0.79329707462499,-0.392575366490927,1.97916951574091,0.1689487707106,0.310086924462403,0.451035526490768,TRUE,FALSE,FALSE,FALSE
"DHB_Cys_ln_U","Diet","LE8_no_diet","Continuous","Continuous, per 1 SD",2138,1084,1054,73.3249868212968,68.353212252643,"WTSA2YR","ok",,-1.67706879052927,0.700221345974263,-3.21824558179802,-0.135891999260525,0.035542156821052,0.307608421419424,-0.756899781130036,1.37211662396888,0.537775728390752,-1.36946036910985,-2.42317609623331,-0.315744641986385,0.0155025560388888,0.311516550960985,0.460502727507543,TRUE,FALSE,FALSE,FALSE
"Nitrate_ln_U","Diet","LE8_no_diet","Continuous","Continuous, per 1 SD",2255,1153,1102,73.2969892206666,68.435960591133,"WTSA2YR","ok",,-1.94517257120107,0.876978750534668,-3.87538978684358,-0.0149553555585578,0.0485316201398638,2.25909086903165,0.741936792078645,3.77624494598465,0.00736853382363473,0.313918297830577,-1.03390543611467,1.66174203177583,0.618349573743872,0.401733966713317,0.529982234921422,TRUE,FALSE,FALSE,FALSE
"BMA_ln_U","Diet","LE8_no_diet","Continuous","Continuous, per 1 SD",2244,1148,1096,73.3200597312096,68.4462982273201,"WTSA2YR","ok",,-1.53758157773967,0.710593138590151,-3.10158653063953,0.0264233751601965,0.0533501300822853,1.6681608449266,0.744339046303636,2.59198264354956,0.0021797714478782,0.130579267186929,-0.947150878760793,1.20830941313465,0.794652825887015,0.418377335908448,0.529982234921422,FALSE,FALSE,FALSE,FALSE
"HIBP_ln_U","Diet","LE8_no_diet","Continuous","Continuous, per 1 SD",2131,1076,1055,72.8597981943707,68.7975626269465,"WTSB2YR|WTSSBH2Y","ok",,-1.51658919311299,0.714896115568649,-3.09006493448674,0.0568865482607666,0.0574291765678294,1.49473856857284,0.368610481205209,2.62086665594047,0.0139020357219642,-0.021850624540148,-0.940825331290912,0.897124082210616,0.959201480280235,0.427847365430329,0.529982234921422,FALSE,FALSE,FALSE,FALSE
"DCVDMPCA_binary_U","Diet","LE8_no_diet","Binary","Binary 0/1",2235,1100,1135,73.4623376623377,68.6236626809314,"WTSB2YR|WTSC2YR","ok",,2.91975368935345,1.41490872029744,-0.194439406905464,6.03394678561236,0.0634740804615316,-0.441538466203731,-2.29802498682766,1.4149480544202,0.611028778019776,2.47821522314972,-0.247506714743216,5.20393716104265,0.0706674005070815,0.428286571069252,0.558287001933687,FALSE,FALSE,FALSE,FALSE
"GLYP_ln_U","Diet","LE8_no_diet","Continuous","Continuous, per 1 SD",2048,1009,1039,73.4284298456746,68.3596865117558,"WTSSCH2Y|WTSSGL2Y","ok",,-1.67853913717942,0.817578781539912,-3.47801790255458,0.120939628195727,0.0646338978748732,0.223066984933926,-1.08112408756486,1.52725805743272,0.71374008938661,-1.4554721522455,-2.50694611970177,-0.403998184789229,0.0111138083182844,0.428286571069252,0.558287001933687,FALSE,FALSE,FALSE,FALSE
"MBzP_ln_U","Diet","LE8_no_diet","Continuous","Continuous, per 1 SD",2212,1118,1094,72.94531050345,68.9240010446592,"WTSB2YR","ok",,1.27605505615445,0.629675641212139,-0.109851685824659,2.66196179813355,0.0676534023361315,-1.73849740831987,-2.64255611071925,-0.834438705920495,0.00140654887197521,-0.462442352165425,-1.46231394179904,0.537429237468194,0.330564398445629,0.428286571069252,0.567907433694851,FALSE,FALSE,FALSE,FALSE
"MeP_ln_U","Diet","LE8_no_diet","Continuous","Continuous, per 1 SD",2212,1118,1094,72.94531050345,68.9240010446592,"WTSB2YR","ok",,-1.69151893731744,0.84230249241206,-3.54541422342459,0.1623763487897,0.0698147200538729,1.80905451604284,0.346811626633474,3.27129740545221,0.0198245038855357,0.117535578725397,-1.02560642710896,1.26067758455975,0.825117543313758,0.428286571069252,0.577910738223726,FALSE,FALSE,FALSE,FALSE
"MEHHP_ln_U","Diet","LE8_no_diet","Continuous","Continuous, per 1 SD",2212,1118,1094,72.94531050345,68.9240010446592,"WTSB2YR","ok",,-1.58620442221255,0.796545971121465,-3.33939028398168,0.166981439556579,0.0718601629310825,0.104865510276129,-1.26083677967189,1.47056780022415,0.868862153673564,-1.48133891193642,-2.67305514962081,-0.289622674252032,0.0193732621017413,0.428286571069252,0.586693932971578,FALSE,FALSE,FALSE,FALSE
"m_p_Xylene_binary_S","Diet","LE8_no_diet","Binary","Binary 0/1",3358,1715,1643,73.0428987921699,68.4257890618207,"WTSVOC2Y","ok",,-2.67750567485111,1.41820070131965,-5.79894437248721,0.443933022784991,0.0856773081755384,-0.177503778935045,-2.2289583242585,1.87395076638841,0.852431882679862,-2.85500945378616,-5.13630138661919,-0.573717520953124,0.0187390482985324,0.473368814564476,0.604203180326258,FALSE,FALSE,FALSE,FALSE
"MeFOSAA_binary_S","Diet","LE8_no_diet","Binary","Binary 0/1",2211,1115,1096,72.6880204996797,68.8555787278415,"WTSB2YR","ok",,2.35345204917783,1.25626028436757,-0.411558193927688,5.11846229228334,0.0878122178642932,-1.07408621361765,-3.22839037635836,1.08021794912305,0.295924791284927,1.27936583556017,-0.715307524775521,3.27403919589587,0.185696620392465,0.473368814564476,0.604203180326258,FALSE,FALSE,FALSE,FALSE
"AsC_binary_U","Diet","LE8_no_diet","Binary","Binary 0/1",2272,1159,1113,73.2947121903118,68.398793479656,"WTSA2YR","ok",,-2.7383165688672,1.47329320320666,-5.98101304558893,0.504379907854528,0.0900205188682747,1.56048584211686,-1.16891818156605,4.28988986579978,0.234310663424484,-1.17783072675034,-3.49976633777476,1.14410488427408,0.288012410339301,0.473368814564476,0.604203180326258,FALSE,FALSE,FALSE,FALSE
"PrP_ln_U","Diet","LE8_no_diet","Continuous","Continuous, per 1 SD",2212,1118,1094,72.94531050345,68.9240010446592,"WTSB2YR","ok",,-1.4135077336755,0.766192883980596,-3.0998869010846,0.272871433733611,0.0921321853850322,1.85365432663211,0.86497032479736,2.84233832846686,0.00168188758538587,0.440146592956615,-0.854772878082973,1.7350660639962,0.470080260127706,0.473368814564476,0.610119805438658,FALSE,FALSE,FALSE,FALSE
"THg_ln_S","Diet","LE8_no_diet","Continuous","Continuous, per 1 SD",3437,1761,1676,73.0291230631946,68.4589157858848,"WTSH2YR","ok",,1.15990611657773,0.646718605831009,-0.263511937611477,2.58332417076693,0.100394191089195,0.932565964592047,-0.157365372520171,2.02249730170426,0.0863682369910795,2.09247208116978,1.08753294717551,3.09741121516404,0.000786646940166862,0.483393467722654,0.62589063985396,FALSE,FALSE,FALSE,FALSE
"Hg_binary_U","Diet","LE8_no_diet","Binary","Binary 0/1",2273,1161,1112,73.260120585702,68.3594552929085,"WTSA2YR","ok",,3.58664223247383,2.02756004253981,-0.875987332351067,8.04927179729873,0.104585121995233,-0.980501915865017,-3.1021808246982,1.14117699296817,0.330931463338894,2.60614031660881,-0.409366514937139,5.62164714815477,0.0836393764195346,0.483393467722654,0.62589063985396,FALSE,FALSE,FALSE,FALSE
"CMAC_ln_U","Diet","LE8_no_diet","Continuous","Continuous, per 1 SD",2229,1138,1091,73.4069796635702,68.4110252717036,"WTSA2YR","ok",,-1.27152336506944,0.728130163335008,-2.87412704918489,0.331080319046011,0.108588073714068,-1.20067173115331,-2.48103484301179,0.0796913807051645,0.0634270305636884,-2.47219509622276,-3.67652280125596,-1.26786739118955,0.000874779814448449,0.483393467722654,0.628334873141598,FALSE,FALSE,FALSE,FALSE
"PPDA_binary_U","Diet","LE8_no_diet","Binary","Binary 0/1",945,463,482,72.2616476396174,67.7430349733254,"WTSA2YR","ok",,4.88844209605808,3.08369765395536,-1.15549424490509,10.9323784370212,0.112908779111361,-4.50082016354232,-9.22921169636467,0.227571369280036,0.0620926659707673,0.387621932515761,-2.90060026304862,3.67584412808015,0.817280378962998,0.483393467722654,0.633958646193645,FALSE,FALSE,FALSE,FALSE
"Cd_ln_U","Diet","LE8_no_diet","Continuous","Continuous, per 1 SD",2266,1159,1107,73.2885492419574,68.3662408052652,"WTSA2YR","ok",,-1.0225903123561,0.601138307942319,-2.34568680729974,0.300506182587543,0.116986877007989,-0.73111839422599,-1.72583319734367,0.263596408891695,0.134011750232391,-1.75370870658209,-3.12910901934661,-0.378308393817569,0.0170789485305684,0.483393467722654,0.633958646193645,FALSE,FALSE,FALSE,FALSE
"MB3_Cys_ln_U","Diet","LE8_no_diet","Continuous","Continuous, per 1 SD",2197,1117,1080,73.2114081084538,68.2943121693122,"WTSA2YR","ok",,-1.15950480025086,0.682146564755944,-2.66089926628618,0.341889665784464,0.117237143732213,-1.86276686225762,-3.02683825238953,-0.698695472125713,0.00478115792609687,-3.02227166250848,-3.89449455636798,-2.15004876864898,1.02617619247533e-05,0.483393467722654,0.633958646193645,FALSE,FALSE,FALSE,FALSE
"X4_ABP_ln_U","Diet","LE8_no_diet","Continuous","Continuous, per 1 SD",1127,594,533,74.3374218374218,69.7279549718574,"WTSA2YR","ok",,-1.85541536852139,1.20275885374155,-4.21277940394151,0.501948666898725,0.122919872802733,-0.203042448657404,-2.27405270193091,1.8679678046161,0.84762044903215,-2.05845781717879,-3.45495209540469,-0.661963538952902,0.00386441602934222,0.483393467722654,0.633958646193645,FALSE,FALSE,FALSE,FALSE
"MA_ln_U","Diet","LE8_no_diet","Continuous","Continuous, per 1 SD",2210,1132,1078,73.3449015648662,68.4448714550755,"WTSA2YR","ok",,-1.53667378287104,0.927143450882401,-3.57730275953936,0.503955193797275,0.125647782720083,-0.461389592286859,-1.81964412700342,0.896864942429698,0.470347532148931,-1.9980633751579,-3.34702132973772,-0.649105420578076,0.00759793351586282,0.483393467722654,0.633958646193645,FALSE,FALSE,FALSE,FALSE
"X34_MHA_ln_U","Diet","LE8_no_diet","Continuous","Continuous, per 1 SD",2248,1151,1097,73.2909271440983,68.4841776272952,"WTSA2YR","ok",,-1.5373481540692,0.934763171240035,-3.59474802216872,0.520051714030317,0.128290411515468,-0.400419240713454,-1.96729827633211,1.1664597949052,0.585078461756621,-1.93776739478265,-3.24027890898563,-0.635255880579673,0.00740652777134131,0.483393467722654,0.633958646193645,FALSE,FALSE,FALSE,FALSE
"Total_As_ln_U","Diet","LE8_no_diet","Continuous","Continuous, per 1 SD",2266,1159,1107,73.2885492419574,68.3662408052652,"WTSA2YR","ok",,-1.20266557240088,0.732708600710903,-2.81534632923709,0.410015184435326,0.128968166455643,2.54413803235291,1.31425350036357,3.77402256434224,0.000826123322671776,1.34147245995202,0.128550488774237,2.55439443112981,0.0331587155138979,0.483393467722654,0.633958646193645,FALSE,FALSE,FALSE,FALSE
"EtP_binary_U","Diet","LE8_no_diet","Binary","Binary 0/1",2214,1118,1096,72.94531050345,68.9207507820646,"WTSB2YR","ok",,-2.21148646725086,1.35046010193511,-5.18382911090588,0.760856176404162,0.129770058449035,2.36684675887089,-0.0459842449198153,4.77967776266159,0.0537942671661084,0.155360291620029,-1.83990926149632,2.15062984473638,0.867038353387497,0.483393467722654,0.633958646193645,FALSE,FALSE,FALSE,FALSE
"Sn_ln_U","Diet","LE8_no_diet","Continuous","Continuous, per 1 SD",2265,1159,1106,73.2885492419574,68.3376388530096,"WTSA2YR","ok",,1.20235442339256,0.746970768259745,-0.441717152569386,2.84642599935451,0.135775373573174,-1.39501682790461,-2.87858141858055,0.0885477627713347,0.0628144006701751,-0.192662404512048,-1.13443191112583,0.749107102101739,0.661263266662451,0.490558969897015,0.642239068647711,FALSE,FALSE,FALSE,FALSE
"PFNA_ln_S","Diet","LE8_no_diet","Continuous","Continuous, per 1 SD",2211,1115,1096,72.6880204996797,68.8555787278415,"WTSB2YR","ok",,1.294352785657,0.809822872332411,-0.488055338649427,3.07676090996342,0.138278367353521,-0.268414761228096,-1.90393132691954,1.36710180446334,0.724778929041626,1.0259380244289,-0.11340944774218,2.16528549659998,0.073031521618669,0.490558969897015,0.642658863218045,FALSE,FALSE,FALSE,FALSE
"NDMA_binary_U","Diet","LE8_no_diet","Binary","Binary 0/1",927,450,477,73.1555555555556,67.806229410003,"WTSSBI2Y","ok",,-2.68253034381368,1.90521156614134,-6.41667639637986,1.05161570875249,0.159132242076183,2.29722299244759,-0.868226104070645,5.46267208896582,0.154915705308235,-0.385307351366097,-4.20661948102878,3.43600477829659,0.843338120781801,0.52850963964241,0.669456998147066,FALSE,FALSE,FALSE,FALSE
"DMA_ln_U","Diet","LE8_no_diet","Continuous","Continuous, per 1 SD",2270,1158,1112,73.3061929434986,68.3742291880781,"WTSA2YR","ok",,-0.871962424411851,0.578716682748747,-2.1457092550393,0.401784406215601,0.160050538285678,2.53286050842685,1.36850298093812,3.69721803591559,0.000564234539047201,1.660898084015,0.641436692148394,2.68035947588161,0.00427477245429375,0.52850963964241,0.669456998147066,FALSE,FALSE,FALSE,FALSE
"X25_DMF_binary_S","Diet","LE8_no_diet","Binary","Binary 0/1",3370,1723,1647,73.0370616035155,68.4339491716541,"WTSVOC2Y","ok",,2.33525873985155,1.5859244109199,-1.15533735361021,5.82585483331332,0.168915045258788,-11.58826566214,-14.3693747477566,-8.80715657652341,1.74290471618286e-06,-9.25300692228846,-12.1193304013143,-6.3866834432626,1.97988872663255e-05,0.52850963964241,0.669456998147066,FALSE,FALSE,FALSE,FALSE
"DPHP_ln_U","Diet","LE8_no_diet","Continuous","Continuous, per 1 SD",2049,1010,1039,73.3953323903819,68.3885604289839,"WTSSBI2Y|WTSSCH2Y","ok",,-0.928262577395511,0.63495532212323,-2.32578981870995,0.469264663918925,0.171732685202741,0.6808185744048,-0.282657955875412,1.64429510468501,0.148164068969074,-0.247444002990711,-1.32030581785916,0.825417811877736,0.621733930806962,0.52850963964241,0.669456998147066,FALSE,FALSE,FALSE,FALSE
"Cd_ln_S","Diet","LE8_no_diet","Continuous","Continuous, per 1 SD",3437,1761,1676,73.0291230631946,68.4589157858848,"WTSH2YR","ok",,-0.679733323006669,0.467242755489001,-1.70812769399829,0.348661047984948,0.173665941900933,-2.62617475323772,-3.65743396008982,-1.59491554638562,0.000159129413349268,-3.30590807624439,-4.28746605876978,-2.324350093719,1.3379225699593e-05,0.52850963964241,0.669456998147066,FALSE,FALSE,FALSE,FALSE
"Pb_ln_S","Diet","LE8_no_diet","Continuous","Continuous, per 1 SD",3437,1761,1676,73.0291230631946,68.4589157858848,"WTSH2YR","ok",,0.702323326669152,0.483175543153391,-0.36113887353068,1.76578552686898,0.173996801256572,-0.082006449986363,-1.41782233288993,1.2538094329172,0.894958067979573,0.620316876682789,-0.153750011738311,1.39438376510389,0.105480099865701,0.52850963964241,0.669456998147066,FALSE,FALSE,FALSE,FALSE
"X1_AN_ln_U","Diet","LE8_no_diet","Continuous","Continuous, per 1 SD",1110,593,517,74.5483016140689,69.9806576402321,"WTSA2YR","ok",,-1.21159227329882,0.901983301297405,-2.97944705849827,0.556262511900634,0.179189886592011,-1.28992868727006,-2.96358851874849,0.383731144208374,0.130892948702039,-2.50152096056888,-3.52165701535071,-1.48138490578705,1.53891556013418e-06,0.52850963964241,0.669456998147066,FALSE,FALSE,FALSE,FALSE
"X25_DCP_ln_U","Diet","LE8_no_diet","Continuous","Continuous, per 1 SD",2212,1118,1094,72.94531050345,68.9240010446592,"WTSB2YR","ok",,1.18750295337119,0.827858054945881,-0.634600340227027,3.0096062469694,0.17926273195153,-0.665945409059585,-2.09086619343078,0.758975375311614,0.325735113502904,0.521557544311601,-0.682474824225013,1.72558991284821,0.360862267758679,0.52850963964241,0.669456998147066,FALSE,FALSE,FALSE,FALSE
"X3_HPMA_ln_U","Diet","LE8_no_diet","Continuous","Continuous, per 1 SD",2170,1110,1060,73.2863577863578,68.4150943396226,"WTSA2YR","ok",,-1.11903513980831,0.78644196407404,-2.84998223200859,0.611911952391977,0.182498600136444,-1.53644597802815,-2.77257692477468,-0.300315031281622,0.0193795375560888,-2.65548111783646,-3.63188871743625,-1.67907351823667,9.10889317105667e-05,0.52850963964241,0.671414602971116,FALSE,FALSE,FALSE,FALSE
"PMA_binary_U","Diet","LE8_no_diet","Binary","Binary 0/1",2222,1136,1086,73.29476861167,68.3747697974217,"WTSA2YR","ok",,2.14647528645429,1.53361203445138,-1.22898204271115,5.52193261561974,0.189191145667402,-2.45530447070518,-5.13288831127449,0.22227936986414,0.0686197022633219,-0.308829184250884,-2.50903602252178,1.89137765402001,0.763140941069299,0.52850963964241,0.675491610430536,FALSE,FALSE,FALSE,FALSE
"PGA_ln_U","Diet","LE8_no_diet","Continuous","Continuous, per 1 SD",2211,1132,1079,73.3720343260979,68.4456507348074,"WTSA2YR","ok",,-1.19234586157032,0.852589612008656,-3.06888294524966,0.684191222109021,0.189518626134269,-0.164524459278226,-1.47860880899554,1.14955989043909,0.787989861298258,-1.35687032084855,-2.41517769411863,-0.298562947578466,0.0166107271661142,0.52850963964241,0.675491610430536,FALSE,FALSE,FALSE,FALSE
"BuP_binary_U","Diet","LE8_no_diet","Binary","Binary 0/1",2214,1118,1096,72.94531050345,68.9207507820646,"WTSB2YR","ok",,-2.02284994115027,1.45360366696383,-5.22221004079244,1.1765101584919,0.191540406313357,2.29003312528175,-0.304615247283667,4.88468149784717,0.0780970741876321,0.267183184131483,-2.39535850857045,2.92972487683342,0.829242509236331,0.52850963964241,0.675491610430536,FALSE,FALSE,FALSE,FALSE
"Benzene_binary_S","Diet","LE8_no_diet","Binary","Binary 0/1",3280,1679,1601,72.8852207946907,68.4866601231373,"WTSVOC2Y","ok",,-2.1487470936651,1.59068648182106,-5.64982443451164,1.35233024718144,0.203882093974909,-3.63532300005819,-6.12189253871277,-1.14875346140362,0.00819101418753533,-5.78407009372329,-8.36222490724491,-3.20591528020168,0.00044407048934122,0.543577528072106,0.70647516284329,FALSE,FALSE,FALSE,FALSE
"BPF_binary_U","Diet","LE8_no_diet","Binary","Binary 0/1",2213,1118,1095,72.94531050345,68.9041095890411,"WTSB2YR","ok",,-1.6711220923501,1.25278065805126,-4.42847372957077,1.08622954487056,0.209186785402663,-0.747526439637143,-2.86346593368999,1.3684130544157,0.453220678419643,-2.41864853198724,-4.57461712145015,-0.262679942524334,0.031168450426532,0.543577528072106,0.709857390100895,FALSE,FALSE,FALSE,FALSE
"Co_ln_U","Diet","LE8_no_diet","Continuous","Continuous, per 1 SD",2266,1159,1107,73.2885492419574,68.3662408052652,"WTSA2YR","ok",,-0.837494723672286,0.631586085135168,-2.22760632437517,0.552616877030594,0.211709213172016,1.33080767347234,0.368357815070624,2.29325753187405,0.0111791633515264,0.49331294980005,-0.599099278891214,1.58572517849131,0.341621051598842,0.543577528072106,0.709857390100895,FALSE,FALSE,FALSE,FALSE
"X2_AN_ln_U","Diet","LE8_no_diet","Continuous","Continuous, per 1 SD",1113,589,524,74.8775163715741,70.0736095965104,"WTSA2YR","ok",,-1.20456541797381,0.968074686313087,-3.10195693749237,0.692826101544747,0.213392938845771,-0.267334241013655,-1.99025542885191,1.4555869468246,0.761040585736852,-1.47189965898747,-2.33685133624071,-0.606947981734222,0.00085208487283652,0.543577528072106,0.709857390100895,FALSE,FALSE,FALSE,FALSE
"CYHA_Cys_binary_U","Diet","LE8_no_diet","Binary","Binary 0/1",1074,531,543,72.1899381221415,67.5111812680873,"WTSA2YR","ok",,2.68329297496144,2.17804715956878,-1.58560101442312,6.95218696434601,0.217959567765879,-12.0465755510957,-15.0472541769048,-9.04589692528651,3.58904743369901e-15,-9.36328257613423,-12.6533803163236,-6.07318483594486,2.43498878252735e-08,0.543577528072106,0.709857390100895,FALSE,FALSE,FALSE,FALSE
"X1_PY_ln_U","Diet","LE8_no_diet","Continuous","Continuous, per 1 SD",2259,1154,1105,73.3176528843773,68.4065934065934,"WTSA2YR","ok",,-1.25910929229714,0.968686096571105,-3.39117301563724,0.87295443104296,0.220243652942145,-0.0375288028825998,-1.83473630317272,1.75967869740752,0.964165608224818,-1.29663809517974,-2.43968173352101,-0.153594456838463,0.0296779029124154,0.543577528072106,0.7133979193126,FALSE,FALSE,FALSE,FALSE
"DMDTP_binary_U","Diet","LE8_no_diet","Binary","Binary 0/1",1040,510,530,73.0084033613445,68.0592991913747,"WTSB2YR","ok",,-1.98392593770217,1.63498007458222,-5.18842799932393,1.22057612391959,0.224967316647965,-0.183955399630704,-2.13239990797601,1.7644891087146,0.853195332588259,-2.16788133733287,-4.5510062037237,0.21524352905795,0.0745960233874344,0.543577528072106,0.717045429584856,FALSE,FALSE,FALSE,FALSE
"PFHxA_binary_U","Diet","LE8_no_diet","Binary","Binary 0/1",1094,565,529,72.4955752212389,69.6070753443154,"WTSSBH2Y","ok",,-2.36948088766724,1.95785952622365,-6.20681504585425,1.46785327051977,0.226186622419266,2.58846754764703,-1.01314718345936,6.19008227875341,0.158947838899373,0.218986659979789,-1.93891308762241,2.37688640758199,0.84234107578111,0.543577528072106,0.717045429584856,FALSE,FALSE,FALSE,FALSE
"As_III_binary_U","Diet","LE8_no_diet","Binary","Binary 0/1",2272,1159,1113,73.2947121903118,68.398793479656,"WTSA2YR","ok",,1.65580495595979,1.32148536867279,-1.25276472976725,4.56437464168682,0.236190744514793,1.68499993139751,-0.34409899413371,3.71409885692872,0.0948148340228109,3.34080488735729,1.30515993807587,5.37644983663872,0.00408213284011697,0.558609856074669,0.717045429584856,FALSE,FALSE,FALSE,FALSE
"IPM1_Cys_ln_U","Diet","LE8_no_diet","Continuous","Continuous, per 1 SD",1072,530,542,72.2129380053908,67.4591460200316,"WTSA2YR","ok",,-1.74530365225162,1.54786398293305,-4.77906131176712,1.28845400726387,0.259507387405323,-1.67349526217927,-3.94786822316843,0.600877698809893,0.149259631211553,-3.41879891443089,-4.93355011370728,-1.9040477151545,9.70490949788893e-06,0.604165636303018,0.765675261849369,FALSE,FALSE,FALSE,FALSE
"PFBA_binary_U","Diet","LE8_no_diet","Binary","Binary 0/1",1094,565,529,72.4955752212389,69.6070753443154,"WTSSBH2Y","ok",,2.6404576403435,2.36605669518963,-1.99692826760803,7.27784354829503,0.264433284649369,1.94793286880683,-1.55043912073801,5.44630485835167,0.275127706207713,4.58839050915033,0.970707805903628,8.20607321239703,0.0129236044470245,0.606162452503939,0.765743909399809,FALSE,FALSE,FALSE,FALSE
"Thiocyanate_ln_U","Diet","LE8_no_diet","Continuous","Continuous, per 1 SD",2249,1148,1101,73.3051269288203,68.4150772025431,"WTSA2YR","ok",,-1.17841013424629,1.0115004266864,-3.40470756280943,1.04788729431685,0.268656762240747,-0.846856392799591,-2.67669577390812,0.982982988308938,0.330262488843258,-2.02526652704588,-3.1800552558223,-0.870477798269462,0.00265292249860331,0.606512993543504,0.765743909399809,FALSE,FALSE,FALSE,FALSE
"TTCA_binary_U","Diet","LE8_no_diet","Binary","Binary 0/1",1180,622,558,74.2156637574644,69.4559651817716,"WTSA2YR","ok",,2.10119713431162,1.94484520482846,-1.71062942265759,5.91302369128084,0.279967214199749,-2.63720423784937,-4.90865751067554,-0.365750965023195,0.0228724337669463,-0.536007103537744,-3.60624660049079,2.53423239341531,0.732220320963324,0.61859509370539,0.768598159437073,FALSE,FALSE,FALSE,FALSE
"X23_OH_PH_ln_U","Diet","LE8_no_diet","Continuous","Continuous, per 1 SD",2260,1154,1106,73.3176528843773,68.3834926375614,"WTSA2YR","ok",,-0.967935866618715,0.857660482504684,-2.85563386100856,0.91976212777113,0.283089025211723,-1.28880323477655,-2.68052864041118,0.102922170858069,0.0663073262972481,-2.25673910139527,-3.46767932008721,-1.04579888270332,0.00175398882289571,0.61859509370539,0.769894580565299,FALSE,FALSE,FALSE,FALSE
"CEMA_CEM_ln_U","Diet","LE8_no_diet","Continuous","Continuous, per 1 SD",2240,1145,1095,73.2788521522146,68.4246575342466,"WTSA2YR","ok",,-0.88549539084543,0.790432838790303,-2.62522633907199,0.854235557381133,0.28646349976961,-2.34205522821751,-3.54531008934407,-1.13880036709095,0.00128989667180822,-3.22755061906294,-4.35453721545313,-2.10056402267274,5.81020206919589e-05,0.61859509370539,0.769894580565299,FALSE,FALSE,FALSE,FALSE
"X1_PH_ln_U","Diet","LE8_no_diet","Continuous","Continuous, per 1 SD",2260,1154,1106,73.3176528843773,68.3834926375614,"WTSA2YR","ok",,-0.876740095877077,0.830090047867851,-2.70375597277398,0.950275781019822,0.313522500701154,-0.760773086164547,-1.88972905802644,0.368182885697342,0.166101168921841,-1.63751318204162,-2.91126381029508,-0.363762553788171,0.0163853141621078,0.658610186955429,0.785123573184402,FALSE,FALSE,FALSE,FALSE
"X3_FL_ln_U","Diet","LE8_no_diet","Continuous","Continuous, per 1 SD",2256,1154,1102,73.3176528843773,68.3756805807622,"WTSA2YR","ok",,-0.766494624893385,0.732819894371519,-2.37942033742502,0.846431087638251,0.318023191393204,-1.8036411235699,-3.0346238585364,-0.572658388603391,0.00808836418661533,-2.57013574846328,-3.61499449538441,-1.52527700154215,0.000212111051426112,0.658610186955429,0.785315449316656,FALSE,FALSE,FALSE,FALSE
"IHg_binary_S","Diet","LE8_no_diet","Binary","Binary 0/1",3437,1761,1676,73.0291230631946,68.4278042959427,"WTSH2YR","ok",,1.39210115671768,1.33160832973724,-1.5387490160884,4.32295132952377,0.318254586985174,-0.181279720864465,-2.75398223668361,2.39142279495468,0.87956151011321,1.21082143585322,-1.00291357847845,3.42455645018489,0.253914882147141,0.658610186955429,0.785315449316656,FALSE,FALSE,FALSE,FALSE
"Cs_ln_U","Diet","LE8_no_diet","Continuous","Continuous, per 1 SD",2266,1159,1107,73.2885492419574,68.3662408052652,"WTSA2YR","ok",,-0.681166693062082,0.669374374408831,-2.15444975768154,0.792116371557379,0.330720098034792,1.75670207524643,0.528394274286779,2.98500987620608,0.00927838771535597,1.07553538218435,-0.114403562319427,2.26547432668812,0.0721035958018364,0.671837678531981,0.785315449316656,FALSE,FALSE,FALSE,FALSE
"DETP_binary_U","Diet","LE8_no_diet","Binary","Binary 0/1",1043,513,530,73.1258702311334,68.0363881401617,"WTSB2YR","ok",,-3.0085990078975,3.11204542340569,-9.10809595602536,3.09089794023036,0.333664350411856,2.58783195323113,-1.87262928823473,7.04829319469698,0.255490210179251,-0.42076705466637,-3.81653522861648,2.97500111928375,0.80811567517312,0.671837678531981,0.785315449316656,FALSE,FALSE,FALSE,FALSE
"PFUnDA_binary_S","Diet","LE8_no_diet","Binary","Binary 0/1",2211,1115,1096,72.6880204996797,68.8555787278415,"WTSB2YR","ok",,-1.31803374450424,1.36262078129625,-4.31714186296976,1.68107437396129,0.35419091542658,3.71814141683568,1.47373469160663,5.96254814206473,0.00384612722100939,2.40010767233144,-0.0227562756193076,4.82297162028219,0.0518368744919845,0.703659285314139,0.805716738909319,FALSE,FALSE,FALSE,FALSE
"ATCA_ln_U","Diet","LE8_no_diet","Continuous","Continuous, per 1 SD",2197,1124,1073,73.4176410777834,68.3597390493942,"WTSA2YR","ok",,-0.890847656967196,0.933554224426549,-2.94558665107089,1.1638913371365,0.360455290035549,0.645510332079827,-0.530136835126177,1.82115749928583,0.252196185660804,-0.245337324887369,-2.06530943651563,1.5746347867409,0.772223565136157,0.706682081780222,0.807636664891682,FALSE,FALSE,FALSE,FALSE
"A_a_C_binary_U","Diet","LE8_no_diet","Binary","Binary 0/1",1162,613,549,74.2973665812165,69.5966692688004,"WTSA2YR","ok",,1.33378559650572,1.55537375285511,-1.71469094158921,4.38226213460064,0.39114993195197,-5.05420823292835,-7.31882621617384,-2.78959024968286,1.21835657438998e-05,-3.72042263642263,-5.51512112395337,-1.9257241488919,4.84420477726779e-05,0.756900517673293,0.841607795824456,FALSE,FALSE,FALSE,FALSE
"Mn_ln_S","Diet","LE8_no_diet","Continuous","Continuous, per 1 SD",3437,1761,1676,73.0291230631946,68.4589157858848,"WTSH2YR","ok",,-0.570327515831719,0.647124652536308,-1.99463927279359,0.853984241130153,0.396990338149614,-0.40491351464174,-1.26275773102543,0.45293070174195,0.321151745047758,-0.975241030473459,-1.94365878947258,-0.00682327147433304,0.0486629866248705,0.75835333826016,0.844182840117226,FALSE,FALSE,FALSE,FALSE
"X3PBA_ln_U","Diet","LE8_no_diet","Continuous","Continuous, per 1 SD",2245,1113,1132,73.4937748684379,68.6566128218072,"WTSB2YR|WTSC2YR","ok",,0.42867445703943,0.501626525662268,-0.675398081851549,1.53274699593041,0.411015350975787,0.506475042414528,-0.323088959010295,1.33603904383935,0.206084156709464,0.935149499453959,-0.0608953828503471,1.93119438175826,0.0631616623546922,0.772871708201593,0.844707410970928,FALSE,FALSE,FALSE,FALSE
"X2_MHA_ln_U","Diet","LE8_no_diet","Continuous","Continuous, per 1 SD",2124,1084,1040,73.2419609910385,68.25,"WTSA2YR","ok",,-0.769861511926193,0.916517349034923,-2.78710259611859,1.2473795722662,0.418799260729678,-0.0379152865214398,-1.37848630008536,1.30265572704248,0.951480204872097,-0.807776798447632,-2.24666557416639,0.63111197727112,0.242341689780125,0.772871708201593,0.846785120414247,FALSE,FALSE,FALSE,FALSE
"BDCPP_ln_U","Diet","LE8_no_diet","Continuous","Continuous, per 1 SD",2042,1008,1034,73.4545068027211,68.4229068803537,"WTSSBI2Y|WTSSCH2Y","ok",,-0.639343667121488,0.775123531354408,-2.34537905687037,1.06669172262739,0.426994031699661,0.697173438073215,-0.623477193991253,2.01782407013768,0.26986525214769,0.0578297709517267,-0.990954845990535,1.10661438789399,0.905593006464356,0.772871708201593,0.846785120414247,FALSE,FALSE,FALSE,FALSE
"EO_ln_S","Diet","LE8_no_diet","Continuous","Continuous, per 1 SD",2243,1148,1095,73.0954454952713,68.2896281800391,"WTSA2YR","ok",,0.472219366401621,0.576020790848486,-0.795593846160147,1.74003257896339,0.429738168755423,-3.81556861741981,-4.81715243234206,-2.81398480249756,4.16778802268534e-06,-3.34334925101819,-4.17172653782714,-2.51497196420923,2.38143752121741e-06,0.772871708201593,0.846785120414247,FALSE,FALSE,FALSE,FALSE
"CEMA_AAM_ln_U","Diet","LE8_no_diet","Continuous","Continuous, per 1 SD",2190,1121,1069,73.352873709698,68.4103968996392,"WTSA2YR","ok",,-0.673164129680814,0.824099739287003,-2.4869954262869,1.14066716692527,0.431351011458877,-0.407945540786079,-1.70064973359507,0.884758652022915,0.50172771373812,-1.08110967046689,-2.30749586209512,0.145276521161336,0.0784070156843361,0.772871708201593,0.846785120414247,FALSE,FALSE,FALSE,FALSE
"DPCP_binary_U","Diet","LE8_no_diet","Binary","Binary 0/1",1118,557,561,73.6855604001026,68.9292080468551,"WTSSCH2Y","ok",,-1.952285893425,2.53387871987858,-6.91859692557948,3.01402513872948,0.44101918858323,3.7404433866454,-1.03698382670773,8.51787059999852,0.124897829520186,1.7881574932204,-2.1611464407549,5.7374614271957,0.37484832422723,0.772871708201593,0.846785120414247,FALSE,FALSE,FALSE,FALSE
"PhIP_binary_U","Diet","LE8_no_diet","Binary","Binary 0/1",1163,613,550,74.3288277790725,69.5454545454545,"WTSA2YR","ok",,1.64711027421252,2.1637024181649,-2.59366853865291,5.88788908707796,0.44651001972361,-1.28846990026603,-4.78842887499247,2.21148907446041,0.470578358529742,0.358640373946494,-1.78896516258807,2.50624591048106,0.743437145508861,0.772871708201593,0.850223551933775,FALSE,FALSE,FALSE,FALSE
"U_ln_U","Diet","LE8_no_diet","Continuous","Continuous, per 1 SD",2266,1159,1107,73.2885492419574,68.3662408052652,"WTSA2YR","ok",,-0.482240219456784,0.616376101476968,-1.83887487184273,0.87439443292916,0.450505544973911,-0.252235826888683,-1.21999453032932,0.715522876551958,0.577736320731185,-0.734476046345467,-1.45869750261861,-0.0102545900723275,0.0473477962920006,0.772871708201593,0.853556371271571,FALSE,FALSE,FALSE,FALSE
"TCC_binary_U","Diet","LE8_no_diet","Binary","Binary 0/1",2214,1118,1096,72.94531050345,68.9207507820646,"WTSB2YR","ok",,1.27110017560705,1.63042322596513,-2.31743714941094,4.85963750062503,0.452066305594053,-1.3479909783043,-4.14330566039169,1.4473237037831,0.311262322988056,-0.0768908026972495,-2.28643336666731,2.13265176127281,0.940322671769416,0.772871708201593,0.853556371271571,FALSE,FALSE,FALSE,FALSE
"DEP_ln_U","Diet","LE8_no_diet","Continuous","Continuous, per 1 SD",1046,514,532,73.1267370761534,67.9914070891515,"WTSB2YR","ok",,0.740274038320994,1.00442594150869,-1.22836463217378,2.70891270881576,0.461115011754115,0.600985643335657,-0.825562673660572,2.02753396033189,0.408970604852893,1.34125968165665,-0.276191670869524,2.95871103418282,0.104101681685865,0.772871708201593,0.858826709392039,FALSE,FALSE,FALSE,FALSE
"MINP_binary_U","Diet","LE8_no_diet","Binary","Binary 0/1",2213,1118,1095,72.94531050345,68.9210697977821,"WTSB2YR","ok",,1.07788630104302,1.42550672328796,-2.05963284252465,4.21540544461068,0.465449209810605,0.25633641053614,-2.04277174520169,2.55544456627397,0.810667746847399,1.33422271157916,-0.842761555331881,3.5112069784902,0.20447216874853,0.772871708201593,0.859019935109584,FALSE,FALSE,FALSE,FALSE
"o_TLD_ln_U","Diet","LE8_no_diet","Continuous","Continuous, per 1 SD",1087,578,509,74.5402867029165,69.6421554869492,"WTSA2YR","ok",,-0.927531269671365,1.2870139422815,-3.45003224414401,1.59496970480128,0.471103521860235,0.232047076789185,-1.2153620590856,1.67945621266397,0.753354470664512,-0.695484192882179,-2.57585295250522,1.18488456674086,0.468498810639253,0.772871708201593,0.865612844059606,FALSE,FALSE,FALSE,FALSE
"DEA_ln_U","Diet","LE8_no_diet","Continuous","Continuous, per 1 SD",2239,1110,1129,73.5842985842986,68.7030241680375,"WTSB2YR|WTSC2YR","ok",,0.51986959186261,0.708238851813166,-1.03895361077851,2.07869279450373,0.47828410214332,-0.346123410856662,-1.3202083868396,0.62796156512628,0.45067447502423,0.173746181005948,-1.16423477088601,1.51172713289791,0.780331622906464,0.772871708201593,0.871734938463054,FALSE,FALSE,FALSE,FALSE
"Ethylbenzene_binary_S","Diet","LE8_no_diet","Binary","Binary 0/1",3285,1677,1608,73.062015503876,68.3462153518124,"WTSVOC2Y","ok",,-1.47758598353939,2.02605591337021,-5.93690498238312,2.98173301530435,0.481063845866711,-4.36062702310613,-7.48667203034482,-1.23458201586744,0.0106555512012627,-5.83821300664552,-9.06324069775011,-2.61318531554092,0.00214258914836208,0.772871708201593,0.873885335717303,FALSE,FALSE,FALSE,FALSE
"X2_FL_ln_U","Diet","LE8_no_diet","Continuous","Continuous, per 1 SD",2259,1153,1106,73.3285838186098,68.3834926375614,"WTSA2YR","ok",,-0.555983412075538,0.764736947622572,-2.2391580851666,1.12719126101552,0.482396435320458,-2.5997716646257,-3.85704946982378,-1.34249385942763,0.000828573725269032,-3.15575507670124,-4.24788868507805,-2.06362146832443,5.37125869417324e-05,0.772871708201593,0.873885335717303,FALSE,FALSE,FALSE,FALSE
"Mn_binary_U","Diet","LE8_no_diet","Binary","Binary 0/1",2268,1160,1108,73.2770935960591,68.3909231562661,"WTSA2YR","ok",,1.22593180409448,1.73607409356749,-2.59514151266711,5.04700512085608,0.494778589071357,-2.16822525262616,-4.97277832018926,0.636327814936934,0.116888644457065,-0.942293448531679,-3.55621107320289,1.67162417613953,0.4443026910884,0.784276699698215,0.880962472296322,FALSE,FALSE,FALSE,FALSE
"n_PFOA_ln_S","Diet","LE8_no_diet","Continuous","Continuous, per 1 SD",1045,510,535,72.7605042016807,67.958611481976,"WTSB2YR","ok",,-0.500360954823969,0.758446403889582,-1.98688859065147,0.986166681003532,0.509434635530914,1.62923136438305,0.191873272365657,3.06658945640044,0.0263103470849418,1.12887040955908,-0.423104483825877,2.68084530294404,0.153974543177456,0.799008007306381,0.889962399275514,FALSE,FALSE,FALSE,FALSE
"MCOCH_binary_U","Diet","LE8_no_diet","Binary","Binary 0/1",1039,511,528,73.2625104836455,67.9802489177489,"WTSB2YR","ok",,1.22559597279039,1.97240419779101,-2.6402452178356,5.09143716341637,0.534355146772696,-2.08922009812208,-4.80610405991876,0.627663863674609,0.131768017132086,-0.863624125331691,-3.34268329582682,1.61543504516344,0.494740729611773,0.82095333647746,0.894746894812513,FALSE,FALSE,FALSE,FALSE
"Chloroform_binary_S","Diet","LE8_no_diet","Binary","Binary 0/1",3280,1675,1605,72.9936034115139,68.4517133956386,"WTSVOC2Y","ok",,0.837430323158688,1.30578230355584,-2.03657714927799,3.71143779559537,0.534446131800763,0.565997587808337,-1.27426771966077,2.40626289527744,0.512427359067119,1.40342791096702,-0.602590711041556,3.40944653297561,0.151859474329539,0.82095333647746,0.894746894812513,FALSE,FALSE,FALSE,FALSE
"CEMA_CYM_ln_U","Diet","LE8_no_diet","Continuous","Continuous, per 1 SD",2227,1141,1086,73.2189808438713,68.4069981583794,"WTSA2YR","ok",,-0.415559933447992,0.699167496266917,-1.9544172171499,1.12329735025392,0.564293181833226,-3.00317635212458,-4.30729189080417,-1.69906081344499,0.000361417466844597,-3.41873628557257,-4.29478178288822,-2.54269078825693,3.30273056107966e-06,0.848310231365941,0.906519505047447,FALSE,FALSE,FALSE,FALSE
"Sb_ln_U","Diet","LE8_no_diet","Continuous","Continuous, per 1 SD",2266,1159,1107,73.2885492419574,68.3662408052652,"WTSA2YR","ok",,0.403518784124812,0.688137526166732,-1.11106169907034,1.91809926731996,0.569449324461313,0.310683669886758,-0.816405937248702,1.43777327702222,0.556361773899776,0.714202454011569,-0.338005642010924,1.76641055003406,0.163308609101346,0.848310231365941,0.910906038045822,FALSE,FALSE,FALSE,FALSE
"o_ANS_ln_U","Diet","LE8_no_diet","Continuous","Continuous, per 1 SD",1056,564,492,74.8429584599797,69.7822299651568,"WTSA2YR","ok",,-0.735761603302491,1.31797181325299,-3.31893888991729,1.84741568331231,0.576671693918465,0.67763011844563,-0.937158807734592,2.29241904462585,0.410804106234937,-0.0581314848568613,-1.91809351131914,1.80183054160542,0.951154568525512,0.848310231365941,0.914085982913312,FALSE,FALSE,FALSE,FALSE
"TBPPP_binary_U","Diet","LE8_no_diet","Binary","Binary 0/1",934,454,480,73.1120201384519,67.7619047619048,"WTSSBI2Y","ok",,1.20754360619184,2.268154005982,-3.23795655692313,5.65304376930682,0.594455575439519,1.06146879742469,-1.87509879487966,3.99803638972904,0.478659657032027,2.26901240361653,-1.20059369915771,5.73861850639078,0.19992884506681,0.848310231365941,0.914291111896112,FALSE,FALSE,FALSE,FALSE
"X5OHIMI_binary_U","Diet","LE8_no_diet","Binary","Binary 0/1",877,426,451,72.9694835680751,67.7747861894203,"WTSSBI2Y","ok",,1.56942964717857,3.00001008793133,-4.31048207842368,7.44934137278082,0.600875817893792,-1.01736784310504,-5.74779420534096,3.71305851913088,0.673370006590835,0.552061804073524,-3.48114896636887,4.58527257451592,0.788485428074075,0.848310231365941,0.914291111896112,FALSE,FALSE,FALSE,FALSE
"Mo_ln_U","Diet","LE8_no_diet","Continuous","Continuous, per 1 SD",2265,1159,1106,73.2885492419574,68.3376388530096,"WTSA2YR","ok",,0.343730531583535,0.639177594233576,-1.06308986798764,1.75055093115471,0.601446197620808,0.951318869739518,-0.175340708487894,2.07797844796693,0.0900490218231959,1.29504940132305,0.246906529742686,2.34319227290342,0.0199506358047657,0.848310231365941,0.914291111896112,FALSE,FALSE,FALSE,FALSE
"Furan_binary_S","Diet","LE8_no_diet","Binary","Binary 0/1",3375,1727,1648,73.0341632889404,68.4240638002774,"WTSVOC2Y","ok",,0.956347329394471,1.78563983270942,-2.97381944366747,4.88651410245641,0.602911082086265,-10.0296605265243,-13.3739358455249,-6.68538520752364,3.85925012102925e-05,-9.07331319712981,-11.4391061560285,-6.70752023823113,3.90667148929491e-06,0.848310231365941,0.914291111896112,FALSE,FALSE,FALSE,FALSE
"X24_DCP_ln_U","Diet","LE8_no_diet","Continuous","Continuous, per 1 SD",2212,1118,1094,72.94531050345,68.9240010446592,"WTSB2YR","ok",,-0.364020814226098,0.680618168632211,-1.86205130307434,1.13400967462215,0.603404638770951,0.564587228933982,-0.507095033602846,1.63626949147081,0.270790614554337,0.200566414707884,-0.938991318192592,1.34012414760836,0.705864089739371,0.848310231365941,0.914291111896112,FALSE,FALSE,FALSE,FALSE
"MMA_binary_U","Diet","LE8_no_diet","Binary","Binary 0/1",2272,1159,1113,73.2947121903118,68.398793479656,"WTSA2YR","ok",,0.873910619744119,1.63438791268361,-2.72335292190566,4.4711741613939,0.603495869293891,2.26071785264591,-0.200089922360662,4.72152562765249,0.0681791391208328,3.13462847239003,0.606301301405294,5.66295564337477,0.0196207800424429,0.848310231365941,0.914291111896112,FALSE,FALSE,FALSE,FALSE
"X24D_ln_U","Diet","LE8_no_diet","Continuous","Continuous, per 1 SD",2265,1119,1146,73.5203625686199,68.6225380204438,"WTSB2YR|WTSC2YR","ok",,-0.421211721488944,0.815763547528423,-2.21669518374271,1.37427174076483,0.615837595482329,0.887577666237117,-0.504670891675454,2.27982622414969,0.188161380721566,0.466365944748173,-0.528632078984608,1.46136396848095,0.324397152963477,0.857568240438009,0.919606200836113,FALSE,FALSE,FALSE,FALSE
"X4FPBA_binary_U","Diet","LE8_no_diet","Binary","Binary 0/1",2266,1119,1147,73.5261074939359,68.6511396188816,"WTSB2YR|WTSC2YR","ok",,-0.836246543822127,1.699806268714,-4.57749491629238,2.90500182864812,0.632413953190134,-2.16033625036858,-5.48701360097406,1.16634110023691,0.180693160361245,-2.9965827941907,-5.92236758323689,-0.0707980051445194,0.0455496225897853,0.861912748723987,0.926488854538955,FALSE,FALSE,FALSE,FALSE
"Tl_ln_U","Diet","LE8_no_diet","Continuous","Continuous, per 1 SD",2266,1159,1107,73.2885492419574,68.3662408052652,"WTSA2YR","ok",,-0.34188073832119,0.738982564329486,-1.96837039597685,1.28460891933447,0.652641747007963,1.59231241978562,0.894604374842203,2.29002046472903,0.000388145998982341,1.25043168146443,-0.306775913424862,2.80763927635371,0.104856798747522,0.861912748723987,0.926488854538955,FALSE,FALSE,FALSE,FALSE
"BPA_ln_U","Diet","LE8_no_diet","Continuous","Continuous, per 1 SD",2212,1118,1094,72.94531050345,68.9240010446592,"WTSB2YR","ok",,-0.298963916237049,0.656988416529649,-1.74498567137091,1.14705783889681,0.657921796731453,-0.255510547295243,-1.37088952859448,0.859868434003991,0.624066234768415,-0.554474463532293,-1.52455295031095,0.415604023246368,0.234428992616733,0.861912748723987,0.926488854538955,FALSE,FALSE,FALSE,FALSE
"Sr_ln_U","Diet","LE8_no_diet","Continuous","Continuous, per 1 SD",2266,1159,1107,73.2885492419574,68.3662408052652,"WTSA2YR","ok",,-0.334856491381475,0.755638478397621,-1.99800556872887,1.32829258596592,0.666250633638112,1.56401931441885,0.306720047294308,2.82131858154339,0.0193031343449115,1.22916282303737,0.122158508955359,2.33616713711939,0.0325985491502727,0.861912748723987,0.926488854538955,FALSE,FALSE,FALSE,FALSE
"PFHpA_binary_S","Diet","LE8_no_diet","Binary","Binary 0/1",1166,605,561,72.6269185360094,69.7109752992106,"WTSB2YR","ok",,-1.35563910164776,3.14402890708766,-7.51782252589241,4.80654432259689,0.666338254105028,-1.58491206138512,-5.67460477033466,2.50478064756442,0.447517115337854,-2.94055116303288,-6.46112552037536,0.580023194309593,0.101618947172168,0.861912748723987,0.926488854538955,FALSE,FALSE,FALSE,FALSE
"MeA_a_C_binary_U","Diet","LE8_no_diet","Binary","Binary 0/1",1162,612,550,74.3218954248366,69.5454545454545,"WTSA2YR","ok",,-0.966935550209086,2.27952654128246,-5.43472547292587,3.5008543725077,0.671432631850133,-6.71862021304192,-11.0336969434716,-2.40354348261223,0.0022756099685083,-7.68555576325101,-9.10877343025089,-6.26233809625113,3.53332107285329e-26,0.861912748723987,0.926488854538955,FALSE,FALSE,FALSE,FALSE
"MHNCH_binary_U","Diet","LE8_no_diet","Binary","Binary 0/1",2213,1118,1095,72.94531050345,68.9210697977821,"WTSB2YR","ok",,0.654269496192812,1.50161631922547,-2.65076573857388,3.95930473095951,0.671473838691666,-1.33436688707739,-3.80820596780411,1.13947219364934,0.260157071814096,-0.680097390884576,-3.28240988583764,1.92221510406849,0.5767237122423,0.861912748723987,0.926488854538955,FALSE,FALSE,FALSE,FALSE
"AsB_binary_U","Diet","LE8_no_diet","Binary","Binary 0/1",2272,1159,1113,73.2947121903118,68.398793479656,"WTSA2YR","ok",,-0.780808373594287,1.819779624564,-4.78611632189678,3.22449957470821,0.676156639567338,0.749439846413394,-1.75088222449596,3.24976191732275,0.523007808698876,-0.0313685271808931,-2.5219196236256,2.45918256926382,0.978380865364304,0.861912748723987,0.926488854538955,FALSE,FALSE,FALSE,FALSE
"Norharman_ln_U","Diet","LE8_no_diet","Continuous","Continuous, per 1 SD",1149,609,540,74.2868871686606,69.7037037037037,"WTSA2YR","ok",,-0.507417402308338,1.24011164649615,-2.93799156624947,1.92315676163279,0.68241436430298,-0.400202999898886,-1.75038319474318,0.949977194945406,0.561276008375699,-0.907620402207224,-2.46582579525116,0.650584990836711,0.253605372785299,0.861912748723987,0.926488854538955,FALSE,FALSE,FALSE,FALSE
"DBCM_binary_S","Diet","LE8_no_diet","Binary","Binary 0/1",3373,1727,1646,73.0287865001241,68.4099982641902,"WTSVOC2Y","ok",,-0.880753799257442,2.14923310053513,-5.61118395911301,3.84967636059812,0.689820691878035,-0.600103201547231,-3.17913043828227,1.97892403518781,0.618679885738677,-1.48085700080467,-4.37793609091889,1.41622208930955,0.284519415185375,0.861912748723987,0.926488854538955,FALSE,FALSE,FALSE,FALSE
"Se_ln_S","Diet","LE8_no_diet","Continuous","Continuous, per 1 SD",3437,1761,1676,73.0291230631946,68.4589157858848,"WTSH2YR","ok",,-0.243656477792737,0.596024905447778,-1.55549844972832,1.06818549414284,0.690530621379413,-0.542406205897712,-1.23260978140976,0.147797369614339,0.111609680759928,-0.78606268369045,-1.80882517397892,0.236699806598022,0.118821271833138,0.861912748723987,0.926488854538955,FALSE,FALSE,FALSE,FALSE
"BCETP_ln_U","Diet","LE8_no_diet","Continuous","Continuous, per 1 SD",2049,1010,1039,73.4214992927864,68.3576240890967,"WTSSBI2Y|WTSSCH2Y","ok",,-0.301059026397439,0.753592407814835,-1.95970473275562,1.35758667996074,0.697173318317518,-0.15687614449084,-1.76236514991417,1.4486128609325,0.833653182031201,-0.457935170888278,-1.45286746990716,0.5369971281306,0.332804619938541,0.861912748723987,0.926488854538955,FALSE,FALSE,FALSE,FALSE
"DBUP_binary_U","Diet","LE8_no_diet","Binary","Binary 0/1",2051,1011,1040,73.4287127313834,68.4072802197802,"WTSSBI2Y|WTSSCH2Y","ok",,0.857320742797997,2.20060410397425,-3.98617623328608,5.70081771888208,0.704280933175974,-1.17507506674714,-3.76494119747169,1.41479106397741,0.339434252461933,-0.317754323949141,-3.54711352478875,2.91160487689047,0.832509849583563,0.861912748723987,0.926488854538955,FALSE,FALSE,FALSE,FALSE
"Ba_ln_U","Diet","LE8_no_diet","Continuous","Continuous, per 1 SD",2266,1159,1107,73.2885492419574,68.3662408052652,"WTSA2YR","ok",,0.303653499625961,0.781749875064147,-1.41696637429372,2.02427337354564,0.705111852862603,0.623207203100068,-0.65830723898012,1.90472164518026,0.307385299535249,0.926860702726029,-0.154604550420383,2.00832595587244,0.0859126872654257,0.861912748723987,0.926488854538955,FALSE,FALSE,FALSE,FALSE
"MEHP_binary_U","Diet","LE8_no_diet","Binary","Binary 0/1",2213,1118,1095,72.94531050345,68.9210697977821,"WTSB2YR","ok",,-0.614144326781049,1.58459433479503,-4.10181294243018,2.87352428886808,0.705727217076016,0.59038377748573,-1.46214841326879,2.64291596824025,0.539617130266115,-0.0237605492953186,-2.43700265505226,2.38948155646162,0.983098750526386,0.861912748723987,0.926488854538955,FALSE,FALSE,FALSE,FALSE
"PHE_Cys_binary_U","Diet","LE8_no_diet","Binary","Binary 0/1",2200,1133,1067,73.277014247888,68.4837327620833,"WTSA2YR","ok",,0.565189186086493,1.51640377364153,-2.77239301640548,3.90277138857846,0.716441096313034,-4.6677254994008,-6.74557699881449,-2.58987399998712,0.000439558237357656,-4.10253631331431,-6.22515378801309,-1.97991883861553,0.0013565910277521,0.867883929680016,0.928258463918626,FALSE,FALSE,FALSE,FALSE
"BDCM_binary_S","Diet","LE8_no_diet","Binary","Binary 0/1",3341,1712,1629,73.029455941255,68.4083136016838,"WTSVOC2Y","ok",,-0.707763908290582,1.96566972984028,-5.03417381331039,3.61864599672923,0.725618343790069,0.501448367923827,-2.00636414008581,3.00926087593347,0.668389327413042,-0.206315540366754,-3.19772129004718,2.78509020931367,0.882092470210623,0.869921960678397,0.931645094814556,FALSE,FALSE,FALSE,FALSE
"X2_NP_ln_U","Diet","LE8_no_diet","Continuous","Continuous, per 1 SD",2222,1132,1090,73.5152700656234,68.4252948885976,"WTSA2YR","ok",,0.239139092079581,0.678180155628705,-1.25352536632784,1.731803550487,0.731037861129866,-3.16727681784045,-4.41762802117139,-1.91692561450951,0.000166327811599014,-2.92813772576087,-4.18624610044765,-1.67002935107409,0.000332119143441435,0.869921960678397,0.931645094814556,FALSE,FALSE,FALSE,FALSE
"FA_ln_S","Diet","LE8_no_diet","Continuous","Continuous, per 1 SD",2059,1058,1001,73.1285444234405,68.4422720137006,"WTSA2YR","ok",,-0.269022634505911,0.776812299065821,-1.97877497692645,1.44072970791463,0.735638705003208,0.554556932730161,-0.578995834253201,1.68810969971352,0.304633032422247,0.285534298224251,-1.05454042070376,1.62560901715226,0.648247482886358,0.869921960678397,0.934841509982755,FALSE,FALSE,FALSE,FALSE
"X4_MDA_binary_U","Diet","LE8_no_diet","Binary","Binary 0/1",1029,513,516,72.1609579504316,67.6951827242525,"WTSA2YR","ok",,-0.652503335613732,2.04096955793255,-4.65273016270416,3.3477234914767,0.749193765819423,-0.00325527874184972,-2.18932394101957,2.18281338353587,0.997671308706413,-0.655758614355582,-3.9337668957469,2.62224966703574,0.694994195458325,0.878975363047984,0.947119432817186,FALSE,FALSE,FALSE,FALSE
"Sm_PFOS_ln_S","Diet","LE8_no_diet","Continuous","Continuous, per 1 SD",1045,510,535,72.7605042016807,67.958611481976,"WTSB2YR","ok",,0.34094232579776,1.20860183766301,-2.02787374767066,2.70975839926618,0.777869531165032,0.856955873893071,-0.832709242281264,2.54662099006741,0.320201107209769,1.19789819969083,-1.09371972557234,3.489516124954,0.305583769226815,0.905488751121795,0.956885338977553,FALSE,FALSE,FALSE,FALSE
"PFDA_ln_S","Diet","LE8_no_diet","Continuous","Continuous, per 1 SD",2211,1115,1096,72.6880204996797,68.8555787278415,"WTSB2YR","ok",,0.199371229992954,0.764354489096487,-1.48296165755784,1.88170411754375,0.799037546883883,0.914765084987676,-0.482268184475193,2.31179835445054,0.177387251365853,1.11413631498063,-0.367338958408658,2.59561158836992,0.126096447427928,0.919635512550758,0.968637118395984,FALSE,FALSE,FALSE,FALSE
"Perchlorate_ln_U","Diet","LE8_no_diet","Continuous","Continuous, per 1 SD",2254,1152,1102,73.3029513888889,68.435960591133,"WTSA2YR","ok",,-0.219153185111448,0.854698582268541,-2.10033208103587,1.66202571081297,0.802366554574487,1.55433723963269,0.305184099575937,2.80349037968945,0.0192757112694129,1.33518405452124,-0.0971178080895927,2.76748591713208,0.0647804664646332,0.919635512550758,0.970000946301002,FALSE,FALSE,FALSE,FALSE
"W_ln_U","Diet","LE8_no_diet","Continuous","Continuous, per 1 SD",2265,1159,1106,73.2885492419574,68.3376388530096,"WTSA2YR","ok",,0.14109814364376,0.652023300994165,-1.29399546587836,1.57619175316588,0.832636454746995,-0.226259820787935,-1.38606462245647,0.933544980880598,0.675937554979158,-0.0851616771441749,-0.988784800928774,0.818461446640424,0.839463362832012,0.947044517231315,0.972739501409888,FALSE,FALSE,FALSE,FALSE
"MEP_ln_U","Diet","LE8_no_diet","Continuous","Continuous, per 1 SD",2212,1118,1094,72.94531050345,68.9240010446592,"WTSB2YR","ok",,-0.143154590286644,0.744515196596361,-1.78182148945794,1.49551230888466,0.851027426153718,0.365356125112499,-0.582061742189311,1.31277399241431,0.414096801120954,0.222201534825855,-1.4471717296682,1.89157479931991,0.77500414088931,0.960629443158364,0.97514028889492,FALSE,FALSE,FALSE,FALSE
"NPMA_ln_U","Diet","LE8_no_diet","Continuous","Continuous, per 1 SD",2224,1137,1087,73.2931272772961,68.4754895518465,"WTSA2YR","ok",,0.163644333247147,0.957380846379892,-1.94353670219097,2.27082536868526,0.867383024189814,0.654655584429088,-0.692930927586292,2.00224209644447,0.307865622204034,0.818299917676235,-0.488996335466725,2.1255961708192,0.195677187246392,0.971729854167536,0.980949302499296,FALSE,FALSE,FALSE,FALSE
"o_Xylene_binary_S","Diet","LE8_no_diet","Binary","Binary 0/1",3365,1722,1643,73.0043968807035,68.4062255456047,"WTSVOC2Y","ok",,-0.31371280671207,1.93542428526916,-4.57355293707047,3.94612732364633,0.874174084612669,-3.80319560150753,-6.82701843510688,-0.779372767908175,0.0182832629295114,-4.1169084082196,-6.71798984284607,-1.51582697359313,0.00511546174595931,0.972029392591699,0.984465611407303,FALSE,FALSE,FALSE,FALSE
"IPPPP_binary_U","Diet","LE8_no_diet","Binary","Binary 0/1",932,453,479,73.112582781457,67.7587235311661,"WTSSBI2Y","ok",,0.523896459798038,3.57834322958055,-6.48952739450258,7.53732031409866,0.883599668711237,-3.82942442065182,-7.21177676807955,-0.447072073224092,0.0264848321329818,-3.30552796085378,-8.27415361917285,1.66309769746529,0.192259118214912,0.97368679084445,0.984465611407303,FALSE,FALSE,FALSE,FALSE
"Toluene_ln_S","Diet","LE8_no_diet","Continuous","Continuous, per 1 SD",3306,1689,1617,72.9599086526262,68.4998674794593,"WTSVOC2Y","ok",,0.119529599882038,0.840669704797816,-1.73077194491657,1.96983114468065,0.889505627626561,-2.67095556743934,-3.77910524359687,-1.5628058912818,0.000250482280096269,-2.5514259675573,-3.82793734568612,-1.27491458942848,0.00106458108289247,0.97368679084445,0.984465611407303,FALSE,FALSE,FALSE,FALSE
"BCPP_binary_U","Diet","LE8_no_diet","Binary","Binary 0/1",2053,1012,1041,73.4281479390175,68.3909702209414,"WTSSBI2Y|WTSSCH2Y","ok",,-0.237447336117742,1.76256457933051,-4.11682581892736,3.64193114669188,0.895269062722749,-0.824419495774584,-4.2798725641557,2.63103357260654,0.609919164398245,-1.06186683189233,-2.98722995460275,0.863496290818101,0.250214067764513,0.97368679084445,0.984465611407303,FALSE,FALSE,FALSE,FALSE
"n_PFOS_ln_S","Diet","LE8_no_diet","Continuous","Continuous, per 1 SD",1045,510,535,72.7605042016807,67.958611481976,"WTSB2YR","ok",,0.124423619567242,1.1680399130683,-2.16489254255191,2.4137397816864,0.915167065595112,1.31373065415397,-0.234092834314021,2.86155414262196,0.0962045870779128,1.43815427372121,-0.254744565025202,3.13105311246762,0.095906390442497,0.975746326778988,0.98447297975783,FALSE,FALSE,FALSE,FALSE
"MCNP_ln_U","Diet","LE8_no_diet","Continuous","Continuous, per 1 SD",2212,1118,1094,72.94531050345,68.9240010446592,"WTSB2YR","ok",,0.0848257547655574,0.807158604094251,-1.69171835468617,1.86136986421729,0.918194797427484,0.248051775991125,-1.04226340566348,1.53836695764573,0.680361545475019,0.332877530756682,-0.91910772118114,1.5848627826945,0.570224670293762,0.975746326778988,0.98447297975783,FALSE,FALSE,FALSE,FALSE
"MCPP_ln_U","Diet","LE8_no_diet","Continuous","Continuous, per 1 SD",2212,1118,1094,72.94531050345,68.9240010446592,"WTSB2YR","ok",,-0.05247140500979,0.630938647052823,-1.44115800410135,1.33621519408177,0.935215216615489,0.385488016088415,-0.577016806958579,1.34799283913541,0.396897102701956,0.333016611078625,-0.707769695943324,1.37380291810057,0.495921528603738,0.975746326778988,0.98447297975783,FALSE,FALSE,FALSE,FALSE
"HEMA_binary_U","Diet","LE8_no_diet","Binary","Binary 0/1",2238,1144,1094,73.2698551448551,68.4512927657352,"WTSA2YR","ok",,-0.132075815893553,1.62458250967287,-3.70775781102797,3.44360617924087,0.936665087769563,-3.15420585614419,-5.42409384324884,-0.884317869039535,0.0108818563754119,-3.28628167203774,-5.88212528656725,-0.690438057508233,0.0177001587890836,0.975746326778988,0.98447297975783,FALSE,FALSE,FALSE,FALSE
"GAM_Cys_binary_U","Diet","LE8_no_diet","Binary","Binary 0/1",2253,1152,1101,73.2837301587302,68.4968210717529,"WTSA2YR","ok",,0.0896969980017066,1.19131822842422,-2.53237674370667,2.71177073971008,0.941334072885639,-5.13862165662446,-7.24807811459349,-3.02916519865543,0.000229713178807189,-5.04892465862275,-7.34359586662237,-2.75425345062313,0.000516683870497685,0.975746326778988,0.98447297975783,FALSE,FALSE,FALSE,FALSE
"Pb_ln_U","Diet","LE8_no_diet","Continuous","Continuous, per 1 SD",2266,1159,1107,73.2885492419574,68.3662408052652,"WTSA2YR","ok",,-0.0494966825908626,0.688981338826895,-1.56593438492893,1.4669410197472,0.944018502676989,1.36344257914225,-0.101399407874611,2.82828456615911,0.0651293696477097,1.31394589655139,0.293297918302297,2.33459387480048,0.0162708383176697,0.975746326778988,0.98447297975783,FALSE,FALSE,FALSE,FALSE
"MDA_binary_U","Diet","LE8_no_diet","Binary","Binary 0/1",1044,513,531,73.17738791423,67.9808985741189,"WTSB2YR","ok",,-0.271739145368592,3.92510009705123,-7.96479397130368,7.42131568056649,0.944805638247102,-3.79660146806423,-8.53519794037941,0.941995004250942,0.116336300167046,-4.06834061343283,-9.14991163432447,1.01323040745882,0.116610520089175,0.975746326778988,0.98447297975783,FALSE,FALSE,FALSE,FALSE
"MCOP_ln_U","Diet","LE8_no_diet","Continuous","Continuous, per 1 SD",2212,1118,1094,72.94531050345,68.9240010446592,"WTSB2YR","ok",,0.0430911518299061,0.66572502553615,-1.42215975007679,1.5083420537366,0.949551794516464,0.0480713036716751,-1.08755381640467,1.18369642374802,0.927445159239399,0.0911624555015811,-1.05326189121625,1.23558680221941,0.864009230590301,0.975746326778988,0.98447297975783,FALSE,FALSE,FALSE,FALSE
"BPS_ln_U","Diet","LE8_no_diet","Continuous","Continuous, per 1 SD",2211,1118,1093,72.94531050345,68.907332374853,"WTSB2YR","ok",,0.0555542231881062,1.00796568455889,-2.16296329040762,2.27407173678383,0.957035007763814,-0.371974168929706,-1.84396271388488,1.10001437602547,0.589213830273997,-0.316419945741599,-1.54461471184132,0.91177482035812,0.582073320022038,0.976700110663071,0.988549158799364,FALSE,FALSE,FALSE,FALSE
"IPM3_Cys_ln_U","Diet","LE8_no_diet","Continuous","Continuous, per 1 SD",1072,530,542,72.2129380053908,67.4591460200316,"WTSA2YR","ok",,-0.0221663410145034,0.984595026684983,-1.95193713267432,1.90760445064532,0.982038618028582,-3.33300065340217,-4.57999791255149,-2.08600339425285,1.61770198315818e-07,-3.35516699441667,-4.76642128087253,-1.94391270796081,3.16687066901818e-06,0.995371047068848,0.997922557157492,FALSE,FALSE,FALSE,FALSE
"X26_DMA_binary_U","Diet","LE8_no_diet","Binary","Binary 0/1",1063,563,500,74.5863993910175,69.51,"WTSA2YR","ok",,0.0353389844478494,2.49312486741627,-4.85109596464924,4.92177393354494,0.988690704471071,-3.7806365488567,-6.87426941831113,-0.687003679402272,0.0166106861342263,-3.74529756440885,-7.18821396471802,-0.302381164099685,0.0329984767094396,0.995371047068848,0.997922557157492,FALSE,FALSE,FALSE,FALSE
"OXY_binary_U","Diet","LE8_no_diet","Binary","Binary 0/1",2257,1115,1142,73.5156950672646,68.6220915686765,"WTSB2YR|WTSC2YR","ok",,0.000607109960129771,1.91710771217057,-4.21891851482453,4.22013273474479,0.999752995974053,0.91421631662288,-2.56669246269698,4.39512509594274,0.574866082977048,0.914823426583009,-1.84283633229834,3.67248318546436,0.480558184346693,0.999752995974053,0.999752995974053,FALSE,FALSE,FALSE,FALSE
"NDMA_binary_U","PhysicalActivity","LE8_no_PA","Binary","Binary 0/1",927,571,356,67.3104828621466,63.4871589085072,"WTSSBI2Y","ok",,-10.1109702143473,2.25001595044845,-14.5209204418669,-5.70101998682763,6.99854722785548e-06,5.82913851062141,2.37001485352088,9.28826216772193,0.00095713984445053,-4.28183170372585,-8.1366177875531,-0.427045619898596,0.0294734719580912,0.00104278353695047,0.00417113414780186,TRUE,TRUE,TRUE,TRUE
"MeP_ln_U","PhysicalActivity","LE8_no_PA","Continuous","Continuous, per 1 SD",2212,1313,899,68.0720269829181,64.6639122834896,"WTSB2YR","ok",,-1.83693328271986,0.40785670183689,-2.73461983090677,-0.939246734532943,0.000895487352174738,2.6512320265593,1.76188497870973,3.54057907440888,4.07204011485779e-05,0.814298743839443,-0.181202610469437,1.80980009814832,0.0992564770845324,0.066713807737018,0.177903487298715,TRUE,FALSE,TRUE,FALSE
"GLYP_ln_U","PhysicalActivity","LE8_no_PA","Continuous","Continuous, per 1 SD",2048,1229,819,68.2180634662327,64.0842490842491,"WTSSCH2Y|WTSSGL2Y","ok",,-2.00337312882491,0.60486428651871,-3.33467044732201,-0.67207581032781,0.00692763088004474,1.09548395640566,0.0302344535061418,2.16073345930518,0.0448195504811832,-0.907889172419246,-1.7953446794353,-0.0204336654031951,0.0457563038232413,0.288616097514176,0.420286715374257,TRUE,FALSE,FALSE,FALSE
"Pb_ln_U","PhysicalActivity","LE8_no_PA","Continuous","Continuous, per 1 SD",2266,1362,904,68.5619886721208,63.6259481668774,"WTSA2YR","ok",,1.86360925631229,0.597841466984981,0.547769059390927,3.17944945323364,0.00979828358346317,0.708103087288252,-0.129507684460228,1.54571385903673,0.0897116396476632,2.57171234360054,1.02252684412909,4.12089784307199,0.00379594340231443,0.288616097514176,0.420286715374257,TRUE,FALSE,FALSE,FALSE
"DMTP_ln_U","PhysicalActivity","LE8_no_PA","Continuous","Continuous, per 1 SD",1043,643,400,67.4350144412353,63.5660714285714,"WTSB2YR","ok",,-2.54872439810849,1.04393065288867,-4.59479088012767,-0.502657916089314,0.0146276413800388,2.79090566349498,1.55351760453802,4.02829372245194,9.83989058730411e-06,0.242181265386489,-1.35044511371271,1.83480764448569,0.765672542584829,0.288616097514176,0.420286715374257,TRUE,FALSE,FALSE,FALSE
"BP3_ln_U","PhysicalActivity","LE8_no_PA","Continuous","Continuous, per 1 SD",2212,1313,899,68.0720269829181,64.6639122834896,"WTSB2YR","ok",,-2.02322859212422,0.707741153526785,-3.58095636822281,-0.465500816025624,0.0155524192417082,2.60663906197058,1.17472765531519,4.03855046862597,0.00206260027898074,0.583410469846366,-0.521008159394308,1.68782909908704,0.269565630987027,0.288616097514176,0.420286715374257,TRUE,FALSE,FALSE,FALSE
"MMA_binary_U","PhysicalActivity","LE8_no_PA","Binary","Binary 0/1",2272,1364,908,68.5750942605781,63.6493077407174,"WTSA2YR","ok",,3.3726982717538,1.19118345324157,0.750921168222397,5.99447537528521,0.0163316573439012,1.42209938751346,-0.245458335199167,3.08965711022608,0.087276327964693,4.79479765926726,2.57480916400345,7.01478615453108,0.000596073342908171,0.288616097514176,0.420286715374257,TRUE,FALSE,FALSE,FALSE
"BMA_ln_U","PhysicalActivity","LE8_no_PA","Continuous","Continuous, per 1 SD",2244,1352,892,68.5978444632291,63.6891415759129,"WTSA2YR","ok",,1.52463609907123,0.547761471350074,0.319021229359755,2.73025096878271,0.0177955540878237,0.961912485984788,0.204905649035681,1.7189193229339,0.0173756391309813,2.48654858505602,1.46290118829559,3.51019598181645,0.000235091030196248,0.288616097514176,0.420286715374257,TRUE,FALSE,FALSE,FALSE
"MA_ln_U","PhysicalActivity","LE8_no_PA","Continuous","Continuous, per 1 SD",2210,1335,875,68.5708935259497,63.7363265306122,"WTSA2YR","ok",,1.60064322703348,0.57659360530615,0.331569258350911,2.86971719571605,0.0180313693486892,-1.79217841484496,-2.64158491139061,-0.942771918299315,0.000712112992947086,-0.191535187811478,-1.60570071386831,1.22263033824535,0.771180273959249,0.288616097514176,0.420286715374257,TRUE,FALSE,FALSE,FALSE
"PrP_ln_U","PhysicalActivity","LE8_no_PA","Continuous","Continuous, per 1 SD",2212,1313,899,68.0720269829181,64.6639122834896,"WTSB2YR","ok",,-1.61225123450509,0.592590114797798,-2.91653328319204,-0.307969185818132,0.0199070531351613,2.27389948721699,1.37339118463206,3.17440778980192,0.000170758424786649,0.661648252711905,-0.449442063385996,1.7727385688098,0.216672339779808,0.288616097514176,0.420286715374257,TRUE,FALSE,FALSE,FALSE
"PNP_ln_U","PhysicalActivity","LE8_no_PA","Continuous","Continuous, per 1 SD",2222,1341,881,68.3951209118994,64.1981514512729,"WTSB2YR|WTSC2YR","ok",,-1.46243716184936,0.553990343509399,-2.68176168674761,-0.243112636951097,0.0230004054752541,1.64581279416455,0.820015484146724,2.47161010418237,0.00108719318682724,0.18337563231519,-0.715941780380906,1.08269304501129,0.66229376917622,0.288616097514176,0.420286715374257,TRUE,FALSE,FALSE,FALSE
"CYHA_Cys_binary_U","PhysicalActivity","LE8_no_PA","Binary","Binary 0/1",1074,616,458,67.6774118738404,63.1565814098565,"WTSA2YR","ok",,-3.86138117550724,1.70150163930749,-7.19626310818578,-0.526499242828707,0.023244249464229,-10.2196145872481,-12.6385211186277,-7.80070805586846,1.22522549363767e-16,-14.0809957627553,-17.1172465369429,-11.0447449885677,9.94222958472617e-20,0.288616097514176,0.420286715374257,TRUE,FALSE,FALSE,FALSE
"DPHP_ln_U","PhysicalActivity","LE8_no_PA","Continuous","Continuous, per 1 SD",2049,1229,820,68.1797047541555,64.1498257839721,"WTSSBI2Y|WTSSCH2Y","ok",,-1.91500569004726,0.748609454124738,-3.56268398928011,-0.267327390814413,0.0266092681082563,1.0644412063714,0.104665949998942,2.02421646274386,0.032764095808309,-0.850564483675862,-2.0874309902057,0.38630202285398,0.158325516896762,0.304983149856168,0.440531216458909,TRUE,FALSE,FALSE,FALSE
"MeFOSAA_binary_S","PhysicalActivity","LE8_no_PA","Binary","Binary 0/1",2211,1301,910,67.869221477984,64.6993720565149,"WTSB2YR","ok",,3.30930091786974,1.35150769837388,0.33465252999921,6.28394930574026,0.0323259947652616,-0.421066671389115,-2.43284049031899,1.59070714754076,0.654009980612164,2.88823424648062,0.694516841563048,5.0819516513982,0.0145020020734496,0.344040944287427,0.450973920290067,TRUE,FALSE,FALSE,FALSE
"X14_DCB_binary_S","PhysicalActivity","LE8_no_PA","Binary","Binary 0/1",3343,1985,1358,68.4649154372076,64.0022091310751,"WTSVOC2Y","ok",,2.32760687331776,0.988759580976572,0.151361708689893,4.50385203794562,0.0382119815348489,-0.596924499257593,-2.07653265398832,0.882683655473131,0.393568057433952,1.73068237406016,-0.36338664748712,3.82475139560745,0.0962049276661594,0.36300927827085,0.464651876186689,TRUE,FALSE,FALSE,FALSE
"DMP_ln_U","PhysicalActivity","LE8_no_PA","Continuous","Continuous, per 1 SD",1040,640,400,67.4296875,63.6410714285714,"WTSB2YR","ok",,-2.16812637906736,1.05025095987762,-4.22658043515611,-0.109672322978599,0.0389808620961987,1.96506105576638,0.969916478879004,2.96020563265376,0.000108728014981093,-0.203065323300973,-2.08496470271058,1.67883405610863,0.832505838244729,0.36300927827085,0.464651876186689,TRUE,FALSE,FALSE,FALSE
"ATCA_ln_U","PhysicalActivity","LE8_no_PA","Continuous","Continuous, per 1 SD",2197,1321,876,68.5838650373094,63.7622309197652,"WTSA2YR","ok",,1.73716116029604,0.778980964764675,0.0226356168551196,3.45168670373696,0.0475227651781355,-0.600100932509981,-1.76360405223441,0.56340218721445,0.280420258110047,1.13706022778606,-0.291707753556995,2.56582820912911,0.107634225776001,0.408821588851686,0.529982234921422,TRUE,FALSE,FALSE,FALSE
"X4_MDA_binary_U","PhysicalActivity","LE8_no_PA","Binary","Binary 0/1",1029,601,428,67.6111243166152,63.2660213618158,"WTSA2YR","ok",,-2.82323003942905,1.44638431719029,-5.65809120892557,0.0116311300674665,0.050947410861005,0.467953287021464,-1.68856466645711,2.62447124050004,0.670616471441969,-2.35527675240759,-4.58247006628357,-0.128083438531609,0.0382021300532133,0.408821588851686,0.529982234921422,FALSE,FALSE,FALSE,FALSE
"IPM1_Cys_ln_U","PhysicalActivity","LE8_no_PA","Continuous","Continuous, per 1 SD",1072,615,457,67.6492450638792,63.1478587058456,"WTSA2YR","ok",,-2.60192360114665,1.33978520011139,-5.22785434038477,0.0240071380914757,0.0521316120012218,-2.56830630612926,-4.10083323527054,-1.03577937698797,0.00102115446383492,-5.1702299072759,-6.88327701834863,-3.45718279620318,3.30946109976484e-09,0.408821588851686,0.529982234921422,FALSE,FALSE,FALSE,FALSE
"DHB_Cys_ln_U","PhysicalActivity","LE8_no_PA","Continuous","Continuous, per 1 SD",2138,1285,853,68.5080600333519,63.5898509462402,"WTSA2YR","ok",,1.60685611076911,0.748708462657924,-0.0410401047760018,3.25475232631423,0.0550120659409684,-1.3531061956375,-2.54738363801508,-0.158828753259916,0.0298387275600712,0.253749915131616,-1.29611888370601,1.80361871396924,0.72540717043312,0.409839891260215,0.529982234921422,FALSE,FALSE,FALSE,FALSE
"MINP_binary_U","PhysicalActivity","LE8_no_PA","Binary","Binary 0/1",2213,1314,899,68.0593607305936,64.6639122834896,"WTSB2YR","ok",,3.06304073021927,1.48663355950651,-0.209017672748781,6.33509913318732,0.0638227531086115,0.107285036140334,-1.86306763721241,2.07763770949308,0.906768421991836,3.1703257663596,0.402336864596847,5.93831466812235,0.0284296621817905,0.452837629199196,0.558287001933687,FALSE,FALSE,FALSE,FALSE
"X25_DCP_ln_U","PhysicalActivity","LE8_no_PA","Continuous","Continuous, per 1 SD",2212,1313,899,68.0720269829181,64.6639122834896,"WTSB2YR","ok",,1.43343675190707,0.792696748423011,-0.311277027824876,3.17815053163901,0.0979483675361926,-0.531669874189079,-1.77791801644493,0.71457826806677,0.367903767571349,0.901766877717988,-0.369960307826198,2.17349406326217,0.146886807261291,0.626070743510068,0.62589063985396,FALSE,FALSE,FALSE,FALSE
"Mn_ln_S","PhysicalActivity","LE8_no_PA","Continuous","Continuous, per 1 SD",3437,2047,1390,68.4318514899853,63.9424460431655,"WTSH2YR","ok",,-0.799935468273388,0.447681057674662,-1.78527483266945,0.185403896122671,0.10151827867134,-0.227699823169303,-0.809838626217303,0.354438979878698,0.407666210693413,-1.02763529144269,-2.09114429445469,0.0358737115693037,0.0569004031895961,0.626070743510068,0.62589063985396,FALSE,FALSE,FALSE,FALSE
"Pb_ln_S","PhysicalActivity","LE8_no_PA","Continuous","Continuous, per 1 SD",3437,2047,1390,68.4318514899853,63.9424460431655,"WTSH2YR","ok",,1.08450351112146,0.613768341391418,-0.266391500015105,2.43539852225804,0.10493055589247,-0.0141392137105155,-0.915855081912781,0.88757665449175,0.973087018275836,1.07036429741095,-0.368040147735199,2.5087687425571,0.129718283315446,0.626070743510068,0.62589063985396,FALSE,FALSE,FALSE,FALSE
"n_PFOA_ln_S","PhysicalActivity","LE8_no_PA","Continuous","Continuous, per 1 SD",1045,635,410,67.1766029246344,63.712543554007,"WTSB2YR","ok",,-1.37733470656167,0.881727023451337,-3.10548791672199,0.350818503598654,0.118267391937463,1.64981924482187,0.369843821199427,2.9297946684443,0.011527500311297,0.272484538260196,-1.51202213766126,2.05699121418165,0.764729524369657,0.626070743510068,0.633958646193645,FALSE,FALSE,FALSE,FALSE
"DMDTP_binary_U","PhysicalActivity","LE8_no_PA","Binary","Binary 0/1",1040,640,400,67.3002232142857,63.6928571428571,"WTSB2YR","ok",,-2.92349012763519,1.88286917034402,-6.61384588911029,0.766865633839906,0.120500005858074,1.87443241602844,0.144392643707432,3.60447218834945,0.033708077278881,-1.04905771160675,-4.12150362406187,2.02338820084837,0.503360738573214,0.626070743510068,0.633958646193645,FALSE,FALSE,FALSE,FALSE
"Sm_PFOS_ln_S","PhysicalActivity","LE8_no_PA","Continuous","Continuous, per 1 SD",1045,635,410,67.1766029246344,63.712543554007,"WTSB2YR","ok",,1.28692517016542,0.835629552956234,-0.3508786580461,2.92472899837695,0.123544118510151,0.697073422150099,-0.890886332184131,2.28503317648433,0.389583081059783,1.98399859231552,0.483091070468869,3.48490611416218,0.00957504194785595,0.626070743510068,0.633958646193645,FALSE,FALSE,FALSE,FALSE
"Perchlorate_ln_U","PhysicalActivity","LE8_no_PA","Continuous","Continuous, per 1 SD",2254,1357,897,68.5866933361406,63.670966714445,"WTSA2YR","ok",,-1.31217687593448,0.800199677394429,-3.07340449098974,0.449050739120772,0.129300637092749,2.60283762853655,1.5424463527692,3.6632289043039,0.000215824723392582,1.29066075260207,-0.286365410389773,2.86768691559392,0.0990977374261174,0.626070743510068,0.633958646193645,FALSE,FALSE,FALSE,FALSE
"Furan_binary_S","PhysicalActivity","LE8_no_PA","Binary","Binary 0/1",3375,2004,1371,68.4224408326205,63.9762425758049,"WTSVOC2Y","ok",,-2.1888973789576,1.34791714698832,-5.15564301651196,0.777848258596756,0.132678145433211,-11.201927292952,-13.3510424848489,-9.05281210105501,1.84432918743627e-07,-13.3908246719096,-16.0158062043639,-10.7658431394552,2.2973767726754e-07,0.626070743510068,0.637711086114468,FALSE,FALSE,FALSE,FALSE
"Tl_ln_U","PhysicalActivity","LE8_no_PA","Continuous","Continuous, per 1 SD",2266,1362,904,68.5619886721208,63.6259481668774,"WTSA2YR","ok",,-1.19899939520988,0.744239004438923,-2.83705839954132,0.439059609121568,0.135468669896587,2.35660721957284,1.13771835576883,3.57549608337684,0.00135341823119322,1.15760782436296,0.246609927900567,2.06860572082536,0.0173739741576707,0.626070743510068,0.642239068647711,FALSE,FALSE,FALSE,FALSE
"X24D_ln_U","PhysicalActivity","LE8_no_PA","Continuous","Continuous, per 1 SD",2265,1369,896,68.3418553688824,64.1948341836735,"WTSB2YR|WTSC2YR","ok",,-1.18710506786994,0.753402865749627,-2.84533359495538,0.471123459215504,0.143408173414201,2.33641069037862,1.60390101819858,3.06892036255867,2.21044928551533e-05,1.14930562250869,-0.301784008119637,2.60039525313701,0.109135664964697,0.626070743510068,0.652452453090565,FALSE,FALSE,FALSE,FALSE
"Hg_binary_U","PhysicalActivity","LE8_no_PA","Binary","Binary 0/1",2273,1364,909,68.5588604943444,63.6099324218136,"WTSA2YR","ok",,2.48194499088396,1.61243796962992,-1.06700705183978,6.03089703360769,0.151999352842848,0.446988333035826,-0.874010734400386,1.76798740047204,0.472034578552652,2.92893332391978,-0.0600443634861851,5.91791101132575,0.0540070217110624,0.626070743510068,0.669456998147066,FALSE,FALSE,FALSE,FALSE
"MDA_binary_U","PhysicalActivity","LE8_no_PA","Binary","Binary 0/1",1044,641,403,67.409182081569,63.6884083658277,"WTSB2YR","ok",,-4.75530270989486,3.32211571152809,-11.2665298569646,1.75592443717485,0.152313342509165,1.22743050377422,-2.02743013952047,4.48229114706891,0.459836561678814,-3.52787220612064,-8.40022195903044,1.34447754678916,0.155860834284988,0.626070743510068,0.669456998147066,FALSE,FALSE,FALSE,FALSE
"OXY_binary_U","PhysicalActivity","LE8_no_PA","Binary","Binary 0/1",2257,1364,893,68.3457268537914,64.1697328427452,"WTSB2YR|WTSC2YR","ok",,2.10567577789738,1.37464105518394,-0.919888785015192,5.13124034080995,0.15381131259213,0.113984114476452,-2.49128981471513,2.71925804366804,0.925017535321788,2.21965989237383,-0.131232618404248,4.57055240315192,0.0618987793921263,0.626070743510068,0.669456998147066,FALSE,FALSE,FALSE,FALSE
"X24_DCP_ln_U","PhysicalActivity","LE8_no_PA","Continuous","Continuous, per 1 SD",2212,1313,899,68.0720269829181,64.6639122834896,"WTSB2YR","ok",,0.960697811042878,0.627749650815947,-0.420969854655729,2.34236547674148,0.154158031718796,0.499105707394457,-0.640877041807822,1.63908845659673,0.355936609361622,1.45980351843733,0.429663335827263,2.48994370104741,0.00976741886637484,0.626070743510068,0.669456998147066,FALSE,FALSE,FALSE,FALSE
"PGA_ln_U","PhysicalActivity","LE8_no_PA","Continuous","Continuous, per 1 SD",2211,1333,878,68.5301682563498,63.8342011064107,"WTSA2YR","ok",,1.11342236140853,0.728031818326161,-0.488964866801883,2.71580958961894,0.154409095766565,-1.43719839862205,-2.39003688337439,-0.484359913869711,0.00683347391066973,-0.323776037213522,-1.67619489571442,1.02864282128737,0.608706274060853,0.626070743510068,0.669456998147066,FALSE,FALSE,FALSE,FALSE
"Mo_ln_U","PhysicalActivity","LE8_no_PA","Continuous","Continuous, per 1 SD",2265,1361,904,68.5467618347853,63.6259481668774,"WTSA2YR","ok",,-1.07484309435674,0.704788007825138,-2.62607104059042,0.476384851876934,0.155467231609883,1.77180155808122,0.669454143177763,2.87414897298468,0.00465195930692796,0.696958463724477,-0.512217789648433,1.90613471709739,0.23076303860326,0.626070743510068,0.669456998147066,FALSE,FALSE,FALSE,FALSE
"TCPY_ln_U","PhysicalActivity","LE8_no_PA","Continuous","Continuous, per 1 SD",2243,1357,886,68.3598273502474,64.2155756207675,"WTSB2YR|WTSC2YR","ok",,-1.11376856230166,0.745265560911103,-2.75408700219437,0.526549877591048,0.163178363055853,1.76392489282575,0.820224025937493,2.707625759714,0.00171812832289107,0.650156330524086,-0.543999721127223,1.84431238217539,0.255972205429452,0.639830949876896,0.669456998147066,FALSE,FALSE,FALSE,FALSE
"m_p_Xylene_binary_S","PhysicalActivity","LE8_no_PA","Binary","Binary 0/1",3358,1995,1363,68.390261367705,63.984383188345,"WTSVOC2Y","ok",,1.61182895039451,1.11333419474768,-0.838603090467702,4.06226099125672,0.175581522791357,-2.82363990848182,-4.46499620894996,-1.18228360801368,0.00301359032087144,-1.21181095808731,-3.77659546980329,1.35297355362866,0.320694048092983,0.655349610660338,0.669456998147066,FALSE,FALSE,FALSE,FALSE
"X1_PH_ln_U","PhysicalActivity","LE8_no_PA","Continuous","Continuous, per 1 SD",2260,1358,902,68.5914159478224,63.6308203991131,"WTSA2YR","ok",,-1.23025888042595,0.850526077995078,-3.10225415636407,0.641736395512156,0.175932781385326,-0.998459752949108,-2.1595511882268,0.162631682328584,0.084993889031816,-2.22871863337506,-3.38515679158021,-1.07228047516991,0.00138468470651524,0.655349610660338,0.669456998147066,FALSE,FALSE,FALSE,FALSE
"A_a_C_binary_U","PhysicalActivity","LE8_no_PA","Binary","Binary 0/1",1162,733,429,69.4825570064315,64.2940392940393,"WTSA2YR","ok",,3.53379533206673,2.69138703990095,-1.74122633459699,8.80881699873045,0.18918242875418,-6.38234529829314,-8.48481250744113,-4.27987808914515,2.68542493713422e-09,-2.84854996622641,-6.95152812806552,1.2544281956127,0.173598270039518,0.678644646043185,0.675491610430536,FALSE,FALSE,FALSE,FALSE
"W_ln_U","PhysicalActivity","LE8_no_PA","Continuous","Continuous, per 1 SD",2265,1361,904,68.5467618347853,63.6259481668774,"WTSA2YR","ok",,-1.17191081336062,0.841623593776218,-3.02431185364507,0.680490226923826,0.191295806267207,0.378606365587426,-0.666002734143627,1.42321546531848,0.441912770365707,-0.793304447773198,-2.06055984656062,0.473950951014221,0.195641726085981,0.678644646043185,0.675491610430536,FALSE,FALSE,FALSE,FALSE
"Harman_ln_U","PhysicalActivity","LE8_no_PA","Continuous","Continuous, per 1 SD",1163,734,429,69.5007785130401,64.2457542457542,"WTSA2YR","ok",,1.22948360045228,0.961370396208788,-0.654767751919946,3.11373495282451,0.200937034871263,-0.131301413797975,-0.784067449797921,0.52146462220197,0.693404353837121,1.09818218665431,-0.806483928657321,3.00284830196593,0.258448610569006,0.696270190600422,0.700341946101009,FALSE,FALSE,FALSE,FALSE
"BuP_binary_U","PhysicalActivity","LE8_no_PA","Binary","Binary 0/1",2214,1315,899,68.048886474742,64.6639122834896,"WTSB2YR","ok",,-2.16059444023557,1.65095900883509,-5.7943307186012,1.47314183813007,0.217321072873092,1.98049895950862,-0.64158165224301,4.60257957126026,0.124625677333465,-0.180095480726943,-3.06353586079017,2.70334489933628,0.893143062907293,0.721737787678314,0.709857390100895,FALSE,FALSE,FALSE,FALSE
"U_ln_U","PhysicalActivity","LE8_no_PA","Continuous","Continuous, per 1 SD",2266,1362,904,68.5619886721208,63.6259481668774,"WTSA2YR","ok",,0.784250040895292,0.614893368840562,-0.56912113896154,2.13762122075212,0.228436295099209,-1.08474326483307,-1.98602097139928,-0.18346555826686,0.022625887493359,-0.300493223937779,-1.41410216810077,0.813115720225214,0.564587474194768,0.721737787678314,0.717045429584856,FALSE,FALSE,FALSE,FALSE
"n_PFOS_ln_S","PhysicalActivity","LE8_no_PA","Continuous","Continuous, per 1 SD",1045,635,410,67.1766029246344,63.712543554007,"WTSB2YR","ok",,1.19426146940372,0.993205593627348,-0.752385723349601,3.14090866215705,0.229196477617615,1.05877475206662,-0.522611413318228,2.64016091745147,0.189438700183316,2.25303622147035,0.878383858676149,3.62768858426454,0.00131652100110213,0.721737787678314,0.717045429584856,FALSE,FALSE,FALSE,FALSE
"MeA_a_C_binary_U","PhysicalActivity","LE8_no_PA","Binary","Binary 0/1",1162,734,428,69.5007785130401,64.1805740987984,"WTSA2YR","ok",,2.66567230294702,2.22391052918132,-1.69311223908778,7.02445684498183,0.230667225327109,-9.50684033993883,-11.8765135242789,-7.1371671555988,3.74631169793211e-15,-6.84116803699181,-10.9422203165041,-2.74011575747949,0.00107732858934142,0.721737787678314,0.717045429584856,FALSE,FALSE,FALSE,FALSE
"As_III_binary_U","PhysicalActivity","LE8_no_PA","Binary","Binary 0/1",2272,1364,908,68.5750942605781,63.6493077407174,"WTSA2YR","ok",,1.9834755807019,1.58656600711269,-1.50853265645898,5.47548381786279,0.237179806757347,1.71132110110849,-0.285162773566743,3.70780497578373,0.0858724735991671,3.69479668181039,0.565302853899031,6.82429050972176,0.0247572694157995,0.721737787678314,0.717045429584856,FALSE,FALSE,FALSE,FALSE
"NPMA_ln_U","PhysicalActivity","LE8_no_PA","Continuous","Continuous, per 1 SD",2224,1347,877,68.5571110404072,63.654503990878,"WTSA2YR","ok",,-0.9797158714894,0.783970352953292,-2.7052229842914,0.745791241312601,0.237350010713003,1.19668170157869,0.310519810417426,2.08284359273995,0.0126945920440717,0.216965830089288,-1.22349152949223,1.65742318967081,0.746482881029363,0.721737787678314,0.717045429584856,FALSE,FALSE,FALSE,FALSE
"Chloroform_binary_S","PhysicalActivity","LE8_no_PA","Binary","Binary 0/1",3280,1944,1336,68.4373162845385,63.9055816937553,"WTSVOC2Y","ok",,-1.25284717031211,1.0905626191376,-3.65315931118464,1.14746497056042,0.275002754458577,0.994145124491481,-0.369629721403349,2.35791997038631,0.136919209253919,-0.258702045820632,-2.31194643603628,1.79454234439502,0.786679152220956,0.791514137119995,0.765743909399809,FALSE,FALSE,FALSE,FALSE
"DEP_ln_U","PhysicalActivity","LE8_no_PA","Continuous","Continuous, per 1 SD",1046,644,402,67.392413487134,63.6105188343994,"WTSB2YR","ok",,-1.25666711630933,1.15133615671379,-3.51324451756712,0.999910284948449,0.275059157639849,1.74712781754664,0.257423570121851,3.23683206497142,0.0215248626872589,0.490460701237302,-1.39598637604634,2.37690777852094,0.610349598437285,0.791514137119995,0.765743909399809,FALSE,FALSE,FALSE,FALSE
"X2_HPMA_ln_U","PhysicalActivity","LE8_no_PA","Continuous","Continuous, per 1 SD",2230,1343,887,68.5974896287629,63.7445643420841,"WTSA2YR","ok",,-1.00265965522195,0.875150038659444,-2.92885190316501,0.923532592721105,0.276233121679461,0.176355906684793,-0.84253400914435,1.19524582251394,0.710487561847214,-0.826303748537161,-2.31666792447445,0.664060427400127,0.247868562449779,0.791514137119995,0.765743909399809,FALSE,FALSE,FALSE,FALSE
"X1_PY_ln_U","PhysicalActivity","LE8_no_PA","Continuous","Continuous, per 1 SD",2259,1358,901,68.5914159478224,63.6633898842556,"WTSA2YR","ok",,-1.0362442245348,0.957313970621878,-3.14327806742195,1.07078961835236,0.302210631738304,-0.516428481341509,-1.93051967472935,0.897662712046335,0.438535987852876,-1.55267270587631,-3.00935655072115,-0.0959888610314581,0.0387585128756127,0.833616069729322,0.785123573184402,FALSE,FALSE,FALSE,FALSE
"MHBP_ln_U","PhysicalActivity","LE8_no_PA","Continuous","Continuous, per 1 SD",2131,1255,876,68.0910643141719,64.5694716242661,"WTSB2YR|WTSSBH2Y","ok",,-0.694810149239944,0.646733725600049,-2.11826148181643,0.728641183336543,0.305672900553147,1.69663805644404,0.617682698997711,2.77559341389037,0.00532367136450111,1.00182790720409,-0.00413229464261566,2.0077881090508,0.0507956054551369,0.833616069729322,0.785123573184402,FALSE,FALSE,FALSE,FALSE
"MEHHP_ln_U","PhysicalActivity","LE8_no_PA","Continuous","Continuous, per 1 SD",2212,1313,899,68.0720269829181,64.6639122834896,"WTSB2YR","ok",,-0.760278442196483,0.710809552797567,-2.3247597195553,0.804202835162336,0.307710629765857,-0.416882726625494,-1.41996017673367,0.586194723482681,0.379944313702669,-1.17716116882198,-2.32645342482796,-0.0278689128159986,0.0455406903729462,0.833616069729322,0.785123573184402,FALSE,FALSE,FALSE,FALSE
"MCPP_ln_U","PhysicalActivity","LE8_no_PA","Continuous","Continuous, per 1 SD",2212,1313,899,68.0720269829181,64.6639122834896,"WTSB2YR","ok",,0.636383140186251,0.623565417871389,-0.736075090895018,2.00884137126752,0.32938614871521,0.131967775365796,-0.820476007378853,1.08441155811044,0.766087788175962,0.768350915552047,-0.306179484164814,1.84288131526891,0.143828977056875,0.844071065541125,0.785315449316656,FALSE,FALSE,FALSE,FALSE
"PFNA_ln_S","PhysicalActivity","LE8_no_PA","Continuous","Continuous, per 1 SD",2211,1301,910,67.869221477984,64.6993720565149,"WTSB2YR","ok",,0.726914027849557,0.722176922432968,-0.862586661386055,2.31641471708517,0.335775210592189,0.097980169880329,-1.16156055888067,1.35752089864132,0.867163238054812,0.824894197729886,-0.579893298579727,2.2296816940395,0.222699978947997,0.844071065541125,0.785315449316656,FALSE,FALSE,FALSE,FALSE
"Cs_ln_U","PhysicalActivity","LE8_no_PA","Continuous","Continuous, per 1 SD",2266,1362,904,68.5619886721208,63.6259481668774,"WTSA2YR","ok",,0.624325488403707,0.620368691989826,-0.74109679645136,1.98974777325877,0.335858585847751,1.54187374757955,0.309377887553215,2.77436960760589,0.0187737870128146,2.16619923598326,0.892198415493758,3.44020005647276,0.00325280126292014,0.844071065541125,0.785315449316656,FALSE,FALSE,FALSE,FALSE
"Benzene_binary_S","PhysicalActivity","LE8_no_PA","Binary","Binary 0/1",3280,1951,1329,68.2975763344805,63.9949478662797,"WTSVOC2Y","ok",,-1.35131928322317,1.3452984302671,-4.31230116413564,1.60966259768929,0.336734276488945,-5.22830018061676,-7.73053981039492,-2.7260605508386,0.000766372358177324,-6.57961946383993,-8.63373255088878,-4.52550637679109,2.12637383722457e-05,0.844071065541125,0.785315449316656,FALSE,FALSE,FALSE,FALSE
"PFHxA_binary_U","PhysicalActivity","LE8_no_PA","Binary","Binary 0/1",1094,615,479,68.7409988385598,65.284819564569,"WTSSBH2Y","ok",,-2.5600589595866,2.71334024122831,-7.87810811019731,2.75799019102411,0.345420986742112,2.16317286088116,-1.83839739589241,6.16474311765474,0.289363346362083,-0.396886098705437,-3.56355346313647,2.7697812657256,0.80595547332082,0.844071065541125,0.791811184993457,FALSE,FALSE,FALSE,FALSE
"MEOHP_ln_U","PhysicalActivity","LE8_no_PA","Continuous","Continuous, per 1 SD",2212,1313,899,68.0720269829181,64.6639122834896,"WTSB2YR","ok",,-0.723991605715866,0.765907781983499,-2.40974326786025,0.961760056428518,0.364820899071978,-0.284089229089869,-1.29379559978676,0.725617141607019,0.548352696534509,-1.00808083480573,-2.29579319914366,0.279631529532196,0.112838961715994,0.844071065541125,0.811318118831713,FALSE,FALSE,FALSE,FALSE
"X2_NP_ln_U","PhysicalActivity","LE8_no_PA","Continuous","Continuous, per 1 SD",2222,1337,885,68.6830857997649,63.7328490718321,"WTSA2YR","ok",,-0.769759052295808,0.826107584156886,-2.58800958566427,1.04849148107265,0.371444864747875,-3.40363220254912,-4.48812377355697,-2.31914063154126,2.56145373106132e-05,-4.17339125484492,-5.61057091309736,-2.73621159659249,5.141419117404e-05,0.844071065541125,0.822978213344734,FALSE,FALSE,FALSE,FALSE
"CEMA_CEM_ln_U","PhysicalActivity","LE8_no_PA","Continuous","Continuous, per 1 SD",2240,1348,892,68.5491733785502,63.6859385009609,"WTSA2YR","ok",,0.722895226406532,0.788766981261868,-1.01316919412112,2.45895964693418,0.379065809329043,-3.1767601924177,-4.04529606283469,-2.3082243220007,6.15375626142115e-06,-2.45386496601117,-4.00774483069245,-0.89998510132988,0.00518700965947918,0.844071065541125,0.833665027159075,FALSE,FALSE,FALSE,FALSE
"X3_HPMA_ln_U","PhysicalActivity","LE8_no_PA","Continuous","Continuous, per 1 SD",2170,1311,859,68.5790563364934,63.5897222684184,"WTSA2YR","ok",,0.744959444070614,0.817988771173276,-1.05542170240336,2.54534059054459,0.381966076959693,-2.78080946414121,-3.80357302312946,-1.75804590515297,9.129873725164e-05,-2.0358500200706,-3.48124168744721,-0.590458352693983,0.0101021244889014,0.844071065541125,0.83388931087171,FALSE,FALSE,FALSE,FALSE
"AsB_binary_U","PhysicalActivity","LE8_no_PA","Binary","Binary 0/1",2272,1364,908,68.5750942605781,63.6493077407174,"WTSA2YR","ok",,-0.939485172895915,1.0375341156691,-3.2230823645724,1.34411201878057,0.384606097292417,2.15529529842189,0.470710005839518,3.83988059100427,0.0167877061703907,1.21581012552598,-0.880414780465639,3.31203503151759,0.228045626270329,0.844071065541125,0.836588445205402,FALSE,FALSE,FALSE,FALSE
"BDCPP_ln_U","PhysicalActivity","LE8_no_PA","Continuous","Continuous, per 1 SD",2042,1227,815,68.2663872394924,64.1226993865031,"WTSSBI2Y|WTSSCH2Y","ok",,-0.755315713338313,0.838706066549099,-2.60129531949171,1.09066389281509,0.387107491250607,0.45214812648727,-0.618802245740702,1.52309849871524,0.372706743616386,-0.303167586851043,-1.81838495070361,1.21204977700152,0.668192340714764,0.844071065541125,0.838967508310406,FALSE,FALSE,FALSE,FALSE
"X5OHIMI_binary_U","PhysicalActivity","LE8_no_PA","Binary","Binary 0/1",877,538,339,67.2928836962294,63.3607248209018,"WTSSBI2Y","ok",,2.77539378565782,3.23573034762129,-3.56652115936318,9.11730873067883,0.391039727920777,0.661616806319485,-2.98149299084271,4.30472660348168,0.721882084586815,3.43701059197731,-0.930578113621755,7.80459929757637,0.12298486497017,0.844071065541125,0.841607795824456,FALSE,FALSE,FALSE,FALSE
"X4_ABP_ln_U","PhysicalActivity","LE8_no_PA","Continuous","Continuous, per 1 SD",1127,712,415,69.5585874799358,64.433734939759,"WTSA2YR","ok",,0.958223259697881,1.14235671489453,-1.28075475899289,3.19720127838865,0.401574452667502,-2.6478809239833,-3.92321118254833,-1.37255066541827,4.71466922094657e-05,-1.68965766428542,-3.42886043081469,0.04954510224385,0.0568932551397858,0.844071065541125,0.844182840117226,FALSE,FALSE,FALSE,FALSE
"X23_OH_PH_ln_U","PhysicalActivity","LE8_no_PA","Continuous","Continuous, per 1 SD",2260,1358,902,68.5914159478224,63.6308203991131,"WTSA2YR","ok",,-0.659538696188205,0.756116535626253,-2.32373997040149,1.00466257802508,0.401699130369891,-1.95795876499499,-3.01643570879313,-0.899481821196838,0.0018471531354682,-2.61749746118319,-3.83692022890698,-1.3980746934594,0.000624959043821978,0.844071065541125,0.844182840117226,FALSE,FALSE,FALSE,FALSE
"X25_DMF_binary_S","PhysicalActivity","LE8_no_PA","Binary","Binary 0/1",3370,2003,1367,68.4195135867627,63.9800397115686,"WTSVOC2Y","ok",,-1.00937783232684,1.17986711915723,-3.60624785247199,1.58749218781831,0.410521066387086,-11.9242628644175,-14.0566873075945,-9.79183842124049,8.96393407871435e-08,-12.9336406967443,-15.4044987599259,-10.4627826335627,1.76618301307004e-07,0.844071065541125,0.844707410970928,FALSE,FALSE,FALSE,FALSE
"X4FPBA_binary_U","PhysicalActivity","LE8_no_PA","Binary","Binary 0/1",2266,1371,895,68.3614671251433,64.1580207501995,"WTSB2YR|WTSC2YR","ok",,1.92742951738326,2.35644634336092,-3.25907391490633,7.11393294967285,0.430753526276222,-2.90023367084107,-5.92892949242874,0.128462150746606,0.0588178626123351,-0.972804153457806,-5.44418641018886,3.49857810327325,0.641421442279987,0.844071065541125,0.846785120414247,FALSE,FALSE,FALSE,FALSE
"IPPPP_binary_U","PhysicalActivity","LE8_no_PA","Binary","Binary 0/1",932,576,356,67.2581845238095,63.3948635634029,"WTSSBI2Y","ok",,-2.1324658469989,2.70686175333898,-7.43781739467224,3.17288570067443,0.430813666985204,-2.9230892927902,-5.52050657683002,-0.325672008750373,0.0274042988888793,-5.0555551397891,-9.33703935164026,-0.774070927937946,0.0206504129429956,0.844071065541125,0.846785120414247,FALSE,FALSE,FALSE,FALSE
"Sb_ln_U","PhysicalActivity","LE8_no_PA","Continuous","Continuous, per 1 SD",2266,1362,904,68.5619886721208,63.6259481668774,"WTSA2YR","ok",,0.495099541109364,0.612558073977493,-0.853131689409414,1.84333077162814,0.436078493727171,-0.138779804849153,-0.866848757822755,0.58928914812445,0.682899908458087,0.356319736260211,-0.885988379126502,1.59862785164692,0.540748025133836,0.844071065541125,0.846785120414247,FALSE,FALSE,FALSE,FALSE
"PFHS_ln_S","PhysicalActivity","LE8_no_PA","Continuous","Continuous, per 1 SD",2211,1301,910,67.869221477984,64.6993720565149,"WTSB2YR","ok",,0.512476552994166,0.636368243794423,-0.888160507950937,1.91311361393927,0.437699721255908,0.531225687352341,-0.507360208717552,1.56981158342223,0.284221042576138,1.04370224034651,-0.434291539239761,2.52169601993277,0.148406769529925,0.844071065541125,0.846785120414247,FALSE,FALSE,FALSE,FALSE
"MCNP_ln_U","PhysicalActivity","LE8_no_PA","Continuous","Continuous, per 1 SD",2212,1313,899,68.0720269829181,64.6639122834896,"WTSB2YR","ok",,-0.602128798691983,0.751609226399841,-2.25640955218599,1.05215195480202,0.440024045975477,0.449937091313867,-0.638524201544637,1.53839838417237,0.382420076780254,-0.152191707378116,-1.42135622008611,1.11697280532988,0.796712371514216,0.844071065541125,0.846785120414247,FALSE,FALSE,FALSE,FALSE
"MiBP_ln_U","PhysicalActivity","LE8_no_PA","Continuous","Continuous, per 1 SD",2212,1313,899,68.0720269829181,64.6639122834896,"WTSB2YR","ok",,-0.611919288175123,0.764409458038995,-2.29437316155264,1.0705345852024,0.440361057579347,-0.262001615698283,-1.30538499624283,0.781381764846268,0.591533325753984,-0.873920903873406,-2.1762578100129,0.428416002266086,0.167736657453018,0.844071065541125,0.846785120414247,FALSE,FALSE,FALSE,FALSE
"DCVDMPCA_binary_U","PhysicalActivity","LE8_no_PA","Binary","Binary 0/1",2235,1349,886,68.2399661124643,64.2147694292164,"WTSB2YR|WTSC2YR","ok",,1.3269775633444,1.65932436036594,-2.32517072959958,4.97912585628838,0.440807057504343,0.753108471271225,-1.20886096253014,2.71507790507259,0.416189065063998,2.08008603461563,-0.986768438830766,5.14694050806202,0.163602376603345,0.844071065541125,0.846785120414247,FALSE,FALSE,FALSE,FALSE
"PPDA_binary_U","PhysicalActivity","LE8_no_PA","Binary","Binary 0/1",945,552,393,67.4353002070393,63.3133406034169,"WTSA2YR","ok",,3.18923026593301,4.14696549713837,-4.93867275358843,11.3171332854544,0.441862705451059,-4.92149342058333,-8.0461542218138,-1.79683261935286,0.0020216104987257,-1.73226315465033,-8.54019552913003,5.07566921982938,0.617984791605841,0.844071065541125,0.846785120414247,FALSE,FALSE,FALSE,FALSE
"PFHpA_binary_S","PhysicalActivity","LE8_no_PA","Binary","Binary 0/1",1166,666,500,68.529601029601,65.5085714285714,"WTSB2YR","ok",,-3.06996665429472,4.4027133320123,-11.6991262192932,5.55919291070373,0.485621513262992,-1.1975062378826,-5.36481135688151,2.9697988811163,0.573291701220407,-4.26747289217733,-10.1874660034601,1.65252021910549,0.157698297817238,0.913451497271068,0.877061884559829,FALSE,FALSE,FALSE,FALSE
"CEMA_CYM_ln_U","PhysicalActivity","LE8_no_PA","Continuous","Continuous, per 1 SD",2227,1338,889,68.5292547512278,63.6999839305801,"WTSA2YR","ok",,-0.437617410627038,0.613405630506954,-1.7877141004895,0.912479279235423,0.490443756924063,-3.92889682605149,-4.7885976729727,-3.06919597913028,6.97303154767391e-07,-4.36651423667853,-5.45599144639588,-3.27703702696118,2.54943161461756e-06,0.913451497271068,0.880962472296322,FALSE,FALSE,FALSE,FALSE
"DETP_binary_U","PhysicalActivity","LE8_no_PA","Binary","Binary 0/1",1043,641,402,67.4615556050813,63.6105188343994,"WTSB2YR","ok",,1.1502984111728,1.72611719003535,-2.23282911439197,4.53342593673757,0.505150310907898,2.91577889819738,0.639469554125241,5.19208824226952,0.0120538269891788,4.06607730937018,0.710091152201222,7.42206346653914,0.0175645687119169,0.929227115126874,0.889962399275514,FALSE,FALSE,FALSE,FALSE
"CEMA_AAM_ln_U","PhysicalActivity","LE8_no_PA","Continuous","Continuous, per 1 SD",2190,1317,873,68.5996311964421,63.6998854524628,"WTSA2YR","ok",,0.509190798180856,0.75184495888176,-1.14560879900761,2.16399039536932,0.512236047046513,-1.53702577036083,-2.71126516686273,-0.362786373858925,0.0149448178835441,-1.02783497217997,-2.4845832555252,0.428913311165253,0.148716626190415,0.930770378169884,0.889962399275514,FALSE,FALSE,FALSE,FALSE
"Sn_ln_U","PhysicalActivity","LE8_no_PA","Continuous","Continuous, per 1 SD",2265,1361,904,68.5467618347853,63.6259481668774,"WTSA2YR","ok",,0.380206949840753,0.602458520611644,-0.945795313596239,1.70620921327774,0.540871433811748,-0.814943229749747,-1.76624885646001,0.136362396960518,0.0860354215321868,-0.434736279908994,-1.37431964747512,0.504847087657128,0.330375651543404,0.959460945167329,0.897537713320973,FALSE,FALSE,FALSE,FALSE
"MnBP_ln_U","PhysicalActivity","LE8_no_PA","Continuous","Continuous, per 1 SD",2212,1313,899,68.0720269829181,64.6639122834896,"WTSB2YR","ok",,-0.433528444738438,0.701686676112075,-1.97793040589514,1.11087351641827,0.549259742977916,-0.491954842747262,-1.53140811729428,0.547498431799753,0.319910696794432,-0.9254832874857,-1.98388099367381,0.132914418702413,0.0805238375300903,0.959460945167329,0.897537713320973,FALSE,FALSE,FALSE,FALSE
"Ba_ln_U","PhysicalActivity","LE8_no_PA","Continuous","Continuous, per 1 SD",2266,1362,904,68.5619886721208,63.6259481668774,"WTSA2YR","ok",,0.493101019317167,0.802010294359085,-1.27211173680791,2.25831377544224,0.551172488381672,0.209689061043594,-0.867819747350696,1.28719786943788,0.676681949155515,0.702790080360761,-0.637848999610012,2.04342916033153,0.273035079125825,0.959460945167329,0.897537713320973,FALSE,FALSE,FALSE,FALSE
"o_Xylene_binary_S","PhysicalActivity","LE8_no_PA","Binary","Binary 0/1",3365,1995,1370,68.4013605442177,63.970802919708,"WTSVOC2Y","ok",,0.646217193862793,1.06021550747037,-1.68730140457852,2.97973579230411,0.554564047651992,-5.08664992758217,-7.08905186986325,-3.08424798530109,0.000162454502760163,-4.44043273371937,-6.89146545555641,-1.98940001188233,0.00213152308995067,0.959460945167329,0.898477112475642,FALSE,FALSE,FALSE,FALSE
"IPM3_Cys_ln_U","PhysicalActivity","LE8_no_PA","Continuous","Continuous, per 1 SD",1072,615,457,67.6492450638792,63.1478587058456,"WTSA2YR","ok",,-0.546681842917466,0.938490989558331,-2.38609038226715,1.29272669643222,0.560222162614481,-3.76245289118729,-4.56953286711339,-2.95537291526119,6.42217059681533e-20,-4.30913473410475,-5.96028724159505,-2.65798222661446,3.13636474504731e-07,0.959460945167329,0.904857476743172,FALSE,FALSE,FALSE,FALSE
"GAM_Cys_binary_U","PhysicalActivity","LE8_no_PA","Binary","Binary 0/1",2253,1357,896,68.5940625328982,63.7005739795918,"WTSA2YR","ok",,-0.920863067601342,1.64429400318043,-4.53992976742914,2.69820363222645,0.586679022430518,-5.49905724316092,-7.24616529556346,-3.75194919075837,2.49514347408421e-05,-6.41992031076226,-9.45029352552624,-3.38954709599828,0.000690521553041472,0.971036797803174,0.914291111896112,FALSE,FALSE,FALSE,FALSE
"X26_DMA_binary_U","PhysicalActivity","LE8_no_PA","Binary","Binary 0/1",1063,671,392,69.7306791569087,64.0415451895044,"WTSA2YR","ok",,-0.892140576943646,1.64501837388727,-4.11631734366934,2.33203618978205,0.587592129394144,-3.47697162841172,-5.72582358447632,-1.22811967234713,0.00244295435804229,-4.36911220535537,-7.55429210132594,-1.1839323093848,0.00717774522716191,0.971036797803174,0.914291111896112,FALSE,FALSE,FALSE,FALSE
"MBzP_ln_U","PhysicalActivity","LE8_no_PA","Continuous","Continuous, per 1 SD",2212,1313,899,68.0720269829181,64.6639122834896,"WTSB2YR","ok",,0.403091517031256,0.726336726593297,-1.19556483943013,2.00174787349264,0.590025011845512,-1.65042840802751,-2.41497613923759,-0.885880676817429,0.000598469606219576,-1.24733689099625,-2.50115337036374,0.00647958837123741,0.0510028746474484,0.971036797803174,0.914291111896112,FALSE,FALSE,FALSE,FALSE
"X2_FL_ln_U","PhysicalActivity","LE8_no_PA","Continuous","Continuous, per 1 SD",2259,1357,902,68.6024844720497,63.6308203991131,"WTSA2YR","ok",,-0.424382827110863,0.771151835415727,-2.12167657303831,1.27291091881658,0.593096887034839,-3.90108731347036,-4.90494509063096,-2.89722953630976,3.43982019105438e-06,-4.32547014058122,-5.50154353639783,-3.14939674476462,5.83773458874163e-06,0.971036797803174,0.914291111896112,FALSE,FALSE,FALSE,FALSE
"PMM_Cys_ln_U","PhysicalActivity","LE8_no_PA","Continuous","Continuous, per 1 SD",2229,1342,887,68.6118799233553,63.755838299243,"WTSA2YR","ok",,-0.403356913053165,0.793031844234499,-2.1488082336934,1.34209440758707,0.621060133171427,-2.74259159515447,-3.71675532973222,-1.76842786057671,6.74925230703975e-05,-3.14594850820763,-4.44938948295408,-1.84250753346118,0.000247718647016741,0.971036797803174,0.919606200836113,FALSE,FALSE,FALSE,FALSE
"X1_AN_ln_U","PhysicalActivity","LE8_no_PA","Continuous","Continuous, per 1 SD",1110,698,412,69.7615636512485,64.8266296809986,"WTSA2YR","ok",,0.538677475706486,1.11891511106413,-1.65435584373684,2.73171079514981,0.63021207899353,-3.32539294701951,-4.18472665823968,-2.46605923579934,3.33670207017087e-14,-2.78671547131302,-4.65267967094855,-0.920751271677497,0.00342139942980998,0.971036797803174,0.926488854538955,FALSE,FALSE,FALSE,FALSE
"Cd_ln_U","PhysicalActivity","LE8_no_PA","Continuous","Continuous, per 1 SD",2266,1362,904,68.5619886721208,63.6259481668774,"WTSA2YR","ok",,0.359138070552384,0.739622482945108,-1.26876003847993,1.9870361795847,0.636799566793005,-1.79705798670294,-2.93869467415247,-0.655421299253415,0.00529021727162458,-1.43791991615056,-3.21532384076724,0.339484008466118,0.102579053313677,0.971036797803174,0.926488854538955,FALSE,FALSE,FALSE,FALSE
"PhIP_binary_U","PhysicalActivity","LE8_no_PA","Binary","Binary 0/1",1163,733,430,69.5030208536348,64.2491694352159,"WTSA2YR","ok",,1.17310341339884,2.55446085026323,-3.83354785303467,6.17975467983234,0.646063849380558,-0.142992697585973,-2.11523952962545,1.8292541344535,0.886999311084052,1.03011071581286,-3.05958363172469,5.11980506335042,0.621535715841089,0.971036797803174,0.926488854538955,FALSE,FALSE,FALSE,FALSE
"X34_MHA_ln_U","PhysicalActivity","LE8_no_PA","Continuous","Continuous, per 1 SD",2248,1355,893,68.5767000527148,63.7242041273396,"WTSA2YR","ok",,0.385395556801779,0.820891851938985,-1.42137522735607,2.19216634095963,0.64789253636286,-1.74807612712436,-2.98701430602448,-0.509137948224241,0.0100059441028187,-1.36268057032258,-2.96806413856144,0.242702997916275,0.0885765139354619,0.971036797803174,0.926488854538955,FALSE,FALSE,FALSE,FALSE
"Sr_ln_U","PhysicalActivity","LE8_no_PA","Continuous","Continuous, per 1 SD",2266,1362,904,68.5619886721208,63.6259481668774,"WTSA2YR","ok",,0.332664021915589,0.72490304930277,-1.26283683210499,1.92816487593616,0.65523494702207,1.12542478666607,0.0635041262095646,2.18734544712258,0.0396862981738052,1.45808880858166,0.238406604076835,2.67777101308649,0.0233570243755138,0.971036797803174,0.926488854538955,FALSE,FALSE,FALSE,FALSE
"PFBA_binary_U","PhysicalActivity","LE8_no_PA","Binary","Binary 0/1",1094,615,479,68.7409988385598,65.284819564569,"WTSSBH2Y","ok",,-0.780367503541577,1.76245196230316,-4.23470987413772,2.67397486705457,0.657929376037208,2.61661904542233,0.194099817951116,5.03913827289355,0.0342596415946992,1.83625154188076,-0.822960140142466,4.49546322390398,0.175926700978075,0.971036797803174,0.926488854538955,FALSE,FALSE,FALSE,FALSE
"o_TLD_ln_U","PhysicalActivity","LE8_no_PA","Continuous","Continuous, per 1 SD",1087,681,406,69.9989511222991,64.2171006333568,"WTSA2YR","ok",,-0.501928587646729,1.14660974810314,-2.74924239825142,1.74538522295796,0.661567412087005,-0.204230856455851,-1.64661411629637,1.23815240338466,0.7813835543788,-0.70615944410258,-2.36947410475969,0.957155216554534,0.405351501300461,0.971036797803174,0.926488854538955,FALSE,FALSE,FALSE,FALSE
"TBPPP_binary_U","PhysicalActivity","LE8_no_PA","Binary","Binary 0/1",934,576,358,67.2581845238095,63.463687150838,"WTSSBI2Y","ok",,1.26164783668327,2.89850314724223,-4.41931394098749,6.94260961435403,0.663362358465539,-0.573217508528768,-4.78471459049928,3.63827957344175,0.789649070365716,0.688430328154499,-2.48122985465141,3.85809051096041,0.670332368882431,0.971036797803174,0.926488854538955,FALSE,FALSE,FALSE,FALSE
"X2_MHA_ln_U","PhysicalActivity","LE8_no_PA","Continuous","Continuous, per 1 SD",2124,1270,854,68.4797525309336,63.7111073937772,"WTSA2YR","ok",,0.340767985043395,0.778640305392616,-1.37300777217498,2.05454374226177,0.670112621228247,-1.06121924536836,-2.25201634554473,0.129577854808004,0.0756229717743836,-0.720451260324967,-2.14063750059842,0.699734979948489,0.287984403591879,0.971036797803174,0.926488854538955,FALSE,FALSE,FALSE,FALSE
"HEMA_binary_U","PhysicalActivity","LE8_no_PA","Binary","Binary 0/1",2238,1348,890,68.5624205171683,63.6669341894061,"WTSA2YR","ok",,0.683989548100768,1.58606342478605,-2.80691251281744,4.17489160901898,0.674616634185357,-4.3412581738389,-5.92563768918186,-2.75687865849594,8.54070786280758e-05,-3.65726862573813,-6.2738656029984,-1.04067164847786,0.0105395683274088,0.971036797803174,0.926488854538955,FALSE,FALSE,FALSE,FALSE
"MECPP_ln_U","PhysicalActivity","LE8_no_PA","Continuous","Continuous, per 1 SD",2212,1313,899,68.0720269829181,64.6639122834896,"WTSB2YR","ok",,-0.351631908116808,0.821628782225278,-2.16002466489881,1.45676084866519,0.676932235119341,-0.204162878145694,-1.45779820048954,1.04947244419816,0.726794574930892,-0.555794786262501,-1.83770377961779,0.726114207092789,0.360444129223612,0.971036797803174,0.926488854538955,FALSE,FALSE,FALSE,FALSE
"Norharman_ln_U","PhysicalActivity","LE8_no_PA","Continuous","Continuous, per 1 SD",1149,725,424,69.6866995073892,64.2014824797844,"WTSA2YR","ok",,0.47543876181948,1.1555297947287,-1.78935801891173,2.74023554255069,0.680745117388671,-0.630955331760563,-1.45540003883698,0.193489375315852,0.133619849014584,-0.155516569941083,-2.2227725813757,1.91173944149353,0.882780669088834,0.971036797803174,0.926488854538955,FALSE,FALSE,FALSE,FALSE
"Total_As_ln_U","PhysicalActivity","LE8_no_PA","Continuous","Continuous, per 1 SD",2266,1362,904,68.5619886721208,63.6259481668774,"WTSA2YR","ok",,-0.215623338823342,0.516362397266195,-1.35212931243558,0.920882634788895,0.68428767630425,2.59518400028643,1.67668465245143,3.51368334812143,6.54066207610375e-05,2.37956066146308,1.36746390493003,3.39165741799614,0.00030622178840854,0.971036797803174,0.926488854538955,FALSE,FALSE,FALSE,FALSE
"THg_ln_S","PhysicalActivity","LE8_no_PA","Continuous","Continuous, per 1 SD",3437,2047,1390,68.4318514899853,63.9424460431655,"WTSH2YR","ok",,0.231751313353095,0.569012262413882,-1.02063623213003,1.48413885883622,0.691610780312707,2.06473305333612,1.21749967738024,2.91196642929199,0.000228915024979397,2.29648436668921,1.41564839241507,3.17732034096335,0.000130594247333332,0.972169870439559,0.926488854538955,FALSE,FALSE,FALSE,FALSE
"IHg_binary_S","PhysicalActivity","LE8_no_PA","Binary","Binary 0/1",3437,2046,1391,68.4216589861751,63.9308822019102,"WTSH2YR","ok",,0.44621196591312,1.14757166574762,-2.07957624053903,2.97200017236527,0.704821848122526,1.13383849006348,-0.58353877797083,2.85121575809779,0.174114671758931,1.5800504559766,-0.332054887003813,3.49215579895701,0.0962502728227682,0.973236393690206,0.926488854538955,FALSE,FALSE,FALSE,FALSE
"BPF_binary_U","PhysicalActivity","LE8_no_PA","Binary","Binary 0/1",2213,1314,899,68.0452272233094,64.6639122834896,"WTSB2YR","ok",,-0.551171160136664,1.45510613538587,-3.75383817047926,2.65149585020593,0.712057319141266,-1.19713955196535,-3.24648999076204,0.852210886831331,0.224948554235993,-1.74831071210202,-4.20053435726319,0.703912933059148,0.144902587459278,0.973236393690206,0.926488854538955,FALSE,FALSE,FALSE,FALSE
"HIBP_ln_U","PhysicalActivity","LE8_no_PA","Continuous","Continuous, per 1 SD",2131,1255,876,68.0910643141719,64.5694716242661,"WTSB2YR|WTSSBH2Y","ok",,-0.269072574800327,0.711283845805971,-1.83459776403218,1.29645261443152,0.712412934790378,0.474481036325363,-0.432139591198075,1.3811016638488,0.273787520007081,0.205408461525036,-1.05598264686331,1.46679956991338,0.726816786804763,0.973236393690206,0.926488854538955,FALSE,FALSE,FALSE,FALSE
"MCOCH_binary_U","PhysicalActivity","LE8_no_PA","Binary","Binary 0/1",1039,642,397,67.4210057854918,63.7063691975531,"WTSB2YR","ok",,-0.756612843962554,2.15362538248218,-4.97764102981893,3.46441534189382,0.725347883098534,-2.26029177015936,-5.09164377057471,0.571060230255988,0.117663709234242,-3.01690461412192,-7.12866277816052,1.09485354991669,0.150412239249514,0.973236393690206,0.931645094814556,FALSE,FALSE,FALSE,FALSE
"BCETP_ln_U","PhysicalActivity","LE8_no_PA","Continuous","Continuous, per 1 SD",2049,1228,821,68.200325732899,64.1325909170002,"WTSSBI2Y|WTSSCH2Y","ok",,0.220534547567988,0.620684591178541,-1.14558302671353,1.5866521218495,0.729077754074298,-0.17754607839215,-1.41145074232102,1.05635858553673,0.757401186711673,0.0429884691758382,-0.947589633870492,1.03356657222217,0.925622117593249,0.973236393690206,0.931645094814556,FALSE,FALSE,FALSE,FALSE
"Co_ln_U","PhysicalActivity","LE8_no_PA","Continuous","Continuous, per 1 SD",2266,1362,904,68.5619886721208,63.6259481668774,"WTSA2YR","ok",,-0.283922451585,0.806821438290522,-2.05972446410623,1.49187956093623,0.731560242236934,1.21656452175865,0.207929883076076,2.22519916044121,0.0223969393598403,0.932642070173645,-0.330624966145628,2.19590910649292,0.132457526490641,0.973236393690206,0.931645094814556,FALSE,FALSE,FALSE,FALSE
"EtP_binary_U","PhysicalActivity","LE8_no_PA","Binary","Binary 0/1",2214,1315,899,68.048886474742,64.6639122834896,"WTSB2YR","ok",,-0.424465389532726,1.34649060170549,-3.38807122208937,2.53914044302392,0.758480340855744,2.4142806368,0.392301950812925,4.43625932278708,0.0234901756271726,1.98981524726728,-0.532994391875933,4.51262488641048,0.110453499354171,0.996248190450852,0.947792847378163,FALSE,FALSE,FALSE,FALSE
"BPS_ln_U","PhysicalActivity","LE8_no_PA","Continuous","Continuous, per 1 SD",2211,1312,899,68.0683797909408,64.6639122834896,"WTSB2YR","ok",,-0.205480245939893,0.668416525064884,-1.67665509836772,1.26569460648794,0.764270580763622,-0.35652303544475,-1.38732671758984,0.67428064670034,0.462514321640101,-0.562003281384644,-1.70304054801142,0.57903398524213,0.301523950226593,0.996248190450852,0.948309851740819,FALSE,FALSE,FALSE,FALSE
"o_ANS_ln_U","PhysicalActivity","LE8_no_PA","Continuous","Continuous, per 1 SD",1056,674,382,69.8103009749894,64.6278982797307,"WTSA2YR","ok",,-0.3430661346009,1.2341657303989,-2.76198651713631,2.07585424793451,0.781032224274325,0.767942874482074,-0.591116626263686,2.12700237522783,0.268083542076662,0.424876739881174,-1.64944465903417,2.49919813879652,0.688086436525024,0.996248190450852,0.956885338977553,FALSE,FALSE,FALSE,FALSE
"PHE_Cys_binary_U","PhysicalActivity","LE8_no_PA","Binary","Binary 0/1",2200,1319,881,68.7138524856493,63.6987189881628,"WTSA2YR","ok",,-0.378237837187173,1.45436754104629,-3.57927921234902,2.82280353797467,0.799613191696014,-4.87464709276693,-6.37876595045893,-3.37052823507492,1.90983094547974e-05,-5.2528849299541,-7.98870876769725,-2.51706109221096,0.00142201269569283,0.996248190450852,0.968637118395984,FALSE,FALSE,FALSE,FALSE
"AsC_binary_U","PhysicalActivity","LE8_no_PA","Binary","Binary 0/1",2272,1364,908,68.5750942605781,63.6493077407174,"WTSA2YR","ok",,0.432350531766824,1.80128627487704,-3.53225382831429,4.39695489184794,0.81472646267959,1.00611152289731,-1.88667038605007,3.8988934318447,0.460081425718872,1.43846205466414,-1.60353414710344,4.48045825643171,0.320315539996624,0.996248190450852,0.972739501409888,FALSE,FALSE,FALSE,FALSE
"BPA_ln_U","PhysicalActivity","LE8_no_PA","Continuous","Continuous, per 1 SD",2212,1313,899,68.0720269829181,64.6639122834896,"WTSB2YR","ok",,-0.183383421792346,0.807523487957182,-1.96073063521154,1.59396379162685,0.824516299834329,-0.777176231743918,-1.94754334511472,0.393190881626881,0.171835085777792,-0.960559653536263,-2.04147102411168,0.120351717039158,0.0763434637018316,0.996248190450852,0.972739501409888,FALSE,FALSE,FALSE,FALSE
"X3_FL_ln_U","PhysicalActivity","LE8_no_PA","Continuous","Continuous, per 1 SD",2256,1357,899,68.5956416464891,63.625456856825,"WTSA2YR","ok",,-0.159869579308488,0.722948666329342,-1.75106886540741,1.43132970679044,0.829038223981952,-3.32596258704763,-4.28708250141945,-2.36484267267582,1.03880346859628e-05,-3.48583216635612,-4.54552139110111,-2.42614294161113,1.66499522644013e-05,0.996248190450852,0.972739501409888,FALSE,FALSE,FALSE,FALSE
"Toluene_ln_S","PhysicalActivity","LE8_no_PA","Continuous","Continuous, per 1 SD",3306,1960,1346,68.4139941690962,63.9869454468266,"WTSVOC2Y","ok",,-0.106458149928618,0.504966082177307,-1.21788100315049,1.00496470329325,0.836880509025371,-3.578735365283,-4.1707918309627,-2.98667889960331,4.00172217128473e-08,-3.68519351521162,-4.86245183855636,-2.50793519186688,2.62264002475507e-05,0.996248190450852,0.972739501409888,FALSE,FALSE,FALSE,FALSE
"BCPP_binary_U","PhysicalActivity","LE8_no_PA","Binary","Binary 0/1",2053,1232,821,68.2177643784787,64.1325909170002,"WTSSBI2Y|WTSSCH2Y","ok",,-0.310800733540055,1.5121343247273,-3.63898594233003,3.01738447524992,0.84090627203915,-0.672461090949275,-2.85442504037269,1.50950285847414,0.511584238227452,-0.983261824489329,-3.1270754416259,1.16055179264725,0.334432905052109,0.996248190450852,0.972739501409888,FALSE,FALSE,FALSE,FALSE
"DBUP_binary_U","PhysicalActivity","LE8_no_PA","Binary","Binary 0/1",2051,1231,820,68.2401067656957,64.1271777003484,"WTSSBI2Y|WTSSCH2Y","ok",,0.327240510564482,1.61271365075263,-3.22231830221926,3.87679932334823,0.842907609273222,-1.20840385127522,-3.45553078604567,1.03872308349523,0.261522447911963,-0.88116334071074,-3.53405591578684,1.77172923436536,0.480024812060224,0.996248190450852,0.972739501409888,FALSE,FALSE,FALSE,FALSE
"X3PBA_ln_U","PhysicalActivity","LE8_no_PA","Continuous","Continuous, per 1 SD",2245,1358,887,68.346307595203,64.2535029795458,"WTSB2YR|WTSC2YR","ok",,0.132421770681835,0.656399127804718,-1.31230296871344,1.57714651007711,0.843802554075356,0.947962171990973,0.0603218036699162,1.83560254031203,0.0384493676518866,1.08038394267281,-0.14118273586895,2.30195062121457,0.0775645886264446,0.996248190450852,0.972739501409888,FALSE,FALSE,FALSE,FALSE
"TCC_binary_U","PhysicalActivity","LE8_no_PA","Binary","Binary 0/1",2214,1315,899,68.048886474742,64.6639122834896,"WTSB2YR","ok",,0.299934434462464,1.56867036894786,-3.15268576866725,3.75255463759217,0.851850023210346,-1.0944195288371,-3.49593857391636,1.30709951624215,0.337399614681284,-0.794485094374641,-3.34114651853464,1.75217632978536,0.506523883494529,0.996248190450852,0.97514028889492,FALSE,FALSE,FALSE,FALSE
"EO_ln_S","PhysicalActivity","LE8_no_PA","Continuous","Continuous, per 1 SD",2243,1351,892,68.5307179866765,63.4248878923767,"WTSA2YR","ok",,0.131860927699472,0.690294652705202,-1.38746735899529,1.65118921439423,0.85198899222414,-4.30320394450077,-5.04777455377954,-3.558633335222,6.37452874563595e-08,-4.1713430168013,-5.24652485798164,-3.09616117562096,3.49536505077747e-06,0.996248190450852,0.97514028889492,FALSE,FALSE,FALSE,FALSE
"MB3_Cys_ln_U","PhysicalActivity","LE8_no_PA","Continuous","Continuous, per 1 SD",2197,1320,877,68.4031385281385,63.6455448770158,"WTSA2YR","ok",,-0.139810032604625,0.788782920175419,-1.87590953444447,1.59628946923522,0.862535342516886,-3.05893079060441,-3.89744126585097,-2.22042031535784,6.30886713544877e-06,-3.19874082320903,-4.52382295239725,-1.87365869402082,0.000247365863574754,0.996248190450852,0.979466590692554,FALSE,FALSE,FALSE,FALSE
"TTCA_binary_U","PhysicalActivity","LE8_no_PA","Binary","Binary 0/1",1180,742,438,69.3559876780901,64.2694063926941,"WTSA2YR","ok",,0.391043274081019,2.55467117354142,-4.61602021840283,5.39810676656487,0.878343148416626,-1.84192173385979,-4.17080891370682,0.486965445987248,0.121108011128054,-1.45087845977877,-5.63850925201174,2.73675233245421,0.497097279496318,0.996248190450852,0.984465611407303,FALSE,FALSE,FALSE,FALSE
"PFUnDA_binary_S","PhysicalActivity","LE8_no_PA","Binary","Binary 0/1",2211,1301,910,67.869221477984,64.6993720565149,"WTSB2YR","ok",,-0.246419821075531,1.58638256162736,-3.7380242974455,3.24518465529444,0.879371418331392,3.68489989687808,1.30257733729221,6.06722245646395,0.00588304069219771,3.43848007580255,0.526557836094464,6.35040231551064,0.0247387078722662,0.996248190450852,0.984465611407303,FALSE,FALSE,FALSE,FALSE
"Thiocyanate_ln_U","PhysicalActivity","LE8_no_PA","Continuous","Continuous, per 1 SD",2249,1355,894,68.5925144965735,63.6121764141898,"WTSA2YR","ok",,0.125453685167621,0.843292512641605,-1.73062062077294,1.98152799110818,0.884430116609781,-2.39798963631063,-3.23833312624985,-1.5576461463714,5.99696791433893e-05,-2.272535951143,-3.85141777967435,-0.693654122611657,0.00895125376561751,0.996248190450852,0.984465611407303,FALSE,FALSE,FALSE,FALSE
"X2_AN_ln_U","PhysicalActivity","LE8_no_PA","Continuous","Continuous, per 1 SD",1113,704,409,69.8812905844156,64.9371288857841,"WTSA2YR","ok",,0.0916580941151375,0.764848910187563,-1.4074182234672,1.59073441169747,0.904611344118618,-2.03011398169686,-3.07544376524444,-0.984784198149281,0.000141000450818583,-1.93845588758172,-3.21727860664346,-0.659633168519988,0.00296891171522762,0.996248190450852,0.98447297975783,FALSE,FALSE,FALSE,FALSE
"BDCM_binary_S","PhysicalActivity","LE8_no_PA","Binary","Binary 0/1",3341,1985,1356,68.3810723281756,63.9975769068689,"WTSVOC2Y","ok",,0.160619434074815,1.45074248294338,-3.03244324199805,3.35368211014769,0.913836322021304,0.336146366516408,-1.54395486247834,2.21624759551115,0.70145741571674,0.496765800591223,-2.04873556748318,3.04226716866562,0.675828785301239,0.996248190450852,0.98447297975783,FALSE,FALSE,FALSE,FALSE
"MEP_ln_U","PhysicalActivity","LE8_no_PA","Continuous","Continuous, per 1 SD",2212,1313,899,68.0720269829181,64.6639122834896,"WTSB2YR","ok",,-0.0856407704232051,0.78244039034065,-1.80778045821928,1.63649891737287,0.914814111698473,-0.457983676444306,-1.50480528228333,0.588837929394714,0.356273890810802,-0.543624446867511,-1.98678308156814,0.89953418783312,0.424678816962294,0.996248190450852,0.98447297975783,FALSE,FALSE,FALSE,FALSE
"Mn_binary_U","PhysicalActivity","LE8_no_PA","Binary","Binary 0/1",2268,1363,905,68.5740488418405,63.6298342541436,"WTSA2YR","ok",,0.178208203726341,1.69962512743769,-3.56264147948288,3.91905788693557,0.918381126326841,-0.896891970756319,-3.1168146111605,1.32303066964786,0.392905177946716,-0.718683767029977,-3.42124446191086,1.98387692785091,0.57015723985843,0.996248190450852,0.98447297975783,FALSE,FALSE,FALSE,FALSE
"Se_ln_S","PhysicalActivity","LE8_no_PA","Continuous","Continuous, per 1 SD",3437,2047,1390,68.4318514899853,63.9424460431655,"WTSH2YR","ok",,-0.0518305169230781,0.547210787907048,-1.25623334054854,1.15257230670239,0.92624247877112,-0.450603534407333,-1.2727394667423,0.371532397927636,0.252992867391138,-0.502434051330411,-1.43498647730677,0.430118374645944,0.260672284669119,0.996248190450852,0.98447297975783,FALSE,FALSE,FALSE,FALSE
"CMAC_ln_U","PhysicalActivity","LE8_no_PA","Continuous","Continuous, per 1 SD",2229,1344,885,68.6107568027211,63.7013720742534,"WTSA2YR","ok",,0.0766957686323334,0.838347991907991,-1.76849572054978,1.92188725781445,0.928752446659936,-2.69343569446701,-3.74455501641144,-1.64231637252257,0.000151063916598251,-2.61673992583467,-4.31622942911466,-0.917250422554687,0.00604658887113979,0.996248190450852,0.98447297975783,FALSE,FALSE,FALSE,FALSE
"DMA_ln_U","PhysicalActivity","LE8_no_PA","Continuous","Continuous, per 1 SD",2270,1363,907,68.5630437061105,63.6454559773193,"WTSA2YR","ok",,0.0526728952151243,0.577595784933486,-1.21860685595496,1.32395264638521,0.928978433710755,2.75371822230049,1.71458173158091,3.79285471302008,0.000113735256236051,2.80639111751562,1.63921337329473,3.97356886173651,0.000255488863111449,0.996248190450852,0.98447297975783,FALSE,FALSE,FALSE,FALSE
"Ethylbenzene_binary_S","PhysicalActivity","LE8_no_PA","Binary","Binary 0/1",3285,1955,1330,68.3438070880526,63.9006444683136,"WTSVOC2Y","ok",,-0.0809621703308873,0.922907237001333,-2.112267303112,1.95034296245022,0.931671784137109,-6.24323480203449,-8.33143902968076,-4.15503057438821,3.96783883401632e-05,-6.32419697236537,-9.13148476520114,-3.51690917952961,0.000429921303196895,0.996248190450852,0.98447297975783,FALSE,FALSE,FALSE,FALSE
"DPCP_binary_U","PhysicalActivity","LE8_no_PA","Binary","Binary 0/1",1118,656,462,69.0603222996516,64.6057513914657,"WTSSCH2Y","ok",,-0.242076593179582,3.37962155650179,-6.86601312529829,6.38185993893913,0.94289770683511,-0.194732854292952,-5.97916541930617,5.58969971072027,0.947392025177088,-0.436809447472533,-5.26197548339494,4.38835658844987,0.859170388107261,0.996248190450852,0.98447297975783,FALSE,FALSE,FALSE,FALSE
"PMA_binary_U","PhysicalActivity","LE8_no_PA","Binary","Binary 0/1",2222,1335,887,68.5056179775281,63.7244322757288,"WTSA2YR","ok",,0.0698974898225275,1.00831841693959,-2.1493963825086,2.28919136215365,0.945978353973567,-2.11533866193273,-3.71568183562644,-0.514995488239023,0.0142075870724973,-2.0454411721102,-4.09730008912329,0.00641774490289082,0.0506047006520807,0.996248190450852,0.98447297975783,FALSE,FALSE,FALSE,FALSE
"X1_NP_ln_U","PhysicalActivity","LE8_no_PA","Continuous","Continuous, per 1 SD",2184,1313,871,68.6802306604287,63.6550762670166,"WTSA2YR","ok",,0.0466014367804855,0.752905478447314,-1.61053234823375,1.70373522179472,0.951756406230513,-1.99619381460863,-3.09982473024862,-0.892562898968652,0.00215498917222629,-1.94959237782815,-3.46490723965975,-0.434277515996543,0.0163203820970424,0.996248190450852,0.984803503669073,FALSE,FALSE,FALSE,FALSE
"PFDA_ln_S","PhysicalActivity","LE8_no_PA","Continuous","Continuous, per 1 SD",2211,1301,910,67.869221477984,64.6993720565149,"WTSB2YR","ok",,-0.0348464937292166,0.706929282747418,-1.59078735429051,1.52109436683208,0.961569636220706,1.11886217677256,0.162393015815955,2.07533133772917,0.0258342105254864,1.08401568304335,-0.430559314573776,2.59859068066047,0.143491636342019,0.996248190450852,0.989802250755684,FALSE,FALSE,FALSE,FALSE
"DBCM_binary_S","PhysicalActivity","LE8_no_PA","Binary","Binary 0/1",3373,2003,1370,68.41523429142,63.973409801877,"WTSVOC2Y","ok",,0.073364875416369,1.76194375138108,-3.80464717428958,3.95137692512232,0.967532977553341,-0.582055913894496,-2.82671859325127,1.66260676546228,0.579654785497064,-0.508691038478127,-3.23026625853715,2.2128841815809,0.688689989043375,0.996248190450852,0.991097345811026,FALSE,FALSE,FALSE,FALSE
"MEHP_binary_U","PhysicalActivity","LE8_no_PA","Binary","Binary 0/1",2213,1314,899,68.0593607305936,64.6639122834896,"WTSB2YR","ok",,0.0472281327055142,1.14423883138003,-2.47122455476253,2.56568082017356,0.967816535674525,-0.0332003573529926,-1.78968771916971,1.72328700446372,0.967561452460753,0.0140277753525216,-1.99225428011027,2.02030983081532,0.987997314567044,0.996248190450852,0.991097345811026,FALSE,FALSE,FALSE,FALSE
"FA_ln_S","PhysicalActivity","LE8_no_PA","Continuous","Continuous, per 1 SD",2059,1239,820,68.6798109074138,63.4372822299652,"WTSA2YR","ok",,-0.0280783515393882,0.861357738100603,-1.92391395062892,1.86775724755014,0.974579309344878,0.435136647552573,-0.637835054038239,1.50810834914339,0.391182802776133,0.407058296013185,-1.08200188384522,1.89611847587159,0.559587156781213,0.996248190450852,0.995336093624257,FALSE,FALSE,FALSE,FALSE
"MCOP_ln_U","PhysicalActivity","LE8_no_PA","Continuous","Continuous, per 1 SD",2212,1313,899,68.0720269829181,64.6639122834896,"WTSB2YR","ok",,-0.0120554931270848,0.581220362276088,-1.29131288523984,1.26720189898567,0.983823171341759,0.337237541966652,-0.770489356660535,1.44496444059384,0.516633003430196,0.325182048839568,-0.825751330080387,1.47611542775952,0.546705656550486,0.996248190450852,0.997922557157492,FALSE,FALSE,FALSE,FALSE
"Cd_ln_S","PhysicalActivity","LE8_no_PA","Continuous","Continuous, per 1 SD",3437,2047,1390,68.4318514899853,63.9424460431655,"WTSH2YR","ok",,-0.010895718760649,0.587279817560559,-1.30348988203276,1.28169844451147,0.985530056806206,-3.26236794263289,-4.13523735686089,-2.3894985284049,5.00590934755923e-06,-3.27326366139354,-4.33233251917149,-2.2141948036156,2.94365299290529e-05,0.996248190450852,0.997922557157492,FALSE,FALSE,FALSE,FALSE
"DEA_ln_U","PhysicalActivity","LE8_no_PA","Continuous","Continuous, per 1 SD",2239,1360,879,68.3975840336134,64.2629611571591,"WTSB2YR|WTSC2YR","ok",,-0.00726559526580854,0.795298053460004,-1.75770480878104,1.74317361824943,0.99287445826546,-0.425815454499681,-1.54448247193307,0.692851562933703,0.419977162260381,-0.43308104976549,-1.76912757010176,0.902965470570782,0.490426291596861,0.996248190450852,0.997922557157492,FALSE,FALSE,FALSE,FALSE
"Nitrate_ln_U","PhysicalActivity","LE8_no_PA","Continuous","Continuous, per 1 SD",2255,1358,897,68.5830002103934,63.670966714445,"WTSA2YR","ok",,0.00560135983619938,0.677040819602548,-1.48455543688529,1.49575815655769,0.993547078069532,1.67825097904852,0.492293938326098,2.86420801977095,0.00984400311213652,1.68385233888472,0.468127579483249,2.8995770982862,0.0110771836478655,0.996248190450852,0.997922557157492,FALSE,FALSE,FALSE,FALSE
"MHNCH_binary_U","PhysicalActivity","LE8_no_PA","Binary","Binary 0/1",2213,1314,899,68.0593607305936,64.6639122834896,"WTSB2YR","ok",,0.00835102258748526,1.73612201076225,-3.81282775920869,3.82952980438366,0.996248190450852,-1.60715292357457,-3.98200610721698,0.767700260067841,0.164461053196298,-1.59880190098708,-4.38733420298732,1.18973040101315,0.233074217458403,0.996248190450852,0.997922557157492,FALSE,FALSE,FALSE,FALSE
"PMA_binary_U","Sleep","LE8_no_sleep","Binary","Binary 0/1",2222,1227,995,66.4652462451973,62.8528356066045,"WTSA2YR","ok",,4.08533194808786,1.6344872433669,0.48784978107822,7.68281411509749,0.0295348213340164,-3.81069782250719,-5.93618845639479,-1.68520718861959,0.00228815605712929,0.274634125580667,-2.54229688703722,3.09156513819856,0.834018621870665,0.96782499090822,0.450973920290067,TRUE,FALSE,FALSE,FALSE
"NDMA_binary_U","Sleep","LE8_no_sleep","Binary","Binary 0/1",927,525,402,65.5224489795918,62.2157071783937,"WTSSBI2Y","ok",,-4.67362613834059,2.36159026075122,-9.30225799565354,-0.0449942810276402,0.0478141463805418,6.75052351930021,3.23862847106577,10.2624185675346,0.000164943498220583,2.07689738095962,-2.75373405697819,6.90752881889742,0.399411191700905,0.96782499090822,0.529982234921422,TRUE,FALSE,FALSE,FALSE
"DETP_binary_U","Sleep","LE8_no_sleep","Binary","Binary 0/1",1043,587,456,65.6364078851302,62.5250626566416,"WTSB2YR","ok",,-4.98959505679607,2.62101292020673,-10.1266859834154,0.147495869823283,0.0569506207461154,5.1764618464002,1.35428577662075,8.99863791617966,0.00794437548726919,0.186866789604133,-3.14160501777281,3.51533859698107,0.912380716271945,0.96782499090822,0.529982234921422,FALSE,FALSE,FALSE,FALSE
"ATCA_ln_U","Sleep","LE8_no_sleep","Continuous","Continuous, per 1 SD",2197,1221,976,66.5057915057915,62.8864168618267,"WTSA2YR","ok",,1.40701733553952,0.666704786382953,-0.0603900054514279,2.87442467653047,0.0585357180759529,-0.459942523588084,-1.80425591265464,0.884370865478476,0.467234791715455,0.947074811951435,-0.660179376572667,2.55432900047554,0.22119868432052,0.96782499090822,0.529982234921422,FALSE,FALSE,FALSE,FALSE
"MEHHP_ln_U","Sleep","LE8_no_sleep","Continuous","Continuous, per 1 SD",2212,1217,995,66.0940251203193,63.5599425699928,"WTSB2YR","ok",,-1.06473522041064,0.561363236935278,-2.30028737432619,0.170816933504917,0.0844211340532998,0.00578122989368563,-1.08974409469966,1.10130655448703,0.990940849459526,-1.05895399051695,-2.26284963341319,0.144941652379285,0.0789769545501543,0.96782499090822,0.604203180326258,FALSE,FALSE,FALSE,FALSE
"MCOCH_binary_U","Sleep","LE8_no_sleep","Binary","Binary 0/1",1039,584,455,65.6873776908024,62.5902668759812,"WTSB2YR","ok",,2.91769782999131,1.70134293903252,-0.416873055863963,6.25226871584657,0.0863565760916391,-3.42224442230552,-6.46080784040243,-0.38368100420862,0.0272826595420739,-0.504546592314218,-3.25789655712567,2.24880337249723,0.719475404790229,0.96782499090822,0.604203180326258,FALSE,FALSE,FALSE,FALSE
"MHBP_ln_U","Sleep","LE8_no_sleep","Continuous","Continuous, per 1 SD",2131,1176,955,66.0477405247813,63.3350785340314,"WTSB2YR|WTSSBH2Y","ok",,-1.09202253461126,0.585055929044117,-2.37972195226099,0.195676883038464,0.0888323972742701,2.02315236884717,0.743267201856161,3.30303753583818,0.00515604948074704,0.931129834235909,-0.631701180015284,2.4939608484871,0.216455152961508,0.96782499090822,0.604203180326258,FALSE,FALSE,FALSE,FALSE
"MCPP_ln_U","Sleep","LE8_no_sleep","Continuous","Continuous, per 1 SD",2212,1217,995,66.0940251203193,63.5599425699928,"WTSB2YR","ok",,-1.46736345716062,0.78781479360959,-3.20133212679598,0.266605212474746,0.0894257773484649,1.18499878243277,-0.0505253763533975,2.42052294121893,0.0584776173726811,-0.282364674727852,-1.26292075116843,0.698191401712727,0.539164309711092,0.96782499090822,0.604203180326258,FALSE,FALSE,FALSE,FALSE
"Sb_ln_U","Sleep","LE8_no_sleep","Continuous","Continuous, per 1 SD",2266,1251,1015,66.4588329336531,62.8676988036594,"WTSA2YR","ok",,1.24716541636456,0.671497976620993,-0.230791665209804,2.72512249793893,0.0902249715587868,-0.174515981573864,-1.26938817285717,0.920356209709445,0.732347174096786,1.0726494347907,0.0745516110026585,2.07074725857874,0.0374559865024766,0.96782499090822,0.604203180326258,FALSE,FALSE,FALSE,FALSE
"X2_NP_ln_U","Sleep","LE8_no_sleep","Continuous","Continuous, per 1 SD",2222,1225,997,66.6081632653061,63.0040120361083,"WTSA2YR","ok",,1.64004181778924,0.911016248213663,-0.365091425131391,3.64517506070987,0.0992772314857797,-3.96162776400422,-5.39112139930207,-2.53213412870636,7.74062673466915e-05,-2.32158594621498,-3.81444232901801,-0.828729563411944,0.00569481697764112,0.96782499090822,0.62589063985396,FALSE,FALSE,FALSE,FALSE
"Sn_ln_U","Sleep","LE8_no_sleep","Continuous","Continuous, per 1 SD",2265,1250,1015,66.4405714285714,62.8676988036594,"WTSA2YR","ok",,1.63627225558898,0.927480866072651,-0.405099366905866,3.67764387808382,0.105410178417807,-1.612022078627,-3.06981769312927,-0.154226464124736,0.0331832815288231,0.0242501769619772,-1.5284323921475,1.57693274607146,0.973193553446472,0.96782499090822,0.62589063985396,FALSE,FALSE,FALSE,FALSE
"MCOP_ln_U","Sleep","LE8_no_sleep","Continuous","Continuous, per 1 SD",2212,1217,995,66.0940251203193,63.5599425699928,"WTSB2YR","ok",,-1.31853076199696,0.748962605689725,-2.96698634258361,0.329924818589691,0.10606536010948,0.885059842052861,-0.503518108048124,2.27363779215385,0.188243225825616,-0.433470919944099,-1.39876354006114,0.531821700172942,0.344215414900833,0.96782499090822,0.62589063985396,FALSE,FALSE,FALSE,FALSE
"DMP_ln_U","Sleep","LE8_no_sleep","Continuous","Continuous, per 1 SD",1040,586,454,65.6240858117991,62.5173064820642,"WTSB2YR","ok",,2.29989509089933,1.46236972252014,-0.566296897321976,5.16608707912064,0.115784144979242,0.297280015203189,-1.62812173149477,2.22268176190115,0.762182223490533,2.59717510610252,1.04571704022268,4.14863317198235,0.00103431292556459,0.96782499090822,0.633958646193645,FALSE,FALSE,FALSE,FALSE
"X24_DCP_ln_U","Sleep","LE8_no_sleep","Continuous","Continuous, per 1 SD",2212,1217,995,66.0940251203193,63.5599425699928,"WTSB2YR","ok",,-1.62966563414247,0.956877201150754,-3.7357381539053,0.476406885620362,0.116599690479266,1.17207272595673,-0.315116514947117,2.65926196686057,0.110701570239884,-0.457592908185741,-1.63629532427159,0.721109507900108,0.41107263232875,0.96782499090822,0.633958646193645,FALSE,FALSE,FALSE,FALSE
"PFBA_binary_U","Sleep","LE8_no_sleep","Binary","Binary 0/1",1094,592,502,66.4032335907336,63.9997154240182,"WTSSBH2Y","ok",,-4.4160627256085,2.833979548579,-9.97056057374642,1.13843512252943,0.11917281806779,4.81759965967745,2.33417713097184,7.30102218838306,0.000143451228310061,0.401536934068955,-3.89444012264006,4.69751399077797,0.854645672646522,0.96782499090822,0.633958646193645,FALSE,FALSE,FALSE,FALSE
"PNP_ln_U","Sleep","LE8_no_sleep","Continuous","Continuous, per 1 SD",2222,1199,1023,66.5721434528774,63.3647535260438,"WTSB2YR|WTSC2YR","ok",,-1.11929470152954,0.668450902064775,-2.59054521722398,0.351955814164904,0.122203478248965,1.92235284762085,0.732982295816529,3.11172339942516,0.00449329017379839,0.80305814609131,-0.334710432573259,1.94082672475588,0.148585750088409,0.96782499090822,0.633958646193645,FALSE,FALSE,FALSE,FALSE
"TCPY_ln_U","Sleep","LE8_no_sleep","Continuous","Continuous, per 1 SD",2243,1216,1027,66.4878994360902,63.398247322298,"WTSB2YR|WTSC2YR","ok",,-1.07675270817149,0.650850146559712,-2.50926422219288,0.355758805849907,0.126273471758094,2.04797362265346,1.13095556372882,2.9649916815781,0.000460172906133793,0.971220914481971,-0.333959601084301,2.27640143004824,0.129720788097019,0.96782499090822,0.633958646193645,FALSE,FALSE,FALSE,FALSE
"MEOHP_ln_U","Sleep","LE8_no_sleep","Continuous","Continuous, per 1 SD",2212,1217,995,66.0940251203193,63.5599425699928,"WTSB2YR","ok",,-0.918309523335092,0.574684821173569,-2.18318228646803,0.346563239797851,0.138363051474749,0.0571809336592808,-1.059566646871,1.17392851418956,0.912300942411742,-0.861128589675811,-2.0949105826838,0.37265340333218,0.152739857766474,0.96782499090822,0.642658863218045,FALSE,FALSE,FALSE,FALSE
"Mo_ln_U","Sleep","LE8_no_sleep","Continuous","Continuous, per 1 SD",2265,1250,1015,66.4405714285714,62.8676988036594,"WTSA2YR","ok",,-1.23263260920892,0.774211362781623,-2.9366603294656,0.471395111047757,0.139666274809041,1.87247913921331,0.719136371995082,3.02582190643154,0.00436930384052239,0.639846530004393,-0.849631305718898,2.12932436572769,0.364712689067041,0.96782499090822,0.642658863218045,FALSE,FALSE,FALSE,FALSE
"DMTP_ln_U","Sleep","LE8_no_sleep","Continuous","Continuous, per 1 SD",1043,586,457,65.6387128230132,62.5726789621757,"WTSB2YR","ok",,1.63707061231613,1.1097796533617,-0.538057539048139,3.81219876368041,0.140177268822728,1.52575272721241,-0.303188894940048,3.35469434936487,0.102037489680364,3.16282333952855,2.16557048880818,4.16007619024892,5.09675054527445e-10,0.96782499090822,0.642658863218045,FALSE,FALSE,FALSE,FALSE
"MCNP_ln_U","Sleep","LE8_no_sleep","Continuous","Continuous, per 1 SD",2212,1217,995,66.0940251203193,63.5599425699928,"WTSB2YR","ok",,-1.07153009224714,0.717974918901731,-2.65178223406785,0.508722049573564,0.163700015027571,0.96409779586864,-0.497465532468752,2.42566112420603,0.174462455290281,-0.107432296378504,-1.12708240023384,0.912217807476831,0.820873310074013,0.96782499090822,0.669456998147066,FALSE,FALSE,FALSE,FALSE
"Co_ln_U","Sleep","LE8_no_sleep","Continuous","Continuous, per 1 SD",2266,1251,1015,66.4588329336531,62.8676988036594,"WTSA2YR","ok",,1.0342886203993,0.717976546597306,-0.54596710395521,2.61454434475382,0.17756008197251,0.72868471284457,-0.237062876102781,1.69443230179192,0.124978029876733,1.76297333324388,0.304852655750126,3.22109401073762,0.0221411783222389,0.96782499090822,0.669456998147066,FALSE,FALSE,FALSE,FALSE
"BMA_ln_U","Sleep","LE8_no_sleep","Continuous","Continuous, per 1 SD",2244,1238,1006,66.4972305561966,62.9821073558648,"WTSA2YR","ok",,0.958492038012129,0.670840695305454,-0.518018377140732,2.43500245316499,0.180839753425157,1.48555874654349,0.529484245943204,2.44163324714378,0.00572410191806129,2.44405078455562,1.51929382507708,3.36880774403416,0.000116358729836151,0.96782499090822,0.669456998147066,FALSE,FALSE,FALSE,FALSE
"MINP_binary_U","Sleep","LE8_no_sleep","Binary","Binary 0/1",2213,1217,996,66.0940251203193,63.5592369477912,"WTSB2YR","ok",,-1.57537276174593,1.10260004694232,-4.00217910258234,0.851433579090466,0.180843249499459,2.07492885482588,0.0131428149903168,4.13671489466145,0.0487888882936517,0.499556093079947,-1.32544091267033,2.32455309883022,0.559072877882412,0.96782499090822,0.669456998147066,FALSE,FALSE,FALSE,FALSE
"Mn_ln_S","Sleep","LE8_no_sleep","Continuous","Continuous, per 1 SD",3437,1886,1551,66.4035752158764,62.8285898498664,"WTSH2YR","ok",,0.935061446801292,0.696483819745236,-0.597889104701913,2.4680119983045,0.206468349321881,-1.08460973994566,-1.84494312807667,-0.324276351814645,0.0094136312718495,-0.149548293144366,-1.42084133007565,1.12174474378692,0.800483850773575,0.96782499090822,0.708659042239963,FALSE,FALSE,FALSE,FALSE
"PPDA_binary_U","Sleep","LE8_no_sleep","Binary","Binary 0/1",945,523,422,64.3143949740508,62.5287745429926,"WTSA2YR","ok",,-3.39341982033394,2.7232758943141,-8.73094249315568,1.9441028524878,0.212735000399721,-1.7817779104137,-5.64821942487845,2.08466360405106,0.366412819392126,-5.17519773074764,-9.46481037151611,-0.885585089979165,0.0180497455811851,0.96782499090822,0.709857390100895,FALSE,FALSE,FALSE,FALSE
"Ba_ln_U","Sleep","LE8_no_sleep","Continuous","Continuous, per 1 SD",2266,1251,1015,66.4588329336531,62.8676988036594,"WTSA2YR","ok",,-0.999882865779159,0.762150289408485,-2.67736434252678,0.677598610968465,0.216264864997309,1.13163326515833,-0.460229838430441,2.72349636874709,0.145959954027939,0.131750399379167,-0.649542287209923,0.913043085968257,0.717571287310646,0.96782499090822,0.709857390100895,FALSE,FALSE,FALSE,FALSE
"TCC_binary_U","Sleep","LE8_no_sleep","Binary","Binary 0/1",2214,1217,997,66.0940251203193,63.5542341309643,"WTSB2YR","ok",,2.48303772967053,1.89696082717582,-1.69214490021861,6.65822035955966,0.217234279129794,-2.05807876541997,-5.37034926005928,1.25419172921934,0.198734497805069,0.424958964250555,-1.85046072367862,2.70037865217973,0.688924696611164,0.96782499090822,0.709857390100895,FALSE,FALSE,FALSE,FALSE
"MeA_a_C_binary_U","Sleep","LE8_no_sleep","Binary","Binary 0/1",1162,639,523,68.3802816901408,64.00300464354,"WTSA2YR","ok",,3.60479468070938,2.98263060443439,-2.24105388316896,9.45064324458771,0.226818188918221,-9.77724389804743,-14.2114950156456,-5.34299278044927,1.54903991547994e-05,-6.17244921733806,-9.05485438978436,-3.29004404489175,2.70339917580031e-05,0.96782499090822,0.717045429584856,FALSE,FALSE,FALSE,FALSE
"Sm_PFOS_ln_S","Sleep","LE8_no_sleep","Continuous","Continuous, per 1 SD",1045,583,462,65.3810340602793,62.3979591836735,"WTSB2YR","ok",,1.47670191549412,1.24053176726096,-0.954695670015183,3.90809950100342,0.233897795333452,-0.0911793288622403,-2.36358934710129,2.18123068937681,0.937316913536455,1.38552258663188,0.115081519074382,2.65596365418937,0.0325569244211644,0.96782499090822,0.717045429584856,FALSE,FALSE,FALSE,FALSE
"BCPP_binary_U","Sleep","LE8_no_sleep","Binary","Binary 0/1",2053,1120,933,66.234056122449,63.1809830041341,"WTSSBI2Y|WTSSCH2Y","ok",,2.31727554598202,1.84644102261293,-1.74671374377348,6.38126483573752,0.235488210466842,-2.32694421736153,-5.13689277632344,0.483004341600377,0.0956252223115875,-0.00966867137951155,-2.74590936605107,2.72657202329205,0.993933921356088,0.96782499090822,0.717045429584856,FALSE,FALSE,FALSE,FALSE
"AsB_binary_U","Sleep","LE8_no_sleep","Binary","Binary 0/1",2272,1255,1017,66.4149117814457,62.9084141031044,"WTSA2YR","ok",,-1.65520089686668,1.32709700238376,-4.57612170511544,1.26571991138208,0.238213078956043,1.78205187373372,-0.469950408975914,4.03405415644336,0.109418245371504,0.126850976867041,-1.5795212754581,1.83322322919218,0.872997568523415,0.96782499090822,0.717045429584856,FALSE,FALSE,FALSE,FALSE
"BCETP_ln_U","Sleep","LE8_no_sleep","Continuous","Continuous, per 1 SD",2049,1119,930,66.2096259415294,63.1428571428571,"WTSSBI2Y|WTSSCH2Y","ok",,0.897613099252907,0.734860531129903,-0.71980402450107,2.51503022300688,0.247439118332156,-0.759579909152587,-2.15076847339349,0.631608655088314,0.254704310324288,0.138033190100321,-1.10794576937548,1.38401214957612,0.811849120544567,0.96782499090822,0.740908086721115,FALSE,FALSE,FALSE,FALSE
"HIBP_ln_U","Sleep","LE8_no_sleep","Continuous","Continuous, per 1 SD",2131,1176,955,66.0477405247813,63.3350785340314,"WTSB2YR|WTSSBH2Y","ok",,-1.11225747493797,0.915577744927554,-3.12743050443369,0.902915554557742,0.249870009112322,0.937353979840062,-0.391024788081813,2.26573274776194,0.148680267366996,-0.174903495097911,-1.43587051664914,1.08606352645332,0.765844902354984,0.96782499090822,0.740908086721115,FALSE,FALSE,FALSE,FALSE
"X4FPBA_binary_U","Sleep","LE8_no_sleep","Binary","Binary 0/1",2266,1226,1040,66.4810067583314,63.404532967033,"WTSB2YR|WTSC2YR","ok",,3.33899254036837,2.83886201111894,-2.90930061765233,9.58728569838906,0.264352875366967,-3.03751429670644,-8.79782509004144,2.72279649662857,0.270365936394033,0.30147824366193,-2.40029097729306,3.00324746461692,0.810515492805356,0.96782499090822,0.765743909399809,FALSE,FALSE,FALSE,FALSE
"A_a_C_binary_U","Sleep","LE8_no_sleep","Binary","Binary 0/1",1162,640,522,68.3683035714286,64.0585659551177,"WTSA2YR","ok",,-2.30233086377323,2.09381867539877,-6.40614005771218,1.80147833016573,0.271513135449012,-4.13510592866951,-6.92053169860903,-1.34968015872999,0.00361815173938689,-6.43743679244274,-8.70000113968492,-4.17487244520055,2.4543446935075e-08,0.96782499090822,0.765743909399809,FALSE,FALSE,FALSE,FALSE
"CEMA_AAM_ln_U","Sleep","LE8_no_sleep","Continuous","Continuous, per 1 SD",2190,1207,983,66.5262161202509,62.9138206656009,"WTSA2YR","ok",,0.951356016140403,0.830152551954325,-0.875797431323269,2.77850946360407,0.276113713465202,-1.12809766552539,-2.5352994128339,0.279104081783118,0.105369794265999,-0.176741649384987,-1.47497695314878,1.12149365437881,0.77003632550477,0.96782499090822,0.765743909399809,FALSE,FALSE,FALSE,FALSE
"PFHxA_binary_U","Sleep","LE8_no_sleep","Binary","Binary 0/1",1094,592,502,66.4032335907336,63.9997154240182,"WTSSBH2Y","ok",,2.49148769307953,2.31168289771474,-2.03932753011855,7.02230291627761,0.281131541539064,1.02999914355954,-2.89314757440927,4.95314586152835,0.606848612772666,3.52148683663907,-0.288029649319083,7.33100332259723,0.0700209435032011,0.96782499090822,0.768598159437073,FALSE,FALSE,FALSE,FALSE
"DBCM_binary_S","Sleep","LE8_no_sleep","Binary","Binary 0/1",3373,1859,1514,66.2860216706371,62.8557274957539,"WTSVOC2Y","ok",,1.91678425186202,1.70929510447505,-1.84534890730484,5.67891741102888,0.286006000556777,-1.82847638813096,-4.13531078864631,0.478358012384381,0.108895548260148,0.0883078637310615,-2.46051513412073,2.63713086158285,0.940584315147001,0.96782499090822,0.769894580565299,FALSE,FALSE,FALSE,FALSE
"BuP_binary_U","Sleep","LE8_no_sleep","Binary","Binary 0/1",2214,1217,997,66.0940251203193,63.5542341309643,"WTSB2YR","ok",,-2.00533565710977,1.79242406169886,-5.95043441750013,1.93976310328059,0.287068624654913,1.72484996029923,-0.874581734695211,4.32428165529368,0.172128861209587,-0.280485696810539,-3.79835781255506,3.23738641893398,0.863884773698833,0.96782499090822,0.769894580565299,FALSE,FALSE,FALSE,FALSE
"CMAC_ln_U","Sleep","LE8_no_sleep","Continuous","Continuous, per 1 SD",2229,1227,1002,66.5234602398417,63.0125463358996,"WTSA2YR","ok",,-0.875797338084048,0.788960541111408,-2.61228778096813,0.86069310480003,0.290648121857705,-1.75264045552554,-3.11844788477282,-0.38683302627826,0.0165380955368627,-2.62843779360959,-4.02809725694483,-1.22877833027435,0.00166291839357084,0.96782499090822,0.769894580565299,FALSE,FALSE,FALSE,FALSE
"Se_ln_S","Sleep","LE8_no_sleep","Continuous","Continuous, per 1 SD",3437,1886,1551,66.4035752158764,62.8285898498664,"WTSH2YR","ok",,0.617078305557884,0.564929280332768,-0.626322656955788,1.86047926807155,0.298042272939469,-0.892021816402245,-1.61109157930068,-0.172952053503812,0.0195653839478417,-0.274943510844361,-1.40162845373139,0.851741432042663,0.601891082324539,0.96782499090822,0.782525086660456,FALSE,FALSE,FALSE,FALSE
"Hg_binary_U","Sleep","LE8_no_sleep","Binary","Binary 0/1",2273,1254,1019,66.4120528594213,62.8676573671667,"WTSA2YR","ok",,-1.82620020132442,1.70295160177593,-5.57437140518753,1.92197100253869,0.306515499590598,2.03088471685862,-0.149924506402011,4.21169394011925,0.0650122162179939,0.204684515534195,-2.38022677728975,2.78959580835814,0.864808791797511,0.96782499090822,0.785123573184402,FALSE,FALSE,FALSE,FALSE
"X2_MHA_ln_U","Sleep","LE8_no_sleep","Continuous","Continuous, per 1 SD",2124,1172,952,66.2737688932228,62.9096638655462,"WTSA2YR","ok",,-0.7831861627336,0.739149019006517,-2.41004218466324,0.843669859196037,0.31204866504762,-0.272378124353572,-1.67376082085472,1.12900457214758,0.677057545780884,-1.05556428708717,-2.33942665671459,0.228298082540251,0.0977359960567811,0.96782499090822,0.785123573184402,FALSE,FALSE,FALSE,FALSE
"Cd_ln_S","Sleep","LE8_no_sleep","Continuous","Continuous, per 1 SD",3437,1886,1551,66.4035752158764,62.8285898498664,"WTSH2YR","ok",,-0.659432515296842,0.635456831066055,-2.05806357035209,0.739198539758403,0.321669606251241,-2.73759093416872,-3.89987539858432,-1.57530646975312,0.000301826192997382,-3.39702344946556,-4.52192951590536,-2.27211738302576,3.62778270492294e-05,0.96782499090822,0.785315449316656,FALSE,FALSE,FALSE,FALSE
"BDCM_binary_S","Sleep","LE8_no_sleep","Binary","Binary 0/1",3341,1849,1492,66.3010893919493,62.7762351589429,"WTSVOC2Y","ok",,1.4099193454729,1.36213292103524,-1.58811499979795,4.40795369074375,0.322850429851652,-0.63935946215539,-3.28619858802133,2.00747966371055,0.605531260163163,0.770559883317509,-1.64181951552069,3.18293928215571,0.496643022270034,0.96782499090822,0.785315449316656,FALSE,FALSE,FALSE,FALSE
"n_PFOS_ln_S","Sleep","LE8_no_sleep","Continuous","Continuous, per 1 SD",1045,583,462,65.3810340602793,62.3979591836735,"WTSB2YR","ok",,1.27077309544838,1.2956853708369,-1.26872356668737,3.81026975758413,0.326704746251521,0.441869453682282,-1.60127978361374,2.48501869097831,0.671654003090496,1.71264254913066,0.578532521923745,2.84675257633758,0.00307857446056513,0.96782499090822,0.785315449316656,FALSE,FALSE,FALSE,FALSE
"MECPP_ln_U","Sleep","LE8_no_sleep","Continuous","Continuous, per 1 SD",2212,1217,995,66.0940251203193,63.5599425699928,"WTSB2YR","ok",,-0.629494474370706,0.61905530917947,-1.99202602315066,0.733037074409249,0.331062949896648,0.0506244640571293,-1.34343128505807,1.44468021317233,0.937730341870834,-0.578870010313577,-1.61634515600662,0.458605135379469,0.245052696872868,0.96782499090822,0.785315449316656,FALSE,FALSE,FALSE,FALSE
"DMA_ln_U","Sleep","LE8_no_sleep","Continuous","Continuous, per 1 SD",2270,1254,1016,66.4000911369332,62.9169010123735,"WTSA2YR","ok",,0.622095870652335,0.647725209907995,-0.803537704172404,2.04772944547707,0.357474080532237,2.94519005520078,1.64396056442631,4.24641954597525,0.000414333093031934,3.56728592585312,2.5728381686576,4.56173368304863,7.40153932399657e-06,0.96782499090822,0.807636664891682,FALSE,FALSE,FALSE,FALSE
"IHg_binary_S","Sleep","LE8_no_sleep","Binary","Binary 0/1",3437,1886,1551,66.3740342372368,62.8285898498664,"WTSH2YR","ok",,-1.40292563780926,1.46533037336668,-4.62809604422086,1.82224476860234,0.358928816481596,1.79820855501782,-0.553605863606617,4.15002297364226,0.12053139663016,0.395282917208561,-1.74696161476193,2.53752744917905,0.692441906654425,0.96782499090822,0.807636664891682,FALSE,FALSE,FALSE,FALSE
"MnBP_ln_U","Sleep","LE8_no_sleep","Continuous","Continuous, per 1 SD",2212,1217,995,66.0940251203193,63.5599425699928,"WTSB2YR","ok",,-0.58193267485507,0.609412606614574,-1.92324077838651,0.75937542867637,0.360138994761847,-0.137386222244573,-1.20332243671254,0.92854999222339,0.781923658435285,-0.719318897099643,-1.89843302460397,0.459795230404683,0.206416331494835,0.96782499090822,0.807636664891682,FALSE,FALSE,FALSE,FALSE
"o_ANS_ln_U","Sleep","LE8_no_sleep","Continuous","Continuous, per 1 SD",1056,584,472,68.8136007827789,64.5187651331719,"WTSA2YR","ok",,0.631992794729747,0.697159533938632,-0.734414783268702,1.9984003727282,0.364657850288409,0.856052276419923,-0.662840832736696,2.37494538557654,0.269315170067774,1.48804507114967,0.190842765280473,2.78524737701887,0.0245563395886572,0.96782499090822,0.811318118831713,FALSE,FALSE,FALSE,FALSE
"X34_MHA_ln_U","Sleep","LE8_no_sleep","Continuous","Continuous, per 1 SD",2248,1240,1008,66.5017281105991,62.9910714285714,"WTSA2YR","ok",,-0.713572196260941,0.777423363067486,-2.42466948148101,0.997525088959131,0.378373807150596,-1.11625859606677,-2.64920891649148,0.416691724357935,0.137303297532082,-1.82983079232771,-3.21494299663259,-0.444718588022828,0.0142486309620312,0.96782499090822,0.833665027159075,FALSE,FALSE,FALSE,FALSE
"CYHA_Cys_binary_U","Sleep","LE8_no_sleep","Binary","Binary 0/1",1074,598,476,64.5377448638318,61.9117647058824,"WTSA2YR","ok",,2.95628160600056,3.37297820819839,-3.65463420270672,9.56719741470784,0.380779831248685,-12.69335876404,-16.8427552262947,-8.54396230178533,2.02613870921415e-09,-9.73707715803945,-13.7151773297118,-5.75897698636714,1.60782220050052e-06,0.96782499090822,0.83388931087171,FALSE,FALSE,FALSE,FALSE
"Furan_binary_S","Sleep","LE8_no_sleep","Binary","Binary 0/1",3375,1859,1516,66.2983170675478,62.8533735393894,"WTSVOC2Y","ok",,1.57345612700871,1.78335775616249,-2.35168782943925,5.49860008345666,0.396485982821459,-11.4053824544079,-14.9108509430709,-7.89991396574498,1.84219012263388e-05,-9.83192632739923,-12.5480145880699,-7.11583806672856,6.79138399885416e-06,0.96782499090822,0.844182840117226,FALSE,FALSE,FALSE,FALSE
"As_III_binary_U","Sleep","LE8_no_sleep","Binary","Binary 0/1",2272,1255,1017,66.4149117814457,62.9084141031044,"WTSA2YR","ok",,-1.67540207000284,1.93126884769649,-5.92609614393009,2.57529200392441,0.404188619226752,3.73029901949742,0.835485542939057,6.62511249605579,0.0161909397617333,2.05489694949458,-0.296418015260905,4.40621191425007,0.0806695996820352,0.96782499090822,0.844182840117226,FALSE,FALSE,FALSE,FALSE
"BP3_ln_U","Sleep","LE8_no_sleep","Continuous","Continuous, per 1 SD",2212,1217,995,66.0940251203193,63.5599425699928,"WTSB2YR","ok",,-0.661088351680433,0.76333474017914,-2.34117678699713,1.01900008363626,0.404955028069866,2.70772541197138,1.23316347790824,4.18228734603452,0.00194300641305997,2.04663706029095,0.967684814774235,3.12558930580765,0.00154959681202737,0.96782499090822,0.844182840117226,FALSE,FALSE,FALSE,FALSE
"DHB_Cys_ln_U","Sleep","LE8_no_sleep","Continuous","Continuous, per 1 SD",2138,1174,964,66.4072767096617,62.911973918198,"WTSA2YR","ok",,0.70718531928912,0.820361824846411,-1.09841888310353,2.51278952168177,0.407065410424552,-0.707507430431604,-2.01456021239819,0.599545351534983,0.258571337183542,-0.00032211114248426,-1.40669413327486,1.40604991098989,0.999606806960923,0.96782499090822,0.844182840117226,FALSE,FALSE,FALSE,FALSE
"X24D_ln_U","Sleep","LE8_no_sleep","Continuous","Continuous, per 1 SD",2265,1226,1039,66.4792589140061,63.3871854805445,"WTSB2YR|WTSC2YR","ok",,-0.540289450594204,0.644643850568959,-1.95914099924081,0.878562098052406,0.419801766589672,2.55530080307016,1.5224097142458,3.58819189189451,0.00020233721157626,2.01501135247595,0.927915835883022,3.10210686906888,0.00182116959558302,0.96782499090822,0.846785120414247,FALSE,FALSE,FALSE,FALSE
"HEMA_binary_U","Sleep","LE8_no_sleep","Binary","Binary 0/1",2238,1231,1007,66.5248926540559,62.9075046105831,"WTSA2YR","ok",,1.13698730035763,1.39740487400968,-1.93868008997739,4.21265469069265,0.433109592547178,-4.27158935540697,-6.13402951288347,-2.40914919793048,0.000373212164832013,-3.13460205504934,-5.83181476233516,-0.43738934776352,0.0266177634968561,0.96782499090822,0.846785120414247,FALSE,FALSE,FALSE,FALSE
"IPPPP_binary_U","Sleep","LE8_no_sleep","Binary","Binary 0/1",932,527,405,65.5028462998102,62.1851851851852,"WTSSBI2Y","ok",,-2.45275530397047,3.13057584511868,-8.58857121127411,3.68306060333318,0.433343092306133,-3.29314646739572,-6.39166369749561,-0.19462923729583,0.0372442497250075,-5.74590177136619,-10.7394185242535,-0.75238501847884,0.0241159844454316,0.96782499090822,0.846785120414247,FALSE,FALSE,FALSE,FALSE
"BPA_ln_U","Sleep","LE8_no_sleep","Continuous","Continuous, per 1 SD",2212,1217,995,66.0940251203193,63.5599425699928,"WTSB2YR","ok",,-0.607100655992011,0.757558520788711,-2.27447571814894,1.06027440616491,0.439873309039936,-0.259490450597577,-1.54892991438591,1.02994901319076,0.666398843372153,-0.866591106589587,-1.84617027085991,0.112988057680735,0.0774972803902398,0.96782499090822,0.846785120414247,FALSE,FALSE,FALSE,FALSE
"Cs_ln_U","Sleep","LE8_no_sleep","Continuous","Continuous, per 1 SD",2266,1251,1015,66.4588329336531,62.8676988036594,"WTSA2YR","ok",,-0.689466191015556,0.868821667520877,-2.60172978799508,1.22279740596397,0.444230295722155,2.44936529650598,0.691406345540752,4.20732424747121,0.0107241727600298,1.75989910549042,0.466191745631909,3.05360646534894,0.012207519868271,0.96782499090822,0.848593770033348,FALSE,FALSE,FALSE,FALSE
"X25_DMF_binary_S","Sleep","LE8_no_sleep","Binary","Binary 0/1",3370,1856,1514,66.2969519704433,62.8632760898283,"WTSVOC2Y","ok",,1.41300102470707,1.81445754690647,-2.58059310965035,5.40659515906449,0.452556733761437,-11.7836949451448,-15.1402530587581,-8.42713683153156,9.07441488596545e-06,-10.3706939204378,-13.198691573445,-7.54269626743054,6.00280502465686e-06,0.96782499090822,0.853556371271571,FALSE,FALSE,FALSE,FALSE
"MeFOSAA_binary_S","Sleep","LE8_no_sleep","Binary","Binary 0/1",2211,1211,1000,65.8658723605049,63.515,"WTSB2YR","ok",,-1.00248691382921,1.32197282724268,-3.91212948863475,1.90715566097632,0.464193479104323,1.08212044193919,-1.43840184626249,3.60264273014087,0.364985457197265,0.0796335281099787,-1.74339039815282,1.90265745437278,0.925135716236382,0.96782499090822,0.859019935109584,FALSE,FALSE,FALSE,FALSE
"TTCA_binary_U","Sleep","LE8_no_sleep","Binary","Binary 0/1",1180,645,535,68.3698781838317,63.8624833110814,"WTSA2YR","ok",,1.81727046823661,2.49026259256047,-3.06355452522925,6.69809546170247,0.465542682953684,-2.8012799626117,-5.42551327736101,-0.177046647862386,0.0364210750045593,-0.984009494375089,-4.44487359550232,2.47685460675214,0.577345450326503,0.96782499090822,0.859019935109584,FALSE,FALSE,FALSE,FALSE
"X25_DCP_ln_U","Sleep","LE8_no_sleep","Continuous","Continuous, per 1 SD",2212,1217,995,66.0940251203193,63.5599425699928,"WTSB2YR","ok",,-0.532735116001784,0.753660197146043,-2.19153002567196,1.12605979366839,0.494353046471492,0.299699554236327,-1.07531275573322,1.67471186420588,0.640816247267009,-0.233035561765457,-1.3019592561103,0.83588813257939,0.640743203489551,0.96782499090822,0.880962472296322,FALSE,FALSE,FALSE,FALSE
"AsC_binary_U","Sleep","LE8_no_sleep","Binary","Binary 0/1",2272,1255,1017,66.4149117814457,62.9084141031044,"WTSA2YR","ok",,-1.47455678457655,2.09010512674601,-6.07484715157597,3.12573358242286,0.495171859428302,1.3523801348836,-1.88610837062174,4.59086864038895,0.377745709541114,-0.122176649692949,-2.95977428777834,2.71542098839244,0.926204614301617,0.96782499090822,0.880962472296322,FALSE,FALSE,FALSE,FALSE
"X5OHIMI_binary_U","Sleep","LE8_no_sleep","Binary","Binary 0/1",877,497,380,65.3851681517677,62.2725563909774,"WTSSBI2Y","ok",,1.70422979498768,2.53087563433799,-3.25619529766476,6.66465488764011,0.5007083937331,0.654307315269935,-3.57524518771582,4.88385981825569,0.761734124181567,2.35853711025761,-1.5240829378469,6.24115715836212,0.233810614907181,0.96782499090822,0.885525823931536,FALSE,FALSE,FALSE,FALSE
"DPHP_ln_U","Sleep","LE8_no_sleep","Continuous","Continuous, per 1 SD",2049,1118,931,66.1979299769997,63.1878164799754,"WTSSBI2Y|WTSSCH2Y","ok",,-0.4811069392438,0.700562854465982,-2.02303538563486,1.06082150714726,0.506463622506963,0.700929052319672,-0.35669912173922,1.75855722637856,0.172610835588652,0.219822113075871,-0.951002148852026,1.39064637500377,0.687375717747086,0.96782499090822,0.889962399275514,FALSE,FALSE,FALSE,FALSE
"MHNCH_binary_U","Sleep","LE8_no_sleep","Binary","Binary 0/1",2213,1217,996,66.0940251203193,63.5592369477912,"WTSB2YR","ok",,1.1694921809729,1.73531314804756,-2.64990630599168,4.98889066793748,0.514263698482962,-2.37529666917654,-4.7202590282676,-0.0303343100854732,0.0475715552807817,-1.20580448820364,-3.91761246045573,1.50600348404846,0.348777939621139,0.96782499090822,0.889962399275514,FALSE,FALSE,FALSE,FALSE
"MiBP_ln_U","Sleep","LE8_no_sleep","Continuous","Continuous, per 1 SD",2212,1217,995,66.0940251203193,63.5599425699928,"WTSB2YR","ok",,-0.52611165608719,0.792784757386099,-2.27101914224084,1.21879583006646,0.520596381879673,-0.10208086501348,-1.32169733193075,1.11753560190379,0.857192615403842,-0.62819252110067,-1.70736423221885,0.450979190017505,0.22647158161149,0.96782499090822,0.889962399275514,FALSE,FALSE,FALSE,FALSE
"DCVDMPCA_binary_U","Sleep","LE8_no_sleep","Binary","Binary 0/1",2235,1204,1031,66.4256051257712,63.3760565331855,"WTSB2YR|WTSC2YR","ok",,-1.00431439688223,1.51537438746234,-4.33963093566979,2.33100214190533,0.521135700246903,2.69213197602358,-0.0517229030757349,5.43598685512289,0.0537514651503247,1.68781757914135,-0.928053432350161,4.30368859063285,0.183288189222537,0.96782499090822,0.889962399275514,FALSE,FALSE,FALSE,FALSE
"DMDTP_binary_U","Sleep","LE8_no_sleep","Binary","Binary 0/1",1040,585,455,65.5482295482295,62.5384615384615,"WTSB2YR","ok",,2.01985671298868,3.17251204636755,-4.19815263841118,8.23786606438854,0.524337052753565,-0.130865805004339,-3.66358394050887,3.40185233050019,0.942120613504413,1.88899090798434,-1.84135070183127,5.61933251779995,0.320954973555117,0.96782499090822,0.890555561039329,FALSE,FALSE,FALSE,FALSE
"IPM1_Cys_ln_U","Sleep","LE8_no_sleep","Continuous","Continuous, per 1 SD",1072,597,475,64.5034697296004,61.9278195488722,"WTSA2YR","ok",,0.884741731327238,1.40118196749719,-1.86152446075423,3.63100792340871,0.527762483829468,-3.51426300426965,-5.64245256836889,-1.38607344017041,0.001210165033478,-2.62952127294241,-4.29018624851419,-0.968856297370635,0.0019128778873474,0.96782499090822,0.890555561039329,FALSE,FALSE,FALSE,FALSE
"PhIP_binary_U","Sleep","LE8_no_sleep","Binary","Binary 0/1",1163,641,522,68.390907064854,63.9928845101259,"WTSA2YR","ok",,1.55379011276619,2.46140011793147,-3.27046546992214,6.37804569545451,0.527868763761416,-1.10209540816514,-4.56984438859687,2.36565357226658,0.533349012345426,0.451694704601046,-2.00665163958931,2.9100410487914,0.718755672979897,0.96782499090822,0.890555561039329,FALSE,FALSE,FALSE,FALSE
"BPS_ln_U","Sleep","LE8_no_sleep","Continuous","Continuous, per 1 SD",2211,1216,995,66.0884633458647,63.5599425699928,"WTSB2YR","ok",,-0.579464826588448,0.890553975290205,-2.53956091046281,1.38063125728591,0.528610708504612,0.153322992326602,-1.05330243854309,1.35994842319629,0.784916635376404,-0.426141834261846,-1.80199346848591,0.949709799962216,0.509520916634239,0.96782499090822,0.890555561039329,FALSE,FALSE,FALSE,FALSE
"DEA_ln_U","Sleep","LE8_no_sleep","Continuous","Continuous, per 1 SD",2239,1213,1026,66.5486986220704,63.5143414090782,"WTSB2YR|WTSC2YR","ok",,0.45485581454442,0.699641615010704,-1.08504499747669,1.99475662656553,0.528954141959601,-0.349414203780194,-1.656981255224,0.95815284766361,0.568305480905032,0.105441610764226,-0.987638485181799,1.19852170671025,0.83574562718011,0.96782499090822,0.890555561039329,FALSE,FALSE,FALSE,FALSE
"Pb_ln_S","Sleep","LE8_no_sleep","Continuous","Continuous, per 1 SD",3437,1886,1551,66.4035752158764,62.8285898498664,"WTSH2YR","ok",,-0.387037170667506,0.613214604566007,-1.73671341526875,0.962639073933738,0.540828136252405,0.863108108683345,-0.369119859013685,2.09533607638038,0.151414850561591,0.476070938015839,-0.913841973675151,1.86598384970683,0.466753492165394,0.96782499090822,0.897537713320973,FALSE,FALSE,FALSE,FALSE
"EtP_binary_U","Sleep","LE8_no_sleep","Binary","Binary 0/1",2214,1217,997,66.0940251203193,63.5542341309643,"WTSB2YR","ok",,-1.26975579338323,2.05001651805212,-5.78181172755868,3.24230014079221,0.548274769517052,3.07188194337798,0.773020194004769,5.37074369275119,0.0134214819295113,1.80212614999475,-1.508950136014,5.11320243600349,0.256117249936058,0.96782499090822,0.897537713320973,FALSE,FALSE,FALSE,FALSE
"PFDA_ln_S","Sleep","LE8_no_sleep","Continuous","Continuous, per 1 SD",2211,1211,1000,65.8658723605049,63.515,"WTSB2YR","ok",,-0.636931168284805,1.02961344633057,-2.90309508428919,1.62923274771958,0.548767720082587,1.53351488715668,0.373683245587943,2.69334652872542,0.0141861057571203,0.896583718871877,-0.916715027562937,2.70988246530669,0.299742947071622,0.96782499090822,0.897537713320973,FALSE,FALSE,FALSE,FALSE
"n_PFOA_ln_S","Sleep","LE8_no_sleep","Continuous","Continuous, per 1 SD",1045,583,462,65.3810340602793,62.3979591836735,"WTSB2YR","ok",,-0.491344898239793,0.821245647842013,-2.1009567904704,1.11826699399082,0.549644953538221,1.62583979096448,0.0381966398701947,3.21348294205876,0.0447370806901128,1.13449489272469,0.00678127626905956,2.26220850918031,0.0486381722579914,0.96782499090822,0.897537713320973,FALSE,FALSE,FALSE,FALSE
"BPF_binary_U","Sleep","LE8_no_sleep","Binary","Binary 0/1",2213,1216,997,66.0884633458647,63.5542341309643,"WTSB2YR","ok",,1.17728109499982,1.97436223501985,-3.16826088492423,5.52282307492386,0.563054879895003,-2.44970654419805,-4.82375234607742,-0.0756607423186781,0.0442196950351452,-1.27242544919823,-4.58571265486848,2.04086175647202,0.415972654588785,0.96782499090822,0.906519505047447,FALSE,FALSE,FALSE,FALSE
"Toluene_ln_S","Sleep","LE8_no_sleep","Continuous","Continuous, per 1 SD",3306,1816,1490,66.1961139081183,62.993288590604,"WTSVOC2Y","ok",,0.3850026753412,0.666797674176253,-1.08260911030435,1.85261446098675,0.575302963308598,-3.2906910522981,-4.41217585522115,-2.16920624937506,4.68903245789674e-05,-2.9056883769569,-4.02785970091813,-1.78351705299568,0.000138373201010042,0.96782499090822,0.914085982913312,FALSE,FALSE,FALSE,FALSE
"Thiocyanate_ln_U","Sleep","LE8_no_sleep","Continuous","Continuous, per 1 SD",2249,1243,1006,66.4509826456729,62.9316955410395,"WTSA2YR","ok",,-0.60158480341501,1.0619453613214,-2.93891078451157,1.73574117768155,0.582432203304414,-1.50799640639731,-3.28924122604986,0.273248413255239,0.0893094225213123,-2.10958120981232,-3.38393504345341,-0.83522737617123,0.00386411155817014,0.96782499090822,0.914291111896112,FALSE,FALSE,FALSE,FALSE
"Norharman_ln_U","Sleep","LE8_no_sleep","Continuous","Continuous, per 1 SD",1149,633,516,68.4089370345295,64.155592469546,"WTSA2YR","ok",,-0.672938099003201,1.23283768240957,-3.0892555553098,1.74337935730339,0.585172591183215,-0.324470298611266,-1.44468973274203,0.795749135519503,0.570237766074614,-0.997408397614467,-2.77808141151114,0.783264616282205,0.272276697521387,0.96782499090822,0.914291111896112,FALSE,FALSE,FALSE,FALSE
"EO_ln_S","Sleep","LE8_no_sleep","Continuous","Continuous, per 1 SD",2243,1237,1006,66.3921930938908,62.6654359556944,"WTSA2YR","ok",,0.566545254708727,1.01239108924093,-1.66171250891958,2.79480301833703,0.586958743588299,-3.8678637441409,-5.37900247486387,-2.35672501341794,0.000152492433393188,-3.30131848943218,-4.41188909884797,-2.19074788001638,4.17671585883897e-05,0.96782499090822,0.914291111896112,FALSE,FALSE,FALSE,FALSE
"DEP_ln_U","Sleep","LE8_no_sleep","Continuous","Continuous, per 1 SD",1046,587,459,65.6364078851302,62.5132275132275,"WTSB2YR","ok",,0.754763827346695,1.41060612086101,-2.00997336591263,3.51950102060602,0.592605958492691,1.54621452008734,-0.2385730737614,3.33100211393609,0.0895124743581975,2.30097834743404,0.460046896168394,4.14190979869969,0.01429526570659,0.96782499090822,0.914291111896112,FALSE,FALSE,FALSE,FALSE
"Total_As_ln_U","Sleep","LE8_no_sleep","Continuous","Continuous, per 1 SD",2266,1251,1015,66.4588329336531,62.8676988036594,"WTSA2YR","ok",,0.306846092036756,0.561681521763589,-0.929406602062593,1.5430987861361,0.595766837790081,2.48175079028748,1.24094762215576,3.72255395841921,0.00105927747515206,2.78859688232424,2.08075021824348,3.496443546405,3.01345519768762e-06,0.96782499090822,0.914291111896112,FALSE,FALSE,FALSE,FALSE
"X2_FL_ln_U","Sleep","LE8_no_sleep","Continuous","Continuous, per 1 SD",2259,1245,1014,66.5002868617326,62.8937728937729,"WTSA2YR","ok",,0.548459851046523,1.04934851209917,-1.761140651848,2.85806035394104,0.611570921319234,-3.61176345166875,-5.18474462169614,-2.03878228164136,0.000369897792936587,-3.06330360062223,-4.48445678809132,-1.64215041315315,0.000605290616506462,0.96782499090822,0.918126622433913,FALSE,FALSE,FALSE,FALSE
"MB3_Cys_ln_U","Sleep","LE8_no_sleep","Continuous","Continuous, per 1 SD",2197,1210,987,66.3311688311688,62.783326096396,"WTSA2YR","ok",,-0.402403675969167,0.77625147468355,-2.11092165224691,1.30611430030858,0.614451409164358,-2.36446404359609,-3.73420792883703,-0.994720158355151,0.0029465456607485,-2.76686771956526,-3.80297399363749,-1.73076144549303,0.000106522780999545,0.96782499090822,0.919606200836113,FALSE,FALSE,FALSE,FALSE
"X3PBA_ln_U","Sleep","LE8_no_sleep","Continuous","Continuous, per 1 SD",2245,1213,1032,66.5169002473207,63.421234772979,"WTSB2YR|WTSC2YR","ok",,-0.379002887096282,0.743736391016738,-2.01595564674424,1.25794987255167,0.62040448558212,1.76766729352517,0.539454241206228,2.99588034584412,0.00895524647948616,1.38866440642889,0.335205093736259,2.44212371912152,0.0144108749599162,0.96782499090822,0.919606200836113,FALSE,FALSE,FALSE,FALSE
"BDCPP_ln_U","Sleep","LE8_no_sleep","Continuous","Continuous, per 1 SD",2042,1116,926,66.2832821300563,63.1834310398025,"WTSSBI2Y|WTSSCH2Y","ok",,0.46670387046056,0.918956059395646,-1.55590477904555,2.48931251996667,0.621578077088598,-0.418436900603399,-1.79262252379913,0.955748722592327,0.516555981039186,0.0482669698571612,-1.34334192460019,1.43987586431451,0.940519687091834,0.96782499090822,0.919606200836113,FALSE,FALSE,FALSE,FALSE
"MA_ln_U","Sleep","LE8_no_sleep","Continuous","Continuous, per 1 SD",2210,1223,987,66.4385001752132,63.0279345780866,"WTSA2YR","ok",,0.443931331007896,0.891858882897443,-1.51903683514528,2.40689949716107,0.628454160372661,-1.02869938617707,-2.66529459447427,0.607895822120133,0.193957945880818,-0.584768055169174,-1.66535460752936,0.495818497191014,0.258688897070663,0.96782499090822,0.926488854538955,FALSE,FALSE,FALSE,FALSE
"X26_DMA_binary_U","Sleep","LE8_no_sleep","Binary","Binary 0/1",1063,586,477,68.5117016089712,64.1479484875711,"WTSA2YR","ok",,-1.09837588461013,2.34934731047826,-5.70301200032355,3.50626023110329,0.64012513711492,-3.34071482205748,-6.54896253599746,-0.132467108117491,0.0412617602453739,-4.4390907066676,-8.60012765867284,-0.278053754662374,0.0365338887343414,0.96782499090822,0.926488854538955,FALSE,FALSE,FALSE,FALSE
"GLYP_ln_U","Sleep","LE8_no_sleep","Continuous","Continuous, per 1 SD",2048,1120,928,66.234056122449,63.129618226601,"WTSSCH2Y|WTSSGL2Y","ok",,0.280459112386028,0.589366949673931,-1.01672879769477,1.57764702246683,0.643481103076582,0.166855613173175,-1.03700855118489,1.37071977753124,0.766017590275994,0.447314725559203,-0.59602430975126,1.49065376086967,0.365620067565785,0.96782499090822,0.926488854538955,FALSE,FALSE,FALSE,FALSE
"PGA_ln_U","Sleep","LE8_no_sleep","Continuous","Continuous, per 1 SD",2211,1216,995,66.5542763157895,62.9834888729361,"WTSA2YR","ok",,-0.326205465314415,0.717435048209919,-1.90526935975408,1.25285842912525,0.658179240965141,-0.316515208086622,-1.46666985141922,0.833639435245976,0.557006840702192,-0.642720673401037,-1.8924773352733,0.607035988471226,0.281742184511046,0.96782499090822,0.926488854538955,FALSE,FALSE,FALSE,FALSE
"X23_OH_PH_ln_U","Sleep","LE8_no_sleep","Continuous","Continuous, per 1 SD",2260,1246,1014,66.48991057097,62.8937728937729,"WTSA2YR","ok",,0.437223419276679,0.96290004532653,-1.68210529113858,2.55655212969194,0.658607276741347,-2.07943580194035,-3.83796119880354,-0.320910405077161,0.0245780463762127,-1.64221238266367,-2.80369801266205,-0.480726752665292,0.0098910014370675,0.96782499090822,0.926488854538955,FALSE,FALSE,FALSE,FALSE
"MeP_ln_U","Sleep","LE8_no_sleep","Continuous","Continuous, per 1 SD",2212,1217,995,66.0940251203193,63.5599425699928,"WTSB2YR","ok",,-0.347681934044123,0.795293245712821,-2.09811056577916,1.40274669769091,0.670443478196708,2.38815730953325,1.15478540081296,3.62152921825354,0.00133911335950357,2.04047537548913,0.63570051991737,3.44525023106089,0.00850004363950446,0.96782499090822,0.926488854538955,FALSE,FALSE,FALSE,FALSE
"NPMA_ln_U","Sleep","LE8_no_sleep","Continuous","Continuous, per 1 SD",2224,1223,1001,66.5161780165868,62.9905808477237,"WTSA2YR","ok",,0.328074446511781,0.758523453310351,-1.34142441780577,1.99757331082933,0.67372295393276,0.604048790502439,-0.532844186508531,1.74094176751341,0.266951426940299,0.93212323701422,-0.244700269030184,2.10894674305862,0.109120663715182,0.96782499090822,0.926488854538955,FALSE,FALSE,FALSE,FALSE
"GAM_Cys_binary_U","Sleep","LE8_no_sleep","Binary","Binary 0/1",2253,1242,1011,66.5240395675178,62.9440440864773,"WTSA2YR","ok",,0.628499256711626,1.52770184667918,-2.73394983687383,3.99094835029709,0.688679670403566,-5.95996346936655,-8.08108998094764,-3.83883695778546,6.86585038898696e-05,-5.33146421265492,-7.80683150670236,-2.85609691860749,0.000608951290431069,0.96782499090822,0.926488854538955,FALSE,FALSE,FALSE,FALSE
"PrP_ln_U","Sleep","LE8_no_sleep","Continuous","Continuous, per 1 SD",2212,1217,995,66.0940251203193,63.5599425699928,"WTSB2YR","ok",,-0.3041844123471,0.753164087493454,-1.96188739203415,1.35351856733995,0.694045068184408,2.087270211663,0.896009466845849,3.27853095648014,0.00266955983592233,1.7830857993159,0.454062303768565,3.11210929486323,0.0131397988199534,0.96782499090822,0.926488854538955,FALSE,FALSE,FALSE,FALSE
"OXY_binary_U","Sleep","LE8_no_sleep","Binary","Binary 0/1",2257,1220,1037,66.4648711943794,63.3985397437664,"WTSB2YR|WTSC2YR","ok",,-0.75632801055724,1.97243590178936,-5.09763015962759,3.58497413851311,0.708694449984747,2.29717351846462,-1.23165687313341,5.82600391006265,0.179722150598366,1.54084550790738,-1.46260672862546,4.54429774444022,0.282853447258745,0.96782499090822,0.926488854538955,FALSE,FALSE,FALSE,FALSE
"PFUnDA_binary_S","Sleep","LE8_no_sleep","Binary","Binary 0/1",2211,1211,1000,65.8658723605049,63.515,"WTSB2YR","ok",,-0.637010429153551,1.66193326381935,-4.2949008798826,3.0208800215755,0.708805288174771,4.37913466549064,1.82957280816451,6.92869652281676,0.00304486760989808,3.74212423633709,0.373588082699165,7.11066038997501,0.0325280566511156,0.96782499090822,0.926488854538955,FALSE,FALSE,FALSE,FALSE
"Cd_ln_U","Sleep","LE8_no_sleep","Continuous","Continuous, per 1 SD",2266,1251,1015,66.4588329336531,62.8676988036594,"WTSA2YR","ok",,0.174848611034783,0.457015439604267,-0.831035589466966,1.18073281153653,0.709314508871366,-1.47204016129106,-2.83169633887299,-0.112383983709132,0.036313801648187,-1.29719155025628,-2.31808217852819,-0.276300921984366,0.0173778140409297,0.96782499090822,0.926488854538955,FALSE,FALSE,FALSE,FALSE
"W_ln_U","Sleep","LE8_no_sleep","Continuous","Continuous, per 1 SD",2265,1250,1015,66.4405714285714,62.8676988036594,"WTSA2YR","ok",,-0.324551497647713,0.861434530000657,-2.22055611456967,1.57145311927425,0.713520778915068,-0.153416047130279,-1.42753576486662,1.12070367060606,0.795895021948973,-0.477967544777992,-1.72686457781861,0.770929488262623,0.417534472611366,0.96782499090822,0.926488854538955,FALSE,FALSE,FALSE,FALSE
"U_ln_U","Sleep","LE8_no_sleep","Continuous","Continuous, per 1 SD",2266,1251,1015,66.4588329336531,62.8676988036594,"WTSA2YR","ok",,0.216445022877769,0.636726279730503,-1.18498006984943,1.61787011560496,0.74030846895497,-0.664767550042748,-1.53042855783358,0.200893457748087,0.119094909638463,-0.448322527164978,-1.43260629394983,0.535961239619871,0.337642085760429,0.96782499090822,0.938774143610983,FALSE,FALSE,FALSE,FALSE
"MEP_ln_U","Sleep","LE8_no_sleep","Continuous","Continuous, per 1 SD",2212,1217,995,66.0940251203193,63.5599425699928,"WTSB2YR","ok",,-0.265087214238139,0.813619765040731,-2.05585224305003,1.52567781457376,0.750680398170249,0.347400821769261,-1.1278148072635,1.82261645080202,0.6145054149171,0.0823136075311217,-1.14752536341631,1.31215257847855,0.885550517396826,0.96782499090822,0.947119432817186,FALSE,FALSE,FALSE,FALSE
"X1_PH_ln_U","Sleep","LE8_no_sleep","Continuous","Continuous, per 1 SD",2260,1246,1014,66.48991057097,62.8937728937729,"WTSA2YR","ok",,0.279676378637654,0.861905052033607,-1.61736385029633,2.17671660757164,0.751656865306257,-1.23099673609447,-2.72147911799926,0.259485645810311,0.0964048613717715,-0.95132035745682,-1.93884173402668,0.0362010191130415,0.057540022095592,0.96782499090822,0.947119432817186,FALSE,FALSE,FALSE,FALSE
"Chloroform_binary_S","Sleep","LE8_no_sleep","Binary","Binary 0/1",3280,1803,1477,66.2336581887331,62.8798723280782,"WTSVOC2Y","ok",,0.396556362384091,1.23330403413656,-2.31792751463163,3.11104023939981,0.753828494514834,0.739119282680106,-1.1999871738465,2.67822573920671,0.419362162949616,1.1356756450642,-0.526362256616587,2.79771354674498,0.160754614586468,0.96782499090822,0.947792847378163,FALSE,FALSE,FALSE,FALSE
"o_Xylene_binary_S","Sleep","LE8_no_sleep","Binary","Binary 0/1",3365,1853,1512,66.2836327191427,62.8221844293273,"WTSVOC2Y","ok",,-0.46381521856664,1.48738538104437,-3.73752836958255,2.80989793244927,0.760998636183777,-4.44441233576573,-7.09841328361238,-1.79041138791907,0.00358941214351034,-4.90822755433237,-7.50672188358435,-2.30973322508039,0.00159639605872366,0.96782499090822,0.947792847378163,FALSE,FALSE,FALSE,FALSE
"Harman_ln_U","Sleep","LE8_no_sleep","Continuous","Continuous, per 1 SD",1163,640,523,68.3995535714286,64.00300464354,"WTSA2YR","ok",,0.263834805537148,0.870150214514958,-1.44162827605197,1.96929788712627,0.761732842104262,-0.0401414325914796,-0.901576030170264,0.821293164987305,0.927229513670081,0.223693372945668,-1.36484298160833,1.81222972749966,0.782550522105641,0.96782499090822,0.947792847378163,FALSE,FALSE,FALSE,FALSE
"CEMA_CYM_ln_U","Sleep","LE8_no_sleep","Continuous","Continuous, per 1 SD",2227,1227,1000,66.4629176854116,62.8728571428571,"WTSA2YR","ok",,0.277002120510232,0.905285389873442,-1.71551758824899,2.26952182926945,0.765330601824386,-3.54927124935167,-4.94224073743879,-2.15630176126455,0.000158390517781844,-3.27226912884143,-4.43918897558637,-2.1053492820965,6.98673466691939e-05,0.96782499090822,0.948309851740819,FALSE,FALSE,FALSE,FALSE
"X4_ABP_ln_U","Sleep","LE8_no_sleep","Continuous","Continuous, per 1 SD",1127,620,507,68.3594470046083,64.2378134685827,"WTSA2YR","ok",,-0.337530975213071,1.21622709358203,-2.72129227565568,2.04623032522954,0.781378558085921,-1.30060831373765,-3.10667800727183,0.50546137979653,0.15811712722576,-1.63813928895072,-3.29174994068702,0.015471362785578,0.0521823510242227,0.96782499090822,0.956885338977553,FALSE,FALSE,FALSE,FALSE
"X3_FL_ln_U","Sleep","LE8_no_sleep","Continuous","Continuous, per 1 SD",2256,1243,1013,66.530858522009,62.8726554787759,"WTSA2YR","ok",,0.326560912344818,1.15094567833784,-2.20665344574838,2.85977527043802,0.781884496781994,-2.74025212764211,-4.46394715994361,-1.01655709534061,0.00497881571101166,-2.41369121529729,-3.80591457365,-1.02146785694458,0.00286368752754253,0.96782499090822,0.956885338977553,FALSE,FALSE,FALSE,FALSE
"Perchlorate_ln_U","Sleep","LE8_no_sleep","Continuous","Continuous, per 1 SD",2254,1244,1010,66.469912723932,62.9526166902405,"WTSA2YR","ok",,-0.308140558619571,1.10181651276567,-2.73322235236072,2.11694123512158,0.784922574516727,2.44521482565813,0.890775910238359,3.99965374107791,0.00531189132635789,2.13707426703856,0.338493268298844,3.93565526577828,0.0240330798508647,0.96782499090822,0.958634947565511,FALSE,FALSE,FALSE,FALSE
"X2_HPMA_ln_U","Sleep","LE8_no_sleep","Continuous","Continuous, per 1 SD",2230,1232,998,66.5369897959184,62.9587746922416,"WTSA2YR","ok",,-0.222105888218083,0.833424131577281,-2.05646003388194,1.61224825744577,0.794785170200979,0.154182795429168,-1.14255583485167,1.45092142571001,0.798389684143086,-0.0679230927889151,-1.22063648757602,1.08479030199819,0.899151254295428,0.96782499090822,0.968637118395984,FALSE,FALSE,FALSE,FALSE
"DBUP_binary_U","Sleep","LE8_no_sleep","Binary","Binary 0/1",2051,1119,932,66.2345206178986,63.1958920907419,"WTSSBI2Y|WTSSCH2Y","ok",,0.403192150844582,1.67122606717069,-3.27515162215643,4.08153592384559,0.813795265778779,-1.14017964519818,-3.52806323470367,1.24770394430731,0.315827087269429,-0.736987494353598,-3.79048796952322,2.31651298081603,0.605822628845374,0.96782499090822,0.972739501409888,FALSE,FALSE,FALSE,FALSE
"TBPPP_binary_U","Sleep","LE8_no_sleep","Binary","Binary 0/1",934,529,405,65.4982446664866,62.1851851851852,"WTSSBI2Y","ok",,-0.861564795097321,3.68205976337024,-8.07826932022707,6.35513973003242,0.81499281982346,2.2057320361264,-2.64202228491239,7.05348635716519,0.372508098790733,1.34416724102908,-3.36993202430968,6.05826650636783,0.576257579127477,0.96782499090822,0.972739501409888,FALSE,FALSE,FALSE,FALSE
"Tl_ln_U","Sleep","LE8_no_sleep","Continuous","Continuous, per 1 SD",2266,1251,1015,66.4588329336531,62.8676988036594,"WTSA2YR","ok",,0.187650703511682,0.78973703201408,-1.55054878432612,1.92585019134949,0.81654998397631,2.09422505063904,0.991644335549434,3.19680576572865,0.00153521056909165,2.28187575415072,0.600177769998087,3.96357373830336,0.0123750938013,0.96782499090822,0.972739501409888,FALSE,FALSE,FALSE,FALSE
"MEHP_binary_U","Sleep","LE8_no_sleep","Binary","Binary 0/1",2213,1217,996,66.0940251203193,63.5592369477912,"WTSB2YR","ok",,0.325433113336625,1.37735976030457,-2.70611527920111,3.35698150587436,0.817562573337641,0.155958282456664,-1.77585829684823,2.08777486176156,0.862197338205338,0.481391395793289,-2.07306113058905,3.03584392217563,0.686277339677186,0.96782499090822,0.972739501409888,FALSE,FALSE,FALSE,FALSE
"PFHpA_binary_S","Sleep","LE8_no_sleep","Binary","Binary 0/1",1166,628,538,66.3159690627843,64.4742432288901,"WTSB2YR","ok",,-0.995440747917069,4.48354134301087,-9.78302030341472,7.79213880758058,0.824297463514534,-0.47548544208124,-4.36919986478405,3.41822898062157,0.810839415755731,-1.47092618999831,-8.07779496315738,5.13594258316076,0.662576752722651,0.96782499090822,0.972739501409888,FALSE,FALSE,FALSE,FALSE
"MBzP_ln_U","Sleep","LE8_no_sleep","Continuous","Continuous, per 1 SD",2212,1217,995,66.0940251203193,63.5599425699928,"WTSB2YR","ok",,0.134765602193224,0.596196001061535,-1.17745294864919,1.44698415303564,0.825313597942239,-1.5019945896661,-2.36980905874294,-0.634180120589264,0.00289568046715435,-1.36722898747288,-2.38609735504592,-0.348360619899834,0.013126448729725,0.96782499090822,0.972739501409888,FALSE,FALSE,FALSE,FALSE
"Benzene_binary_S","Sleep","LE8_no_sleep","Binary","Binary 0/1",3280,1803,1477,66.1837413834086,62.9142083373634,"WTSVOC2Y","ok",,0.274037692194593,1.28390310228431,-2.55181398292878,3.09988936731797,0.834887383651963,-5.68437882902121,-8.21117127385029,-3.15758638419212,0.000434645761253401,-5.41034113682661,-7.85472343369204,-2.96595883996118,0.000493438779171086,0.96782499090822,0.972739501409888,FALSE,FALSE,FALSE,FALSE
"X1_PY_ln_U","Sleep","LE8_no_sleep","Continuous","Continuous, per 1 SD",2259,1246,1013,66.48991057097,62.9191933436751,"WTSA2YR","ok",,-0.220989705443579,1.06849178718978,-2.57272427272808,2.13074486184092,0.839926026971621,-0.353655545793294,-2.21806747718788,1.51075638560129,0.684345981430144,-0.574645251236873,-1.9881602646797,0.838869762205953,0.390063451683221,0.96782499090822,0.972739501409888,FALSE,FALSE,FALSE,FALSE
"DPCP_binary_U","Sleep","LE8_no_sleep","Binary","Binary 0/1",1118,591,527,66.8926758520667,63.9292491190024,"WTSSCH2Y","ok",,-0.641351793645412,3.1812752132408,-6.87653663650737,5.59383304921654,0.840227796008508,2.41699220920596,-3.08510323690853,7.91908765532046,0.389246701628951,1.77564041556055,-3.20443914453724,6.75571997565834,0.484663013675075,0.96782499090822,0.972739501409888,FALSE,FALSE,FALSE,FALSE
"X2_AN_ln_U","Sleep","LE8_no_sleep","Continuous","Continuous, per 1 SD",1113,610,503,68.8782201405152,64.697529111048,"WTSA2YR","ok",,0.274835787671813,1.36429202822554,-2.39912745204534,2.94879902738896,0.840347204327557,-1.15556896128212,-3.14568916023821,0.834551237673981,0.255095984782252,-0.880733173610302,-2.12298829307553,0.361521945854921,0.164658303655095,0.96782499090822,0.972739501409888,FALSE,FALSE,FALSE,FALSE
"m_p_Xylene_binary_S","Sleep","LE8_no_sleep","Binary","Binary 0/1",3358,1849,1509,66.2643900177702,62.8841238284578,"WTSVOC2Y","ok",,-0.236087025122526,1.15681422821209,-2.7822179744002,2.31004392415515,0.842014754133882,-1.50062923148387,-3.63689075019304,0.635632287225292,0.150350820349207,-1.7367162566064,-3.78674176136492,0.313309248152118,0.0891205235987613,0.96782499090822,0.972739501409888,FALSE,FALSE,FALSE,FALSE
"MDA_binary_U","Sleep","LE8_no_sleep","Binary","Binary 0/1",1044,585,459,65.6007326007326,62.5972611266729,"WTSB2YR","ok",,0.65131482385479,3.50133063078301,-6.21116711044681,7.51379675815639,0.852429682070895,-2.56936426137082,-7.26233784959964,2.123609326858,0.283242363183669,-1.91804943751603,-6.94734334329895,3.1112444682669,0.454772526066595,0.96782499090822,0.97514028889492,FALSE,FALSE,FALSE,FALSE
"THg_ln_S","Sleep","LE8_no_sleep","Continuous","Continuous, per 1 SD",3437,1886,1551,66.4035752158764,62.8285898498664,"WTSH2YR","ok",,-0.114693246005559,0.62106971957036,-1.4816584821622,1.25227199015108,0.856848151097767,2.27788442063252,1.34357462795121,3.21219421331384,0.000228140312331588,2.16319117462697,1.13654510349577,3.18983724575816,0.00071947482053585,0.96782499090822,0.978317046080976,FALSE,FALSE,FALSE,FALSE
"X1_AN_ln_U","Sleep","LE8_no_sleep","Continuous","Continuous, per 1 SD",1110,613,497,68.8371009088791,64.3618855993101,"WTSA2YR","ok",,-0.252464352311219,1.47704374432835,-3.14741689478497,2.64248819016254,0.86428239257191,-2.16654427142354,-3.86566046809752,-0.46742807474956,0.0124491087518078,-2.41900862373476,-4.05403510300192,-0.783982144467597,0.00373459121246633,0.96782499090822,0.979466590692554,FALSE,FALSE,FALSE,FALSE
"MMA_binary_U","Sleep","LE8_no_sleep","Binary","Binary 0/1",2272,1255,1017,66.4149117814457,62.9084141031044,"WTSA2YR","ok",,-0.286778472288564,1.64080426273566,-3.89816430518484,3.32460736060772,0.864428568295778,3.70642921982606,1.54612948025541,5.86672895939671,0.00306704556282592,3.4196507475375,0.103555031554812,6.73574646352018,0.0443295327127321,0.96782499090822,0.979466590692554,FALSE,FALSE,FALSE,FALSE
"IPM3_Cys_ln_U","Sleep","LE8_no_sleep","Continuous","Continuous, per 1 SD",1072,597,475,64.5034697296004,61.9278195488722,"WTSA2YR","ok",,0.131733028629443,0.919761063963878,-1.670965531122,1.93443158838088,0.886112271350003,-3.72948452427625,-5.24634426854014,-2.21262478001235,1.44323300932734e-06,-3.5977514956468,-4.98826995071195,-2.20723304058165,3.95515058545479e-07,0.96782499090822,0.984465611407303,FALSE,FALSE,FALSE,FALSE
"Ethylbenzene_binary_S","Sleep","LE8_no_sleep","Binary","Binary 0/1",3285,1803,1482,66.2304888677601,62.8846153846154,"WTSVOC2Y","ok",,-0.225651913968293,1.62692708829075,-3.80649429184734,3.35519046391076,0.892195218292319,-5.88687268961882,-8.94798274837065,-2.82576263086699,0.00140589717643598,-6.11252460358711,-9.17483456295694,-3.05021464421729,0.00107513124438233,0.96782499090822,0.984465611407303,FALSE,FALSE,FALSE,FALSE
"Sr_ln_U","Sleep","LE8_no_sleep","Continuous","Continuous, per 1 SD",2266,1251,1015,66.4588329336531,62.8676988036594,"WTSA2YR","ok",,-0.0883673241884102,0.638409647469429,-1.49349748432796,1.31676283595114,0.892411595517251,1.60341917372493,0.310221813276367,2.89661653417349,0.0196142883056563,1.51505184953652,0.487175103093602,2.54292859597943,0.00781580864967232,0.96782499090822,0.984465611407303,FALSE,FALSE,FALSE,FALSE
"Nitrate_ln_U","Sleep","LE8_no_sleep","Continuous","Continuous, per 1 SD",2255,1245,1010,66.4675846242111,62.9526166902405,"WTSA2YR","ok",,-0.0985644476346812,0.730810681558383,-1.70706791258114,1.50993901731178,0.895150856663138,2.05257122043764,0.74948700068399,3.35565544019129,0.00526856300884595,1.95400677280296,0.687410232569043,3.22060331303687,0.00597637232013297,0.96782499090822,0.984465611407303,FALSE,FALSE,FALSE,FALSE
"CEMA_CEM_ln_U","Sleep","LE8_no_sleep","Continuous","Continuous, per 1 SD",2240,1233,1007,66.4957710578148,62.9224003404738,"WTSA2YR","ok",,0.0937706271709133,0.722880255932837,-1.49727808866051,1.68481934300233,0.89913111976516,-2.85315991984889,-4.20963993274227,-1.49667990695551,0.000729054518386669,-2.75938929267798,-3.79242710837484,-1.72635147698112,0.000106287029321287,0.96782499090822,0.98447297975783,FALSE,FALSE,FALSE,FALSE
"X1_NP_ln_U","Sleep","LE8_no_sleep","Continuous","Continuous, per 1 SD",2184,1196,988,66.6310320114668,62.9424522845575,"WTSA2YR","ok",,-0.147967556896239,1.16747711164033,-2.71756735436326,2.42163224057078,0.901432224802909,-1.39898401726067,-2.74534467010847,-0.0526233644128651,0.043002965902366,-1.54695157415691,-3.33791331489806,0.244010166584246,0.0837926900609017,0.96782499090822,0.98447297975783,FALSE,FALSE,FALSE,FALSE
"X14_DCB_binary_S","Sleep","LE8_no_sleep","Binary","Binary 0/1",3343,1841,1502,66.3234267090867,62.896614038425,"WTSVOC2Y","ok",,0.192253103977751,1.55122479912365,-3.22196965885954,3.60647586681505,0.903601384848714,0.138506145351981,-2.16642145625017,2.44343374695413,0.897166834524062,0.330759249329732,-1.68173792127336,2.34325641993283,0.724400767469987,0.96782499090822,0.98447297975783,FALSE,FALSE,FALSE,FALSE
"PMM_Cys_ln_U","Sleep","LE8_no_sleep","Continuous","Continuous, per 1 SD",2229,1229,1000,66.5256305939788,63.0042857142857,"WTSA2YR","ok",,-0.0948964568000454,0.814649685714389,-1.88792832573073,1.69813541213064,0.909365763269468,-2.30862030456042,-3.76744780514614,-0.849792803974697,0.00512042805693517,-2.40351676136046,-3.51413834847671,-1.29289517424422,0.000587078349351028,0.96782499090822,0.98447297975783,FALSE,FALSE,FALSE,FALSE
"PFNA_ln_S","Sleep","LE8_no_sleep","Continuous","Continuous, per 1 SD",2211,1211,1000,65.8658723605049,63.515,"WTSB2YR","ok",,-0.0843043702493235,0.820946139478015,-1.89119464047495,1.72258589997631,0.920055831515967,0.420478410772246,-0.997607298335152,1.83856411987964,0.527406485616786,0.336174040522922,-1.01348859351074,1.68583667455658,0.594490586027857,0.969488609019671,0.98447297975783,FALSE,FALSE,FALSE,FALSE
"FA_ln_S","Sleep","LE8_no_sleep","Continuous","Continuous, per 1 SD",2059,1129,930,66.3089965835759,63.0476190476191,"WTSA2YR","ok",,-0.0631389396195894,0.646373876007815,-1.4857982485837,1.35952036934452,0.923942164300626,0.698141288957071,-0.489022317353899,1.88530489526804,0.222059082600663,0.635002349337481,-0.680770831212165,1.95077552988713,0.310903374154499,0.969488609019671,0.98447297975783,FALSE,FALSE,FALSE,FALSE
"X4_MDA_binary_U","Sleep","LE8_no_sleep","Binary","Binary 0/1",1029,573,456,64.5836449763151,62.2274436090226,"WTSA2YR","ok",,0.231931686286654,2.70318617117867,-5.06621585273027,5.53007922530357,0.931625902652024,-0.511055271054705,-4.11824478717092,3.09613424506151,0.781256835554779,-0.279123584768051,-3.40871845214491,2.85047128260881,0.861232020135835,0.970715101364696,0.98447297975783,FALSE,FALSE,FALSE,FALSE
"PHE_Cys_binary_U","Sleep","LE8_no_sleep","Binary","Binary 0/1",2200,1205,995,66.5915826911678,63.0287150035894,"WTSA2YR","ok",,-0.124653649548014,1.80454111259926,-4.09642185915425,3.84711456005822,0.946167468374532,-5.07877459053638,-7.58065295811071,-2.57689622296205,0.000950078108833849,-5.20342824008439,-7.80763614232011,-2.59922033784868,0.00106716780480206,0.973614051993576,0.98447297975783,FALSE,FALSE,FALSE,FALSE
"o_TLD_ln_U","Sleep","LE8_no_sleep","Continuous","Continuous, per 1 SD",1087,603,484,68.5915659796257,64.18093270366,"WTSA2YR","ok",,0.0873848161567343,1.32650999202275,-2.51252699334038,2.68729662565385,0.947476762007171,0.245742542638983,-1.48655977400491,1.97804485928287,0.780982895414892,0.333127358795717,-1.31350226673397,1.97975698432541,0.691723227474846,0.973614051993576,0.98447297975783,FALSE,FALSE,FALSE,FALSE
"Mn_binary_U","Sleep","LE8_no_sleep","Binary","Binary 0/1",2268,1252,1016,66.473642172524,62.8592519685039,"WTSA2YR","ok",,0.093992682324783,2.07698197077019,-4.47741381311829,4.66539917776785,0.964715592147141,-1.97881668637888,-4.86242795456245,0.90479458180469,0.159126292123785,-1.8848240040541,-4.74120650515874,0.971558497050553,0.174324969555749,0.984538515273452,0.991097345811026,FALSE,FALSE,FALSE,FALSE
"PFHS_ln_S","Sleep","LE8_no_sleep","Continuous","Continuous, per 1 SD",2211,1211,1000,65.8658723605049,63.515,"WTSB2YR","ok",,0.0307925570968895,0.972027133666499,-2.10862473930949,2.17020985350327,0.975295769591554,0.341800216998172,-1.2606100836563,1.94421051765265,0.647896307562157,0.372592774095062,-0.712188020882334,1.45737356907246,0.465543520933917,0.988565099790078,0.995336093624257,FALSE,FALSE,FALSE,FALSE
"Pb_ln_U","Sleep","LE8_no_sleep","Continuous","Continuous, per 1 SD",2266,1251,1015,66.4588329336531,62.8676988036594,"WTSA2YR","ok",,0.0107978931863845,0.509801278477051,-1.11126715533735,1.13286294171012,0.983480919078597,1.49971357756204,0.466130691058712,2.53329646406536,0.00855159232725175,1.51051147074842,0.215325460277452,2.80569748121939,0.0261946494404029,0.990126060423723,0.997922557157492,FALSE,FALSE,FALSE,FALSE
"X3_HPMA_ln_U","Sleep","LE8_no_sleep","Continuous","Continuous, per 1 SD",2170,1194,976,66.5147164393396,62.9691159250585,"WTSA2YR","ok",,0.00510199785411096,0.980577156076591,-2.15313377099533,2.16333776670355,0.995941742885551,-2.03405355547511,-3.55850847305765,-0.509598637892578,0.0135264750072504,-2.028951557621,-3.13774155382432,-0.920161561417682,0.00199034527752079,0.995941742885551,0.997922557157492,FALSE,FALSE,FALSE,FALSE
"X2_AN_ln_U","Smoking","LE8_no_smoking","Continuous","Continuous, per 1 SD",1113,606,507,69.959924563885,66.2552831783601,"WTSA2YR","ok",,-3.56608070346951,1.13658441092731,-5.79374521427671,-1.3384161926623,0.00170371181469053,3.71134159484396,1.88390320340665,5.53877998628127,6.87740519154406e-05,0.145260891374456,-0.986108887048014,1.27663066979692,0.801313718342683,0.225234060542322,0.253853060388889,TRUE,FALSE,FALSE,FALSE
"DETP_binary_U","Smoking","LE8_no_smoking","Binary","Binary 0/1",1043,566,477,67.0583038869258,64.685534591195,"WTSB2YR","ok",,6.5185734709195,2.19823917646903,2.21010385563522,10.8270430862038,0.00302327598043385,-0.709308362604463,-4.3081897992155,2.88957307400657,0.699280478830237,5.80926510831504,2.06356001347189,9.55497020315819,0.00236786495152555,0.225234060542322,0.360374496867715,TRUE,FALSE,FALSE,FALSE
"CEMA_CYM_ln_U","Smoking","LE8_no_smoking","Continuous","Continuous, per 1 SD",2227,1200,1027,68.2035714285714,64.3684796216442,"WTSA2YR","ok",,-3.14753627071485,0.973219475649211,-5.28957789413093,-1.00549464729877,0.0079563127355724,2.82530642213258,0.881984454742157,4.76862838952301,0.00845601267946112,-0.322229848582263,-1.41481058436396,0.770350887199437,0.529576645864013,0.320559767513654,0.420286715374257,TRUE,FALSE,FALSE,FALSE
"X4_MDA_binary_U","Smoking","LE8_no_smoking","Binary","Binary 0/1",1029,564,465,66.9186930091185,63.431643625192,"WTSA2YR","ok",,-4.75727369114119,1.90415408154457,-8.48934711198348,-1.02520027029889,0.0124767325807865,2.29943073275482,-0.574561240972592,5.17342270648223,0.116850115590176,-2.45784295838637,-4.71887328425976,-0.196812632512975,0.0331245724400703,0.320559767513654,0.420286715374257,TRUE,FALSE,FALSE,FALSE
"X1_PY_ln_U","Smoking","LE8_no_smoking","Continuous","Continuous, per 1 SD",2259,1218,1041,68.1691297208539,64.4792095512557,"WTSA2YR","ok",,-1.76646726051438,0.617224785370709,-3.12496985355606,-0.407964667472703,0.0154625720681355,2.20393615635622,0.831656039781922,3.57621627293051,0.00467466606935494,0.437468895841835,-0.739600467041864,1.61453825872553,0.430710966448624,0.320559767513654,0.420286715374257,TRUE,FALSE,FALSE,FALSE
"PMM_Cys_ln_U","Smoking","LE8_no_smoking","Continuous","Continuous, per 1 SD",2229,1208,1021,68.2142857142857,64.4291311039597,"WTSA2YR","ok",,-2.62960100578455,0.925193378214283,-4.66593790144924,-0.593264110119866,0.0160181941579943,2.08404533864495,0.480871000717559,3.68721967657234,0.0154842240467938,-0.545555667139605,-1.62453590301607,0.533424568736864,0.289494639709486,0.320559767513654,0.420286715374257,TRUE,FALSE,FALSE,FALSE
"PFNA_ln_S","Smoking","LE8_no_smoking","Continuous","Continuous, per 1 SD",2211,1189,1022,67.8253033761865,64.5526977914453,"WTSB2YR","ok",,1.77263003647609,0.624180127347749,0.398818838959581,3.14644123399259,0.016083785000635,-0.596364267418578,-1.8993661793334,0.706637644496245,0.335408436283541,1.17626576905751,0.180992895979549,2.17153864213547,0.0246394581438567,0.320559767513654,0.420286715374257,TRUE,FALSE,FALSE,FALSE
"OXY_binary_U","Smoking","LE8_no_smoking","Binary","Binary 0/1",2257,1203,1054,68.0429877686736,64.9288425047438,"WTSB2YR|WTSC2YR","ok",,-4.10325309943579,1.46437068955712,-7.32631125602416,-0.880194942847414,0.0172112626852968,3.2847065065039,0.671596045738192,5.8978169672696,0.0183361600887763,-0.818546592931889,-3.82861171874382,2.19151853288004,0.56160977756878,0.320559767513654,0.420286715374257,TRUE,FALSE,FALSE,FALSE
"PFDA_ln_S","Smoking","LE8_no_smoking","Continuous","Continuous, per 1 SD",2211,1189,1022,67.8253033761865,64.5526977914453,"WTSB2YR","ok",,2.22615757366052,0.814134679811265,0.434259225079969,4.01805592224107,0.0194254726704408,0.0905234880407849,-1.19310435089061,1.37415132697218,0.879461816224141,2.31668106170131,1.00571170117091,3.62765042223171,0.00252186910545255,0.321599491988408,0.420286715374257,TRUE,FALSE,FALSE,FALSE
"MA_ln_U","Smoking","LE8_no_smoking","Continuous","Continuous, per 1 SD",2210,1187,1023,68.3253099049224,64.509844993716,"WTSA2YR","ok",,-2.42111330618247,0.910711126554655,-4.4255749808596,-0.416651631505335,0.0222467376357757,2.20672947312195,0.788537457156361,3.62492148908754,0.00567524178776263,-0.214383833060519,-1.46808091750688,1.03931325138584,0.713799350908964,0.324767007334653,0.420286715374257,TRUE,FALSE,FALSE,FALSE
"X2_HPMA_ln_U","Smoking","LE8_no_smoking","Continuous","Continuous, per 1 SD",2230,1206,1024,68.2444918265814,64.4398716517857,"WTSA2YR","ok",,-2.09806964467425,0.801848291215408,-3.86292583428421,-0.333213455064302,0.0239760877898066,2.49295544713735,1.25402870583432,3.73188218844037,0.00101363232169151,0.394885802463093,-0.747320880904822,1.53709248583101,0.462699989225061,0.324767007334653,0.420286715374257,TRUE,FALSE,FALSE,FALSE
"Harman_ln_U","Smoking","LE8_no_smoking","Continuous","Continuous, per 1 SD",1163,625,538,69.408,65.7740308019118,"WTSA2YR","ok",,-1.68184549812398,0.78229369221889,-3.21511296020586,-0.14857803604209,0.0315639054768207,2.16195720051628,1.06088321753059,3.26303118350197,0.000118898362901475,0.480111702392304,-0.89220585203512,1.85242925681973,0.492900698985959,0.35025397515087,0.450973920290067,TRUE,FALSE,FALSE,FALSE
"MBzP_ln_U","Smoking","LE8_no_smoking","Continuous","Continuous, per 1 SD",2212,1200,1012,68.0089285714286,64.5892151326934,"WTSB2YR","ok",,2.00224172435416,0.813999345886335,0.210641243734038,3.79384220497428,0.0316923357792602,-2.04810857106871,-2.96629926779279,-1.12991787434462,0.000464548236404496,-0.0458668467145444,-1.44523565816734,1.35350196473825,0.943784475399884,0.35025397515087,0.450973920290067,TRUE,FALSE,FALSE,FALSE
"TCC_binary_U","Smoking","LE8_no_smoking","Binary","Binary 0/1",2214,1201,1013,67.9975020815987,64.5903257650543,"WTSB2YR","ok",,3.46185090883037,1.4317298359944,0.310634786546272,6.61306703111448,0.0341305960567236,-2.68016033037377,-5.34418984436051,-0.0161308163870264,0.0488489063717689,0.781690578456607,-2.01069303427569,3.5740741911889,0.550341632186361,0.35025397515087,0.45204078332905,TRUE,FALSE,FALSE,FALSE
"PFHS_ln_S","Smoking","LE8_no_smoking","Continuous","Continuous, per 1 SD",2211,1189,1022,67.8253033761865,64.5526977914453,"WTSB2YR","ok",,1.56114146815094,0.657318779140603,0.114392589812916,3.00789034648896,0.0368241655987624,-0.267414622494832,-1.40715025856114,0.872321013571478,0.615787805827133,1.29372684565611,0.262030158189531,2.32542353312268,0.0185561696070988,0.35025397515087,0.464651876186689,TRUE,FALSE,FALSE,FALSE
"DPHP_ln_U","Smoking","LE8_no_smoking","Continuous","Continuous, per 1 SD",2049,1075,974,68.1328903654485,64.6120563215019,"WTSSBI2Y|WTSSCH2Y","ok",,-2.21721097315392,0.938285981391464,-4.28236449411856,-0.152057452189291,0.037611165116872,1.4937547675168,0.392366196195181,2.59514333883841,0.0124063495409326,-0.723456205637127,-2.24145930580973,0.794546894535476,0.316699451925646,0.35025397515087,0.464651876186689,TRUE,FALSE,FALSE,FALSE
"X3_FL_ln_U","Smoking","LE8_no_smoking","Continuous","Continuous, per 1 SD",2256,1216,1040,68.1796287593985,64.4642857142857,"WTSA2YR","ok",,-2.17935159316666,0.975163967051723,-4.32567301330359,-0.0330301730297222,0.0471239160846,2.34544013411664,0.207353355136544,4.48352691309673,0.0343434958286565,0.166088540949982,-0.846191157953064,1.17836823985303,0.724846801633545,0.391958426535323,0.529982234921422,TRUE,FALSE,FALSE,FALSE
"A_a_C_binary_U","Smoking","LE8_no_smoking","Binary","Binary 0/1",1162,624,538,69.3864468864469,65.833775889538,"WTSA2YR","ok",,3.33371361393349,1.69483201477341,0.011903905132145,6.65552332273484,0.0491846364821605,-2.85645560035479,-4.94655449770548,-0.766356703004103,0.00739294703610857,0.4772580135787,-2.21850059811535,3.17301662527275,0.72859681452019,0.391958426535323,0.529982234921422,TRUE,FALSE,FALSE,FALSE
"X1_NP_ln_U","Smoking","LE8_no_smoking","Continuous","Continuous, per 1 SD",2184,1182,1002,68.2402707275804,64.4952951240376,"WTSA2YR","ok",,-1.52913973085235,0.709753332640159,-3.09129628331892,0.0330168216142268,0.0542239878874378,1.45436552446962,0.186172124800049,2.72255892413919,0.0282689890330291,-0.074774206382727,-1.30582638035249,1.15627796758704,0.896063778805659,0.391958426535323,0.529982234921422,FALSE,FALSE,FALSE,FALSE
"W_ln_U","Smoking","LE8_no_smoking","Continuous","Continuous, per 1 SD",2265,1219,1046,68.1384038439002,64.4386779568424,"WTSA2YR","ok",,-1.31630404613305,0.612662628275214,-2.66476539910954,0.0321573068434327,0.0547899413909903,0.462475458789736,-0.597619750529527,1.522570668109,0.357586418472942,-0.853828587343318,-1.89777028890273,0.190113114216099,0.0992890703696623,0.391958426535323,0.529982234921422,FALSE,FALSE,FALSE,FALSE
"n_PFOS_ln_S","Smoking","LE8_no_smoking","Continuous","Continuous, per 1 SD",1045,561,484,66.8245480010186,64.5616883116883,"WTSB2YR","ok",,1.84205494971581,0.960922911476701,-0.0413193486978936,3.72542924812952,0.0552424628002804,-0.509916746105406,-2.33875145712094,1.31891796491013,0.584737210071621,1.33213820361041,0.661176604561248,2.00309980265956,9.96901643037707e-05,0.391958426535323,0.529982234921422,FALSE,FALSE,FALSE,FALSE
"PGA_ln_U","Smoking","LE8_no_smoking","Continuous","Continuous, per 1 SD",2211,1193,1018,68.299006107053,64.4428852090935,"WTSA2YR","ok",,-1.83332430352521,0.869330097306633,-3.74670694691813,0.080058339867713,0.058689307893983,2.03069901402274,0.630341084367838,3.43105694367765,0.00858034991570619,0.197374710497535,-1.14453451046974,1.53928393146481,0.752212670277931,0.394234464361614,0.529982234921422,FALSE,FALSE,FALSE,FALSE
"MB3_Cys_ln_U","Smoking","LE8_no_smoking","Continuous","Continuous, per 1 SD",2197,1179,1018,68.0873621713316,64.3460566937974,"WTSA2YR","ok",,-1.96368616037157,0.964787653066559,-4.08716946741071,0.159797146667565,0.0666343620123382,1.5441843526695,-0.177870438402687,3.26623914374169,0.0740691175910498,-0.41950180770207,-1.44576187484767,0.606758259443533,0.387556254861154,0.394234464361614,0.567343996562194,FALSE,FALSE,FALSE,FALSE
"BDCPP_ln_U","Smoking","LE8_no_smoking","Continuous","Continuous, per 1 SD",2042,1071,971,68.2019474456449,64.6755921730175,"WTSSBI2Y|WTSSCH2Y","ok",,-1.31156570138414,0.665218988193233,-2.77570282260862,0.152571419840342,0.0743246082148056,0.26077110217991,-1.11706471603609,1.63860692039591,0.685011730156113,-1.05079459920423,-1.99776927470252,-0.103819923705937,0.0326899302358913,0.394234464361614,0.588695630655698,FALSE,FALSE,FALSE,FALSE
"MeFOSAA_binary_S","Smoking","LE8_no_smoking","Binary","Binary 0/1",2211,1189,1022,67.8253033761865,64.5526977914453,"WTSB2YR","ok",,3.38576410410037,1.72642329550133,-0.41406794933455,7.18559615753529,0.0756667029477094,-0.150572740434393,-2.66139764143219,2.36025216056341,0.897374105287252,3.23519136366598,0.748436021293801,5.72194670603815,0.0154221837175784,0.394234464361614,0.588695630655698,FALSE,FALSE,FALSE,FALSE
"Co_ln_U","Smoking","LE8_no_smoking","Continuous","Continuous, per 1 SD",2266,1220,1046,68.155737704918,64.4386779568424,"WTSA2YR","ok",,-1.43707835337664,0.732940987666807,-3.05027059045419,0.176113883700908,0.0757238100148165,1.76904286684742,0.680627409319363,2.85745832437547,0.00433881357097161,0.331964513470774,-0.89114656551505,1.5550755924566,0.562355877303155,0.394234464361614,0.588695630655698,FALSE,FALSE,FALSE,FALSE
"PMA_binary_U","Smoking","LE8_no_smoking","Binary","Binary 0/1",2222,1196,1026,68.246536072623,64.3650793650794,"WTSA2YR","ok",,-3.0787708615883,1.57688494541639,-6.54947122562169,0.391929502445087,0.0767979120263356,-0.356459514019364,-2.31290887001602,1.59998984197729,0.696090017589698,-3.43523037560766,-6.10033494981786,-0.770125801397465,0.0161685270741027,0.394234464361614,0.588695630655698,FALSE,FALSE,FALSE,FALSE
"X1_PH_ln_U","Smoking","LE8_no_smoking","Continuous","Continuous, per 1 SD",2260,1218,1042,68.1691297208539,64.4584590074033,"WTSA2YR","ok",,-1.33929586605823,0.686621188303118,-2.85053891211788,0.171947180001415,0.0770440590455443,0.852053033701868,-0.27079754387756,1.9749036112813,0.12306227493133,-0.487242832356366,-1.5697358709748,0.595250206262068,0.343129356050729,0.394234464361614,0.588695630655698,FALSE,FALSE,FALSE,FALSE
"Cd_ln_S","Smoking","LE8_no_smoking","Continuous","Continuous, per 1 SD",3437,1869,1568,67.850263700986,64.3986880466472,"WTSH2YR","ok",,-1.4042136307325,0.722728321450718,-2.99492794102347,0.186500679558471,0.0780508693508773,1.31346017482169,-6.72597451920609e-05,2.62698760938857,0.0500098439427411,-0.090753455910807,-1.1468650085605,0.965358096738883,0.853432013044025,0.394234464361614,0.58883947003953,FALSE,FALSE,FALSE,FALSE
"AsC_binary_U","Smoking","LE8_no_smoking","Binary","Binary 0/1",2272,1225,1047,68.1714285714286,64.3880474826034,"WTSA2YR","ok",,3.33036709248417,1.7228696814623,-0.461643509186169,7.12237769415451,0.0793760666499894,-0.302136090483374,-3.75082177586937,3.14654959490262,0.850609082268417,3.0282310020008,0.62570373131637,5.43075827268523,0.0180905916584347,0.394234464361614,0.591351696542421,FALSE,FALSE,FALSE,FALSE
"Benzene_binary_S","Smoking","LE8_no_smoking","Binary","Binary 0/1",3280,1782,1498,67.6306717973385,64.5551211138661,"WTSVOC2Y","ok",,-3.09310747249114,1.62385240720527,-6.66718252292902,0.480967577946745,0.0832715666852519,1.62469883749746,-1.11331376158374,4.36271143657867,0.218192073913128,-1.46840863499367,-3.44979261780268,0.512975347815337,0.131129750780212,0.400240756003308,0.604203180326258,FALSE,FALSE,FALSE,FALSE
"HEMA_binary_U","Smoking","LE8_no_smoking","Binary","Binary 0/1",2238,1206,1032,68.2308694622128,64.406838316722,"WTSA2YR","ok",,-3.17204861287171,1.7330612846062,-6.98649078181931,0.642393556075893,0.0944060854604581,0.647034158522539,-1.51961828205673,2.81368659910181,0.52451096979267,-2.52501445434917,-4.82701463775617,-0.223014270942164,0.0343571940459081,0.428144504633798,0.614294289257189,FALSE,FALSE,FALSE,FALSE
"DPCP_binary_U","Smoking","LE8_no_smoking","Binary","Binary 0/1",1118,581,537,68.8382099827883,64.8669859005055,"WTSSCH2Y","ok",,-5.49032266489451,3.28666888732626,-11.9320753131623,0.951429983373293,0.094823950690707,4.47027341966349,-0.836584573659326,9.77713141298631,0.0987404080900018,-1.02004924523102,-4.77264697256862,2.73254848210658,0.594194963171688,0.428144504633798,0.614294289257189,FALSE,FALSE,FALSE,FALSE
"o_ANS_ln_U","Smoking","LE8_no_smoking","Continuous","Continuous, per 1 SD",1056,566,490,70.1072690560323,66.0568513119534,"WTSA2YR","ok",,-1.85848149752196,1.14507167776168,-4.10278074565171,0.385817750607779,0.10458377367225,2.57233487368547,1.17010890527324,3.9745608420977,0.000323786656735219,0.713853376163506,-1.08658641864457,2.51429317097159,0.43709808881603,0.458323008151919,0.62589063985396,FALSE,FALSE,FALSE,FALSE
"Tl_ln_U","Smoking","LE8_no_smoking","Continuous","Continuous, per 1 SD",2266,1220,1046,68.155737704918,64.4386779568424,"WTSA2YR","ok",,-1.15229722712517,0.659572847096703,-2.6040072755844,0.299412821334069,0.108453438568487,2.9963770849556,1.85638925013129,4.1363649197799,0.000121916188083379,1.84407985783043,0.672296016010517,3.01586369965034,0.00529780717688565,0.461148628820064,0.628334873141598,FALSE,FALSE,FALSE,FALSE
"CYHA_Cys_binary_U","Smoking","LE8_no_smoking","Binary","Binary 0/1",1074,586,488,66.9648951730863,63.1103629976581,"WTSA2YR","ok",,2.77141211852231,1.74100103160283,-0.640887200466322,6.18371143751095,0.111418460654512,-5.52603226008145,-10.4224351393373,-0.629629380825617,0.0269669325142243,-2.75462014155913,-5.58152512321245,0.0722848400941851,0.0561529034600891,0.461148628820064,0.633958646193645,FALSE,FALSE,FALSE,FALSE
"Chloroform_binary_S","Smoking","LE8_no_smoking","Binary","Binary 0/1",3280,1784,1496,67.6909833440102,64.497230710466,"WTSVOC2Y","ok",,-1.80224012580382,1.08299551939564,-4.18589719243937,0.581416940831733,0.124283360511624,2.30268340819011,0.367070821532665,4.23829599484756,0.0238975366609263,0.500443282386296,-0.977196433171476,1.97808299794407,0.471643563897935,0.500492451790053,0.633958646193645,FALSE,FALSE,FALSE,FALSE
"Perchlorate_ln_U","Smoking","LE8_no_smoking","Continuous","Continuous, per 1 SD",2254,1214,1040,68.2231113203107,64.4567307692308,"WTSA2YR","ok",,-1.29986209629608,0.797461264458364,-3.05506250511686,0.455338312524689,0.131375600877357,2.72007694155486,1.3953505461641,4.04480333694562,0.000873032022920675,1.42021484525878,-0.027763708327301,2.86819339884485,0.0538181592463975,0.515130645545425,0.636584212381338,FALSE,FALSE,FALSE,FALSE
"X34_MHA_ln_U","Smoking","LE8_no_smoking","Continuous","Continuous, per 1 SD",2248,1210,1038,68.2621015348288,64.4887145609689,"WTSA2YR","ok",,-1.24608833669947,0.796014078851402,-2.99810351147542,0.505926838076484,0.145782447122025,1.22843728270254,-0.295450262059187,2.75232482746427,0.103665769011125,-0.0176510539969272,-1.24931689423054,1.21401478623668,0.975402016629603,0.556963708235428,0.658229837005506,FALSE,FALSE,FALSE,FALSE
"GAM_Cys_binary_U","Smoking","LE8_no_smoking","Binary","Binary 0/1",2253,1214,1039,68.2519416333255,64.4589577890829,"WTSA2YR","ok",,-2.51005530939003,1.68474178714361,-6.21814698147938,1.19803636269932,0.164361222487386,-2.28502025835312,-4.39961141923298,-0.170429097473259,0.0366059440726151,-4.79507556774315,-7.53110351708288,-2.05904761840341,0.00266534565320548,0.566191637899606,0.669456998147066,FALSE,FALSE,FALSE,FALSE
"Sr_ln_U","Smoking","LE8_no_smoking","Continuous","Continuous, per 1 SD",2266,1220,1046,68.155737704918,64.4386779568424,"WTSA2YR","ok",,-1.06004459870238,0.712664134998437,-2.62860778396348,0.508518586558725,0.164992938273431,2.160186165795,1.00890297831364,3.31146935327635,0.00167276308887045,1.10014156709262,-0.18236018693128,2.38264332111651,0.0856678577816493,0.566191637899606,0.669456998147066,FALSE,FALSE,FALSE,FALSE
"Furan_binary_S","Smoking","LE8_no_smoking","Binary","Binary 0/1",3375,1837,1538,67.694221945719,64.5313951328256,"WTSVOC2Y","ok",,-6.56827567373275,4.45967690785632,-16.3839583667279,3.24740701926237,0.16882928447981,5.03024455482493,-4.93389041044805,14.9943795200979,0.290207176946067,-1.53803111890782,-3.77858267560118,0.702520437785544,0.159002563491576,0.566191637899606,0.669456998147066,FALSE,FALSE,FALSE,FALSE
"PNP_ln_U","Smoking","LE8_no_smoking","Continuous","Continuous, per 1 SD",2222,1185,1037,68.1103074141049,64.9042567846811,"WTSB2YR|WTSC2YR","ok",,-1.12823064460839,0.766170732269973,-2.81456105643115,0.558099767214361,0.168897243902014,2.25841020502433,1.10693053803719,3.40988987201148,0.00122114520579526,1.13017956041594,-0.159508997296334,2.41986811812821,0.0799538165707337,0.566191637899606,0.669456998147066,FALSE,FALSE,FALSE,FALSE
"X2_MHA_ln_U","Smoking","LE8_no_smoking","Continuous","Continuous, per 1 SD",2124,1137,987,68.1932403568288,64.3609784339268,"WTSA2YR","ok",,-1.10060625852192,0.75513730054652,-2.76265225085647,0.561439733812628,0.1729302238783,1.8062245331273,0.486401898641285,3.12604716761331,0.011820850839572,0.705618274605374,-0.543361390179512,1.95459793939026,0.239547558381782,0.566191637899606,0.669456998147066,FALSE,FALSE,FALSE,FALSE
"BP3_ln_U","Smoking","LE8_no_smoking","Continuous","Continuous, per 1 SD",2212,1200,1012,68.0089285714286,64.5892151326934,"WTSB2YR","ok",,-0.842876333444318,0.580274462154717,-2.12005181342701,0.434299146538371,0.174271396693201,2.58803881084316,1.34189459188716,3.83418302979917,0.000801948774238497,1.74516247739884,0.558168897186266,2.93215605761142,0.00793057094365936,0.566191637899606,0.669456998147066,FALSE,FALSE,FALSE,FALSE
"X25_DMF_binary_S","Smoking","LE8_no_smoking","Binary","Binary 0/1",3370,1833,1537,67.7191956979191,64.5227251603309,"WTSVOC2Y","ok",,4.00121979057842,2.7798571863617,-2.11720462377779,10.1196442049346,0.177891856961953,-4.84853423669945,-10.7808303181326,1.08376184473371,0.0994998926713404,-0.847314446121036,-3.28489729392715,1.59026840168508,0.460328303787215,0.566191637899606,0.669456998147066,FALSE,FALSE,FALSE,FALSE
"X23_OH_PH_ln_U","Smoking","LE8_no_smoking","Continuous","Continuous, per 1 SD",2260,1218,1042,68.1691297208539,64.4584590074033,"WTSA2YR","ok",,-0.968106118855119,0.673784466506896,-2.45109573073706,0.51488349302682,0.17859736229048,0.495454015009974,-1.07867785960505,2.069585889625,0.502826959135561,-0.472652103845145,-1.57973636340575,0.634432155715463,0.367560377156279,0.566191637899606,0.669456998147066,FALSE,FALSE,FALSE,FALSE
"X25_DCP_ln_U","Smoking","LE8_no_smoking","Continuous","Continuous, per 1 SD",2212,1200,1012,68.0089285714286,64.5892151326934,"WTSB2YR","ok",,1.04015002857205,0.739692579901333,-0.587902362820683,2.66820241996478,0.187281998289574,-0.145088133595947,-1.36266131270654,1.07248504551465,0.797957546561695,0.895061894976102,-0.417836930739416,2.20796072069162,0.161627805704425,0.576177266063823,0.675491610430536,FALSE,FALSE,FALSE,FALSE
"Norharman_ln_U","Smoking","LE8_no_smoking","Continuous","Continuous, per 1 SD",1149,619,530,69.5453496422802,65.7506738544474,"WTSA2YR","ok",,-1.77005252037652,1.34900647857677,-4.41405663329819,0.873951592545153,0.189481114343137,1.30310136979817,0.130643094566579,2.47555964502976,0.0293795281071804,-0.466951150578351,-2.77415011089416,1.84024780973745,0.691607364929261,0.576177266063823,0.675491610430536,FALSE,FALSE,FALSE,FALSE
"Cd_ln_U","Smoking","LE8_no_smoking","Continuous","Continuous, per 1 SD",2266,1220,1046,68.155737704918,64.4386779568424,"WTSA2YR","ok",,-1.0098838353644,0.728944092921933,-2.61427896642204,0.594511295693232,0.19337664238915,1.77431869823875,0.427747413624034,3.12088998285347,0.0144414270652664,0.76443486287435,-0.727394579673613,2.25626430542231,0.283396549596925,0.576262394319666,0.677955758023136,FALSE,FALSE,FALSE,FALSE
"BuP_binary_U","Smoking","LE8_no_smoking","Binary","Binary 0/1",2214,1201,1013,67.9975020815987,64.5903257650543,"WTSB2YR","ok",,-1.96393990207787,1.46431314630176,-5.18687140681514,1.25899160265939,0.206890391526432,1.82911704316657,-0.538016313118884,4.19625039945203,0.11705564911366,-0.134822858911299,-2.98982851995252,2.72018280212992,0.91908952506241,0.604444477204674,0.708659042239963,FALSE,FALSE,FALSE,FALSE
"o_TLD_ln_U","Smoking","LE8_no_smoking","Continuous","Continuous, per 1 SD",1087,585,502,69.8388278388278,65.6701764371087,"WTSA2YR","ok",,-1.0929695359256,0.885307510405992,-2.82814037156416,0.642201299712963,0.216992496646854,1.68390891955418,0.427609438419207,2.94020840068915,0.00861207628531289,0.590939383628579,-0.594683050083449,1.77656181734061,0.328624778260105,0.621766961545793,0.709857390100895,FALSE,FALSE,FALSE,FALSE
"Mo_ln_U","Smoking","LE8_no_smoking","Continuous","Continuous, per 1 SD",2265,1219,1046,68.1384038439002,64.4386779568424,"WTSA2YR","ok",,-1.02569526541525,0.805521002919802,-2.79863503898387,0.747244508153366,0.229150807865874,1.78432409304322,0.867635935430925,2.70101225065551,0.00128962794902923,0.758628827627966,-0.720457978818466,2.2377156340744,0.282961295774671,0.644216422113494,0.717045429584856,FALSE,FALSE,FALSE,FALSE
"PFBA_binary_U","Smoking","LE8_no_smoking","Binary","Binary 0/1",1094,583,511,68.5775545209507,64.6128040257199,"WTSSBH2Y","ok",,-2.11824873577243,1.78586889465224,-5.61848745040118,1.38198997885632,0.235576257069558,4.59620947645673,1.90580011708764,7.28661883582583,0.00081297233504002,2.4779607406843,-1.03663196380417,5.99255344517277,0.167011307477965,0.650015968580818,0.717045429584856,FALSE,FALSE,FALSE,FALSE
"Thiocyanate_ln_U","Smoking","LE8_no_smoking","Continuous","Continuous, per 1 SD",2249,1209,1040,68.2187167671039,64.4601648351648,"WTSA2YR","ok",,-1.03115362702639,0.847404097399039,-2.89627747000253,0.833970215949743,0.249129430682057,1.38443018929696,-0.0973716410989651,2.86623201969289,0.0642680234776377,0.353276562270569,-0.880452327423911,1.58700545196505,0.541402919596276,0.655555582869686,0.740908086721115,FALSE,FALSE,FALSE,FALSE
"DEP_ln_U","Smoking","LE8_no_smoking","Continuous","Continuous, per 1 SD",1046,567,479,67.0647518266566,64.6570235609902,"WTSB2YR","ok",,1.07677026816438,0.970912373505472,-0.826183016050642,2.97972355237941,0.267417543118561,0.644410660822854,-0.798946136081798,2.08776745772751,0.381542056180742,1.72118092898724,0.415233323877024,3.02712853409745,0.00979040343867018,0.655555582869686,0.765743909399809,FALSE,FALSE,FALSE,FALSE
"X14_DCB_binary_S","Smoking","LE8_no_smoking","Binary","Binary 0/1",3343,1822,1521,67.7116982907323,64.5529257067719,"WTSVOC2Y","ok",,1.49449040733369,1.28008289352458,-1.32295304500107,4.31193385966846,0.267694533327912,-0.704224480917812,-2.52102684637785,1.11257788454223,0.411773463019029,0.790265926415881,-1.4107018125341,2.99123366536586,0.446071614423527,0.655555582869686,0.765743909399809,FALSE,FALSE,FALSE,FALSE
"BDCM_binary_S","Smoking","LE8_no_smoking","Binary","Binary 0/1",3341,1819,1522,67.6906463519987,64.5161441712033,"WTSVOC2Y","ok",,-1.89234501174511,1.62703690711447,-5.47342909922546,1.68873907573523,0.26941427842888,1.26720409428772,-1.4897263038346,4.02413449241004,0.333432883156898,-0.625140917457393,-2.92102465812751,1.67074282321272,0.561112453182564,0.655555582869686,0.765743909399809,FALSE,FALSE,FALSE,FALSE
"BMA_ln_U","Smoking","LE8_no_smoking","Continuous","Continuous, per 1 SD",2244,1208,1036,68.2574503311258,64.4704908990623,"WTSA2YR","ok",,-0.952219529550279,0.825472105003048,-2.7690713827316,0.864632323631037,0.273135503612375,2.4579116775671,1.23263692130235,3.68318643383185,0.00103673754028104,1.50569214801682,0.601544051176256,2.40984024485738,0.0037197839841696,0.655555582869686,0.765743909399809,FALSE,FALSE,FALSE,FALSE
"X1_AN_ln_U","Smoking","LE8_no_smoking","Continuous","Continuous, per 1 SD",1110,594,516,69.9795574795575,66.1129568106312,"WTSA2YR","ok",,-1.17165497268978,1.0710931858006,-3.27095904094522,0.927649095565667,0.274004516035222,1.58557112599092,0.599142568387465,2.57199968359437,0.00163037005948888,0.41391615330114,-1.10683623112454,1.93466853772682,0.593715108495563,0.655555582869686,0.765743909399809,FALSE,FALSE,FALSE,FALSE
"X3_HPMA_ln_U","Smoking","LE8_no_smoking","Continuous","Continuous, per 1 SD",2170,1167,1003,68.2574366507529,64.456630109671,"WTSA2YR","ok",,-1.26957708271449,1.11897130448651,-3.73241631845769,1.1932621530287,0.280665422315146,1.05707233168047,-0.751235144641199,2.86537980800213,0.224645697758137,-0.212504751034026,-1.40149854608207,0.976489044014016,0.701560167457122,0.655555582869686,0.768598159437073,FALSE,FALSE,FALSE,FALSE
"PFUnDA_binary_S","Smoking","LE8_no_smoking","Binary","Binary 0/1",2211,1189,1022,67.8253033761865,64.5526977914453,"WTSB2YR","ok",,1.85569549164304,1.6679737759169,-1.81549003657207,5.52688101985815,0.289626574564029,3.5619842946315,1.46829440986594,5.65567417939707,0.00324059764063227,5.41767978627454,2.19314115005242,8.64221842249666,0.00351403902999596,0.655555582869686,0.769894580565299,FALSE,FALSE,FALSE,FALSE
"Cs_ln_U","Smoking","LE8_no_smoking","Continuous","Continuous, per 1 SD",2266,1220,1046,68.155737704918,64.4386779568424,"WTSA2YR","ok",,-0.875444545027208,0.788120319365871,-2.61008567231817,0.859196582263758,0.290344736420204,2.99224859896799,1.66776675807403,4.31673043986194,0.000420438593167837,2.11680405394078,0.588857186578663,3.64475092130289,0.0110627952658503,0.655555582869686,0.769894580565299,FALSE,FALSE,FALSE,FALSE
"BPF_binary_U","Smoking","LE8_no_smoking","Binary","Binary 0/1",2213,1200,1013,67.9934523809524,64.5903257650543,"WTSB2YR","ok",,1.96942896729073,1.7814296374386,-1.95147122845906,5.89032916304051,0.292522084993347,-2.41859561153413,-5.17284006132884,0.335648838260591,0.0794131740961905,-0.449166644243398,-3.00215263620233,2.10381934771553,0.705968501809963,0.655555582869686,0.771429923256791,FALSE,FALSE,FALSE,FALSE
"PHE_Cys_binary_U","Smoking","LE8_no_smoking","Binary","Binary 0/1",2200,1184,1016,68.2601351351351,64.5416197975253,"WTSA2YR","ok",,-1.74102130798421,1.62236453561247,-5.31182157512621,1.8297789591578,0.30618719864309,-1.97267529252273,-4.39360345763046,0.448252872584985,0.100405710327896,-3.71369660050694,-6.11515526425647,-1.31223793675742,0.0058906924999043,0.655555582869686,0.785123573184402,FALSE,FALSE,FALSE,FALSE
"Pb_ln_S","Smoking","LE8_no_smoking","Continuous","Continuous, per 1 SD",3437,1869,1568,67.850263700986,64.3986880466472,"WTSH2YR","ok",,0.628069652778434,0.588747493667365,-0.667754843824582,1.92389414938145,0.308921045760069,1.79059264729889,0.403593200501873,3.17759209409591,0.0160406583965734,2.41866230007733,1.5783017022335,3.25902289792115,5.5618924421051e-05,0.655555582869686,0.785123573184402,FALSE,FALSE,FALSE,FALSE
"EO_ln_S","Smoking","LE8_no_smoking","Continuous","Continuous, per 1 SD",2243,1198,1045,68.1844741235392,64.2686261107314,"WTSA2YR","ok",,-1.38514598296059,1.30291452409318,-4.25284151535753,1.48254954943635,0.31051241090756,1.20605118304693,-1.49499172319718,3.90709408929104,0.346843284495277,-0.179094799913661,-1.09960574584358,0.741416146016257,0.67675224603069,0.655555582869686,0.785123573184402,FALSE,FALSE,FALSE,FALSE
"Nitrate_ln_U","Smoking","LE8_no_smoking","Continuous","Continuous, per 1 SD",2255,1214,1041,68.2231113203107,64.4593111019624,"WTSA2YR","ok",,-0.753262132230246,0.710497450417838,-2.31705647688285,0.810532212422361,0.311782484790757,2.95828443765026,1.57612936624758,4.34043950905293,0.000638815571172232,2.20502230542001,1.02841816329755,3.38162644754247,0.00168700255837391,0.655555582869686,0.785123573184402,FALSE,FALSE,FALSE,FALSE
"MMA_binary_U","Smoking","LE8_no_smoking","Binary","Binary 0/1",2272,1225,1047,68.1714285714286,64.3880474826034,"WTSA2YR","ok",,1.79261980117186,1.69722758450804,-1.94295292562851,5.52819252797224,0.313519901565162,2.79875864613867,0.969379814206498,4.62813747807084,0.00628242775335007,4.59137844731053,1.52711997888735,7.65563691573371,0.00710467062580343,0.655555582869686,0.785123573184402,FALSE,FALSE,FALSE,FALSE
"BPA_ln_U","Smoking","LE8_no_smoking","Continuous","Continuous, per 1 SD",2212,1200,1012,68.0089285714286,64.5892151326934,"WTSB2YR","ok",,0.978957640332991,0.935560869354835,-1.08019794947943,3.03811323014541,0.317831774147142,-0.812026890239693,-2.04374450045098,0.419690719971599,0.174684904037912,0.166930750093298,-1.30854979726168,1.64241129744828,0.807939911507876,0.655555582869686,0.785315449316656,FALSE,FALSE,FALSE,FALSE
"Sm_PFOS_ln_S","Smoking","LE8_no_smoking","Continuous","Continuous, per 1 SD",1045,561,484,66.8245480010186,64.5616883116883,"WTSB2YR","ok",,1.06865818981061,1.07725673428083,-1.04272621148304,3.18004259110427,0.321188691075054,-0.901810281117218,-3.12663172802184,1.32301116578741,0.426931865051981,0.166847908693393,-0.957554504083231,1.29125032147002,0.771177300583351,0.655555582869686,0.785315449316656,FALSE,FALSE,FALSE,FALSE
"X26_DMA_binary_U","Smoking","LE8_no_smoking","Binary","Binary 0/1",1063,566,497,69.8472993437658,65.745903995401,"WTSA2YR","ok",,-3.09116602066255,3.14623369140338,-9.25767074275968,3.07533870143457,0.325854925975799,-0.815117539270367,-3.53663468427567,1.90639960573494,0.557186319838827,-3.90628355993292,-8.84413762463891,1.03157050477307,0.121019981607609,0.655555582869686,0.785315449316656,FALSE,FALSE,FALSE,FALSE
"Mn_binary_U","Smoking","LE8_no_smoking","Binary","Binary 0/1",2268,1222,1046,68.1570025718962,64.4386779568424,"WTSA2YR","ok",,-1.90566632246196,1.8729332908504,-6.02796470146529,2.21663205654137,0.330783769324935,-1.26369122233131,-3.57716460509274,1.04978216043013,0.254509740404891,-3.16935754479327,-6.43352384886749,0.0948087592809612,0.0558903776220687,0.655555582869686,0.785315449316656,FALSE,FALSE,FALSE,FALSE
"Sn_ln_U","Smoking","LE8_no_smoking","Continuous","Continuous, per 1 SD",2265,1219,1046,68.1384038439002,64.4386779568424,"WTSA2YR","ok",,0.682539643985748,0.673961407836991,-0.800839413137937,2.16591870110943,0.332948159583612,-1.56328104064802,-2.8466406754646,-0.279921405831441,0.0213678687270605,-0.88074139666227,-2.02014866355636,0.258665870231817,0.116942284690029,0.655555582869686,0.785315449316656,FALSE,FALSE,FALSE,FALSE
"Total_As_ln_U","Smoking","LE8_no_smoking","Continuous","Continuous, per 1 SD",2266,1220,1046,68.155737704918,64.4386779568424,"WTSA2YR","ok",,0.785462064033564,0.782947223424048,-0.937793155857719,2.50871728392485,0.337316703062188,2.16016104640026,0.640715053122084,3.67960703967843,0.00959321885344679,2.94562311043382,2.24854262328066,3.64270359758698,1.51816442979979e-06,0.655555582869686,0.785315449316656,FALSE,FALSE,FALSE,FALSE
"DBCM_binary_S","Smoking","LE8_no_smoking","Binary","Binary 0/1",3373,1835,1538,67.7061113273647,64.516533531488,"WTSVOC2Y","ok",,-1.9967496528599,1.99825768232408,-6.39488515769431,2.4013858519745,0.339150056870777,0.331855404530939,-2.60598449921412,3.269695308276,0.808234620415084,-1.66489424832897,-3.92574127639688,0.595952779738945,0.133345429363387,0.655555582869686,0.786511415933785,FALSE,FALSE,FALSE,FALSE
"X4_ABP_ln_U","Smoking","LE8_no_smoking","Continuous","Continuous, per 1 SD",1127,604,523,69.532876064333,65.9792406446326,"WTSA2YR","ok",,-1.31972264563996,1.38789585954869,-4.03994854464765,1.40050325336772,0.341665211194624,1.90433235892846,-0.241640302443585,4.0503050203005,0.0819875301116825,0.584609713288497,-1.22961208909281,2.3988315156698,0.527665762356072,0.655555582869686,0.789273123534869,FALSE,FALSE,FALSE,FALSE
"CMAC_ln_U","Smoking","LE8_no_smoking","Continuous","Continuous, per 1 SD",2229,1201,1028,68.3210419888188,64.4309338521401,"WTSA2YR","ok",,-0.963299286765348,0.97245218890468,-3.10365212344318,1.17705354991248,0.343176748079433,1.31116163419969,-0.0986981303432408,2.72102139874262,0.0653231041015971,0.347862347434341,-1.25288633359541,1.94861102846409,0.641800716500063,0.655555582869686,0.789704022607498,FALSE,FALSE,FALSE,FALSE
"IPM3_Cys_ln_U","Smoking","LE8_no_smoking","Continuous","Continuous, per 1 SD",1072,584,488,66.9581702544031,63.1103629976581,"WTSA2YR","ok",,-1.27876351369813,1.37180186821687,-3.96744576932795,1.40991874193169,0.351244546126012,0.406728284210315,-2.05234484297812,2.86580141139875,0.745804699133249,-0.872035229487813,-2.34900318276279,0.604932723787165,0.247187801614853,0.66247389079463,0.802075668548288,FALSE,FALSE,FALSE,FALSE
"X24_DCP_ln_U","Smoking","LE8_no_smoking","Continuous","Continuous, per 1 SD",2212,1200,1012,68.0089285714286,64.5892151326934,"WTSB2YR","ok",,-0.733092513218029,0.836890082060023,-2.57507516446001,1.10889013802395,0.399769762103618,1.0052416010545,-0.273210128563552,2.28369333067254,0.111434696526716,0.272149087836466,-1.04307465569171,1.58737283136464,0.657656235651127,0.731618345851368,0.844182840117226,FALSE,FALSE,FALSE,FALSE
"X5OHIMI_binary_U","Smoking","LE8_no_smoking","Binary","Binary 0/1",877,466,411,67.1244635193133,64.4091067083768,"WTSSBI2Y","ok",,1.95219677349247,2.32275339282962,-2.6003162214218,6.50470976840673,0.400646790357062,-0.170821636860185,-4.58115233314332,4.23950905942295,0.939487805156213,1.78137513663228,-1.92604052008057,5.48879079334514,0.346324459652244,0.731618345851368,0.844182840117226,FALSE,FALSE,FALSE,FALSE
"IHg_binary_S","Smoking","LE8_no_smoking","Binary","Binary 0/1",3437,1869,1568,67.8204540243064,64.3986880466472,"WTSH2YR","ok",,1.26164277244195,1.46129846163852,-1.95465345608918,4.47793900097307,0.406364870784266,0.573258808475554,-1.7870552243437,2.93357284129481,0.603589560477263,1.8349015809175,-0.728537254571158,4.39834041640616,0.143454045431569,0.731618345851368,0.844182840117226,FALSE,FALSE,FALSE,FALSE
"X2_FL_ln_U","Smoking","LE8_no_smoking","Continuous","Continuous, per 1 SD",2259,1218,1041,68.1691297208539,64.4654864827775,"WTSA2YR","ok",,-0.769668908448148,0.894541299287751,-2.73854103326958,1.19920321637328,0.407927278445908,0.388550761283681,-1.55330279644253,2.33040431900989,0.668175632260096,-0.381118147164467,-1.44739563144768,0.685159337118743,0.448077636351152,0.731618345851368,0.844182840117226,FALSE,FALSE,FALSE,FALSE
"X3PBA_ln_U","Smoking","LE8_no_smoking","Continuous","Continuous, per 1 SD",2245,1199,1046,68.0590968664363,64.9255667850314,"WTSB2YR|WTSC2YR","ok",,0.637422830164429,0.753831916500546,-1.02175003125671,2.29659569158557,0.415803313763181,1.30329008754095,0.100503510450621,2.50607666463127,0.0361864627999345,1.94071291770538,0.770208467435797,3.11121736797496,0.0038256456070212,0.731618345851368,0.846785120414247,FALSE,FALSE,FALSE,FALSE
"CEMA_CEM_ln_U","Smoking","LE8_no_smoking","Continuous","Continuous, per 1 SD",2240,1203,1037,68.2537703360646,64.4310511089682,"WTSA2YR","ok",,-0.819515274914203,0.972537364181416,-2.96005558111214,1.32102503128373,0.417366170452123,-0.350713317170847,-1.55816005503478,0.856733420693084,0.535717035429198,-1.17022859208505,-2.57496744093319,0.234510256763093,0.0938958455750131,0.731618345851368,0.846785120414247,FALSE,FALSE,FALSE,FALSE
"BCPP_binary_U","Smoking","LE8_no_smoking","Binary","Binary 0/1",2053,1077,976,68.1536012733784,64.6252927400468,"WTSSBI2Y|WTSSCH2Y","ok",,-1.43064483976173,1.74145982410444,-5.2635720695114,2.40228238998794,0.428796363233733,-1.03537344092479,-4.23293957324331,2.16219269139373,0.490885368303232,-2.46601828068652,-4.40371507290723,-0.52832148846581,0.0172410171597552,0.74291462932356,0.846785120414247,FALSE,FALSE,FALSE,FALSE
"PhIP_binary_U","Smoking","LE8_no_smoking","Binary","Binary 0/1",1163,625,538,69.408,65.7846521508231,"WTSA2YR","ok",,1.74992265610193,2.2485541727322,-2.65716253974045,6.1570078519443,0.436425480252396,-2.28336061850465,-4.76210389079024,0.195382653780932,0.0710006638162584,-0.533437962402727,-4.18716141313463,3.12028548832918,0.774761931705656,0.747441339742609,0.846785120414247,FALSE,FALSE,FALSE,FALSE
"PFHpA_binary_S","Smoking","LE8_no_smoking","Binary","Binary 0/1",1166,628,538,68.7192902638762,64.5446096654275,"WTSB2YR","ok",,-1.60813720326161,2.15777523102854,-5.83729894281014,2.62102453628693,0.456105135980664,-0.573741902490486,-4.60570321214986,3.45821940716888,0.780321672078301,-2.18187910575209,-6.79782814348798,2.4340699319838,0.354216842621577,0.758594234582448,0.856093807052293,FALSE,FALSE,FALSE,FALSE
"X24D_ln_U","Smoking","LE8_no_smoking","Continuous","Continuous, per 1 SD",2265,1206,1059,68.0828002842928,64.9008498583569,"WTSB2YR|WTSC2YR","ok",,-0.604292471530631,0.785504257088707,-2.33317568457168,1.12459074151042,0.457913308557252,2.30690938145581,1.03720075404455,3.57661800886708,0.00209002081887331,1.70261690992518,0.720439359814368,2.684794460036,0.00286568432258361,0.758594234582448,0.856093807052293,FALSE,FALSE,FALSE,FALSE
"MHBP_ln_U","Smoking","LE8_no_smoking","Continuous","Continuous, per 1 SD",2131,1148,983,67.8683424589348,64.6359540764424,"WTSB2YR|WTSSBH2Y","ok",,-0.672295783891323,0.874494607937735,-2.59704543854243,1.25245387075979,0.458211282633694,1.86544193017659,0.632505701338506,3.09837815901467,0.00670997654481591,1.19314614628526,-0.369293453843415,2.75558574641394,0.12094966279089,0.758594234582448,0.856093807052293,FALSE,FALSE,FALSE,FALSE
"MnBP_ln_U","Smoking","LE8_no_smoking","Continuous","Continuous, per 1 SD",2212,1200,1012,68.0089285714286,64.5892151326934,"WTSB2YR","ok",,-0.62966807756945,0.845447554655427,-2.49048559900181,1.23114944386291,0.472020426710355,0.0542483006310593,-1.17756550264636,1.28606210390848,0.924525509238891,-0.575419776938391,-1.87082602739639,0.719986473519608,0.349245680636494,0.767720159401759,0.865612844059606,FALSE,FALSE,FALSE,FALSE
"Se_ln_S","Smoking","LE8_no_smoking","Continuous","Continuous, per 1 SD",3437,1869,1568,67.850263700986,64.3986880466472,"WTSH2YR","ok",,-0.415726120628095,0.560791079157151,-1.65001896376476,0.818566722508569,0.474028554798402,-0.680907407221946,-1.62762357791307,0.265808763469174,0.141724229913029,-1.09663352785004,-1.88103771127739,-0.312229344422693,0.0105260356214221,0.767720159401759,0.866628891594624,FALSE,FALSE,FALSE,FALSE
"NDMA_binary_U","Smoking","LE8_no_smoking","Binary","Binary 0/1",927,491,436,67.3901658423043,64.3332241153342,"WTSSBI2Y","ok",,1.65290507285604,2.41496087721247,-3.08033127055367,6.38614141626574,0.493694946879588,3.38759271647066,-0.516604292328673,7.29178972526999,0.0890141638994428,5.04049778932669,0.53553745599865,9.54545812265473,0.0283103200390538,0.78203963557328,0.880962472296322,FALSE,FALSE,FALSE,FALSE
"MCNP_ln_U","Smoking","LE8_no_smoking","Continuous","Continuous, per 1 SD",2212,1200,1012,68.0089285714286,64.5892151326934,"WTSB2YR","ok",,-0.572184551074238,0.820766161274898,-2.37867869194567,1.23430958979719,0.500186918806997,0.333064859599666,-0.870083495816473,1.53621321501581,0.554705388068035,-0.239119691474572,-1.42518380768475,0.946944424735611,0.665835569068431,0.78203963557328,0.885525823931536,FALSE,FALSE,FALSE,FALSE
"DMA_ln_U","Smoking","LE8_no_smoking","Continuous","Continuous, per 1 SD",2270,1223,1047,68.170190398318,64.3880474826034,"WTSA2YR","ok",,-0.505963900045392,0.748505778957667,-2.15341401177405,1.14148621168327,0.513023733638186,3.21943855182835,1.91854250494324,4.52033459871346,0.000201761764505076,2.71347465178296,1.69995293692812,3.7269963666378,0.000104224356384012,0.78203963557328,0.889962399275514,FALSE,FALSE,FALSE,FALSE
"TCPY_ln_U","Smoking","LE8_no_smoking","Continuous","Continuous, per 1 SD",2243,1194,1049,68.1048097631012,64.9230559716737,"WTSB2YR|WTSC2YR","ok",,-0.391629849190185,0.583496081311872,-1.67589606512924,0.89263636674887,0.515953500482754,1.74720396403386,0.808192325503145,2.68621560256457,0.00177337603381459,1.35557411484367,0.363099652485126,2.34804857720222,0.0119462550628024,0.78203963557328,0.889962399275514,FALSE,FALSE,FALSE,FALSE
"DEA_ln_U","Smoking","LE8_no_smoking","Continuous","Continuous, per 1 SD",2239,1196,1043,68.1575489727664,64.9945212984523,"WTSB2YR|WTSC2YR","ok",,0.380943978751526,0.568085573515226,-0.869403938217635,1.63129189572069,0.516323376408182,0.139336307965295,-0.827380255539608,1.1060528714702,0.757004635604027,0.520280286716821,-0.671620302022426,1.71218087545607,0.357316681227466,0.78203963557328,0.889962399275514,FALSE,FALSE,FALSE,FALSE
"IPM1_Cys_ln_U","Smoking","LE8_no_smoking","Continuous","Continuous, per 1 SD",1072,584,488,66.9581702544031,63.1103629976581,"WTSA2YR","ok",,-1.12067168616419,1.73830317431469,-4.52768330203263,2.28633992970425,0.519126228879774,0.234538830283116,-2.65837470917294,3.12745236973918,0.873746653309678,-0.886132855881077,-2.61146535841926,0.839199646657101,0.314107868290827,0.78203963557328,0.889962399275514,FALSE,FALSE,FALSE,FALSE
"m_p_Xylene_binary_S","Smoking","LE8_no_smoking","Binary","Binary 0/1",3358,1829,1529,67.6743731937827,64.5342427356816,"WTSVOC2Y","ok",,-0.668237497717764,1.00452725685693,-2.87918708296742,1.5427120875319,0.519610227662783,1.46324742118487,-0.366533681448387,3.29302852381813,0.10613267308213,0.795009923467106,-1.37397531067556,2.96399515760978,0.436912245509888,0.78203963557328,0.889962399275514,FALSE,FALSE,FALSE,FALSE
"BPS_ln_U","Smoking","LE8_no_smoking","Continuous","Continuous, per 1 SD",2211,1199,1012,68.0048850232336,64.5892151326934,"WTSB2YR","ok",,-0.482364565799939,0.776676138636976,-2.1918172211372,1.22708808953732,0.54721203136485,0.167919063787795,-0.836903743791972,1.17274187136756,0.719991675961615,-0.314445502012144,-1.8090768486778,1.18018584465351,0.652354486617702,0.802523246094748,0.897537713320973,FALSE,FALSE,FALSE,FALSE
"MECPP_ln_U","Smoking","LE8_no_smoking","Continuous","Continuous, per 1 SD",2212,1200,1012,68.0089285714286,64.5892151326934,"WTSB2YR","ok",,-0.507832489286542,0.823607918988678,-2.32058129671458,1.3049163181415,0.55004992947205,0.0334489632822592,-1.19632473902272,1.26322266558724,0.953336760853232,-0.474383526004283,-2.08689549683026,1.1381284448217,0.530585977797988,0.802523246094748,0.897537713320973,FALSE,FALSE,FALSE,FALSE
"DHB_Cys_ln_U","Smoking","LE8_no_smoking","Continuous","Continuous, per 1 SD",2138,1146,992,68.1731488406881,64.4131624423963,"WTSA2YR","ok",,-0.618694495766038,1.00604075836893,-2.83297527538339,1.59558628385131,0.551078067525819,1.02245585887988,-0.340125497831871,2.38503721559164,0.126850465968102,0.403761363113845,-0.849170549116096,1.65669327534379,0.492913910610965,0.802523246094748,0.897537713320973,FALSE,FALSE,FALSE,FALSE
"MEHP_binary_U","Smoking","LE8_no_smoking","Binary","Binary 0/1",2213,1200,1013,68.0089285714286,64.5903257650543,"WTSB2YR","ok",,-0.876372286521671,1.43855905182155,-4.0426194114964,2.28987483845306,0.554764391595698,0.671357778605781,-1.19209315346424,2.53480871067581,0.444566154692035,-0.205014507915889,-3.05087981959142,2.64085080375964,0.87689083691246,0.802523246094748,0.898477112475642,FALSE,FALSE,FALSE,FALSE
"MINP_binary_U","Smoking","LE8_no_smoking","Binary","Binary 0/1",2213,1200,1013,68.0089285714286,64.5903257650543,"WTSB2YR","ok",,-0.763086701652468,1.30348667412998,-3.63204152778975,2.10586812448482,0.570080456696463,1.01956748229013,-0.727915457874099,2.76705042245436,0.225472592176186,0.256480780637662,-1.97943979501952,2.49240135629484,0.805330748632933,0.812915294892704,0.910906038045822,FALSE,FALSE,FALSE,FALSE
"GLYP_ln_U","Smoking","LE8_no_smoking","Continuous","Continuous, per 1 SD",2048,1074,974,68.1491088055334,64.6061894983866,"WTSSCH2Y|WTSSGL2Y","ok",,0.442217147923542,0.760945371448415,-1.23261232227484,2.11704661812192,0.572859771568684,-0.0534580645165983,-1.13060586340594,1.02368973437275,0.914984680609264,0.388759083406944,-0.907269661794841,1.68478782860873,0.522702572562681,0.812915294892704,0.912899529023892,FALSE,FALSE,FALSE,FALSE
"DMTP_ln_U","Smoking","LE8_no_smoking","Continuous","Continuous, per 1 SD",1043,566,477,67.0911155981827,64.6720575022462,"WTSB2YR","ok",,-0.739348502826772,1.35310231965477,-3.39138031674772,1.91268331109418,0.584784206601003,1.96697459811518,0.259212817821566,3.6747363784088,0.0239795120747912,1.22762609528841,-0.392103677824145,2.84735586840096,0.137412345885644,0.822007988524051,0.914291111896112,FALSE,FALSE,FALSE,FALSE
"PFHxA_binary_U","Smoking","LE8_no_smoking","Binary","Binary 0/1",1094,583,511,68.5775545209507,64.6128040257199,"WTSSBH2Y","ok",,0.897459700379245,1.70849029235244,-2.45111974056784,4.24603914132633,0.599378827448653,1.9465402312604,-1.28821777975551,5.18129824227632,0.238229688788969,2.84399993163965,-0.745322093174928,6.43332195645422,0.120428437261978,0.826916909209097,0.914291111896112,FALSE,FALSE,FALSE,FALSE
"Mn_ln_S","Smoking","LE8_no_smoking","Continuous","Continuous, per 1 SD",3437,1869,1568,67.850263700986,64.3986880466472,"WTSH2YR","ok",,-0.27534884317575,0.516282607571492,-1.41167920085402,0.860981514502519,0.604413922964879,-0.755950497478899,-1.53489891922947,0.0229979242716706,0.0559928338628343,-1.03129934065465,-1.93921106844313,-0.123387612866167,0.0295008739681655,0.826916909209097,0.914291111896112,FALSE,FALSE,FALSE,FALSE
"MEOHP_ln_U","Smoking","LE8_no_smoking","Continuous","Continuous, per 1 SD",2212,1200,1012,68.0089285714286,64.5892151326934,"WTSB2YR","ok",,-0.425138397175848,0.80758920417538,-2.20263025101608,1.35235345666438,0.609040893389022,-0.0473485084858771,-1.06763857575701,0.972941558785257,0.920482994881287,-0.472486905661725,-2.1426716076668,1.19769779634335,0.546207216587824,0.826916909209097,0.918126622433913,FALSE,FALSE,FALSE,FALSE
"CEMA_AAM_ln_U","Smoking","LE8_no_smoking","Continuous","Continuous, per 1 SD",2190,1183,1007,68.2924767540152,64.3594836146971,"WTSA2YR","ok",,-0.409028248818015,0.78014939920459,-2.12612549912173,1.3080690014857,0.610475570557051,1.48757574076373,-0.0108286072087298,2.98598008873619,0.0514077340996927,1.07854749194571,-0.14357143798173,2.30066642187315,0.0781193391415569,0.826916909209097,0.918126622433913,FALSE,FALSE,FALSE,FALSE
"o_Xylene_binary_S","Smoking","LE8_no_smoking","Binary","Binary 0/1",3365,1831,1534,67.6726222985098,64.5013037809648,"WTSVOC2Y","ok",,-0.758657183819893,1.49484638996346,-4.04879190474603,2.53147753710625,0.621814259961332,-0.153844980878098,-2.81491281348417,2.50722285172798,0.901041925689672,-0.91250216469799,-3.31206491670244,1.48706058730646,0.4204118691319,0.834687610218364,0.919606200836113,FALSE,FALSE,FALSE,FALSE
"MiBP_ln_U","Smoking","LE8_no_smoking","Continuous","Continuous, per 1 SD",2212,1200,1012,68.0089285714286,64.5892151326934,"WTSB2YR","ok",,0.392866856116914,0.842930800457001,-1.46241132667311,2.24814503890694,0.650256814106704,-0.235728735137848,-1.35848017839206,0.887022708116361,0.653007537723805,0.157138120979066,-1.01591553764555,1.33019177960369,0.773609040487643,0.864387275648178,0.926488854538955,FALSE,FALSE,FALSE,FALSE
"DMP_ln_U","Smoking","LE8_no_smoking","Continuous","Continuous, per 1 SD",1040,566,474,67.0873296314992,64.5901145268234,"WTSB2YR","ok",,0.440535935222461,0.998885550760264,-1.51724376894511,2.39831563939003,0.659193133412584,0.803173068839845,-0.92581448345926,2.53216062113895,0.362575003502004,1.24370900406231,0.586695161769686,1.90072284635492,0.000207130320333718,0.864387275648178,0.926488854538955,FALSE,FALSE,FALSE,FALSE
"TBPPP_binary_U","Smoking","LE8_no_smoking","Binary","Binary 0/1",934,496,438,67.3516705069124,64.2906066536204,"WTSSBI2Y","ok",,1.34734995653455,3.11411332785613,-4.75620000983964,7.45089992290873,0.665262333647479,1.01513361285175,-3.00159010447871,5.0318573301822,0.620363409134934,2.36248356938629,-1.88476401260837,6.60973115138096,0.275621590459682,0.864387275648178,0.926488854538955,FALSE,FALSE,FALSE,FALSE
"MeP_ln_U","Smoking","LE8_no_smoking","Continuous","Continuous, per 1 SD",2212,1200,1012,68.0089285714286,64.5892151326934,"WTSB2YR","ok",,0.290968997285406,0.67575740746635,-1.19636302837003,1.77830102294084,0.675087713899455,1.79807667320972,0.453432943968167,3.14272040245128,0.013371280645826,2.08904567049513,0.696176133294053,3.48191520769621,0.00706457664498581,0.864387275648178,0.926488854538955,FALSE,FALSE,FALSE,FALSE
"MeA_a_C_binary_U","Smoking","LE8_no_smoking","Binary","Binary 0/1",1162,623,539,69.4003668883284,65.7951232441028,"WTSA2YR","ok",,1.61787657282678,3.87207304974004,-5.97124715017187,9.20700029582543,0.676069849522338,-2.49029654705635,-9.85632184225438,4.87572874814169,0.507572578270359,-0.872419974229568,-3.46716504860881,1.72232510014968,0.509902023803468,0.864387275648178,0.926488854538955,FALSE,FALSE,FALSE,FALSE
"Sb_ln_U","Smoking","LE8_no_smoking","Continuous","Continuous, per 1 SD",2266,1220,1046,68.155737704918,64.4386779568424,"WTSA2YR","ok",,0.29489628655315,0.694894313026045,-1.23455578424925,1.82434835735555,0.679472840433065,0.228562401206199,-0.812102768823909,1.26922757123631,0.638287093821305,0.523458687759349,-0.476712308068221,1.52362968358692,0.273771963480362,0.864387275648178,0.926488854538955,FALSE,FALSE,FALSE,FALSE
"FA_ln_S","Smoking","LE8_no_smoking","Continuous","Continuous, per 1 SD",2059,1113,946,68.1542805801566,64.3483841739656,"WTSA2YR","ok",,-0.361078068258271,0.906476371095426,-2.35621910901303,1.63406297249648,0.698008406571429,0.836451108127662,-0.287378733291499,1.96028094954682,0.129647288540069,0.475373039869391,-1.0633139785876,2.01406005832638,0.51056928549283,0.864387275648178,0.926488854538955,FALSE,FALSE,FALSE,FALSE
"THg_ln_S","Smoking","LE8_no_smoking","Continuous","Continuous, per 1 SD",3437,1869,1568,67.850263700986,64.3986880466472,"WTSH2YR","ok",,0.26566800215489,0.668455569047739,-1.20559278549979,1.73692878980958,0.698649797080258,2.33078959953589,1.17897382137777,3.48260537769401,0.000972461877800817,2.59645760169078,1.6128324320982,3.58008277128337,0.00011757421109074,0.864387275648178,0.926488854538955,FALSE,FALSE,FALSE,FALSE
"EtP_binary_U","Smoking","LE8_no_smoking","Binary","Binary 0/1",2214,1201,1013,67.9975020815987,64.5903257650543,"WTSB2YR","ok",,-0.561362438584426,1.42714205701667,-3.70248092742078,2.57975605025193,0.701579673686499,3.17660382431118,0.967474847198412,5.38573280142394,0.00900012236487994,2.61524138572675,0.0411215672874943,5.18936120416601,0.047017624602662,0.864387275648178,0.926488854538955,FALSE,FALSE,FALSE,FALSE
"X4FPBA_binary_U","Smoking","LE8_no_smoking","Binary","Binary 0/1",2266,1207,1059,68.1003669073263,64.9008498583569,"WTSB2YR|WTSC2YR","ok",,1.22390241732441,3.11836275592182,-5.63956773224199,8.08737256689081,0.702200160295829,-1.99430793481635,-7.9662717122692,3.97765584263651,0.477712514447634,-0.770405517491936,-3.63203590345002,2.09122486846614,0.56546604168847,0.864387275648178,0.926488854538955,FALSE,FALSE,FALSE,FALSE
"X2_NP_ln_U","Smoking","LE8_no_smoking","Continuous","Continuous, per 1 SD",2222,1201,1021,68.2609729986916,64.5830418357353,"WTSA2YR","ok",,-0.309413223585197,0.804180979190116,-2.07940362481061,1.46057717764021,0.707753339792468,-1.25989009554433,-2.55641792961366,0.0366377385250045,0.0557224339090362,-1.56930331912952,-2.91315596925456,-0.225450669004485,0.0260396177615595,0.864387275648178,0.926488854538955,FALSE,FALSE,FALSE,FALSE
"DMDTP_binary_U","Smoking","LE8_no_smoking","Binary","Binary 0/1",1040,563,477,67.0134483633596,64.6975142258161,"WTSB2YR","ok",,-0.755645077417504,2.13078225673276,-4.93190155951069,3.42061140467568,0.722864770887054,0.568713142522058,-2.61208630582491,3.74951259086902,0.726013720782701,-0.186931934895446,-2.32537542624613,1.95151155645524,0.863964168862413,0.868258045319281,0.931645094814556,FALSE,FALSE,FALSE,FALSE
"BCETP_ln_U","Smoking","LE8_no_smoking","Continuous","Continuous, per 1 SD",2049,1073,976,68.1334043403009,64.6252927400468,"WTSSBI2Y|WTSSCH2Y","ok",,-0.29752608838794,0.825604731166627,-2.11466984978713,1.51961767301125,0.725392214331545,-0.185517421338287,-1.52703827002001,1.15600342734344,0.766525475747985,-0.483043509726227,-1.88980758357427,0.923720564121811,0.465671213670096,0.868258045319281,0.931645094814556,FALSE,FALSE,FALSE,FALSE
"NPMA_ln_U","Smoking","LE8_no_smoking","Continuous","Continuous, per 1 SD",2224,1197,1027,68.2229382981263,64.4943663931006,"WTSA2YR","ok",,0.312167675717448,0.876301471122554,-1.61655885798976,2.24089420942466,0.728404400435639,0.719910477862009,-0.539008786878796,1.97882974260281,0.234221309394555,1.03207815357946,-0.180786838687929,2.24494314584684,0.0878815334590705,0.868258045319281,0.931645094814556,FALSE,FALSE,FALSE,FALSE
"Pb_ln_U","Smoking","LE8_no_smoking","Continuous","Continuous, per 1 SD",2266,1220,1046,68.155737704918,64.4386779568424,"WTSA2YR","ok",,0.210223020387452,0.662930584176292,-1.24887735755545,1.66932339833035,0.757096345899961,2.63356271014083,1.38322549874362,3.88389992153803,0.000721448615228832,2.84378573052828,1.64383191555472,4.04373954550183,0.000287214106775199,0.891471494926605,0.947792847378163,FALSE,FALSE,FALSE,FALSE
"MHNCH_binary_U","Smoking","LE8_no_smoking","Binary","Binary 0/1",2213,1200,1013,68.0089285714286,64.5903257650543,"WTSB2YR","ok",,-0.449810952405985,1.43529593314988,-3.60887600160874,2.70925409679677,0.759844831246166,-1.61387259118041,-3.9148851929167,0.687140010555881,0.150921988518663,-2.06368354358639,-4.3843134641876,0.256946377014811,0.0761660478351793,0.891471494926605,0.947792847378163,FALSE,FALSE,FALSE,FALSE
"U_ln_U","Smoking","LE8_no_smoking","Continuous","Continuous, per 1 SD",2266,1220,1046,68.155737704918,64.4386779568424,"WTSA2YR","ok",,-0.239747879859986,0.821697714756046,-2.04829235611926,1.56879659639928,0.775890362363189,-0.356482287910739,-1.47032475352683,0.757360177705348,0.495814877893725,-0.596230167770725,-1.64739865076131,0.454938315219862,0.237797179495664,0.897166283460365,0.956885338977553,FALSE,FALSE,FALSE,FALSE
"MCPP_ln_U","Smoking","LE8_no_smoking","Continuous","Continuous, per 1 SD",2212,1200,1012,68.0089285714286,64.5892151326934,"WTSB2YR","ok",,-0.28186361438153,0.969839966139272,-2.41646698751785,1.85273975875479,0.776741278969041,0.366649491441935,-0.598432357705478,1.33173134058935,0.420842367698985,0.0847858770604046,-1.40485682853,1.57442858265081,0.902567361601242,0.897166283460365,0.956885338977553,FALSE,FALSE,FALSE,FALSE
"MCOP_ln_U","Smoking","LE8_no_smoking","Continuous","Continuous, per 1 SD",2212,1200,1012,68.0089285714286,64.5892151326934,"WTSB2YR","ok",,-0.22279873987526,0.851376248588758,-2.09666522867361,1.65106774892309,0.798393932018406,0.0385075463482686,-1.25754544695407,1.33456053965061,0.949033376256379,-0.184291193526992,-1.25174343168113,0.883161044627146,0.711186685030399,0.915082275928789,0.968637118395984,FALSE,FALSE,FALSE,FALSE
"DBUP_binary_U","Smoking","LE8_no_smoking","Binary","Binary 0/1",2051,1076,975,68.1558682952735,64.6351648351648,"WTSSBI2Y|WTSSCH2Y","ok",,0.360640469478196,1.50875984956415,-2.9601175695546,3.68139850851099,0.815476543731491,-1.23833530047074,-3.13029183658136,0.653621235639887,0.177548410993207,-0.877694830992539,-3.73101618080827,1.97562651882319,0.512371480117613,0.927324445820804,0.972739501409888,FALSE,FALSE,FALSE,FALSE
"MCOCH_binary_U","Smoking","LE8_no_smoking","Binary","Binary 0/1",1039,566,473,67.1138313982837,64.6632437330112,"WTSB2YR","ok",,0.642956171591431,2.85014199004935,-4.94321947973061,6.22913182291347,0.821522327841249,-2.76798196617569,-7.14636360525685,1.61039967290547,0.215317577697235,-2.12502579458426,-4.54964092102155,0.29958933185303,0.0858353471937,0.927324445820804,0.972739501409888,FALSE,FALSE,FALSE,FALSE
"As_III_binary_U","Smoking","LE8_no_smoking","Binary","Binary 0/1",2272,1225,1047,68.1714285714286,64.3880474826034,"WTSA2YR","ok",,-0.334570046677963,1.55059742946616,-3.74741197820921,3.07827188485329,0.833117019780536,2.99715817081972,0.58336907304512,5.41094726859432,0.0194762931261129,2.66258812414176,0.753341555732524,4.57183469255099,0.0106705882276663,0.929199347720419,0.972739501409888,FALSE,FALSE,FALSE,FALSE
"ATCA_ln_U","Smoking","LE8_no_smoking","Continuous","Continuous, per 1 SD",2197,1188,1009,68.3008658008658,64.369956109302,"WTSA2YR","ok",,0.202406484822536,0.952809040758171,-1.89471207428735,2.29952504393242,0.835655789225074,0.685621265490523,-0.848161040850165,2.21940357183121,0.346325248321815,0.888027750313059,-0.742458819095893,2.51851431972201,0.255814925243333,0.929199347720419,0.972739501409888,FALSE,FALSE,FALSE,FALSE
"AsB_binary_U","Smoking","LE8_no_smoking","Binary","Binary 0/1",2272,1225,1047,68.1714285714286,64.3880474826034,"WTSA2YR","ok",,-0.326542345029739,1.604279439007,-3.85753758292429,3.20445289286481,0.842425936384966,1.21075499768779,-1.43641955626012,3.85792955163569,0.33572048525314,0.884212652658048,-1.22554516406466,2.99397046938075,0.376085209591574,0.929788626084148,0.972739501409888,FALSE,FALSE,FALSE,FALSE
"IPPPP_binary_U","Smoking","LE8_no_smoking","Binary","Binary 0/1",932,494,438,67.3640832851359,64.2906066536204,"WTSSBI2Y","ok",,-0.746894087999058,4.26962517415219,-9.11520565682291,7.62141748082479,0.861133062448879,-3.69178908249686,-9.38403755388161,2.00045938888789,0.203670791686991,-4.43868317049592,-8.0052462118024,-0.872120129189442,0.0147186931009683,0.943447252241787,0.979466590692554,FALSE,FALSE,FALSE,FALSE
"MDA_binary_U","Smoking","LE8_no_smoking","Binary","Binary 0/1",1044,566,478,67.0381120646138,64.7175732217573,"WTSB2YR","ok",,0.772937958381413,4.87374829172323,-8.77943316310972,10.3253090798725,0.873990256229588,-2.8284554962383,-9.44939717330991,3.7924861808333,0.402427656620269,-2.05551753785689,-7.59151273017679,3.48047765446301,0.466775502012634,0.950544147286194,0.984465611407303,FALSE,FALSE,FALSE,FALSE
"Ba_ln_U","Smoking","LE8_no_smoking","Continuous","Continuous, per 1 SD",2266,1220,1046,68.155737704918,64.4386779568424,"WTSA2YR","ok",,0.101286022066716,0.66183884405598,-1.3554114520727,1.55798349620613,0.881140077514643,0.607069141798618,-0.473618394239002,1.68775667783624,0.242063088725519,0.708355163865335,-0.69568319934815,2.11239352707882,0.290499610635427,0.950785368110605,0.984465611407303,FALSE,FALSE,FALSE,FALSE
"Hg_binary_U","Smoking","LE8_no_smoking","Binary","Binary 0/1",2273,1221,1052,68.1560781560782,64.4106463878327,"WTSA2YR","ok",,0.240885975102004,1.7237723282989,-3.55311133886049,4.0348832890645,0.891388500207392,1.21790154283647,-0.683628769061197,3.11943185473414,0.186270225841479,1.45878751793848,-1.0398621017023,3.95743713757925,0.225189699887931,0.950785368110605,0.984465611407303,FALSE,FALSE,FALSE,FALSE
"DCVDMPCA_binary_U","Smoking","LE8_no_smoking","Binary","Binary 0/1",2235,1191,1044,67.995681899964,64.8884783798577,"WTSB2YR|WTSC2YR","ok",,0.181619026583086,1.32379915935148,-2.7320432780913,3.09528133125748,0.893355379432783,1.82685244434955,-1.0171703204121,4.6708752091112,0.185092545383212,2.00847147093263,0.111031305812388,3.90591163605288,0.0398846195959772,0.950785368110605,0.984465611407303,FALSE,FALSE,FALSE,FALSE
"MEP_ln_U","Smoking","LE8_no_smoking","Continuous","Continuous, per 1 SD",2212,1200,1012,68.0089285714286,64.5892151326934,"WTSB2YR","ok",,-0.111503531381077,0.913477659649167,-2.12205430434414,1.89904724158198,0.905049095050766,0.370317260805658,-1.05453334830908,1.7951678699204,0.578801514530764,0.258813729424581,-1.09387482747778,1.61150228632694,0.681777681851964,0.95369482274211,0.98447297975783,FALSE,FALSE,FALSE,FALSE
"TTCA_binary_U","Smoking","LE8_no_smoking","Binary","Binary 0/1",1180,629,551,69.4526459232342,65.6533575317604,"WTSA2YR","ok",,0.308775016062268,2.6981793883421,-4.97955940891656,5.59710944104109,0.908890367982413,-1.32690898622481,-4.17236267442214,1.51854470197251,0.360726235484692,-1.01813397016255,-4.52431251035024,2.48804457002514,0.569261239611286,0.95369482274211,0.98447297975783,FALSE,FALSE,FALSE,FALSE
"n_PFOA_ln_S","Smoking","LE8_no_smoking","Continuous","Continuous, per 1 SD",1045,561,484,66.8245480010186,64.5616883116883,"WTSB2YR","ok",,0.0890984809309301,0.949930496940252,-1.7727310808882,1.95092804275006,0.925272212686208,1.24317033396812,-0.231622517561173,2.71796318549741,0.0985053483358489,1.33226881489905,0.191273093051069,2.47326453674703,0.0221068812833282,0.964094823008707,0.98447297975783,FALSE,FALSE,FALSE,FALSE
"Ethylbenzene_binary_S","Smoking","LE8_no_smoking","Binary","Binary 0/1",3285,1785,1500,67.703881552621,64.5161904761905,"WTSVOC2Y","ok",,0.118098887819018,1.42915193282185,-3.02744330783815,3.26364108347618,0.935625812176283,-0.573319202056983,-3.60609355731837,2.4594551532044,0.685355919612798,-0.455220314237965,-3.07428786581772,2.16384723734179,0.709339430824502,0.966187673180272,0.98447297975783,FALSE,FALSE,FALSE,FALSE
"Toluene_ln_S","Smoking","LE8_no_smoking","Continuous","Continuous, per 1 SD",3306,1807,1499,67.6413155190134,64.5015724768894,"WTSVOC2Y","ok",,-0.0479695317374634,0.625525251328139,-1.42474132717329,1.32880226369836,0.94024974906805,-0.371295197794724,-1.76086506106215,1.0182746654727,0.568338499463112,-0.419264729532187,-1.31932287277466,0.480793413710288,0.32725797805752,0.966187673180272,0.98447297975783,FALSE,FALSE,FALSE,FALSE
"MEHHP_ln_U","Smoking","LE8_no_smoking","Continuous","Continuous, per 1 SD",2212,1200,1012,68.0089285714286,64.5892151326934,"WTSB2YR","ok",,-0.0475525787052985,0.738070188825289,-1.67203411141579,1.5769289540052,0.949785173424081,-0.3460796870426,-1.29634372659711,0.604184352511914,0.439766388712875,-0.393632265747898,-1.96644544479409,1.17918091329829,0.592750165223485,0.969301307124576,0.98447297975783,FALSE,FALSE,FALSE,FALSE
"PPDA_binary_U","Smoking","LE8_no_smoking","Binary","Binary 0/1",945,520,425,66.7733516483516,63.581512605042,"WTSA2YR","ok",,-0.121974407409119,2.52869071631892,-5.078117139435,4.83416832461676,0.961528007801544,-1.7939031583709,-4.9666934281525,1.3788871114107,0.267789140786878,-1.91587756578002,-5.96534922557209,2.13359409401206,0.35377387610587,0.97461002151313,0.989802250755684,FALSE,FALSE,FALSE,FALSE
"HIBP_ln_U","Smoking","LE8_no_smoking","Continuous","Continuous, per 1 SD",2131,1148,983,67.8683424589348,64.6359540764424,"WTSB2YR|WTSSBH2Y","ok",,0.00883285471124023,0.690405240437211,-1.51073883394056,1.52840454336304,0.990021453633808,0.666008880174191,-0.547973581238722,1.8799913415871,0.252564624660913,0.674841734885432,-0.182851938761074,1.53253540853194,0.11122696375829,0.990718056621997,0.997922557157492,FALSE,FALSE,FALSE,FALSE
"PrP_ln_U","Smoking","LE8_no_smoking","Continuous","Continuous, per 1 SD",2212,1200,1012,68.0089285714286,64.5892151326934,"WTSB2YR","ok",,0.00823751944588447,0.69219674305475,-1.51527723988139,1.53175227877316,0.990718056621997,1.7548380794518,0.6505061783277,2.8591699805759,0.00499243442999534,1.76307559889768,0.453855429008128,3.07229576878724,0.0128832624660764,0.990718056621997,0.997922557157492,FALSE,FALSE,FALSE,FALSE
