"Pollutant","Modifier","Outcome","Exposure_Type","Exposure_Scale","n","N_Healthy","N_Risk","Beta_Interaction","Interaction_Low","Interaction_High","P_Interaction","P_FDR_BH_within_modifier","P_FDR_BH_all_tests","Toxicant_Beta_Healthy","Toxicant_Beta_Healthy_Low","Toxicant_Beta_Healthy_High","Toxicant_Beta_Risk","Toxicant_Beta_Risk_Low","Toxicant_Beta_Risk_High","Interaction_Direction"
"BP3_ln_U","Diet","LE8_no_diet","Continuous","Continuous, per 1 SD",2212,1118,1094,-2.01279526778747,-2.95975258463755,-1.06583795093738,0.000673432101727675,0.100341383157424,0.177903487298715,2.67831289855201,1.68953487337262,3.6670909237314,0.665517630764544,-0.546511095820861,1.87754635734995,"More negative / less positive toxicant–LE8_no_diet association in lifestyle-risk group"
"Harman_ln_U","Diet","LE8_no_diet","Continuous","Continuous, per 1 SD",1163,613,550,-2.4450954253553,-4.22303534132438,-0.667155509386211,0.00702994625450313,0.310086924462403,0.420286715374257,1.30895189318769,-0.193459165183834,2.81136295155922,-1.1361435321676,-2.18538289086547,-0.0869041734697398,"More negative / less positive toxicant–LE8_no_diet association in lifestyle-risk group"
"DMTP_ln_U","Diet","LE8_no_diet","Continuous","Continuous, per 1 SD",1043,512,531,-2.71305879456459,-4.91060894863077,-0.515508640498409,0.0155316560499872,0.310086924462403,0.420286715374257,1.44447923404577,0.0330732580358166,2.85588521005571,-1.26857956051882,-2.51041719728405,-0.0267419237536013,"More negative / less positive toxicant–LE8_no_diet association in lifestyle-risk group"
"MiBP_ln_U","Diet","LE8_no_diet","Continuous","Continuous, per 1 SD",2212,1118,1094,-1.8666185732192,-3.31164632688923,-0.421590819549172,0.0159921121294888,0.310086924462403,0.420286715374257,0.640791603856203,-0.351564957012413,1.63314816472482,-1.225826969363,-2.2559465975282,-0.195707341197794,"More negative / less positive toxicant–LE8_no_diet association in lifestyle-risk group"
"X2_HPMA_ln_U","Diet","LE8_no_diet","Continuous","Continuous, per 1 SD",2230,1139,1091,-2.14440829824059,-3.8466684897035,-0.442148106777679,0.018140067859025,0.310086924462403,0.420286715374257,0.464637980198569,-0.56670896222351,1.49598492262065,-1.67977031804202,-2.77342609377839,-0.586114542305651,"More negative / less positive toxicant–LE8_no_diet association in lifestyle-risk group"
"PMM_Cys_ln_U","Diet","LE8_no_diet","Continuous","Continuous, per 1 SD",2229,1144,1085,-1.92925380661977,-3.49437492890621,-0.364132684333317,0.0201804175982081,0.310086924462403,0.420286715374257,-1.54634840102259,-2.79253587427943,-0.300160927765749,-3.47560220764236,-4.47284750781374,-2.47835690747097,"More negative / less positive toxicant–LE8_no_diet association in lifestyle-risk group"
"TCPY_ln_U","Diet","LE8_no_diet","Continuous","Continuous, per 1 SD",2243,1105,1138,-1.64255822148169,-2.98902949961873,-0.296086943344656,0.0212186500491555,0.310086924462403,0.420286715374257,1.39199238589954,0.373444022091046,2.41054074970804,-0.250565835582152,-1.16392160986576,0.662789938701459,"More negative / less positive toxicant–LE8_no_diet association in lifestyle-risk group"
"X14_DCB_binary_S","Diet","LE8_no_diet","Binary","Binary 0/1",3343,1712,1631,2.52643404323919,0.44691408469078,4.60595400178759,0.0216387239628042,0.310086924462403,0.420286715374257,-1.050563195843,-2.71965782327137,0.61853143158537,1.47587084739619,-0.0655940616938564,3.01733575648623,"More positive / less negative toxicant–LE8_no_diet association in lifestyle-risk group"
"PFHS_ln_S","Diet","LE8_no_diet","Continuous","Continuous, per 1 SD",2211,1115,1096,1.74476096419681,0.304867926227022,3.18465400216659,0.0219111347799393,0.310086924462403,0.420286715374257,-0.407963342306622,-1.39908036748726,0.583153682874017,1.33679762189018,-0.0448478282167684,2.71844307199714,"More positive / less negative toxicant–LE8_no_diet association in lifestyle-risk group"
"PNP_ln_U","Diet","LE8_no_diet","Continuous","Continuous, per 1 SD",2222,1097,1125,-1.67576634225496,-3.05992553719331,-0.291607147316621,0.0220021829539534,0.310086924462403,0.420286715374257,1.08871929453206,0.115008071692766,2.06243051737136,-0.587047047722899,-1.77075271457481,0.596658619129011,"More negative / less positive toxicant–LE8_no_diet association in lifestyle-risk group"
"MECPP_ln_U","Diet","LE8_no_diet","Continuous","Continuous, per 1 SD",2212,1118,1094,-1.86405597114935,-3.42443747138168,-0.303674470917032,0.0234351906227637,0.310086924462403,0.420286715374257,0.377538719282314,-0.938251452138846,1.69332889070347,-1.48651725186704,-2.86752234336998,-0.105512160364099,"More negative / less positive toxicant–LE8_no_diet association in lifestyle-risk group"
"DMP_ln_U","Diet","LE8_no_diet","Continuous","Continuous, per 1 SD",1040,511,529,-2.38837483132252,-4.49789055926371,-0.278859103381332,0.0264830723917065,0.310086924462403,0.440531216458909,1.15677733839545,-0.237424450839607,2.55097912763052,-1.23159749292707,-2.50759754982307,0.0444025639689307,"More negative / less positive toxicant–LE8_no_diet association in lifestyle-risk group"
"X1_NP_ln_U","Diet","LE8_no_diet","Continuous","Continuous, per 1 SD",2184,1113,1071,-1.86912012689447,-3.51649791370223,-0.221742340086707,0.0296512158664415,0.310086924462403,0.450973920290067,-0.632937000518761,-1.884762857149,0.618888856111477,-2.50205712741323,-3.84691860760907,-1.15719564721739,"More negative / less positive toxicant–LE8_no_diet association in lifestyle-risk group"
"MnBP_ln_U","Diet","LE8_no_diet","Continuous","Continuous, per 1 SD",2212,1118,1094,-1.65340005679169,-3.11361867333747,-0.193181440245916,0.0299199740228978,0.310086924462403,0.450973920290067,0.329451522189993,-0.615462746059748,1.27436579043973,-1.3239485346017,-2.59142507518826,-0.0564719940151337,"More negative / less positive toxicant–LE8_no_diet association in lifestyle-risk group"
"MEOHP_ln_U","Diet","LE8_no_diet","Continuous","Continuous, per 1 SD",2212,1118,1094,-1.82739224949092,-3.47245106383885,-0.182333435143003,0.0325367090142163,0.310086924462403,0.450973920290067,0.348128617673105,-0.812975890001513,1.50923312534772,-1.47926363181782,-2.91614908763867,-0.0423781759969706,"More negative / less positive toxicant–LE8_no_diet association in lifestyle-risk group"
"MHBP_ln_U","Diet","LE8_no_diet","Continuous","Continuous, per 1 SD",2131,1076,1055,-1.53758272205457,-2.92917342158136,-0.145992022527789,0.0332979247744862,0.310086924462403,0.451035526490768,2.33087979667956,1.22714471462314,3.43461487873599,0.79329707462499,-0.392575366490927,1.97916951574091,"More negative / less positive toxicant–LE8_no_diet association in lifestyle-risk group"
"DHB_Cys_ln_U","Diet","LE8_no_diet","Continuous","Continuous, per 1 SD",2138,1084,1054,-1.67706879052927,-3.21824558179802,-0.135891999260525,0.035542156821052,0.311516550960985,0.460502727507543,0.307608421419424,-0.756899781130036,1.37211662396888,-1.36946036910985,-2.42317609623331,-0.315744641986385,"More negative / less positive toxicant–LE8_no_diet association in lifestyle-risk group"
"Nitrate_ln_U","Diet","LE8_no_diet","Continuous","Continuous, per 1 SD",2255,1153,1102,-1.94517257120107,-3.87538978684358,-0.0149553555585578,0.0485316201398638,0.401733966713317,0.529982234921422,2.25909086903165,0.741936792078645,3.77624494598465,0.313918297830577,-1.03390543611467,1.66174203177583,"More negative / less positive toxicant–LE8_no_diet association in lifestyle-risk group"
"BMA_ln_U","Diet","LE8_no_diet","Continuous","Continuous, per 1 SD",2244,1148,1096,-1.53758157773967,-3.10158653063953,0.0264233751601965,0.0533501300822853,0.418377335908448,0.529982234921422,1.6681608449266,0.744339046303636,2.59198264354956,0.130579267186929,-0.947150878760793,1.20830941313465,"More negative / less positive toxicant–LE8_no_diet association in lifestyle-risk group"
"HIBP_ln_U","Diet","LE8_no_diet","Continuous","Continuous, per 1 SD",2131,1076,1055,-1.51658919311299,-3.09006493448674,0.0568865482607666,0.0574291765678294,0.427847365430329,0.529982234921422,1.49473856857284,0.368610481205209,2.62086665594047,-0.021850624540148,-0.940825331290912,0.897124082210616,"More negative / less positive toxicant–LE8_no_diet association in lifestyle-risk group"
"DCVDMPCA_binary_U","Diet","LE8_no_diet","Binary","Binary 0/1",2235,1100,1135,2.91975368935345,-0.194439406905464,6.03394678561236,0.0634740804615316,0.428286571069252,0.558287001933687,-0.441538466203731,-2.29802498682766,1.4149480544202,2.47821522314972,-0.247506714743216,5.20393716104265,"More positive / less negative toxicant–LE8_no_diet association in lifestyle-risk group"
"GLYP_ln_U","Diet","LE8_no_diet","Continuous","Continuous, per 1 SD",2048,1009,1039,-1.67853913717942,-3.47801790255458,0.120939628195727,0.0646338978748732,0.428286571069252,0.558287001933687,0.223066984933926,-1.08112408756486,1.52725805743272,-1.4554721522455,-2.50694611970177,-0.403998184789229,"More negative / less positive toxicant–LE8_no_diet association in lifestyle-risk group"
"MBzP_ln_U","Diet","LE8_no_diet","Continuous","Continuous, per 1 SD",2212,1118,1094,1.27605505615445,-0.109851685824659,2.66196179813355,0.0676534023361315,0.428286571069252,0.567907433694851,-1.73849740831987,-2.64255611071925,-0.834438705920495,-0.462442352165425,-1.46231394179904,0.537429237468194,"More positive / less negative toxicant–LE8_no_diet association in lifestyle-risk group"
"MeP_ln_U","Diet","LE8_no_diet","Continuous","Continuous, per 1 SD",2212,1118,1094,-1.69151893731744,-3.54541422342459,0.1623763487897,0.0698147200538729,0.428286571069252,0.577910738223726,1.80905451604284,0.346811626633474,3.27129740545221,0.117535578725397,-1.02560642710896,1.26067758455975,"More negative / less positive toxicant–LE8_no_diet association in lifestyle-risk group"
"MEHHP_ln_U","Diet","LE8_no_diet","Continuous","Continuous, per 1 SD",2212,1118,1094,-1.58620442221255,-3.33939028398168,0.166981439556579,0.0718601629310825,0.428286571069252,0.586693932971578,0.104865510276129,-1.26083677967189,1.47056780022415,-1.48133891193642,-2.67305514962081,-0.289622674252032,"More negative / less positive toxicant–LE8_no_diet association in lifestyle-risk group"
"m_p_Xylene_binary_S","Diet","LE8_no_diet","Binary","Binary 0/1",3358,1715,1643,-2.67750567485111,-5.79894437248721,0.443933022784991,0.0856773081755384,0.473368814564476,0.604203180326258,-0.177503778935045,-2.2289583242585,1.87395076638841,-2.85500945378616,-5.13630138661919,-0.573717520953124,"More negative / less positive toxicant–LE8_no_diet association in lifestyle-risk group"
"MeFOSAA_binary_S","Diet","LE8_no_diet","Binary","Binary 0/1",2211,1115,1096,2.35345204917783,-0.411558193927688,5.11846229228334,0.0878122178642932,0.473368814564476,0.604203180326258,-1.07408621361765,-3.22839037635836,1.08021794912305,1.27936583556017,-0.715307524775521,3.27403919589587,"More positive / less negative toxicant–LE8_no_diet association in lifestyle-risk group"
"AsC_binary_U","Diet","LE8_no_diet","Binary","Binary 0/1",2272,1159,1113,-2.7383165688672,-5.98101304558893,0.504379907854528,0.0900205188682747,0.473368814564476,0.604203180326258,1.56048584211686,-1.16891818156605,4.28988986579978,-1.17783072675034,-3.49976633777476,1.14410488427408,"More negative / less positive toxicant–LE8_no_diet association in lifestyle-risk group"
"PrP_ln_U","Diet","LE8_no_diet","Continuous","Continuous, per 1 SD",2212,1118,1094,-1.4135077336755,-3.0998869010846,0.272871433733611,0.0921321853850322,0.473368814564476,0.610119805438658,1.85365432663211,0.86497032479736,2.84233832846686,0.440146592956615,-0.854772878082973,1.7350660639962,"More negative / less positive toxicant–LE8_no_diet association in lifestyle-risk group"
"THg_ln_S","Diet","LE8_no_diet","Continuous","Continuous, per 1 SD",3437,1761,1676,1.15990611657773,-0.263511937611477,2.58332417076693,0.100394191089195,0.483393467722654,0.62589063985396,0.932565964592047,-0.157365372520171,2.02249730170426,2.09247208116978,1.08753294717551,3.09741121516404,"More positive / less negative toxicant–LE8_no_diet association in lifestyle-risk group"
"Hg_binary_U","Diet","LE8_no_diet","Binary","Binary 0/1",2273,1161,1112,3.58664223247383,-0.875987332351067,8.04927179729873,0.104585121995233,0.483393467722654,0.62589063985396,-0.980501915865017,-3.1021808246982,1.14117699296817,2.60614031660881,-0.409366514937139,5.62164714815477,"More positive / less negative toxicant–LE8_no_diet association in lifestyle-risk group"
"CMAC_ln_U","Diet","LE8_no_diet","Continuous","Continuous, per 1 SD",2229,1138,1091,-1.27152336506944,-2.87412704918489,0.331080319046011,0.108588073714068,0.483393467722654,0.628334873141598,-1.20067173115331,-2.48103484301179,0.0796913807051645,-2.47219509622276,-3.67652280125596,-1.26786739118955,"More negative / less positive toxicant–LE8_no_diet association in lifestyle-risk group"
"PPDA_binary_U","Diet","LE8_no_diet","Binary","Binary 0/1",945,463,482,4.88844209605808,-1.15549424490509,10.9323784370212,0.112908779111361,0.483393467722654,0.633958646193645,-4.50082016354232,-9.22921169636467,0.227571369280036,0.387621932515761,-2.90060026304862,3.67584412808015,"More positive / less negative toxicant–LE8_no_diet association in lifestyle-risk group"
"Cd_ln_U","Diet","LE8_no_diet","Continuous","Continuous, per 1 SD",2266,1159,1107,-1.0225903123561,-2.34568680729974,0.300506182587543,0.116986877007989,0.483393467722654,0.633958646193645,-0.73111839422599,-1.72583319734367,0.263596408891695,-1.75370870658209,-3.12910901934661,-0.378308393817569,"More negative / less positive toxicant–LE8_no_diet association in lifestyle-risk group"
"MB3_Cys_ln_U","Diet","LE8_no_diet","Continuous","Continuous, per 1 SD",2197,1117,1080,-1.15950480025086,-2.66089926628618,0.341889665784464,0.117237143732213,0.483393467722654,0.633958646193645,-1.86276686225762,-3.02683825238953,-0.698695472125713,-3.02227166250848,-3.89449455636798,-2.15004876864898,"More negative / less positive toxicant–LE8_no_diet association in lifestyle-risk group"
"X4_ABP_ln_U","Diet","LE8_no_diet","Continuous","Continuous, per 1 SD",1127,594,533,-1.85541536852139,-4.21277940394151,0.501948666898725,0.122919872802733,0.483393467722654,0.633958646193645,-0.203042448657404,-2.27405270193091,1.8679678046161,-2.05845781717879,-3.45495209540469,-0.661963538952902,"More negative / less positive toxicant–LE8_no_diet association in lifestyle-risk group"
"MA_ln_U","Diet","LE8_no_diet","Continuous","Continuous, per 1 SD",2210,1132,1078,-1.53667378287104,-3.57730275953936,0.503955193797275,0.125647782720083,0.483393467722654,0.633958646193645,-0.461389592286859,-1.81964412700342,0.896864942429698,-1.9980633751579,-3.34702132973772,-0.649105420578076,"More negative / less positive toxicant–LE8_no_diet association in lifestyle-risk group"
"X34_MHA_ln_U","Diet","LE8_no_diet","Continuous","Continuous, per 1 SD",2248,1151,1097,-1.5373481540692,-3.59474802216872,0.520051714030317,0.128290411515468,0.483393467722654,0.633958646193645,-0.400419240713454,-1.96729827633211,1.1664597949052,-1.93776739478265,-3.24027890898563,-0.635255880579673,"More negative / less positive toxicant–LE8_no_diet association in lifestyle-risk group"
"Total_As_ln_U","Diet","LE8_no_diet","Continuous","Continuous, per 1 SD",2266,1159,1107,-1.20266557240088,-2.81534632923709,0.410015184435326,0.128968166455643,0.483393467722654,0.633958646193645,2.54413803235291,1.31425350036357,3.77402256434224,1.34147245995202,0.128550488774237,2.55439443112981,"More negative / less positive toxicant–LE8_no_diet association in lifestyle-risk group"
"EtP_binary_U","Diet","LE8_no_diet","Binary","Binary 0/1",2214,1118,1096,-2.21148646725086,-5.18382911090588,0.760856176404162,0.129770058449035,0.483393467722654,0.633958646193645,2.36684675887089,-0.0459842449198153,4.77967776266159,0.155360291620029,-1.83990926149632,2.15062984473638,"More negative / less positive toxicant–LE8_no_diet association in lifestyle-risk group"
"Sn_ln_U","Diet","LE8_no_diet","Continuous","Continuous, per 1 SD",2265,1159,1106,1.20235442339256,-0.441717152569386,2.84642599935451,0.135775373573174,0.490558969897015,0.642239068647711,-1.39501682790461,-2.87858141858055,0.0885477627713347,-0.192662404512048,-1.13443191112583,0.749107102101739,"More positive / less negative toxicant–LE8_no_diet association in lifestyle-risk group"
"PFNA_ln_S","Diet","LE8_no_diet","Continuous","Continuous, per 1 SD",2211,1115,1096,1.294352785657,-0.488055338649427,3.07676090996342,0.138278367353521,0.490558969897015,0.642658863218045,-0.268414761228096,-1.90393132691954,1.36710180446334,1.0259380244289,-0.11340944774218,2.16528549659998,"More positive / less negative toxicant–LE8_no_diet association in lifestyle-risk group"
"NDMA_binary_U","Diet","LE8_no_diet","Binary","Binary 0/1",927,450,477,-2.68253034381368,-6.41667639637986,1.05161570875249,0.159132242076183,0.52850963964241,0.669456998147066,2.29722299244759,-0.868226104070645,5.46267208896582,-0.385307351366097,-4.20661948102878,3.43600477829659,"More negative / less positive toxicant–LE8_no_diet association in lifestyle-risk group"
"DMA_ln_U","Diet","LE8_no_diet","Continuous","Continuous, per 1 SD",2270,1158,1112,-0.871962424411851,-2.1457092550393,0.401784406215601,0.160050538285678,0.52850963964241,0.669456998147066,2.53286050842685,1.36850298093812,3.69721803591559,1.660898084015,0.641436692148394,2.68035947588161,"More negative / less positive toxicant–LE8_no_diet association in lifestyle-risk group"
"X25_DMF_binary_S","Diet","LE8_no_diet","Binary","Binary 0/1",3370,1723,1647,2.33525873985155,-1.15533735361021,5.82585483331332,0.168915045258788,0.52850963964241,0.669456998147066,-11.58826566214,-14.3693747477566,-8.80715657652341,-9.25300692228846,-12.1193304013143,-6.3866834432626,"More positive / less negative toxicant–LE8_no_diet association in lifestyle-risk group"
"DPHP_ln_U","Diet","LE8_no_diet","Continuous","Continuous, per 1 SD",2049,1010,1039,-0.928262577395511,-2.32578981870995,0.469264663918925,0.171732685202741,0.52850963964241,0.669456998147066,0.6808185744048,-0.282657955875412,1.64429510468501,-0.247444002990711,-1.32030581785916,0.825417811877736,"More negative / less positive toxicant–LE8_no_diet association in lifestyle-risk group"
"Cd_ln_S","Diet","LE8_no_diet","Continuous","Continuous, per 1 SD",3437,1761,1676,-0.679733323006669,-1.70812769399829,0.348661047984948,0.173665941900933,0.52850963964241,0.669456998147066,-2.62617475323772,-3.65743396008982,-1.59491554638562,-3.30590807624439,-4.28746605876978,-2.324350093719,"More negative / less positive toxicant–LE8_no_diet association in lifestyle-risk group"
"Pb_ln_S","Diet","LE8_no_diet","Continuous","Continuous, per 1 SD",3437,1761,1676,0.702323326669152,-0.36113887353068,1.76578552686898,0.173996801256572,0.52850963964241,0.669456998147066,-0.082006449986363,-1.41782233288993,1.2538094329172,0.620316876682789,-0.153750011738311,1.39438376510389,"More positive / less negative toxicant–LE8_no_diet association in lifestyle-risk group"
"X1_AN_ln_U","Diet","LE8_no_diet","Continuous","Continuous, per 1 SD",1110,593,517,-1.21159227329882,-2.97944705849827,0.556262511900634,0.179189886592011,0.52850963964241,0.669456998147066,-1.28992868727006,-2.96358851874849,0.383731144208374,-2.50152096056888,-3.52165701535071,-1.48138490578705,"More negative / less positive toxicant–LE8_no_diet association in lifestyle-risk group"
"X25_DCP_ln_U","Diet","LE8_no_diet","Continuous","Continuous, per 1 SD",2212,1118,1094,1.18750295337119,-0.634600340227027,3.0096062469694,0.17926273195153,0.52850963964241,0.669456998147066,-0.665945409059585,-2.09086619343078,0.758975375311614,0.521557544311601,-0.682474824225013,1.72558991284821,"More positive / less negative toxicant–LE8_no_diet association in lifestyle-risk group"
"X3_HPMA_ln_U","Diet","LE8_no_diet","Continuous","Continuous, per 1 SD",2170,1110,1060,-1.11903513980831,-2.84998223200859,0.611911952391977,0.182498600136444,0.52850963964241,0.671414602971116,-1.53644597802815,-2.77257692477468,-0.300315031281622,-2.65548111783646,-3.63188871743625,-1.67907351823667,"More negative / less positive toxicant–LE8_no_diet association in lifestyle-risk group"
"PMA_binary_U","Diet","LE8_no_diet","Binary","Binary 0/1",2222,1136,1086,2.14647528645429,-1.22898204271115,5.52193261561974,0.189191145667402,0.52850963964241,0.675491610430536,-2.45530447070518,-5.13288831127449,0.22227936986414,-0.308829184250884,-2.50903602252178,1.89137765402001,"More positive / less negative toxicant–LE8_no_diet association in lifestyle-risk group"
"PGA_ln_U","Diet","LE8_no_diet","Continuous","Continuous, per 1 SD",2211,1132,1079,-1.19234586157032,-3.06888294524966,0.684191222109021,0.189518626134269,0.52850963964241,0.675491610430536,-0.164524459278226,-1.47860880899554,1.14955989043909,-1.35687032084855,-2.41517769411863,-0.298562947578466,"More negative / less positive toxicant–LE8_no_diet association in lifestyle-risk group"
"BuP_binary_U","Diet","LE8_no_diet","Binary","Binary 0/1",2214,1118,1096,-2.02284994115027,-5.22221004079244,1.1765101584919,0.191540406313357,0.52850963964241,0.675491610430536,2.29003312528175,-0.304615247283667,4.88468149784717,0.267183184131483,-2.39535850857045,2.92972487683342,"More negative / less positive toxicant–LE8_no_diet association in lifestyle-risk group"
"Benzene_binary_S","Diet","LE8_no_diet","Binary","Binary 0/1",3280,1679,1601,-2.1487470936651,-5.64982443451164,1.35233024718144,0.203882093974909,0.543577528072106,0.70647516284329,-3.63532300005819,-6.12189253871277,-1.14875346140362,-5.78407009372329,-8.36222490724491,-3.20591528020168,"More negative / less positive toxicant–LE8_no_diet association in lifestyle-risk group"
"BPF_binary_U","Diet","LE8_no_diet","Binary","Binary 0/1",2213,1118,1095,-1.6711220923501,-4.42847372957077,1.08622954487056,0.209186785402663,0.543577528072106,0.709857390100895,-0.747526439637143,-2.86346593368999,1.3684130544157,-2.41864853198724,-4.57461712145015,-0.262679942524334,"More negative / less positive toxicant–LE8_no_diet association in lifestyle-risk group"
"Co_ln_U","Diet","LE8_no_diet","Continuous","Continuous, per 1 SD",2266,1159,1107,-0.837494723672286,-2.22760632437517,0.552616877030594,0.211709213172016,0.543577528072106,0.709857390100895,1.33080767347234,0.368357815070624,2.29325753187405,0.49331294980005,-0.599099278891214,1.58572517849131,"More negative / less positive toxicant–LE8_no_diet association in lifestyle-risk group"
"X2_AN_ln_U","Diet","LE8_no_diet","Continuous","Continuous, per 1 SD",1113,589,524,-1.20456541797381,-3.10195693749237,0.692826101544747,0.213392938845771,0.543577528072106,0.709857390100895,-0.267334241013655,-1.99025542885191,1.4555869468246,-1.47189965898747,-2.33685133624071,-0.606947981734222,"More negative / less positive toxicant–LE8_no_diet association in lifestyle-risk group"
"CYHA_Cys_binary_U","Diet","LE8_no_diet","Binary","Binary 0/1",1074,531,543,2.68329297496144,-1.58560101442312,6.95218696434601,0.217959567765879,0.543577528072106,0.709857390100895,-12.0465755510957,-15.0472541769048,-9.04589692528651,-9.36328257613423,-12.6533803163236,-6.07318483594486,"More positive / less negative toxicant–LE8_no_diet association in lifestyle-risk group"
"X1_PY_ln_U","Diet","LE8_no_diet","Continuous","Continuous, per 1 SD",2259,1154,1105,-1.25910929229714,-3.39117301563724,0.87295443104296,0.220243652942145,0.543577528072106,0.7133979193126,-0.0375288028825998,-1.83473630317272,1.75967869740752,-1.29663809517974,-2.43968173352101,-0.153594456838463,"More negative / less positive toxicant–LE8_no_diet association in lifestyle-risk group"
"DMDTP_binary_U","Diet","LE8_no_diet","Binary","Binary 0/1",1040,510,530,-1.98392593770217,-5.18842799932393,1.22057612391959,0.224967316647965,0.543577528072106,0.717045429584856,-0.183955399630704,-2.13239990797601,1.7644891087146,-2.16788133733287,-4.5510062037237,0.21524352905795,"More negative / less positive toxicant–LE8_no_diet association in lifestyle-risk group"
"PFHxA_binary_U","Diet","LE8_no_diet","Binary","Binary 0/1",1094,565,529,-2.36948088766724,-6.20681504585425,1.46785327051977,0.226186622419266,0.543577528072106,0.717045429584856,2.58846754764703,-1.01314718345936,6.19008227875341,0.218986659979789,-1.93891308762241,2.37688640758199,"More negative / less positive toxicant–LE8_no_diet association in lifestyle-risk group"
"As_III_binary_U","Diet","LE8_no_diet","Binary","Binary 0/1",2272,1159,1113,1.65580495595979,-1.25276472976725,4.56437464168682,0.236190744514793,0.558609856074669,0.717045429584856,1.68499993139751,-0.34409899413371,3.71409885692872,3.34080488735729,1.30515993807587,5.37644983663872,"More positive / less negative toxicant–LE8_no_diet association in lifestyle-risk group"
"IPM1_Cys_ln_U","Diet","LE8_no_diet","Continuous","Continuous, per 1 SD",1072,530,542,-1.74530365225162,-4.77906131176712,1.28845400726387,0.259507387405323,0.604165636303018,0.765675261849369,-1.67349526217927,-3.94786822316843,0.600877698809893,-3.41879891443089,-4.93355011370728,-1.9040477151545,"More negative / less positive toxicant–LE8_no_diet association in lifestyle-risk group"
"PFBA_binary_U","Diet","LE8_no_diet","Binary","Binary 0/1",1094,565,529,2.6404576403435,-1.99692826760803,7.27784354829503,0.264433284649369,0.606162452503939,0.765743909399809,1.94793286880683,-1.55043912073801,5.44630485835167,4.58839050915033,0.970707805903628,8.20607321239703,"More positive / less negative toxicant–LE8_no_diet association in lifestyle-risk group"
"Thiocyanate_ln_U","Diet","LE8_no_diet","Continuous","Continuous, per 1 SD",2249,1148,1101,-1.17841013424629,-3.40470756280943,1.04788729431685,0.268656762240747,0.606512993543504,0.765743909399809,-0.846856392799591,-2.67669577390812,0.982982988308938,-2.02526652704588,-3.1800552558223,-0.870477798269462,"More negative / less positive toxicant–LE8_no_diet association in lifestyle-risk group"
"TTCA_binary_U","Diet","LE8_no_diet","Binary","Binary 0/1",1180,622,558,2.10119713431162,-1.71062942265759,5.91302369128084,0.279967214199749,0.61859509370539,0.768598159437073,-2.63720423784937,-4.90865751067554,-0.365750965023195,-0.536007103537744,-3.60624660049079,2.53423239341531,"More positive / less negative toxicant–LE8_no_diet association in lifestyle-risk group"
"X23_OH_PH_ln_U","Diet","LE8_no_diet","Continuous","Continuous, per 1 SD",2260,1154,1106,-0.967935866618715,-2.85563386100856,0.91976212777113,0.283089025211723,0.61859509370539,0.769894580565299,-1.28880323477655,-2.68052864041118,0.102922170858069,-2.25673910139527,-3.46767932008721,-1.04579888270332,"More negative / less positive toxicant–LE8_no_diet association in lifestyle-risk group"
"CEMA_CEM_ln_U","Diet","LE8_no_diet","Continuous","Continuous, per 1 SD",2240,1145,1095,-0.88549539084543,-2.62522633907199,0.854235557381133,0.28646349976961,0.61859509370539,0.769894580565299,-2.34205522821751,-3.54531008934407,-1.13880036709095,-3.22755061906294,-4.35453721545313,-2.10056402267274,"More negative / less positive toxicant–LE8_no_diet association in lifestyle-risk group"
"X1_PH_ln_U","Diet","LE8_no_diet","Continuous","Continuous, per 1 SD",2260,1154,1106,-0.876740095877077,-2.70375597277398,0.950275781019822,0.313522500701154,0.658610186955429,0.785123573184402,-0.760773086164547,-1.88972905802644,0.368182885697342,-1.63751318204162,-2.91126381029508,-0.363762553788171,"More negative / less positive toxicant–LE8_no_diet association in lifestyle-risk group"
"X3_FL_ln_U","Diet","LE8_no_diet","Continuous","Continuous, per 1 SD",2256,1154,1102,-0.766494624893385,-2.37942033742502,0.846431087638251,0.318023191393204,0.658610186955429,0.785315449316656,-1.8036411235699,-3.0346238585364,-0.572658388603391,-2.57013574846328,-3.61499449538441,-1.52527700154215,"More negative / less positive toxicant–LE8_no_diet association in lifestyle-risk group"
"IHg_binary_S","Diet","LE8_no_diet","Binary","Binary 0/1",3437,1761,1676,1.39210115671768,-1.5387490160884,4.32295132952377,0.318254586985174,0.658610186955429,0.785315449316656,-0.181279720864465,-2.75398223668361,2.39142279495468,1.21082143585322,-1.00291357847845,3.42455645018489,"More positive / less negative toxicant–LE8_no_diet association in lifestyle-risk group"
"Cs_ln_U","Diet","LE8_no_diet","Continuous","Continuous, per 1 SD",2266,1159,1107,-0.681166693062082,-2.15444975768154,0.792116371557379,0.330720098034792,0.671837678531981,0.785315449316656,1.75670207524643,0.528394274286779,2.98500987620608,1.07553538218435,-0.114403562319427,2.26547432668812,"More negative / less positive toxicant–LE8_no_diet association in lifestyle-risk group"
"DETP_binary_U","Diet","LE8_no_diet","Binary","Binary 0/1",1043,513,530,-3.0085990078975,-9.10809595602536,3.09089794023036,0.333664350411856,0.671837678531981,0.785315449316656,2.58783195323113,-1.87262928823473,7.04829319469698,-0.42076705466637,-3.81653522861648,2.97500111928375,"More negative / less positive toxicant–LE8_no_diet association in lifestyle-risk group"
"PFUnDA_binary_S","Diet","LE8_no_diet","Binary","Binary 0/1",2211,1115,1096,-1.31803374450424,-4.31714186296976,1.68107437396129,0.35419091542658,0.703659285314139,0.805716738909319,3.71814141683568,1.47373469160663,5.96254814206473,2.40010767233144,-0.0227562756193076,4.82297162028219,"More negative / less positive toxicant–LE8_no_diet association in lifestyle-risk group"
"ATCA_ln_U","Diet","LE8_no_diet","Continuous","Continuous, per 1 SD",2197,1124,1073,-0.890847656967196,-2.94558665107089,1.1638913371365,0.360455290035549,0.706682081780222,0.807636664891682,0.645510332079827,-0.530136835126177,1.82115749928583,-0.245337324887369,-2.06530943651563,1.5746347867409,"More negative / less positive toxicant–LE8_no_diet association in lifestyle-risk group"
"A_a_C_binary_U","Diet","LE8_no_diet","Binary","Binary 0/1",1162,613,549,1.33378559650572,-1.71469094158921,4.38226213460064,0.39114993195197,0.756900517673293,0.841607795824456,-5.05420823292835,-7.31882621617384,-2.78959024968286,-3.72042263642263,-5.51512112395337,-1.9257241488919,"More positive / less negative toxicant–LE8_no_diet association in lifestyle-risk group"
"Mn_ln_S","Diet","LE8_no_diet","Continuous","Continuous, per 1 SD",3437,1761,1676,-0.570327515831719,-1.99463927279359,0.853984241130153,0.396990338149614,0.75835333826016,0.844182840117226,-0.40491351464174,-1.26275773102543,0.45293070174195,-0.975241030473459,-1.94365878947258,-0.00682327147433304,"More negative / less positive toxicant–LE8_no_diet association in lifestyle-risk group"
"X3PBA_ln_U","Diet","LE8_no_diet","Continuous","Continuous, per 1 SD",2245,1113,1132,0.42867445703943,-0.675398081851549,1.53274699593041,0.411015350975787,0.772871708201593,0.844707410970928,0.506475042414528,-0.323088959010295,1.33603904383935,0.935149499453959,-0.0608953828503471,1.93119438175826,"More positive / less negative toxicant–LE8_no_diet association in lifestyle-risk group"
"X2_MHA_ln_U","Diet","LE8_no_diet","Continuous","Continuous, per 1 SD",2124,1084,1040,-0.769861511926193,-2.78710259611859,1.2473795722662,0.418799260729678,0.772871708201593,0.846785120414247,-0.0379152865214398,-1.37848630008536,1.30265572704248,-0.807776798447632,-2.24666557416639,0.63111197727112,"More negative / less positive toxicant–LE8_no_diet association in lifestyle-risk group"
"BDCPP_ln_U","Diet","LE8_no_diet","Continuous","Continuous, per 1 SD",2042,1008,1034,-0.639343667121488,-2.34537905687037,1.06669172262739,0.426994031699661,0.772871708201593,0.846785120414247,0.697173438073215,-0.623477193991253,2.01782407013768,0.0578297709517267,-0.990954845990535,1.10661438789399,"More negative / less positive toxicant–LE8_no_diet association in lifestyle-risk group"
"EO_ln_S","Diet","LE8_no_diet","Continuous","Continuous, per 1 SD",2243,1148,1095,0.472219366401621,-0.795593846160147,1.74003257896339,0.429738168755423,0.772871708201593,0.846785120414247,-3.81556861741981,-4.81715243234206,-2.81398480249756,-3.34334925101819,-4.17172653782714,-2.51497196420923,"More positive / less negative toxicant–LE8_no_diet association in lifestyle-risk group"
"CEMA_AAM_ln_U","Diet","LE8_no_diet","Continuous","Continuous, per 1 SD",2190,1121,1069,-0.673164129680814,-2.4869954262869,1.14066716692527,0.431351011458877,0.772871708201593,0.846785120414247,-0.407945540786079,-1.70064973359507,0.884758652022915,-1.08110967046689,-2.30749586209512,0.145276521161336,"More negative / less positive toxicant–LE8_no_diet association in lifestyle-risk group"
"DPCP_binary_U","Diet","LE8_no_diet","Binary","Binary 0/1",1118,557,561,-1.952285893425,-6.91859692557948,3.01402513872948,0.44101918858323,0.772871708201593,0.846785120414247,3.7404433866454,-1.03698382670773,8.51787059999852,1.7881574932204,-2.1611464407549,5.7374614271957,"More negative / less positive toxicant–LE8_no_diet association in lifestyle-risk group"
"PhIP_binary_U","Diet","LE8_no_diet","Binary","Binary 0/1",1163,613,550,1.64711027421252,-2.59366853865291,5.88788908707796,0.44651001972361,0.772871708201593,0.850223551933775,-1.28846990026603,-4.78842887499247,2.21148907446041,0.358640373946494,-1.78896516258807,2.50624591048106,"More positive / less negative toxicant–LE8_no_diet association in lifestyle-risk group"
"U_ln_U","Diet","LE8_no_diet","Continuous","Continuous, per 1 SD",2266,1159,1107,-0.482240219456784,-1.83887487184273,0.87439443292916,0.450505544973911,0.772871708201593,0.853556371271571,-0.252235826888683,-1.21999453032932,0.715522876551958,-0.734476046345467,-1.45869750261861,-0.0102545900723275,"More negative / less positive toxicant–LE8_no_diet association in lifestyle-risk group"
"TCC_binary_U","Diet","LE8_no_diet","Binary","Binary 0/1",2214,1118,1096,1.27110017560705,-2.31743714941094,4.85963750062503,0.452066305594053,0.772871708201593,0.853556371271571,-1.3479909783043,-4.14330566039169,1.4473237037831,-0.0768908026972495,-2.28643336666731,2.13265176127281,"More positive / less negative toxicant–LE8_no_diet association in lifestyle-risk group"
"DEP_ln_U","Diet","LE8_no_diet","Continuous","Continuous, per 1 SD",1046,514,532,0.740274038320994,-1.22836463217378,2.70891270881576,0.461115011754115,0.772871708201593,0.858826709392039,0.600985643335657,-0.825562673660572,2.02753396033189,1.34125968165665,-0.276191670869524,2.95871103418282,"More positive / less negative toxicant–LE8_no_diet association in lifestyle-risk group"
"MINP_binary_U","Diet","LE8_no_diet","Binary","Binary 0/1",2213,1118,1095,1.07788630104302,-2.05963284252465,4.21540544461068,0.465449209810605,0.772871708201593,0.859019935109584,0.25633641053614,-2.04277174520169,2.55544456627397,1.33422271157916,-0.842761555331881,3.5112069784902,"More positive / less negative toxicant–LE8_no_diet association in lifestyle-risk group"
"o_TLD_ln_U","Diet","LE8_no_diet","Continuous","Continuous, per 1 SD",1087,578,509,-0.927531269671365,-3.45003224414401,1.59496970480128,0.471103521860235,0.772871708201593,0.865612844059606,0.232047076789185,-1.2153620590856,1.67945621266397,-0.695484192882179,-2.57585295250522,1.18488456674086,"More negative / less positive toxicant–LE8_no_diet association in lifestyle-risk group"
"DEA_ln_U","Diet","LE8_no_diet","Continuous","Continuous, per 1 SD",2239,1110,1129,0.51986959186261,-1.03895361077851,2.07869279450373,0.47828410214332,0.772871708201593,0.871734938463054,-0.346123410856662,-1.3202083868396,0.62796156512628,0.173746181005948,-1.16423477088601,1.51172713289791,"More positive / less negative toxicant–LE8_no_diet association in lifestyle-risk group"
"Ethylbenzene_binary_S","Diet","LE8_no_diet","Binary","Binary 0/1",3285,1677,1608,-1.47758598353939,-5.93690498238312,2.98173301530435,0.481063845866711,0.772871708201593,0.873885335717303,-4.36062702310613,-7.48667203034482,-1.23458201586744,-5.83821300664552,-9.06324069775011,-2.61318531554092,"More negative / less positive toxicant–LE8_no_diet association in lifestyle-risk group"
"X2_FL_ln_U","Diet","LE8_no_diet","Continuous","Continuous, per 1 SD",2259,1153,1106,-0.555983412075538,-2.2391580851666,1.12719126101552,0.482396435320458,0.772871708201593,0.873885335717303,-2.5997716646257,-3.85704946982378,-1.34249385942763,-3.15575507670124,-4.24788868507805,-2.06362146832443,"More negative / less positive toxicant–LE8_no_diet association in lifestyle-risk group"
"Mn_binary_U","Diet","LE8_no_diet","Binary","Binary 0/1",2268,1160,1108,1.22593180409448,-2.59514151266711,5.04700512085608,0.494778589071357,0.784276699698215,0.880962472296322,-2.16822525262616,-4.97277832018926,0.636327814936934,-0.942293448531679,-3.55621107320289,1.67162417613953,"More positive / less negative toxicant–LE8_no_diet association in lifestyle-risk group"
"n_PFOA_ln_S","Diet","LE8_no_diet","Continuous","Continuous, per 1 SD",1045,510,535,-0.500360954823969,-1.98688859065147,0.986166681003532,0.509434635530914,0.799008007306381,0.889962399275514,1.62923136438305,0.191873272365657,3.06658945640044,1.12887040955908,-0.423104483825877,2.68084530294404,"More negative / less positive toxicant–LE8_no_diet association in lifestyle-risk group"
"MCOCH_binary_U","Diet","LE8_no_diet","Binary","Binary 0/1",1039,511,528,1.22559597279039,-2.6402452178356,5.09143716341637,0.534355146772696,0.82095333647746,0.894746894812513,-2.08922009812208,-4.80610405991876,0.627663863674609,-0.863624125331691,-3.34268329582682,1.61543504516344,"More positive / less negative toxicant–LE8_no_diet association in lifestyle-risk group"
"Chloroform_binary_S","Diet","LE8_no_diet","Binary","Binary 0/1",3280,1675,1605,0.837430323158688,-2.03657714927799,3.71143779559537,0.534446131800763,0.82095333647746,0.894746894812513,0.565997587808337,-1.27426771966077,2.40626289527744,1.40342791096702,-0.602590711041556,3.40944653297561,"More positive / less negative toxicant–LE8_no_diet association in lifestyle-risk group"
"CEMA_CYM_ln_U","Diet","LE8_no_diet","Continuous","Continuous, per 1 SD",2227,1141,1086,-0.415559933447992,-1.9544172171499,1.12329735025392,0.564293181833226,0.848310231365941,0.906519505047447,-3.00317635212458,-4.30729189080417,-1.69906081344499,-3.41873628557257,-4.29478178288822,-2.54269078825693,"More negative / less positive toxicant–LE8_no_diet association in lifestyle-risk group"
"Sb_ln_U","Diet","LE8_no_diet","Continuous","Continuous, per 1 SD",2266,1159,1107,0.403518784124812,-1.11106169907034,1.91809926731996,0.569449324461313,0.848310231365941,0.910906038045822,0.310683669886758,-0.816405937248702,1.43777327702222,0.714202454011569,-0.338005642010924,1.76641055003406,"More positive / less negative toxicant–LE8_no_diet association in lifestyle-risk group"
"o_ANS_ln_U","Diet","LE8_no_diet","Continuous","Continuous, per 1 SD",1056,564,492,-0.735761603302491,-3.31893888991729,1.84741568331231,0.576671693918465,0.848310231365941,0.914085982913312,0.67763011844563,-0.937158807734592,2.29241904462585,-0.0581314848568613,-1.91809351131914,1.80183054160542,"More negative / less positive toxicant–LE8_no_diet association in lifestyle-risk group"
"TBPPP_binary_U","Diet","LE8_no_diet","Binary","Binary 0/1",934,454,480,1.20754360619184,-3.23795655692313,5.65304376930682,0.594455575439519,0.848310231365941,0.914291111896112,1.06146879742469,-1.87509879487966,3.99803638972904,2.26901240361653,-1.20059369915771,5.73861850639078,"More positive / less negative toxicant–LE8_no_diet association in lifestyle-risk group"
"X5OHIMI_binary_U","Diet","LE8_no_diet","Binary","Binary 0/1",877,426,451,1.56942964717857,-4.31048207842368,7.44934137278082,0.600875817893792,0.848310231365941,0.914291111896112,-1.01736784310504,-5.74779420534096,3.71305851913088,0.552061804073524,-3.48114896636887,4.58527257451592,"More positive / less negative toxicant–LE8_no_diet association in lifestyle-risk group"
"Mo_ln_U","Diet","LE8_no_diet","Continuous","Continuous, per 1 SD",2265,1159,1106,0.343730531583535,-1.06308986798764,1.75055093115471,0.601446197620808,0.848310231365941,0.914291111896112,0.951318869739518,-0.175340708487894,2.07797844796693,1.29504940132305,0.246906529742686,2.34319227290342,"More positive / less negative toxicant–LE8_no_diet association in lifestyle-risk group"
"Furan_binary_S","Diet","LE8_no_diet","Binary","Binary 0/1",3375,1727,1648,0.956347329394471,-2.97381944366747,4.88651410245641,0.602911082086265,0.848310231365941,0.914291111896112,-10.0296605265243,-13.3739358455249,-6.68538520752364,-9.07331319712981,-11.4391061560285,-6.70752023823113,"More positive / less negative toxicant–LE8_no_diet association in lifestyle-risk group"
"X24_DCP_ln_U","Diet","LE8_no_diet","Continuous","Continuous, per 1 SD",2212,1118,1094,-0.364020814226098,-1.86205130307434,1.13400967462215,0.603404638770951,0.848310231365941,0.914291111896112,0.564587228933982,-0.507095033602846,1.63626949147081,0.200566414707884,-0.938991318192592,1.34012414760836,"More negative / less positive toxicant–LE8_no_diet association in lifestyle-risk group"
"MMA_binary_U","Diet","LE8_no_diet","Binary","Binary 0/1",2272,1159,1113,0.873910619744119,-2.72335292190566,4.4711741613939,0.603495869293891,0.848310231365941,0.914291111896112,2.26071785264591,-0.200089922360662,4.72152562765249,3.13462847239003,0.606301301405294,5.66295564337477,"More positive / less negative toxicant–LE8_no_diet association in lifestyle-risk group"
"X24D_ln_U","Diet","LE8_no_diet","Continuous","Continuous, per 1 SD",2265,1119,1146,-0.421211721488944,-2.21669518374271,1.37427174076483,0.615837595482329,0.857568240438009,0.919606200836113,0.887577666237117,-0.504670891675454,2.27982622414969,0.466365944748173,-0.528632078984608,1.46136396848095,"More negative / less positive toxicant–LE8_no_diet association in lifestyle-risk group"
"X4FPBA_binary_U","Diet","LE8_no_diet","Binary","Binary 0/1",2266,1119,1147,-0.836246543822127,-4.57749491629238,2.90500182864812,0.632413953190134,0.861912748723987,0.926488854538955,-2.16033625036858,-5.48701360097406,1.16634110023691,-2.9965827941907,-5.92236758323689,-0.0707980051445194,"More negative / less positive toxicant–LE8_no_diet association in lifestyle-risk group"
"Tl_ln_U","Diet","LE8_no_diet","Continuous","Continuous, per 1 SD",2266,1159,1107,-0.34188073832119,-1.96837039597685,1.28460891933447,0.652641747007963,0.861912748723987,0.926488854538955,1.59231241978562,0.894604374842203,2.29002046472903,1.25043168146443,-0.306775913424862,2.80763927635371,"More negative / less positive toxicant–LE8_no_diet association in lifestyle-risk group"
"BPA_ln_U","Diet","LE8_no_diet","Continuous","Continuous, per 1 SD",2212,1118,1094,-0.298963916237049,-1.74498567137091,1.14705783889681,0.657921796731453,0.861912748723987,0.926488854538955,-0.255510547295243,-1.37088952859448,0.859868434003991,-0.554474463532293,-1.52455295031095,0.415604023246368,"More negative / less positive toxicant–LE8_no_diet association in lifestyle-risk group"
"Sr_ln_U","Diet","LE8_no_diet","Continuous","Continuous, per 1 SD",2266,1159,1107,-0.334856491381475,-1.99800556872887,1.32829258596592,0.666250633638112,0.861912748723987,0.926488854538955,1.56401931441885,0.306720047294308,2.82131858154339,1.22916282303737,0.122158508955359,2.33616713711939,"More negative / less positive toxicant–LE8_no_diet association in lifestyle-risk group"
"PFHpA_binary_S","Diet","LE8_no_diet","Binary","Binary 0/1",1166,605,561,-1.35563910164776,-7.51782252589241,4.80654432259689,0.666338254105028,0.861912748723987,0.926488854538955,-1.58491206138512,-5.67460477033466,2.50478064756442,-2.94055116303288,-6.46112552037536,0.580023194309593,"More negative / less positive toxicant–LE8_no_diet association in lifestyle-risk group"
"MeA_a_C_binary_U","Diet","LE8_no_diet","Binary","Binary 0/1",1162,612,550,-0.966935550209086,-5.43472547292587,3.5008543725077,0.671432631850133,0.861912748723987,0.926488854538955,-6.71862021304192,-11.0336969434716,-2.40354348261223,-7.68555576325101,-9.10877343025089,-6.26233809625113,"More negative / less positive toxicant–LE8_no_diet association in lifestyle-risk group"
"MHNCH_binary_U","Diet","LE8_no_diet","Binary","Binary 0/1",2213,1118,1095,0.654269496192812,-2.65076573857388,3.95930473095951,0.671473838691666,0.861912748723987,0.926488854538955,-1.33436688707739,-3.80820596780411,1.13947219364934,-0.680097390884576,-3.28240988583764,1.92221510406849,"More positive / less negative toxicant–LE8_no_diet association in lifestyle-risk group"
"AsB_binary_U","Diet","LE8_no_diet","Binary","Binary 0/1",2272,1159,1113,-0.780808373594287,-4.78611632189678,3.22449957470821,0.676156639567338,0.861912748723987,0.926488854538955,0.749439846413394,-1.75088222449596,3.24976191732275,-0.0313685271808931,-2.5219196236256,2.45918256926382,"More negative / less positive toxicant–LE8_no_diet association in lifestyle-risk group"
"Norharman_ln_U","Diet","LE8_no_diet","Continuous","Continuous, per 1 SD",1149,609,540,-0.507417402308338,-2.93799156624947,1.92315676163279,0.68241436430298,0.861912748723987,0.926488854538955,-0.400202999898886,-1.75038319474318,0.949977194945406,-0.907620402207224,-2.46582579525116,0.650584990836711,"More negative / less positive toxicant–LE8_no_diet association in lifestyle-risk group"
"DBCM_binary_S","Diet","LE8_no_diet","Binary","Binary 0/1",3373,1727,1646,-0.880753799257442,-5.61118395911301,3.84967636059812,0.689820691878035,0.861912748723987,0.926488854538955,-0.600103201547231,-3.17913043828227,1.97892403518781,-1.48085700080467,-4.37793609091889,1.41622208930955,"More negative / less positive toxicant–LE8_no_diet association in lifestyle-risk group"
"Se_ln_S","Diet","LE8_no_diet","Continuous","Continuous, per 1 SD",3437,1761,1676,-0.243656477792737,-1.55549844972832,1.06818549414284,0.690530621379413,0.861912748723987,0.926488854538955,-0.542406205897712,-1.23260978140976,0.147797369614339,-0.78606268369045,-1.80882517397892,0.236699806598022,"More negative / less positive toxicant–LE8_no_diet association in lifestyle-risk group"
"BCETP_ln_U","Diet","LE8_no_diet","Continuous","Continuous, per 1 SD",2049,1010,1039,-0.301059026397439,-1.95970473275562,1.35758667996074,0.697173318317518,0.861912748723987,0.926488854538955,-0.15687614449084,-1.76236514991417,1.4486128609325,-0.457935170888278,-1.45286746990716,0.5369971281306,"More negative / less positive toxicant–LE8_no_diet association in lifestyle-risk group"
"DBUP_binary_U","Diet","LE8_no_diet","Binary","Binary 0/1",2051,1011,1040,0.857320742797997,-3.98617623328608,5.70081771888208,0.704280933175974,0.861912748723987,0.926488854538955,-1.17507506674714,-3.76494119747169,1.41479106397741,-0.317754323949141,-3.54711352478875,2.91160487689047,"More positive / less negative toxicant–LE8_no_diet association in lifestyle-risk group"
"Ba_ln_U","Diet","LE8_no_diet","Continuous","Continuous, per 1 SD",2266,1159,1107,0.303653499625961,-1.41696637429372,2.02427337354564,0.705111852862603,0.861912748723987,0.926488854538955,0.623207203100068,-0.65830723898012,1.90472164518026,0.926860702726029,-0.154604550420383,2.00832595587244,"More positive / less negative toxicant–LE8_no_diet association in lifestyle-risk group"
"MEHP_binary_U","Diet","LE8_no_diet","Binary","Binary 0/1",2213,1118,1095,-0.614144326781049,-4.10181294243018,2.87352428886808,0.705727217076016,0.861912748723987,0.926488854538955,0.59038377748573,-1.46214841326879,2.64291596824025,-0.0237605492953186,-2.43700265505226,2.38948155646162,"More negative / less positive toxicant–LE8_no_diet association in lifestyle-risk group"
"PHE_Cys_binary_U","Diet","LE8_no_diet","Binary","Binary 0/1",2200,1133,1067,0.565189186086493,-2.77239301640548,3.90277138857846,0.716441096313034,0.867883929680016,0.928258463918626,-4.6677254994008,-6.74557699881449,-2.58987399998712,-4.10253631331431,-6.22515378801309,-1.97991883861553,"More positive / less negative toxicant–LE8_no_diet association in lifestyle-risk group"
"BDCM_binary_S","Diet","LE8_no_diet","Binary","Binary 0/1",3341,1712,1629,-0.707763908290582,-5.03417381331039,3.61864599672923,0.725618343790069,0.869921960678397,0.931645094814556,0.501448367923827,-2.00636414008581,3.00926087593347,-0.206315540366754,-3.19772129004718,2.78509020931367,"More negative / less positive toxicant–LE8_no_diet association in lifestyle-risk group"
"X2_NP_ln_U","Diet","LE8_no_diet","Continuous","Continuous, per 1 SD",2222,1132,1090,0.239139092079581,-1.25352536632784,1.731803550487,0.731037861129866,0.869921960678397,0.931645094814556,-3.16727681784045,-4.41762802117139,-1.91692561450951,-2.92813772576087,-4.18624610044765,-1.67002935107409,"More positive / less negative toxicant–LE8_no_diet association in lifestyle-risk group"
"FA_ln_S","Diet","LE8_no_diet","Continuous","Continuous, per 1 SD",2059,1058,1001,-0.269022634505911,-1.97877497692645,1.44072970791463,0.735638705003208,0.869921960678397,0.934841509982755,0.554556932730161,-0.578995834253201,1.68810969971352,0.285534298224251,-1.05454042070376,1.62560901715226,"More negative / less positive toxicant–LE8_no_diet association in lifestyle-risk group"
"X4_MDA_binary_U","Diet","LE8_no_diet","Binary","Binary 0/1",1029,513,516,-0.652503335613732,-4.65273016270416,3.3477234914767,0.749193765819423,0.878975363047984,0.947119432817186,-0.00325527874184972,-2.18932394101957,2.18281338353587,-0.655758614355582,-3.9337668957469,2.62224966703574,"More negative / less positive toxicant–LE8_no_diet association in lifestyle-risk group"
"Sm_PFOS_ln_S","Diet","LE8_no_diet","Continuous","Continuous, per 1 SD",1045,510,535,0.34094232579776,-2.02787374767066,2.70975839926618,0.777869531165032,0.905488751121795,0.956885338977553,0.856955873893071,-0.832709242281264,2.54662099006741,1.19789819969083,-1.09371972557234,3.489516124954,"More positive / less negative toxicant–LE8_no_diet association in lifestyle-risk group"
"PFDA_ln_S","Diet","LE8_no_diet","Continuous","Continuous, per 1 SD",2211,1115,1096,0.199371229992954,-1.48296165755784,1.88170411754375,0.799037546883883,0.919635512550758,0.968637118395984,0.914765084987676,-0.482268184475193,2.31179835445054,1.11413631498063,-0.367338958408658,2.59561158836992,"More positive / less negative toxicant–LE8_no_diet association in lifestyle-risk group"
"Perchlorate_ln_U","Diet","LE8_no_diet","Continuous","Continuous, per 1 SD",2254,1152,1102,-0.219153185111448,-2.10033208103587,1.66202571081297,0.802366554574487,0.919635512550758,0.970000946301002,1.55433723963269,0.305184099575937,2.80349037968945,1.33518405452124,-0.0971178080895927,2.76748591713208,"More negative / less positive toxicant–LE8_no_diet association in lifestyle-risk group"
"W_ln_U","Diet","LE8_no_diet","Continuous","Continuous, per 1 SD",2265,1159,1106,0.14109814364376,-1.29399546587836,1.57619175316588,0.832636454746995,0.947044517231315,0.972739501409888,-0.226259820787935,-1.38606462245647,0.933544980880598,-0.0851616771441749,-0.988784800928774,0.818461446640424,"More positive / less negative toxicant–LE8_no_diet association in lifestyle-risk group"
"MEP_ln_U","Diet","LE8_no_diet","Continuous","Continuous, per 1 SD",2212,1118,1094,-0.143154590286644,-1.78182148945794,1.49551230888466,0.851027426153718,0.960629443158364,0.97514028889492,0.365356125112499,-0.582061742189311,1.31277399241431,0.222201534825855,-1.4471717296682,1.89157479931991,"More negative / less positive toxicant–LE8_no_diet association in lifestyle-risk group"
"NPMA_ln_U","Diet","LE8_no_diet","Continuous","Continuous, per 1 SD",2224,1137,1087,0.163644333247147,-1.94353670219097,2.27082536868526,0.867383024189814,0.971729854167536,0.980949302499296,0.654655584429088,-0.692930927586292,2.00224209644447,0.818299917676235,-0.488996335466725,2.1255961708192,"More positive / less negative toxicant–LE8_no_diet association in lifestyle-risk group"
"o_Xylene_binary_S","Diet","LE8_no_diet","Binary","Binary 0/1",3365,1722,1643,-0.31371280671207,-4.57355293707047,3.94612732364633,0.874174084612669,0.972029392591699,0.984465611407303,-3.80319560150753,-6.82701843510688,-0.779372767908175,-4.1169084082196,-6.71798984284607,-1.51582697359313,"More negative / less positive toxicant–LE8_no_diet association in lifestyle-risk group"
"IPPPP_binary_U","Diet","LE8_no_diet","Binary","Binary 0/1",932,453,479,0.523896459798038,-6.48952739450258,7.53732031409866,0.883599668711237,0.97368679084445,0.984465611407303,-3.82942442065182,-7.21177676807955,-0.447072073224092,-3.30552796085378,-8.27415361917285,1.66309769746529,"More positive / less negative toxicant–LE8_no_diet association in lifestyle-risk group"
"Toluene_ln_S","Diet","LE8_no_diet","Continuous","Continuous, per 1 SD",3306,1689,1617,0.119529599882038,-1.73077194491657,1.96983114468065,0.889505627626561,0.97368679084445,0.984465611407303,-2.67095556743934,-3.77910524359687,-1.5628058912818,-2.5514259675573,-3.82793734568612,-1.27491458942848,"More positive / less negative toxicant–LE8_no_diet association in lifestyle-risk group"
"BCPP_binary_U","Diet","LE8_no_diet","Binary","Binary 0/1",2053,1012,1041,-0.237447336117742,-4.11682581892736,3.64193114669188,0.895269062722749,0.97368679084445,0.984465611407303,-0.824419495774584,-4.2798725641557,2.63103357260654,-1.06186683189233,-2.98722995460275,0.863496290818101,"More negative / less positive toxicant–LE8_no_diet association in lifestyle-risk group"
"n_PFOS_ln_S","Diet","LE8_no_diet","Continuous","Continuous, per 1 SD",1045,510,535,0.124423619567242,-2.16489254255191,2.4137397816864,0.915167065595112,0.975746326778988,0.98447297975783,1.31373065415397,-0.234092834314021,2.86155414262196,1.43815427372121,-0.254744565025202,3.13105311246762,"More positive / less negative toxicant–LE8_no_diet association in lifestyle-risk group"
"MCNP_ln_U","Diet","LE8_no_diet","Continuous","Continuous, per 1 SD",2212,1118,1094,0.0848257547655574,-1.69171835468617,1.86136986421729,0.918194797427484,0.975746326778988,0.98447297975783,0.248051775991125,-1.04226340566348,1.53836695764573,0.332877530756682,-0.91910772118114,1.5848627826945,"More positive / less negative toxicant–LE8_no_diet association in lifestyle-risk group"
"MCPP_ln_U","Diet","LE8_no_diet","Continuous","Continuous, per 1 SD",2212,1118,1094,-0.05247140500979,-1.44115800410135,1.33621519408177,0.935215216615489,0.975746326778988,0.98447297975783,0.385488016088415,-0.577016806958579,1.34799283913541,0.333016611078625,-0.707769695943324,1.37380291810057,"More negative / less positive toxicant–LE8_no_diet association in lifestyle-risk group"
"HEMA_binary_U","Diet","LE8_no_diet","Binary","Binary 0/1",2238,1144,1094,-0.132075815893553,-3.70775781102797,3.44360617924087,0.936665087769563,0.975746326778988,0.98447297975783,-3.15420585614419,-5.42409384324884,-0.884317869039535,-3.28628167203774,-5.88212528656725,-0.690438057508233,"More negative / less positive toxicant–LE8_no_diet association in lifestyle-risk group"
"GAM_Cys_binary_U","Diet","LE8_no_diet","Binary","Binary 0/1",2253,1152,1101,0.0896969980017066,-2.53237674370667,2.71177073971008,0.941334072885639,0.975746326778988,0.98447297975783,-5.13862165662446,-7.24807811459349,-3.02916519865543,-5.04892465862275,-7.34359586662237,-2.75425345062313,"More positive / less negative toxicant–LE8_no_diet association in lifestyle-risk group"
"Pb_ln_U","Diet","LE8_no_diet","Continuous","Continuous, per 1 SD",2266,1159,1107,-0.0494966825908626,-1.56593438492893,1.4669410197472,0.944018502676989,0.975746326778988,0.98447297975783,1.36344257914225,-0.101399407874611,2.82828456615911,1.31394589655139,0.293297918302297,2.33459387480048,"More negative / less positive toxicant–LE8_no_diet association in lifestyle-risk group"
"MDA_binary_U","Diet","LE8_no_diet","Binary","Binary 0/1",1044,513,531,-0.271739145368592,-7.96479397130368,7.42131568056649,0.944805638247102,0.975746326778988,0.98447297975783,-3.79660146806423,-8.53519794037941,0.941995004250942,-4.06834061343283,-9.14991163432447,1.01323040745882,"More negative / less positive toxicant–LE8_no_diet association in lifestyle-risk group"
"MCOP_ln_U","Diet","LE8_no_diet","Continuous","Continuous, per 1 SD",2212,1118,1094,0.0430911518299061,-1.42215975007679,1.5083420537366,0.949551794516464,0.975746326778988,0.98447297975783,0.0480713036716751,-1.08755381640467,1.18369642374802,0.0911624555015811,-1.05326189121625,1.23558680221941,"More positive / less negative toxicant–LE8_no_diet association in lifestyle-risk group"
"BPS_ln_U","Diet","LE8_no_diet","Continuous","Continuous, per 1 SD",2211,1118,1093,0.0555542231881062,-2.16296329040762,2.27407173678383,0.957035007763814,0.976700110663071,0.988549158799364,-0.371974168929706,-1.84396271388488,1.10001437602547,-0.316419945741599,-1.54461471184132,0.91177482035812,"More positive / less negative toxicant–LE8_no_diet association in lifestyle-risk group"
"IPM3_Cys_ln_U","Diet","LE8_no_diet","Continuous","Continuous, per 1 SD",1072,530,542,-0.0221663410145034,-1.95193713267432,1.90760445064532,0.982038618028582,0.995371047068848,0.997922557157492,-3.33300065340217,-4.57999791255149,-2.08600339425285,-3.35516699441667,-4.76642128087253,-1.94391270796081,"More negative / less positive toxicant–LE8_no_diet association in lifestyle-risk group"
"X26_DMA_binary_U","Diet","LE8_no_diet","Binary","Binary 0/1",1063,563,500,0.0353389844478494,-4.85109596464924,4.92177393354494,0.988690704471071,0.995371047068848,0.997922557157492,-3.7806365488567,-6.87426941831113,-0.687003679402272,-3.74529756440885,-7.18821396471802,-0.302381164099685,"More positive / less negative toxicant–LE8_no_diet association in lifestyle-risk group"
"OXY_binary_U","Diet","LE8_no_diet","Binary","Binary 0/1",2257,1115,1142,0.000607109960129771,-4.21891851482453,4.22013273474479,0.999752995974053,0.999752995974053,0.999752995974053,0.91421631662288,-2.56669246269698,4.39512509594274,0.914823426583009,-1.84283633229834,3.67248318546436,"More positive / less negative toxicant–LE8_no_diet association in lifestyle-risk group"
"NDMA_binary_U","PhysicalActivity","LE8_no_PA","Binary","Binary 0/1",927,571,356,-10.1109702143473,-14.5209204418669,-5.70101998682763,6.99854722785548e-06,0.00104278353695047,0.00417113414780186,5.82913851062141,2.37001485352088,9.28826216772193,-4.28183170372585,-8.1366177875531,-0.427045619898596,"More negative / less positive toxicant–LE8_no_PA association in lifestyle-risk group"
"MeP_ln_U","PhysicalActivity","LE8_no_PA","Continuous","Continuous, per 1 SD",2212,1313,899,-1.83693328271986,-2.73461983090677,-0.939246734532943,0.000895487352174738,0.066713807737018,0.177903487298715,2.6512320265593,1.76188497870973,3.54057907440888,0.814298743839443,-0.181202610469437,1.80980009814832,"More negative / less positive toxicant–LE8_no_PA association in lifestyle-risk group"
"GLYP_ln_U","PhysicalActivity","LE8_no_PA","Continuous","Continuous, per 1 SD",2048,1229,819,-2.00337312882491,-3.33467044732201,-0.67207581032781,0.00692763088004474,0.288616097514176,0.420286715374257,1.09548395640566,0.0302344535061418,2.16073345930518,-0.907889172419246,-1.7953446794353,-0.0204336654031951,"More negative / less positive toxicant–LE8_no_PA association in lifestyle-risk group"
"Pb_ln_U","PhysicalActivity","LE8_no_PA","Continuous","Continuous, per 1 SD",2266,1362,904,1.86360925631229,0.547769059390927,3.17944945323364,0.00979828358346317,0.288616097514176,0.420286715374257,0.708103087288252,-0.129507684460228,1.54571385903673,2.57171234360054,1.02252684412909,4.12089784307199,"More positive / less negative toxicant–LE8_no_PA association in lifestyle-risk group"
"DMTP_ln_U","PhysicalActivity","LE8_no_PA","Continuous","Continuous, per 1 SD",1043,643,400,-2.54872439810849,-4.59479088012767,-0.502657916089314,0.0146276413800388,0.288616097514176,0.420286715374257,2.79090566349498,1.55351760453802,4.02829372245194,0.242181265386489,-1.35044511371271,1.83480764448569,"More negative / less positive toxicant–LE8_no_PA association in lifestyle-risk group"
"BP3_ln_U","PhysicalActivity","LE8_no_PA","Continuous","Continuous, per 1 SD",2212,1313,899,-2.02322859212422,-3.58095636822281,-0.465500816025624,0.0155524192417082,0.288616097514176,0.420286715374257,2.60663906197058,1.17472765531519,4.03855046862597,0.583410469846366,-0.521008159394308,1.68782909908704,"More negative / less positive toxicant–LE8_no_PA association in lifestyle-risk group"
"MMA_binary_U","PhysicalActivity","LE8_no_PA","Binary","Binary 0/1",2272,1364,908,3.3726982717538,0.750921168222397,5.99447537528521,0.0163316573439012,0.288616097514176,0.420286715374257,1.42209938751346,-0.245458335199167,3.08965711022608,4.79479765926726,2.57480916400345,7.01478615453108,"More positive / less negative toxicant–LE8_no_PA association in lifestyle-risk group"
"BMA_ln_U","PhysicalActivity","LE8_no_PA","Continuous","Continuous, per 1 SD",2244,1352,892,1.52463609907123,0.319021229359755,2.73025096878271,0.0177955540878237,0.288616097514176,0.420286715374257,0.961912485984788,0.204905649035681,1.7189193229339,2.48654858505602,1.46290118829559,3.51019598181645,"More positive / less negative toxicant–LE8_no_PA association in lifestyle-risk group"
"MA_ln_U","PhysicalActivity","LE8_no_PA","Continuous","Continuous, per 1 SD",2210,1335,875,1.60064322703348,0.331569258350911,2.86971719571605,0.0180313693486892,0.288616097514176,0.420286715374257,-1.79217841484496,-2.64158491139061,-0.942771918299315,-0.191535187811478,-1.60570071386831,1.22263033824535,"More positive / less negative toxicant–LE8_no_PA association in lifestyle-risk group"
"PrP_ln_U","PhysicalActivity","LE8_no_PA","Continuous","Continuous, per 1 SD",2212,1313,899,-1.61225123450509,-2.91653328319204,-0.307969185818132,0.0199070531351613,0.288616097514176,0.420286715374257,2.27389948721699,1.37339118463206,3.17440778980192,0.661648252711905,-0.449442063385996,1.7727385688098,"More negative / less positive toxicant–LE8_no_PA association in lifestyle-risk group"
"PNP_ln_U","PhysicalActivity","LE8_no_PA","Continuous","Continuous, per 1 SD",2222,1341,881,-1.46243716184936,-2.68176168674761,-0.243112636951097,0.0230004054752541,0.288616097514176,0.420286715374257,1.64581279416455,0.820015484146724,2.47161010418237,0.18337563231519,-0.715941780380906,1.08269304501129,"More negative / less positive toxicant–LE8_no_PA association in lifestyle-risk group"
"CYHA_Cys_binary_U","PhysicalActivity","LE8_no_PA","Binary","Binary 0/1",1074,616,458,-3.86138117550724,-7.19626310818578,-0.526499242828707,0.023244249464229,0.288616097514176,0.420286715374257,-10.2196145872481,-12.6385211186277,-7.80070805586846,-14.0809957627553,-17.1172465369429,-11.0447449885677,"More negative / less positive toxicant–LE8_no_PA association in lifestyle-risk group"
"DPHP_ln_U","PhysicalActivity","LE8_no_PA","Continuous","Continuous, per 1 SD",2049,1229,820,-1.91500569004726,-3.56268398928011,-0.267327390814413,0.0266092681082563,0.304983149856168,0.440531216458909,1.0644412063714,0.104665949998942,2.02421646274386,-0.850564483675862,-2.0874309902057,0.38630202285398,"More negative / less positive toxicant–LE8_no_PA association in lifestyle-risk group"
"MeFOSAA_binary_S","PhysicalActivity","LE8_no_PA","Binary","Binary 0/1",2211,1301,910,3.30930091786974,0.33465252999921,6.28394930574026,0.0323259947652616,0.344040944287427,0.450973920290067,-0.421066671389115,-2.43284049031899,1.59070714754076,2.88823424648062,0.694516841563048,5.0819516513982,"More positive / less negative toxicant–LE8_no_PA association in lifestyle-risk group"
"X14_DCB_binary_S","PhysicalActivity","LE8_no_PA","Binary","Binary 0/1",3343,1985,1358,2.32760687331776,0.151361708689893,4.50385203794562,0.0382119815348489,0.36300927827085,0.464651876186689,-0.596924499257593,-2.07653265398832,0.882683655473131,1.73068237406016,-0.36338664748712,3.82475139560745,"More positive / less negative toxicant–LE8_no_PA association in lifestyle-risk group"
"DMP_ln_U","PhysicalActivity","LE8_no_PA","Continuous","Continuous, per 1 SD",1040,640,400,-2.16812637906736,-4.22658043515611,-0.109672322978599,0.0389808620961987,0.36300927827085,0.464651876186689,1.96506105576638,0.969916478879004,2.96020563265376,-0.203065323300973,-2.08496470271058,1.67883405610863,"More negative / less positive toxicant–LE8_no_PA association in lifestyle-risk group"
"ATCA_ln_U","PhysicalActivity","LE8_no_PA","Continuous","Continuous, per 1 SD",2197,1321,876,1.73716116029604,0.0226356168551196,3.45168670373696,0.0475227651781355,0.408821588851686,0.529982234921422,-0.600100932509981,-1.76360405223441,0.56340218721445,1.13706022778606,-0.291707753556995,2.56582820912911,"More positive / less negative toxicant–LE8_no_PA association in lifestyle-risk group"
"X4_MDA_binary_U","PhysicalActivity","LE8_no_PA","Binary","Binary 0/1",1029,601,428,-2.82323003942905,-5.65809120892557,0.0116311300674665,0.050947410861005,0.408821588851686,0.529982234921422,0.467953287021464,-1.68856466645711,2.62447124050004,-2.35527675240759,-4.58247006628357,-0.128083438531609,"More negative / less positive toxicant–LE8_no_PA association in lifestyle-risk group"
"IPM1_Cys_ln_U","PhysicalActivity","LE8_no_PA","Continuous","Continuous, per 1 SD",1072,615,457,-2.60192360114665,-5.22785434038477,0.0240071380914757,0.0521316120012218,0.408821588851686,0.529982234921422,-2.56830630612926,-4.10083323527054,-1.03577937698797,-5.1702299072759,-6.88327701834863,-3.45718279620318,"More negative / less positive toxicant–LE8_no_PA association in lifestyle-risk group"
"DHB_Cys_ln_U","PhysicalActivity","LE8_no_PA","Continuous","Continuous, per 1 SD",2138,1285,853,1.60685611076911,-0.0410401047760018,3.25475232631423,0.0550120659409684,0.409839891260215,0.529982234921422,-1.3531061956375,-2.54738363801508,-0.158828753259916,0.253749915131616,-1.29611888370601,1.80361871396924,"More positive / less negative toxicant–LE8_no_PA association in lifestyle-risk group"
"MINP_binary_U","PhysicalActivity","LE8_no_PA","Binary","Binary 0/1",2213,1314,899,3.06304073021927,-0.209017672748781,6.33509913318732,0.0638227531086115,0.452837629199196,0.558287001933687,0.107285036140334,-1.86306763721241,2.07763770949308,3.1703257663596,0.402336864596847,5.93831466812235,"More positive / less negative toxicant–LE8_no_PA association in lifestyle-risk group"
"X25_DCP_ln_U","PhysicalActivity","LE8_no_PA","Continuous","Continuous, per 1 SD",2212,1313,899,1.43343675190707,-0.311277027824876,3.17815053163901,0.0979483675361926,0.626070743510068,0.62589063985396,-0.531669874189079,-1.77791801644493,0.71457826806677,0.901766877717988,-0.369960307826198,2.17349406326217,"More positive / less negative toxicant–LE8_no_PA association in lifestyle-risk group"
"Mn_ln_S","PhysicalActivity","LE8_no_PA","Continuous","Continuous, per 1 SD",3437,2047,1390,-0.799935468273388,-1.78527483266945,0.185403896122671,0.10151827867134,0.626070743510068,0.62589063985396,-0.227699823169303,-0.809838626217303,0.354438979878698,-1.02763529144269,-2.09114429445469,0.0358737115693037,"More negative / less positive toxicant–LE8_no_PA association in lifestyle-risk group"
"Pb_ln_S","PhysicalActivity","LE8_no_PA","Continuous","Continuous, per 1 SD",3437,2047,1390,1.08450351112146,-0.266391500015105,2.43539852225804,0.10493055589247,0.626070743510068,0.62589063985396,-0.0141392137105155,-0.915855081912781,0.88757665449175,1.07036429741095,-0.368040147735199,2.5087687425571,"More positive / less negative toxicant–LE8_no_PA association in lifestyle-risk group"
"n_PFOA_ln_S","PhysicalActivity","LE8_no_PA","Continuous","Continuous, per 1 SD",1045,635,410,-1.37733470656167,-3.10548791672199,0.350818503598654,0.118267391937463,0.626070743510068,0.633958646193645,1.64981924482187,0.369843821199427,2.9297946684443,0.272484538260196,-1.51202213766126,2.05699121418165,"More negative / less positive toxicant–LE8_no_PA association in lifestyle-risk group"
"DMDTP_binary_U","PhysicalActivity","LE8_no_PA","Binary","Binary 0/1",1040,640,400,-2.92349012763519,-6.61384588911029,0.766865633839906,0.120500005858074,0.626070743510068,0.633958646193645,1.87443241602844,0.144392643707432,3.60447218834945,-1.04905771160675,-4.12150362406187,2.02338820084837,"More negative / less positive toxicant–LE8_no_PA association in lifestyle-risk group"
"Sm_PFOS_ln_S","PhysicalActivity","LE8_no_PA","Continuous","Continuous, per 1 SD",1045,635,410,1.28692517016542,-0.3508786580461,2.92472899837695,0.123544118510151,0.626070743510068,0.633958646193645,0.697073422150099,-0.890886332184131,2.28503317648433,1.98399859231552,0.483091070468869,3.48490611416218,"More positive / less negative toxicant–LE8_no_PA association in lifestyle-risk group"
"Perchlorate_ln_U","PhysicalActivity","LE8_no_PA","Continuous","Continuous, per 1 SD",2254,1357,897,-1.31217687593448,-3.07340449098974,0.449050739120772,0.129300637092749,0.626070743510068,0.633958646193645,2.60283762853655,1.5424463527692,3.6632289043039,1.29066075260207,-0.286365410389773,2.86768691559392,"More negative / less positive toxicant–LE8_no_PA association in lifestyle-risk group"
"Furan_binary_S","PhysicalActivity","LE8_no_PA","Binary","Binary 0/1",3375,2004,1371,-2.1888973789576,-5.15564301651196,0.777848258596756,0.132678145433211,0.626070743510068,0.637711086114468,-11.201927292952,-13.3510424848489,-9.05281210105501,-13.3908246719096,-16.0158062043639,-10.7658431394552,"More negative / less positive toxicant–LE8_no_PA association in lifestyle-risk group"
"Tl_ln_U","PhysicalActivity","LE8_no_PA","Continuous","Continuous, per 1 SD",2266,1362,904,-1.19899939520988,-2.83705839954132,0.439059609121568,0.135468669896587,0.626070743510068,0.642239068647711,2.35660721957284,1.13771835576883,3.57549608337684,1.15760782436296,0.246609927900567,2.06860572082536,"More negative / less positive toxicant–LE8_no_PA association in lifestyle-risk group"
"X24D_ln_U","PhysicalActivity","LE8_no_PA","Continuous","Continuous, per 1 SD",2265,1369,896,-1.18710506786994,-2.84533359495538,0.471123459215504,0.143408173414201,0.626070743510068,0.652452453090565,2.33641069037862,1.60390101819858,3.06892036255867,1.14930562250869,-0.301784008119637,2.60039525313701,"More negative / less positive toxicant–LE8_no_PA association in lifestyle-risk group"
"Hg_binary_U","PhysicalActivity","LE8_no_PA","Binary","Binary 0/1",2273,1364,909,2.48194499088396,-1.06700705183978,6.03089703360769,0.151999352842848,0.626070743510068,0.669456998147066,0.446988333035826,-0.874010734400386,1.76798740047204,2.92893332391978,-0.0600443634861851,5.91791101132575,"More positive / less negative toxicant–LE8_no_PA association in lifestyle-risk group"
"MDA_binary_U","PhysicalActivity","LE8_no_PA","Binary","Binary 0/1",1044,641,403,-4.75530270989486,-11.2665298569646,1.75592443717485,0.152313342509165,0.626070743510068,0.669456998147066,1.22743050377422,-2.02743013952047,4.48229114706891,-3.52787220612064,-8.40022195903044,1.34447754678916,"More negative / less positive toxicant–LE8_no_PA association in lifestyle-risk group"
"OXY_binary_U","PhysicalActivity","LE8_no_PA","Binary","Binary 0/1",2257,1364,893,2.10567577789738,-0.919888785015192,5.13124034080995,0.15381131259213,0.626070743510068,0.669456998147066,0.113984114476452,-2.49128981471513,2.71925804366804,2.21965989237383,-0.131232618404248,4.57055240315192,"More positive / less negative toxicant–LE8_no_PA association in lifestyle-risk group"
"X24_DCP_ln_U","PhysicalActivity","LE8_no_PA","Continuous","Continuous, per 1 SD",2212,1313,899,0.960697811042878,-0.420969854655729,2.34236547674148,0.154158031718796,0.626070743510068,0.669456998147066,0.499105707394457,-0.640877041807822,1.63908845659673,1.45980351843733,0.429663335827263,2.48994370104741,"More positive / less negative toxicant–LE8_no_PA association in lifestyle-risk group"
"PGA_ln_U","PhysicalActivity","LE8_no_PA","Continuous","Continuous, per 1 SD",2211,1333,878,1.11342236140853,-0.488964866801883,2.71580958961894,0.154409095766565,0.626070743510068,0.669456998147066,-1.43719839862205,-2.39003688337439,-0.484359913869711,-0.323776037213522,-1.67619489571442,1.02864282128737,"More positive / less negative toxicant–LE8_no_PA association in lifestyle-risk group"
"Mo_ln_U","PhysicalActivity","LE8_no_PA","Continuous","Continuous, per 1 SD",2265,1361,904,-1.07484309435674,-2.62607104059042,0.476384851876934,0.155467231609883,0.626070743510068,0.669456998147066,1.77180155808122,0.669454143177763,2.87414897298468,0.696958463724477,-0.512217789648433,1.90613471709739,"More negative / less positive toxicant–LE8_no_PA association in lifestyle-risk group"
"TCPY_ln_U","PhysicalActivity","LE8_no_PA","Continuous","Continuous, per 1 SD",2243,1357,886,-1.11376856230166,-2.75408700219437,0.526549877591048,0.163178363055853,0.639830949876896,0.669456998147066,1.76392489282575,0.820224025937493,2.707625759714,0.650156330524086,-0.543999721127223,1.84431238217539,"More negative / less positive toxicant–LE8_no_PA association in lifestyle-risk group"
"m_p_Xylene_binary_S","PhysicalActivity","LE8_no_PA","Binary","Binary 0/1",3358,1995,1363,1.61182895039451,-0.838603090467702,4.06226099125672,0.175581522791357,0.655349610660338,0.669456998147066,-2.82363990848182,-4.46499620894996,-1.18228360801368,-1.21181095808731,-3.77659546980329,1.35297355362866,"More positive / less negative toxicant–LE8_no_PA association in lifestyle-risk group"
"X1_PH_ln_U","PhysicalActivity","LE8_no_PA","Continuous","Continuous, per 1 SD",2260,1358,902,-1.23025888042595,-3.10225415636407,0.641736395512156,0.175932781385326,0.655349610660338,0.669456998147066,-0.998459752949108,-2.1595511882268,0.162631682328584,-2.22871863337506,-3.38515679158021,-1.07228047516991,"More negative / less positive toxicant–LE8_no_PA association in lifestyle-risk group"
"A_a_C_binary_U","PhysicalActivity","LE8_no_PA","Binary","Binary 0/1",1162,733,429,3.53379533206673,-1.74122633459699,8.80881699873045,0.18918242875418,0.678644646043185,0.675491610430536,-6.38234529829314,-8.48481250744113,-4.27987808914515,-2.84854996622641,-6.95152812806552,1.2544281956127,"More positive / less negative toxicant–LE8_no_PA association in lifestyle-risk group"
"W_ln_U","PhysicalActivity","LE8_no_PA","Continuous","Continuous, per 1 SD",2265,1361,904,-1.17191081336062,-3.02431185364507,0.680490226923826,0.191295806267207,0.678644646043185,0.675491610430536,0.378606365587426,-0.666002734143627,1.42321546531848,-0.793304447773198,-2.06055984656062,0.473950951014221,"More negative / less positive toxicant–LE8_no_PA association in lifestyle-risk group"
"Harman_ln_U","PhysicalActivity","LE8_no_PA","Continuous","Continuous, per 1 SD",1163,734,429,1.22948360045228,-0.654767751919946,3.11373495282451,0.200937034871263,0.696270190600422,0.700341946101009,-0.131301413797975,-0.784067449797921,0.52146462220197,1.09818218665431,-0.806483928657321,3.00284830196593,"More positive / less negative toxicant–LE8_no_PA association in lifestyle-risk group"
"BuP_binary_U","PhysicalActivity","LE8_no_PA","Binary","Binary 0/1",2214,1315,899,-2.16059444023557,-5.7943307186012,1.47314183813007,0.217321072873092,0.721737787678314,0.709857390100895,1.98049895950862,-0.64158165224301,4.60257957126026,-0.180095480726943,-3.06353586079017,2.70334489933628,"More negative / less positive toxicant–LE8_no_PA association in lifestyle-risk group"
"U_ln_U","PhysicalActivity","LE8_no_PA","Continuous","Continuous, per 1 SD",2266,1362,904,0.784250040895292,-0.56912113896154,2.13762122075212,0.228436295099209,0.721737787678314,0.717045429584856,-1.08474326483307,-1.98602097139928,-0.18346555826686,-0.300493223937779,-1.41410216810077,0.813115720225214,"More positive / less negative toxicant–LE8_no_PA association in lifestyle-risk group"
"n_PFOS_ln_S","PhysicalActivity","LE8_no_PA","Continuous","Continuous, per 1 SD",1045,635,410,1.19426146940372,-0.752385723349601,3.14090866215705,0.229196477617615,0.721737787678314,0.717045429584856,1.05877475206662,-0.522611413318228,2.64016091745147,2.25303622147035,0.878383858676149,3.62768858426454,"More positive / less negative toxicant–LE8_no_PA association in lifestyle-risk group"
"MeA_a_C_binary_U","PhysicalActivity","LE8_no_PA","Binary","Binary 0/1",1162,734,428,2.66567230294702,-1.69311223908778,7.02445684498183,0.230667225327109,0.721737787678314,0.717045429584856,-9.50684033993883,-11.8765135242789,-7.1371671555988,-6.84116803699181,-10.9422203165041,-2.74011575747949,"More positive / less negative toxicant–LE8_no_PA association in lifestyle-risk group"
"As_III_binary_U","PhysicalActivity","LE8_no_PA","Binary","Binary 0/1",2272,1364,908,1.9834755807019,-1.50853265645898,5.47548381786279,0.237179806757347,0.721737787678314,0.717045429584856,1.71132110110849,-0.285162773566743,3.70780497578373,3.69479668181039,0.565302853899031,6.82429050972176,"More positive / less negative toxicant–LE8_no_PA association in lifestyle-risk group"
"NPMA_ln_U","PhysicalActivity","LE8_no_PA","Continuous","Continuous, per 1 SD",2224,1347,877,-0.9797158714894,-2.7052229842914,0.745791241312601,0.237350010713003,0.721737787678314,0.717045429584856,1.19668170157869,0.310519810417426,2.08284359273995,0.216965830089288,-1.22349152949223,1.65742318967081,"More negative / less positive toxicant–LE8_no_PA association in lifestyle-risk group"
"Chloroform_binary_S","PhysicalActivity","LE8_no_PA","Binary","Binary 0/1",3280,1944,1336,-1.25284717031211,-3.65315931118464,1.14746497056042,0.275002754458577,0.791514137119995,0.765743909399809,0.994145124491481,-0.369629721403349,2.35791997038631,-0.258702045820632,-2.31194643603628,1.79454234439502,"More negative / less positive toxicant–LE8_no_PA association in lifestyle-risk group"
"DEP_ln_U","PhysicalActivity","LE8_no_PA","Continuous","Continuous, per 1 SD",1046,644,402,-1.25666711630933,-3.51324451756712,0.999910284948449,0.275059157639849,0.791514137119995,0.765743909399809,1.74712781754664,0.257423570121851,3.23683206497142,0.490460701237302,-1.39598637604634,2.37690777852094,"More negative / less positive toxicant–LE8_no_PA association in lifestyle-risk group"
"X2_HPMA_ln_U","PhysicalActivity","LE8_no_PA","Continuous","Continuous, per 1 SD",2230,1343,887,-1.00265965522195,-2.92885190316501,0.923532592721105,0.276233121679461,0.791514137119995,0.765743909399809,0.176355906684793,-0.84253400914435,1.19524582251394,-0.826303748537161,-2.31666792447445,0.664060427400127,"More negative / less positive toxicant–LE8_no_PA association in lifestyle-risk group"
"X1_PY_ln_U","PhysicalActivity","LE8_no_PA","Continuous","Continuous, per 1 SD",2259,1358,901,-1.0362442245348,-3.14327806742195,1.07078961835236,0.302210631738304,0.833616069729322,0.785123573184402,-0.516428481341509,-1.93051967472935,0.897662712046335,-1.55267270587631,-3.00935655072115,-0.0959888610314581,"More negative / less positive toxicant–LE8_no_PA association in lifestyle-risk group"
"MHBP_ln_U","PhysicalActivity","LE8_no_PA","Continuous","Continuous, per 1 SD",2131,1255,876,-0.694810149239944,-2.11826148181643,0.728641183336543,0.305672900553147,0.833616069729322,0.785123573184402,1.69663805644404,0.617682698997711,2.77559341389037,1.00182790720409,-0.00413229464261566,2.0077881090508,"More negative / less positive toxicant–LE8_no_PA association in lifestyle-risk group"
"MEHHP_ln_U","PhysicalActivity","LE8_no_PA","Continuous","Continuous, per 1 SD",2212,1313,899,-0.760278442196483,-2.3247597195553,0.804202835162336,0.307710629765857,0.833616069729322,0.785123573184402,-0.416882726625494,-1.41996017673367,0.586194723482681,-1.17716116882198,-2.32645342482796,-0.0278689128159986,"More negative / less positive toxicant–LE8_no_PA association in lifestyle-risk group"
"MCPP_ln_U","PhysicalActivity","LE8_no_PA","Continuous","Continuous, per 1 SD",2212,1313,899,0.636383140186251,-0.736075090895018,2.00884137126752,0.32938614871521,0.844071065541125,0.785315449316656,0.131967775365796,-0.820476007378853,1.08441155811044,0.768350915552047,-0.306179484164814,1.84288131526891,"More positive / less negative toxicant–LE8_no_PA association in lifestyle-risk group"
"PFNA_ln_S","PhysicalActivity","LE8_no_PA","Continuous","Continuous, per 1 SD",2211,1301,910,0.726914027849557,-0.862586661386055,2.31641471708517,0.335775210592189,0.844071065541125,0.785315449316656,0.097980169880329,-1.16156055888067,1.35752089864132,0.824894197729886,-0.579893298579727,2.2296816940395,"More positive / less negative toxicant–LE8_no_PA association in lifestyle-risk group"
"Cs_ln_U","PhysicalActivity","LE8_no_PA","Continuous","Continuous, per 1 SD",2266,1362,904,0.624325488403707,-0.74109679645136,1.98974777325877,0.335858585847751,0.844071065541125,0.785315449316656,1.54187374757955,0.309377887553215,2.77436960760589,2.16619923598326,0.892198415493758,3.44020005647276,"More positive / less negative toxicant–LE8_no_PA association in lifestyle-risk group"
"Benzene_binary_S","PhysicalActivity","LE8_no_PA","Binary","Binary 0/1",3280,1951,1329,-1.35131928322317,-4.31230116413564,1.60966259768929,0.336734276488945,0.844071065541125,0.785315449316656,-5.22830018061676,-7.73053981039492,-2.7260605508386,-6.57961946383993,-8.63373255088878,-4.52550637679109,"More negative / less positive toxicant–LE8_no_PA association in lifestyle-risk group"
"PFHxA_binary_U","PhysicalActivity","LE8_no_PA","Binary","Binary 0/1",1094,615,479,-2.5600589595866,-7.87810811019731,2.75799019102411,0.345420986742112,0.844071065541125,0.791811184993457,2.16317286088116,-1.83839739589241,6.16474311765474,-0.396886098705437,-3.56355346313647,2.7697812657256,"More negative / less positive toxicant–LE8_no_PA association in lifestyle-risk group"
"MEOHP_ln_U","PhysicalActivity","LE8_no_PA","Continuous","Continuous, per 1 SD",2212,1313,899,-0.723991605715866,-2.40974326786025,0.961760056428518,0.364820899071978,0.844071065541125,0.811318118831713,-0.284089229089869,-1.29379559978676,0.725617141607019,-1.00808083480573,-2.29579319914366,0.279631529532196,"More negative / less positive toxicant–LE8_no_PA association in lifestyle-risk group"
"X2_NP_ln_U","PhysicalActivity","LE8_no_PA","Continuous","Continuous, per 1 SD",2222,1337,885,-0.769759052295808,-2.58800958566427,1.04849148107265,0.371444864747875,0.844071065541125,0.822978213344734,-3.40363220254912,-4.48812377355697,-2.31914063154126,-4.17339125484492,-5.61057091309736,-2.73621159659249,"More negative / less positive toxicant–LE8_no_PA association in lifestyle-risk group"
"CEMA_CEM_ln_U","PhysicalActivity","LE8_no_PA","Continuous","Continuous, per 1 SD",2240,1348,892,0.722895226406532,-1.01316919412112,2.45895964693418,0.379065809329043,0.844071065541125,0.833665027159075,-3.1767601924177,-4.04529606283469,-2.3082243220007,-2.45386496601117,-4.00774483069245,-0.89998510132988,"More positive / less negative toxicant–LE8_no_PA association in lifestyle-risk group"
"X3_HPMA_ln_U","PhysicalActivity","LE8_no_PA","Continuous","Continuous, per 1 SD",2170,1311,859,0.744959444070614,-1.05542170240336,2.54534059054459,0.381966076959693,0.844071065541125,0.83388931087171,-2.78080946414121,-3.80357302312946,-1.75804590515297,-2.0358500200706,-3.48124168744721,-0.590458352693983,"More positive / less negative toxicant–LE8_no_PA association in lifestyle-risk group"
"AsB_binary_U","PhysicalActivity","LE8_no_PA","Binary","Binary 0/1",2272,1364,908,-0.939485172895915,-3.2230823645724,1.34411201878057,0.384606097292417,0.844071065541125,0.836588445205402,2.15529529842189,0.470710005839518,3.83988059100427,1.21581012552598,-0.880414780465639,3.31203503151759,"More negative / less positive toxicant–LE8_no_PA association in lifestyle-risk group"
"BDCPP_ln_U","PhysicalActivity","LE8_no_PA","Continuous","Continuous, per 1 SD",2042,1227,815,-0.755315713338313,-2.60129531949171,1.09066389281509,0.387107491250607,0.844071065541125,0.838967508310406,0.45214812648727,-0.618802245740702,1.52309849871524,-0.303167586851043,-1.81838495070361,1.21204977700152,"More negative / less positive toxicant–LE8_no_PA association in lifestyle-risk group"
"X5OHIMI_binary_U","PhysicalActivity","LE8_no_PA","Binary","Binary 0/1",877,538,339,2.77539378565782,-3.56652115936318,9.11730873067883,0.391039727920777,0.844071065541125,0.841607795824456,0.661616806319485,-2.98149299084271,4.30472660348168,3.43701059197731,-0.930578113621755,7.80459929757637,"More positive / less negative toxicant–LE8_no_PA association in lifestyle-risk group"
"X4_ABP_ln_U","PhysicalActivity","LE8_no_PA","Continuous","Continuous, per 1 SD",1127,712,415,0.958223259697881,-1.28075475899289,3.19720127838865,0.401574452667502,0.844071065541125,0.844182840117226,-2.6478809239833,-3.92321118254833,-1.37255066541827,-1.68965766428542,-3.42886043081469,0.04954510224385,"More positive / less negative toxicant–LE8_no_PA association in lifestyle-risk group"
"X23_OH_PH_ln_U","PhysicalActivity","LE8_no_PA","Continuous","Continuous, per 1 SD",2260,1358,902,-0.659538696188205,-2.32373997040149,1.00466257802508,0.401699130369891,0.844071065541125,0.844182840117226,-1.95795876499499,-3.01643570879313,-0.899481821196838,-2.61749746118319,-3.83692022890698,-1.3980746934594,"More negative / less positive toxicant–LE8_no_PA association in lifestyle-risk group"
"X25_DMF_binary_S","PhysicalActivity","LE8_no_PA","Binary","Binary 0/1",3370,2003,1367,-1.00937783232684,-3.60624785247199,1.58749218781831,0.410521066387086,0.844071065541125,0.844707410970928,-11.9242628644175,-14.0566873075945,-9.79183842124049,-12.9336406967443,-15.4044987599259,-10.4627826335627,"More negative / less positive toxicant–LE8_no_PA association in lifestyle-risk group"
"X4FPBA_binary_U","PhysicalActivity","LE8_no_PA","Binary","Binary 0/1",2266,1371,895,1.92742951738326,-3.25907391490633,7.11393294967285,0.430753526276222,0.844071065541125,0.846785120414247,-2.90023367084107,-5.92892949242874,0.128462150746606,-0.972804153457806,-5.44418641018886,3.49857810327325,"More positive / less negative toxicant–LE8_no_PA association in lifestyle-risk group"
"IPPPP_binary_U","PhysicalActivity","LE8_no_PA","Binary","Binary 0/1",932,576,356,-2.1324658469989,-7.43781739467224,3.17288570067443,0.430813666985204,0.844071065541125,0.846785120414247,-2.9230892927902,-5.52050657683002,-0.325672008750373,-5.0555551397891,-9.33703935164026,-0.774070927937946,"More negative / less positive toxicant–LE8_no_PA association in lifestyle-risk group"
"Sb_ln_U","PhysicalActivity","LE8_no_PA","Continuous","Continuous, per 1 SD",2266,1362,904,0.495099541109364,-0.853131689409414,1.84333077162814,0.436078493727171,0.844071065541125,0.846785120414247,-0.138779804849153,-0.866848757822755,0.58928914812445,0.356319736260211,-0.885988379126502,1.59862785164692,"More positive / less negative toxicant–LE8_no_PA association in lifestyle-risk group"
"PFHS_ln_S","PhysicalActivity","LE8_no_PA","Continuous","Continuous, per 1 SD",2211,1301,910,0.512476552994166,-0.888160507950937,1.91311361393927,0.437699721255908,0.844071065541125,0.846785120414247,0.531225687352341,-0.507360208717552,1.56981158342223,1.04370224034651,-0.434291539239761,2.52169601993277,"More positive / less negative toxicant–LE8_no_PA association in lifestyle-risk group"
"MCNP_ln_U","PhysicalActivity","LE8_no_PA","Continuous","Continuous, per 1 SD",2212,1313,899,-0.602128798691983,-2.25640955218599,1.05215195480202,0.440024045975477,0.844071065541125,0.846785120414247,0.449937091313867,-0.638524201544637,1.53839838417237,-0.152191707378116,-1.42135622008611,1.11697280532988,"More negative / less positive toxicant–LE8_no_PA association in lifestyle-risk group"
"MiBP_ln_U","PhysicalActivity","LE8_no_PA","Continuous","Continuous, per 1 SD",2212,1313,899,-0.611919288175123,-2.29437316155264,1.0705345852024,0.440361057579347,0.844071065541125,0.846785120414247,-0.262001615698283,-1.30538499624283,0.781381764846268,-0.873920903873406,-2.1762578100129,0.428416002266086,"More negative / less positive toxicant–LE8_no_PA association in lifestyle-risk group"
"DCVDMPCA_binary_U","PhysicalActivity","LE8_no_PA","Binary","Binary 0/1",2235,1349,886,1.3269775633444,-2.32517072959958,4.97912585628838,0.440807057504343,0.844071065541125,0.846785120414247,0.753108471271225,-1.20886096253014,2.71507790507259,2.08008603461563,-0.986768438830766,5.14694050806202,"More positive / less negative toxicant–LE8_no_PA association in lifestyle-risk group"
"PPDA_binary_U","PhysicalActivity","LE8_no_PA","Binary","Binary 0/1",945,552,393,3.18923026593301,-4.93867275358843,11.3171332854544,0.441862705451059,0.844071065541125,0.846785120414247,-4.92149342058333,-8.0461542218138,-1.79683261935286,-1.73226315465033,-8.54019552913003,5.07566921982938,"More positive / less negative toxicant–LE8_no_PA association in lifestyle-risk group"
"PFHpA_binary_S","PhysicalActivity","LE8_no_PA","Binary","Binary 0/1",1166,666,500,-3.06996665429472,-11.6991262192932,5.55919291070373,0.485621513262992,0.913451497271068,0.877061884559829,-1.1975062378826,-5.36481135688151,2.9697988811163,-4.26747289217733,-10.1874660034601,1.65252021910549,"More negative / less positive toxicant–LE8_no_PA association in lifestyle-risk group"
"CEMA_CYM_ln_U","PhysicalActivity","LE8_no_PA","Continuous","Continuous, per 1 SD",2227,1338,889,-0.437617410627038,-1.7877141004895,0.912479279235423,0.490443756924063,0.913451497271068,0.880962472296322,-3.92889682605149,-4.7885976729727,-3.06919597913028,-4.36651423667853,-5.45599144639588,-3.27703702696118,"More negative / less positive toxicant–LE8_no_PA association in lifestyle-risk group"
"DETP_binary_U","PhysicalActivity","LE8_no_PA","Binary","Binary 0/1",1043,641,402,1.1502984111728,-2.23282911439197,4.53342593673757,0.505150310907898,0.929227115126874,0.889962399275514,2.91577889819738,0.639469554125241,5.19208824226952,4.06607730937018,0.710091152201222,7.42206346653914,"More positive / less negative toxicant–LE8_no_PA association in lifestyle-risk group"
"CEMA_AAM_ln_U","PhysicalActivity","LE8_no_PA","Continuous","Continuous, per 1 SD",2190,1317,873,0.509190798180856,-1.14560879900761,2.16399039536932,0.512236047046513,0.930770378169884,0.889962399275514,-1.53702577036083,-2.71126516686273,-0.362786373858925,-1.02783497217997,-2.4845832555252,0.428913311165253,"More positive / less negative toxicant–LE8_no_PA association in lifestyle-risk group"
"Sn_ln_U","PhysicalActivity","LE8_no_PA","Continuous","Continuous, per 1 SD",2265,1361,904,0.380206949840753,-0.945795313596239,1.70620921327774,0.540871433811748,0.959460945167329,0.897537713320973,-0.814943229749747,-1.76624885646001,0.136362396960518,-0.434736279908994,-1.37431964747512,0.504847087657128,"More positive / less negative toxicant–LE8_no_PA association in lifestyle-risk group"
"MnBP_ln_U","PhysicalActivity","LE8_no_PA","Continuous","Continuous, per 1 SD",2212,1313,899,-0.433528444738438,-1.97793040589514,1.11087351641827,0.549259742977916,0.959460945167329,0.897537713320973,-0.491954842747262,-1.53140811729428,0.547498431799753,-0.9254832874857,-1.98388099367381,0.132914418702413,"More negative / less positive toxicant–LE8_no_PA association in lifestyle-risk group"
"Ba_ln_U","PhysicalActivity","LE8_no_PA","Continuous","Continuous, per 1 SD",2266,1362,904,0.493101019317167,-1.27211173680791,2.25831377544224,0.551172488381672,0.959460945167329,0.897537713320973,0.209689061043594,-0.867819747350696,1.28719786943788,0.702790080360761,-0.637848999610012,2.04342916033153,"More positive / less negative toxicant–LE8_no_PA association in lifestyle-risk group"
"o_Xylene_binary_S","PhysicalActivity","LE8_no_PA","Binary","Binary 0/1",3365,1995,1370,0.646217193862793,-1.68730140457852,2.97973579230411,0.554564047651992,0.959460945167329,0.898477112475642,-5.08664992758217,-7.08905186986325,-3.08424798530109,-4.44043273371937,-6.89146545555641,-1.98940001188233,"More positive / less negative toxicant–LE8_no_PA association in lifestyle-risk group"
"IPM3_Cys_ln_U","PhysicalActivity","LE8_no_PA","Continuous","Continuous, per 1 SD",1072,615,457,-0.546681842917466,-2.38609038226715,1.29272669643222,0.560222162614481,0.959460945167329,0.904857476743172,-3.76245289118729,-4.56953286711339,-2.95537291526119,-4.30913473410475,-5.96028724159505,-2.65798222661446,"More negative / less positive toxicant–LE8_no_PA association in lifestyle-risk group"
"GAM_Cys_binary_U","PhysicalActivity","LE8_no_PA","Binary","Binary 0/1",2253,1357,896,-0.920863067601342,-4.53992976742914,2.69820363222645,0.586679022430518,0.971036797803174,0.914291111896112,-5.49905724316092,-7.24616529556346,-3.75194919075837,-6.41992031076226,-9.45029352552624,-3.38954709599828,"More negative / less positive toxicant–LE8_no_PA association in lifestyle-risk group"
"X26_DMA_binary_U","PhysicalActivity","LE8_no_PA","Binary","Binary 0/1",1063,671,392,-0.892140576943646,-4.11631734366934,2.33203618978205,0.587592129394144,0.971036797803174,0.914291111896112,-3.47697162841172,-5.72582358447632,-1.22811967234713,-4.36911220535537,-7.55429210132594,-1.1839323093848,"More negative / less positive toxicant–LE8_no_PA association in lifestyle-risk group"
"MBzP_ln_U","PhysicalActivity","LE8_no_PA","Continuous","Continuous, per 1 SD",2212,1313,899,0.403091517031256,-1.19556483943013,2.00174787349264,0.590025011845512,0.971036797803174,0.914291111896112,-1.65042840802751,-2.41497613923759,-0.885880676817429,-1.24733689099625,-2.50115337036374,0.00647958837123741,"More positive / less negative toxicant–LE8_no_PA association in lifestyle-risk group"
"X2_FL_ln_U","PhysicalActivity","LE8_no_PA","Continuous","Continuous, per 1 SD",2259,1357,902,-0.424382827110863,-2.12167657303831,1.27291091881658,0.593096887034839,0.971036797803174,0.914291111896112,-3.90108731347036,-4.90494509063096,-2.89722953630976,-4.32547014058122,-5.50154353639783,-3.14939674476462,"More negative / less positive toxicant–LE8_no_PA association in lifestyle-risk group"
"PMM_Cys_ln_U","PhysicalActivity","LE8_no_PA","Continuous","Continuous, per 1 SD",2229,1342,887,-0.403356913053165,-2.1488082336934,1.34209440758707,0.621060133171427,0.971036797803174,0.919606200836113,-2.74259159515447,-3.71675532973222,-1.76842786057671,-3.14594850820763,-4.44938948295408,-1.84250753346118,"More negative / less positive toxicant–LE8_no_PA association in lifestyle-risk group"
"X1_AN_ln_U","PhysicalActivity","LE8_no_PA","Continuous","Continuous, per 1 SD",1110,698,412,0.538677475706486,-1.65435584373684,2.73171079514981,0.63021207899353,0.971036797803174,0.926488854538955,-3.32539294701951,-4.18472665823968,-2.46605923579934,-2.78671547131302,-4.65267967094855,-0.920751271677497,"More positive / less negative toxicant–LE8_no_PA association in lifestyle-risk group"
"Cd_ln_U","PhysicalActivity","LE8_no_PA","Continuous","Continuous, per 1 SD",2266,1362,904,0.359138070552384,-1.26876003847993,1.9870361795847,0.636799566793005,0.971036797803174,0.926488854538955,-1.79705798670294,-2.93869467415247,-0.655421299253415,-1.43791991615056,-3.21532384076724,0.339484008466118,"More positive / less negative toxicant–LE8_no_PA association in lifestyle-risk group"
"PhIP_binary_U","PhysicalActivity","LE8_no_PA","Binary","Binary 0/1",1163,733,430,1.17310341339884,-3.83354785303467,6.17975467983234,0.646063849380558,0.971036797803174,0.926488854538955,-0.142992697585973,-2.11523952962545,1.8292541344535,1.03011071581286,-3.05958363172469,5.11980506335042,"More positive / less negative toxicant–LE8_no_PA association in lifestyle-risk group"
"X34_MHA_ln_U","PhysicalActivity","LE8_no_PA","Continuous","Continuous, per 1 SD",2248,1355,893,0.385395556801779,-1.42137522735607,2.19216634095963,0.64789253636286,0.971036797803174,0.926488854538955,-1.74807612712436,-2.98701430602448,-0.509137948224241,-1.36268057032258,-2.96806413856144,0.242702997916275,"More positive / less negative toxicant–LE8_no_PA association in lifestyle-risk group"
"Sr_ln_U","PhysicalActivity","LE8_no_PA","Continuous","Continuous, per 1 SD",2266,1362,904,0.332664021915589,-1.26283683210499,1.92816487593616,0.65523494702207,0.971036797803174,0.926488854538955,1.12542478666607,0.0635041262095646,2.18734544712258,1.45808880858166,0.238406604076835,2.67777101308649,"More positive / less negative toxicant–LE8_no_PA association in lifestyle-risk group"
"PFBA_binary_U","PhysicalActivity","LE8_no_PA","Binary","Binary 0/1",1094,615,479,-0.780367503541577,-4.23470987413772,2.67397486705457,0.657929376037208,0.971036797803174,0.926488854538955,2.61661904542233,0.194099817951116,5.03913827289355,1.83625154188076,-0.822960140142466,4.49546322390398,"More negative / less positive toxicant–LE8_no_PA association in lifestyle-risk group"
"o_TLD_ln_U","PhysicalActivity","LE8_no_PA","Continuous","Continuous, per 1 SD",1087,681,406,-0.501928587646729,-2.74924239825142,1.74538522295796,0.661567412087005,0.971036797803174,0.926488854538955,-0.204230856455851,-1.64661411629637,1.23815240338466,-0.70615944410258,-2.36947410475969,0.957155216554534,"More negative / less positive toxicant–LE8_no_PA association in lifestyle-risk group"
"TBPPP_binary_U","PhysicalActivity","LE8_no_PA","Binary","Binary 0/1",934,576,358,1.26164783668327,-4.41931394098749,6.94260961435403,0.663362358465539,0.971036797803174,0.926488854538955,-0.573217508528768,-4.78471459049928,3.63827957344175,0.688430328154499,-2.48122985465141,3.85809051096041,"More positive / less negative toxicant–LE8_no_PA association in lifestyle-risk group"
"X2_MHA_ln_U","PhysicalActivity","LE8_no_PA","Continuous","Continuous, per 1 SD",2124,1270,854,0.340767985043395,-1.37300777217498,2.05454374226177,0.670112621228247,0.971036797803174,0.926488854538955,-1.06121924536836,-2.25201634554473,0.129577854808004,-0.720451260324967,-2.14063750059842,0.699734979948489,"More positive / less negative toxicant–LE8_no_PA association in lifestyle-risk group"
"HEMA_binary_U","PhysicalActivity","LE8_no_PA","Binary","Binary 0/1",2238,1348,890,0.683989548100768,-2.80691251281744,4.17489160901898,0.674616634185357,0.971036797803174,0.926488854538955,-4.3412581738389,-5.92563768918186,-2.75687865849594,-3.65726862573813,-6.2738656029984,-1.04067164847786,"More positive / less negative toxicant–LE8_no_PA association in lifestyle-risk group"
"MECPP_ln_U","PhysicalActivity","LE8_no_PA","Continuous","Continuous, per 1 SD",2212,1313,899,-0.351631908116808,-2.16002466489881,1.45676084866519,0.676932235119341,0.971036797803174,0.926488854538955,-0.204162878145694,-1.45779820048954,1.04947244419816,-0.555794786262501,-1.83770377961779,0.726114207092789,"More negative / less positive toxicant–LE8_no_PA association in lifestyle-risk group"
"Norharman_ln_U","PhysicalActivity","LE8_no_PA","Continuous","Continuous, per 1 SD",1149,725,424,0.47543876181948,-1.78935801891173,2.74023554255069,0.680745117388671,0.971036797803174,0.926488854538955,-0.630955331760563,-1.45540003883698,0.193489375315852,-0.155516569941083,-2.2227725813757,1.91173944149353,"More positive / less negative toxicant–LE8_no_PA association in lifestyle-risk group"
"Total_As_ln_U","PhysicalActivity","LE8_no_PA","Continuous","Continuous, per 1 SD",2266,1362,904,-0.215623338823342,-1.35212931243558,0.920882634788895,0.68428767630425,0.971036797803174,0.926488854538955,2.59518400028643,1.67668465245143,3.51368334812143,2.37956066146308,1.36746390493003,3.39165741799614,"More negative / less positive toxicant–LE8_no_PA association in lifestyle-risk group"
"THg_ln_S","PhysicalActivity","LE8_no_PA","Continuous","Continuous, per 1 SD",3437,2047,1390,0.231751313353095,-1.02063623213003,1.48413885883622,0.691610780312707,0.972169870439559,0.926488854538955,2.06473305333612,1.21749967738024,2.91196642929199,2.29648436668921,1.41564839241507,3.17732034096335,"More positive / less negative toxicant–LE8_no_PA association in lifestyle-risk group"
"IHg_binary_S","PhysicalActivity","LE8_no_PA","Binary","Binary 0/1",3437,2046,1391,0.44621196591312,-2.07957624053903,2.97200017236527,0.704821848122526,0.973236393690206,0.926488854538955,1.13383849006348,-0.58353877797083,2.85121575809779,1.5800504559766,-0.332054887003813,3.49215579895701,"More positive / less negative toxicant–LE8_no_PA association in lifestyle-risk group"
"BPF_binary_U","PhysicalActivity","LE8_no_PA","Binary","Binary 0/1",2213,1314,899,-0.551171160136664,-3.75383817047926,2.65149585020593,0.712057319141266,0.973236393690206,0.926488854538955,-1.19713955196535,-3.24648999076204,0.852210886831331,-1.74831071210202,-4.20053435726319,0.703912933059148,"More negative / less positive toxicant–LE8_no_PA association in lifestyle-risk group"
"HIBP_ln_U","PhysicalActivity","LE8_no_PA","Continuous","Continuous, per 1 SD",2131,1255,876,-0.269072574800327,-1.83459776403218,1.29645261443152,0.712412934790378,0.973236393690206,0.926488854538955,0.474481036325363,-0.432139591198075,1.3811016638488,0.205408461525036,-1.05598264686331,1.46679956991338,"More negative / less positive toxicant–LE8_no_PA association in lifestyle-risk group"
"MCOCH_binary_U","PhysicalActivity","LE8_no_PA","Binary","Binary 0/1",1039,642,397,-0.756612843962554,-4.97764102981893,3.46441534189382,0.725347883098534,0.973236393690206,0.931645094814556,-2.26029177015936,-5.09164377057471,0.571060230255988,-3.01690461412192,-7.12866277816052,1.09485354991669,"More negative / less positive toxicant–LE8_no_PA association in lifestyle-risk group"
"BCETP_ln_U","PhysicalActivity","LE8_no_PA","Continuous","Continuous, per 1 SD",2049,1228,821,0.220534547567988,-1.14558302671353,1.5866521218495,0.729077754074298,0.973236393690206,0.931645094814556,-0.17754607839215,-1.41145074232102,1.05635858553673,0.0429884691758382,-0.947589633870492,1.03356657222217,"More positive / less negative toxicant–LE8_no_PA association in lifestyle-risk group"
"Co_ln_U","PhysicalActivity","LE8_no_PA","Continuous","Continuous, per 1 SD",2266,1362,904,-0.283922451585,-2.05972446410623,1.49187956093623,0.731560242236934,0.973236393690206,0.931645094814556,1.21656452175865,0.207929883076076,2.22519916044121,0.932642070173645,-0.330624966145628,2.19590910649292,"More negative / less positive toxicant–LE8_no_PA association in lifestyle-risk group"
"EtP_binary_U","PhysicalActivity","LE8_no_PA","Binary","Binary 0/1",2214,1315,899,-0.424465389532726,-3.38807122208937,2.53914044302392,0.758480340855744,0.996248190450852,0.947792847378163,2.4142806368,0.392301950812925,4.43625932278708,1.98981524726728,-0.532994391875933,4.51262488641048,"More negative / less positive toxicant–LE8_no_PA association in lifestyle-risk group"
"BPS_ln_U","PhysicalActivity","LE8_no_PA","Continuous","Continuous, per 1 SD",2211,1312,899,-0.205480245939893,-1.67665509836772,1.26569460648794,0.764270580763622,0.996248190450852,0.948309851740819,-0.35652303544475,-1.38732671758984,0.67428064670034,-0.562003281384644,-1.70304054801142,0.57903398524213,"More negative / less positive toxicant–LE8_no_PA association in lifestyle-risk group"
"o_ANS_ln_U","PhysicalActivity","LE8_no_PA","Continuous","Continuous, per 1 SD",1056,674,382,-0.3430661346009,-2.76198651713631,2.07585424793451,0.781032224274325,0.996248190450852,0.956885338977553,0.767942874482074,-0.591116626263686,2.12700237522783,0.424876739881174,-1.64944465903417,2.49919813879652,"More negative / less positive toxicant–LE8_no_PA association in lifestyle-risk group"
"PHE_Cys_binary_U","PhysicalActivity","LE8_no_PA","Binary","Binary 0/1",2200,1319,881,-0.378237837187173,-3.57927921234902,2.82280353797467,0.799613191696014,0.996248190450852,0.968637118395984,-4.87464709276693,-6.37876595045893,-3.37052823507492,-5.2528849299541,-7.98870876769725,-2.51706109221096,"More negative / less positive toxicant–LE8_no_PA association in lifestyle-risk group"
"AsC_binary_U","PhysicalActivity","LE8_no_PA","Binary","Binary 0/1",2272,1364,908,0.432350531766824,-3.53225382831429,4.39695489184794,0.81472646267959,0.996248190450852,0.972739501409888,1.00611152289731,-1.88667038605007,3.8988934318447,1.43846205466414,-1.60353414710344,4.48045825643171,"More positive / less negative toxicant–LE8_no_PA association in lifestyle-risk group"
"BPA_ln_U","PhysicalActivity","LE8_no_PA","Continuous","Continuous, per 1 SD",2212,1313,899,-0.183383421792346,-1.96073063521154,1.59396379162685,0.824516299834329,0.996248190450852,0.972739501409888,-0.777176231743918,-1.94754334511472,0.393190881626881,-0.960559653536263,-2.04147102411168,0.120351717039158,"More negative / less positive toxicant–LE8_no_PA association in lifestyle-risk group"
"X3_FL_ln_U","PhysicalActivity","LE8_no_PA","Continuous","Continuous, per 1 SD",2256,1357,899,-0.159869579308488,-1.75106886540741,1.43132970679044,0.829038223981952,0.996248190450852,0.972739501409888,-3.32596258704763,-4.28708250141945,-2.36484267267582,-3.48583216635612,-4.54552139110111,-2.42614294161113,"More negative / less positive toxicant–LE8_no_PA association in lifestyle-risk group"
"Toluene_ln_S","PhysicalActivity","LE8_no_PA","Continuous","Continuous, per 1 SD",3306,1960,1346,-0.106458149928618,-1.21788100315049,1.00496470329325,0.836880509025371,0.996248190450852,0.972739501409888,-3.578735365283,-4.1707918309627,-2.98667889960331,-3.68519351521162,-4.86245183855636,-2.50793519186688,"More negative / less positive toxicant–LE8_no_PA association in lifestyle-risk group"
"BCPP_binary_U","PhysicalActivity","LE8_no_PA","Binary","Binary 0/1",2053,1232,821,-0.310800733540055,-3.63898594233003,3.01738447524992,0.84090627203915,0.996248190450852,0.972739501409888,-0.672461090949275,-2.85442504037269,1.50950285847414,-0.983261824489329,-3.1270754416259,1.16055179264725,"More negative / less positive toxicant–LE8_no_PA association in lifestyle-risk group"
"DBUP_binary_U","PhysicalActivity","LE8_no_PA","Binary","Binary 0/1",2051,1231,820,0.327240510564482,-3.22231830221926,3.87679932334823,0.842907609273222,0.996248190450852,0.972739501409888,-1.20840385127522,-3.45553078604567,1.03872308349523,-0.88116334071074,-3.53405591578684,1.77172923436536,"More positive / less negative toxicant–LE8_no_PA association in lifestyle-risk group"
"X3PBA_ln_U","PhysicalActivity","LE8_no_PA","Continuous","Continuous, per 1 SD",2245,1358,887,0.132421770681835,-1.31230296871344,1.57714651007711,0.843802554075356,0.996248190450852,0.972739501409888,0.947962171990973,0.0603218036699162,1.83560254031203,1.08038394267281,-0.14118273586895,2.30195062121457,"More positive / less negative toxicant–LE8_no_PA association in lifestyle-risk group"
"TCC_binary_U","PhysicalActivity","LE8_no_PA","Binary","Binary 0/1",2214,1315,899,0.299934434462464,-3.15268576866725,3.75255463759217,0.851850023210346,0.996248190450852,0.97514028889492,-1.0944195288371,-3.49593857391636,1.30709951624215,-0.794485094374641,-3.34114651853464,1.75217632978536,"More positive / less negative toxicant–LE8_no_PA association in lifestyle-risk group"
"EO_ln_S","PhysicalActivity","LE8_no_PA","Continuous","Continuous, per 1 SD",2243,1351,892,0.131860927699472,-1.38746735899529,1.65118921439423,0.85198899222414,0.996248190450852,0.97514028889492,-4.30320394450077,-5.04777455377954,-3.558633335222,-4.1713430168013,-5.24652485798164,-3.09616117562096,"More positive / less negative toxicant–LE8_no_PA association in lifestyle-risk group"
"MB3_Cys_ln_U","PhysicalActivity","LE8_no_PA","Continuous","Continuous, per 1 SD",2197,1320,877,-0.139810032604625,-1.87590953444447,1.59628946923522,0.862535342516886,0.996248190450852,0.979466590692554,-3.05893079060441,-3.89744126585097,-2.22042031535784,-3.19874082320903,-4.52382295239725,-1.87365869402082,"More negative / less positive toxicant–LE8_no_PA association in lifestyle-risk group"
"TTCA_binary_U","PhysicalActivity","LE8_no_PA","Binary","Binary 0/1",1180,742,438,0.391043274081019,-4.61602021840283,5.39810676656487,0.878343148416626,0.996248190450852,0.984465611407303,-1.84192173385979,-4.17080891370682,0.486965445987248,-1.45087845977877,-5.63850925201174,2.73675233245421,"More positive / less negative toxicant–LE8_no_PA association in lifestyle-risk group"
"PFUnDA_binary_S","PhysicalActivity","LE8_no_PA","Binary","Binary 0/1",2211,1301,910,-0.246419821075531,-3.7380242974455,3.24518465529444,0.879371418331392,0.996248190450852,0.984465611407303,3.68489989687808,1.30257733729221,6.06722245646395,3.43848007580255,0.526557836094464,6.35040231551064,"More negative / less positive toxicant–LE8_no_PA association in lifestyle-risk group"
"Thiocyanate_ln_U","PhysicalActivity","LE8_no_PA","Continuous","Continuous, per 1 SD",2249,1355,894,0.125453685167621,-1.73062062077294,1.98152799110818,0.884430116609781,0.996248190450852,0.984465611407303,-2.39798963631063,-3.23833312624985,-1.5576461463714,-2.272535951143,-3.85141777967435,-0.693654122611657,"More positive / less negative toxicant–LE8_no_PA association in lifestyle-risk group"
"X2_AN_ln_U","PhysicalActivity","LE8_no_PA","Continuous","Continuous, per 1 SD",1113,704,409,0.0916580941151375,-1.4074182234672,1.59073441169747,0.904611344118618,0.996248190450852,0.98447297975783,-2.03011398169686,-3.07544376524444,-0.984784198149281,-1.93845588758172,-3.21727860664346,-0.659633168519988,"More positive / less negative toxicant–LE8_no_PA association in lifestyle-risk group"
"BDCM_binary_S","PhysicalActivity","LE8_no_PA","Binary","Binary 0/1",3341,1985,1356,0.160619434074815,-3.03244324199805,3.35368211014769,0.913836322021304,0.996248190450852,0.98447297975783,0.336146366516408,-1.54395486247834,2.21624759551115,0.496765800591223,-2.04873556748318,3.04226716866562,"More positive / less negative toxicant–LE8_no_PA association in lifestyle-risk group"
"MEP_ln_U","PhysicalActivity","LE8_no_PA","Continuous","Continuous, per 1 SD",2212,1313,899,-0.0856407704232051,-1.80778045821928,1.63649891737287,0.914814111698473,0.996248190450852,0.98447297975783,-0.457983676444306,-1.50480528228333,0.588837929394714,-0.543624446867511,-1.98678308156814,0.89953418783312,"More negative / less positive toxicant–LE8_no_PA association in lifestyle-risk group"
"Mn_binary_U","PhysicalActivity","LE8_no_PA","Binary","Binary 0/1",2268,1363,905,0.178208203726341,-3.56264147948288,3.91905788693557,0.918381126326841,0.996248190450852,0.98447297975783,-0.896891970756319,-3.1168146111605,1.32303066964786,-0.718683767029977,-3.42124446191086,1.98387692785091,"More positive / less negative toxicant–LE8_no_PA association in lifestyle-risk group"
"Se_ln_S","PhysicalActivity","LE8_no_PA","Continuous","Continuous, per 1 SD",3437,2047,1390,-0.0518305169230781,-1.25623334054854,1.15257230670239,0.92624247877112,0.996248190450852,0.98447297975783,-0.450603534407333,-1.2727394667423,0.371532397927636,-0.502434051330411,-1.43498647730677,0.430118374645944,"More negative / less positive toxicant–LE8_no_PA association in lifestyle-risk group"
"CMAC_ln_U","PhysicalActivity","LE8_no_PA","Continuous","Continuous, per 1 SD",2229,1344,885,0.0766957686323334,-1.76849572054978,1.92188725781445,0.928752446659936,0.996248190450852,0.98447297975783,-2.69343569446701,-3.74455501641144,-1.64231637252257,-2.61673992583467,-4.31622942911466,-0.917250422554687,"More positive / less negative toxicant–LE8_no_PA association in lifestyle-risk group"
"DMA_ln_U","PhysicalActivity","LE8_no_PA","Continuous","Continuous, per 1 SD",2270,1363,907,0.0526728952151243,-1.21860685595496,1.32395264638521,0.928978433710755,0.996248190450852,0.98447297975783,2.75371822230049,1.71458173158091,3.79285471302008,2.80639111751562,1.63921337329473,3.97356886173651,"More positive / less negative toxicant–LE8_no_PA association in lifestyle-risk group"
"Ethylbenzene_binary_S","PhysicalActivity","LE8_no_PA","Binary","Binary 0/1",3285,1955,1330,-0.0809621703308873,-2.112267303112,1.95034296245022,0.931671784137109,0.996248190450852,0.98447297975783,-6.24323480203449,-8.33143902968076,-4.15503057438821,-6.32419697236537,-9.13148476520114,-3.51690917952961,"More negative / less positive toxicant–LE8_no_PA association in lifestyle-risk group"
"DPCP_binary_U","PhysicalActivity","LE8_no_PA","Binary","Binary 0/1",1118,656,462,-0.242076593179582,-6.86601312529829,6.38185993893913,0.94289770683511,0.996248190450852,0.98447297975783,-0.194732854292952,-5.97916541930617,5.58969971072027,-0.436809447472533,-5.26197548339494,4.38835658844987,"More negative / less positive toxicant–LE8_no_PA association in lifestyle-risk group"
"PMA_binary_U","PhysicalActivity","LE8_no_PA","Binary","Binary 0/1",2222,1335,887,0.0698974898225275,-2.1493963825086,2.28919136215365,0.945978353973567,0.996248190450852,0.98447297975783,-2.11533866193273,-3.71568183562644,-0.514995488239023,-2.0454411721102,-4.09730008912329,0.00641774490289082,"More positive / less negative toxicant–LE8_no_PA association in lifestyle-risk group"
"X1_NP_ln_U","PhysicalActivity","LE8_no_PA","Continuous","Continuous, per 1 SD",2184,1313,871,0.0466014367804855,-1.61053234823375,1.70373522179472,0.951756406230513,0.996248190450852,0.984803503669073,-1.99619381460863,-3.09982473024862,-0.892562898968652,-1.94959237782815,-3.46490723965975,-0.434277515996543,"More positive / less negative toxicant–LE8_no_PA association in lifestyle-risk group"
"PFDA_ln_S","PhysicalActivity","LE8_no_PA","Continuous","Continuous, per 1 SD",2211,1301,910,-0.0348464937292166,-1.59078735429051,1.52109436683208,0.961569636220706,0.996248190450852,0.989802250755684,1.11886217677256,0.162393015815955,2.07533133772917,1.08401568304335,-0.430559314573776,2.59859068066047,"More negative / less positive toxicant–LE8_no_PA association in lifestyle-risk group"
"DBCM_binary_S","PhysicalActivity","LE8_no_PA","Binary","Binary 0/1",3373,2003,1370,0.073364875416369,-3.80464717428958,3.95137692512232,0.967532977553341,0.996248190450852,0.991097345811026,-0.582055913894496,-2.82671859325127,1.66260676546228,-0.508691038478127,-3.23026625853715,2.2128841815809,"More positive / less negative toxicant–LE8_no_PA association in lifestyle-risk group"
"MEHP_binary_U","PhysicalActivity","LE8_no_PA","Binary","Binary 0/1",2213,1314,899,0.0472281327055142,-2.47122455476253,2.56568082017356,0.967816535674525,0.996248190450852,0.991097345811026,-0.0332003573529926,-1.78968771916971,1.72328700446372,0.0140277753525216,-1.99225428011027,2.02030983081532,"More positive / less negative toxicant–LE8_no_PA association in lifestyle-risk group"
"FA_ln_S","PhysicalActivity","LE8_no_PA","Continuous","Continuous, per 1 SD",2059,1239,820,-0.0280783515393882,-1.92391395062892,1.86775724755014,0.974579309344878,0.996248190450852,0.995336093624257,0.435136647552573,-0.637835054038239,1.50810834914339,0.407058296013185,-1.08200188384522,1.89611847587159,"More negative / less positive toxicant–LE8_no_PA association in lifestyle-risk group"
"MCOP_ln_U","PhysicalActivity","LE8_no_PA","Continuous","Continuous, per 1 SD",2212,1313,899,-0.0120554931270848,-1.29131288523984,1.26720189898567,0.983823171341759,0.996248190450852,0.997922557157492,0.337237541966652,-0.770489356660535,1.44496444059384,0.325182048839568,-0.825751330080387,1.47611542775952,"More negative / less positive toxicant–LE8_no_PA association in lifestyle-risk group"
"Cd_ln_S","PhysicalActivity","LE8_no_PA","Continuous","Continuous, per 1 SD",3437,2047,1390,-0.010895718760649,-1.30348988203276,1.28169844451147,0.985530056806206,0.996248190450852,0.997922557157492,-3.26236794263289,-4.13523735686089,-2.3894985284049,-3.27326366139354,-4.33233251917149,-2.2141948036156,"More negative / less positive toxicant–LE8_no_PA association in lifestyle-risk group"
"DEA_ln_U","PhysicalActivity","LE8_no_PA","Continuous","Continuous, per 1 SD",2239,1360,879,-0.00726559526580854,-1.75770480878104,1.74317361824943,0.99287445826546,0.996248190450852,0.997922557157492,-0.425815454499681,-1.54448247193307,0.692851562933703,-0.43308104976549,-1.76912757010176,0.902965470570782,"More negative / less positive toxicant–LE8_no_PA association in lifestyle-risk group"
"Nitrate_ln_U","PhysicalActivity","LE8_no_PA","Continuous","Continuous, per 1 SD",2255,1358,897,0.00560135983619938,-1.48455543688529,1.49575815655769,0.993547078069532,0.996248190450852,0.997922557157492,1.67825097904852,0.492293938326098,2.86420801977095,1.68385233888472,0.468127579483249,2.8995770982862,"More positive / less negative toxicant–LE8_no_PA association in lifestyle-risk group"
"MHNCH_binary_U","PhysicalActivity","LE8_no_PA","Binary","Binary 0/1",2213,1314,899,0.00835102258748526,-3.81282775920869,3.82952980438366,0.996248190450852,0.996248190450852,0.997922557157492,-1.60715292357457,-3.98200610721698,0.767700260067841,-1.59880190098708,-4.38733420298732,1.18973040101315,"More positive / less negative toxicant–LE8_no_PA association in lifestyle-risk group"
"PMA_binary_U","Sleep","LE8_no_sleep","Binary","Binary 0/1",2222,1227,995,4.08533194808786,0.48784978107822,7.68281411509749,0.0295348213340164,0.96782499090822,0.450973920290067,-3.81069782250719,-5.93618845639479,-1.68520718861959,0.274634125580667,-2.54229688703722,3.09156513819856,"More positive / less negative toxicant–LE8_no_sleep association in lifestyle-risk group"
"NDMA_binary_U","Sleep","LE8_no_sleep","Binary","Binary 0/1",927,525,402,-4.67362613834059,-9.30225799565354,-0.0449942810276402,0.0478141463805418,0.96782499090822,0.529982234921422,6.75052351930021,3.23862847106577,10.2624185675346,2.07689738095962,-2.75373405697819,6.90752881889742,"More negative / less positive toxicant–LE8_no_sleep association in lifestyle-risk group"
"DETP_binary_U","Sleep","LE8_no_sleep","Binary","Binary 0/1",1043,587,456,-4.98959505679607,-10.1266859834154,0.147495869823283,0.0569506207461154,0.96782499090822,0.529982234921422,5.1764618464002,1.35428577662075,8.99863791617966,0.186866789604133,-3.14160501777281,3.51533859698107,"More negative / less positive toxicant–LE8_no_sleep association in lifestyle-risk group"
"ATCA_ln_U","Sleep","LE8_no_sleep","Continuous","Continuous, per 1 SD",2197,1221,976,1.40701733553952,-0.0603900054514279,2.87442467653047,0.0585357180759529,0.96782499090822,0.529982234921422,-0.459942523588084,-1.80425591265464,0.884370865478476,0.947074811951435,-0.660179376572667,2.55432900047554,"More positive / less negative toxicant–LE8_no_sleep association in lifestyle-risk group"
"MEHHP_ln_U","Sleep","LE8_no_sleep","Continuous","Continuous, per 1 SD",2212,1217,995,-1.06473522041064,-2.30028737432619,0.170816933504917,0.0844211340532998,0.96782499090822,0.604203180326258,0.00578122989368563,-1.08974409469966,1.10130655448703,-1.05895399051695,-2.26284963341319,0.144941652379285,"More negative / less positive toxicant–LE8_no_sleep association in lifestyle-risk group"
"MCOCH_binary_U","Sleep","LE8_no_sleep","Binary","Binary 0/1",1039,584,455,2.91769782999131,-0.416873055863963,6.25226871584657,0.0863565760916391,0.96782499090822,0.604203180326258,-3.42224442230552,-6.46080784040243,-0.38368100420862,-0.504546592314218,-3.25789655712567,2.24880337249723,"More positive / less negative toxicant–LE8_no_sleep association in lifestyle-risk group"
"MHBP_ln_U","Sleep","LE8_no_sleep","Continuous","Continuous, per 1 SD",2131,1176,955,-1.09202253461126,-2.37972195226099,0.195676883038464,0.0888323972742701,0.96782499090822,0.604203180326258,2.02315236884717,0.743267201856161,3.30303753583818,0.931129834235909,-0.631701180015284,2.4939608484871,"More negative / less positive toxicant–LE8_no_sleep association in lifestyle-risk group"
"MCPP_ln_U","Sleep","LE8_no_sleep","Continuous","Continuous, per 1 SD",2212,1217,995,-1.46736345716062,-3.20133212679598,0.266605212474746,0.0894257773484649,0.96782499090822,0.604203180326258,1.18499878243277,-0.0505253763533975,2.42052294121893,-0.282364674727852,-1.26292075116843,0.698191401712727,"More negative / less positive toxicant–LE8_no_sleep association in lifestyle-risk group"
"Sb_ln_U","Sleep","LE8_no_sleep","Continuous","Continuous, per 1 SD",2266,1251,1015,1.24716541636456,-0.230791665209804,2.72512249793893,0.0902249715587868,0.96782499090822,0.604203180326258,-0.174515981573864,-1.26938817285717,0.920356209709445,1.0726494347907,0.0745516110026585,2.07074725857874,"More positive / less negative toxicant–LE8_no_sleep association in lifestyle-risk group"
"X2_NP_ln_U","Sleep","LE8_no_sleep","Continuous","Continuous, per 1 SD",2222,1225,997,1.64004181778924,-0.365091425131391,3.64517506070987,0.0992772314857797,0.96782499090822,0.62589063985396,-3.96162776400422,-5.39112139930207,-2.53213412870636,-2.32158594621498,-3.81444232901801,-0.828729563411944,"More positive / less negative toxicant–LE8_no_sleep association in lifestyle-risk group"
"Sn_ln_U","Sleep","LE8_no_sleep","Continuous","Continuous, per 1 SD",2265,1250,1015,1.63627225558898,-0.405099366905866,3.67764387808382,0.105410178417807,0.96782499090822,0.62589063985396,-1.612022078627,-3.06981769312927,-0.154226464124736,0.0242501769619772,-1.5284323921475,1.57693274607146,"More positive / less negative toxicant–LE8_no_sleep association in lifestyle-risk group"
"MCOP_ln_U","Sleep","LE8_no_sleep","Continuous","Continuous, per 1 SD",2212,1217,995,-1.31853076199696,-2.96698634258361,0.329924818589691,0.10606536010948,0.96782499090822,0.62589063985396,0.885059842052861,-0.503518108048124,2.27363779215385,-0.433470919944099,-1.39876354006114,0.531821700172942,"More negative / less positive toxicant–LE8_no_sleep association in lifestyle-risk group"
"DMP_ln_U","Sleep","LE8_no_sleep","Continuous","Continuous, per 1 SD",1040,586,454,2.29989509089933,-0.566296897321976,5.16608707912064,0.115784144979242,0.96782499090822,0.633958646193645,0.297280015203189,-1.62812173149477,2.22268176190115,2.59717510610252,1.04571704022268,4.14863317198235,"More positive / less negative toxicant–LE8_no_sleep association in lifestyle-risk group"
"X24_DCP_ln_U","Sleep","LE8_no_sleep","Continuous","Continuous, per 1 SD",2212,1217,995,-1.62966563414247,-3.7357381539053,0.476406885620362,0.116599690479266,0.96782499090822,0.633958646193645,1.17207272595673,-0.315116514947117,2.65926196686057,-0.457592908185741,-1.63629532427159,0.721109507900108,"More negative / less positive toxicant–LE8_no_sleep association in lifestyle-risk group"
"PFBA_binary_U","Sleep","LE8_no_sleep","Binary","Binary 0/1",1094,592,502,-4.4160627256085,-9.97056057374642,1.13843512252943,0.11917281806779,0.96782499090822,0.633958646193645,4.81759965967745,2.33417713097184,7.30102218838306,0.401536934068955,-3.89444012264006,4.69751399077797,"More negative / less positive toxicant–LE8_no_sleep association in lifestyle-risk group"
"PNP_ln_U","Sleep","LE8_no_sleep","Continuous","Continuous, per 1 SD",2222,1199,1023,-1.11929470152954,-2.59054521722398,0.351955814164904,0.122203478248965,0.96782499090822,0.633958646193645,1.92235284762085,0.732982295816529,3.11172339942516,0.80305814609131,-0.334710432573259,1.94082672475588,"More negative / less positive toxicant–LE8_no_sleep association in lifestyle-risk group"
"TCPY_ln_U","Sleep","LE8_no_sleep","Continuous","Continuous, per 1 SD",2243,1216,1027,-1.07675270817149,-2.50926422219288,0.355758805849907,0.126273471758094,0.96782499090822,0.633958646193645,2.04797362265346,1.13095556372882,2.9649916815781,0.971220914481971,-0.333959601084301,2.27640143004824,"More negative / less positive toxicant–LE8_no_sleep association in lifestyle-risk group"
"MEOHP_ln_U","Sleep","LE8_no_sleep","Continuous","Continuous, per 1 SD",2212,1217,995,-0.918309523335092,-2.18318228646803,0.346563239797851,0.138363051474749,0.96782499090822,0.642658863218045,0.0571809336592808,-1.059566646871,1.17392851418956,-0.861128589675811,-2.0949105826838,0.37265340333218,"More negative / less positive toxicant–LE8_no_sleep association in lifestyle-risk group"
"Mo_ln_U","Sleep","LE8_no_sleep","Continuous","Continuous, per 1 SD",2265,1250,1015,-1.23263260920892,-2.9366603294656,0.471395111047757,0.139666274809041,0.96782499090822,0.642658863218045,1.87247913921331,0.719136371995082,3.02582190643154,0.639846530004393,-0.849631305718898,2.12932436572769,"More negative / less positive toxicant–LE8_no_sleep association in lifestyle-risk group"
"DMTP_ln_U","Sleep","LE8_no_sleep","Continuous","Continuous, per 1 SD",1043,586,457,1.63707061231613,-0.538057539048139,3.81219876368041,0.140177268822728,0.96782499090822,0.642658863218045,1.52575272721241,-0.303188894940048,3.35469434936487,3.16282333952855,2.16557048880818,4.16007619024892,"More positive / less negative toxicant–LE8_no_sleep association in lifestyle-risk group"
"MCNP_ln_U","Sleep","LE8_no_sleep","Continuous","Continuous, per 1 SD",2212,1217,995,-1.07153009224714,-2.65178223406785,0.508722049573564,0.163700015027571,0.96782499090822,0.669456998147066,0.96409779586864,-0.497465532468752,2.42566112420603,-0.107432296378504,-1.12708240023384,0.912217807476831,"More negative / less positive toxicant–LE8_no_sleep association in lifestyle-risk group"
"Co_ln_U","Sleep","LE8_no_sleep","Continuous","Continuous, per 1 SD",2266,1251,1015,1.0342886203993,-0.54596710395521,2.61454434475382,0.17756008197251,0.96782499090822,0.669456998147066,0.72868471284457,-0.237062876102781,1.69443230179192,1.76297333324388,0.304852655750126,3.22109401073762,"More positive / less negative toxicant–LE8_no_sleep association in lifestyle-risk group"
"BMA_ln_U","Sleep","LE8_no_sleep","Continuous","Continuous, per 1 SD",2244,1238,1006,0.958492038012129,-0.518018377140732,2.43500245316499,0.180839753425157,0.96782499090822,0.669456998147066,1.48555874654349,0.529484245943204,2.44163324714378,2.44405078455562,1.51929382507708,3.36880774403416,"More positive / less negative toxicant–LE8_no_sleep association in lifestyle-risk group"
"MINP_binary_U","Sleep","LE8_no_sleep","Binary","Binary 0/1",2213,1217,996,-1.57537276174593,-4.00217910258234,0.851433579090466,0.180843249499459,0.96782499090822,0.669456998147066,2.07492885482588,0.0131428149903168,4.13671489466145,0.499556093079947,-1.32544091267033,2.32455309883022,"More negative / less positive toxicant–LE8_no_sleep association in lifestyle-risk group"
"Mn_ln_S","Sleep","LE8_no_sleep","Continuous","Continuous, per 1 SD",3437,1886,1551,0.935061446801292,-0.597889104701913,2.4680119983045,0.206468349321881,0.96782499090822,0.708659042239963,-1.08460973994566,-1.84494312807667,-0.324276351814645,-0.149548293144366,-1.42084133007565,1.12174474378692,"More positive / less negative toxicant–LE8_no_sleep association in lifestyle-risk group"
"PPDA_binary_U","Sleep","LE8_no_sleep","Binary","Binary 0/1",945,523,422,-3.39341982033394,-8.73094249315568,1.9441028524878,0.212735000399721,0.96782499090822,0.709857390100895,-1.7817779104137,-5.64821942487845,2.08466360405106,-5.17519773074764,-9.46481037151611,-0.885585089979165,"More negative / less positive toxicant–LE8_no_sleep association in lifestyle-risk group"
"Ba_ln_U","Sleep","LE8_no_sleep","Continuous","Continuous, per 1 SD",2266,1251,1015,-0.999882865779159,-2.67736434252678,0.677598610968465,0.216264864997309,0.96782499090822,0.709857390100895,1.13163326515833,-0.460229838430441,2.72349636874709,0.131750399379167,-0.649542287209923,0.913043085968257,"More negative / less positive toxicant–LE8_no_sleep association in lifestyle-risk group"
"TCC_binary_U","Sleep","LE8_no_sleep","Binary","Binary 0/1",2214,1217,997,2.48303772967053,-1.69214490021861,6.65822035955966,0.217234279129794,0.96782499090822,0.709857390100895,-2.05807876541997,-5.37034926005928,1.25419172921934,0.424958964250555,-1.85046072367862,2.70037865217973,"More positive / less negative toxicant–LE8_no_sleep association in lifestyle-risk group"
"MeA_a_C_binary_U","Sleep","LE8_no_sleep","Binary","Binary 0/1",1162,639,523,3.60479468070938,-2.24105388316896,9.45064324458771,0.226818188918221,0.96782499090822,0.717045429584856,-9.77724389804743,-14.2114950156456,-5.34299278044927,-6.17244921733806,-9.05485438978436,-3.29004404489175,"More positive / less negative toxicant–LE8_no_sleep association in lifestyle-risk group"
"Sm_PFOS_ln_S","Sleep","LE8_no_sleep","Continuous","Continuous, per 1 SD",1045,583,462,1.47670191549412,-0.954695670015183,3.90809950100342,0.233897795333452,0.96782499090822,0.717045429584856,-0.0911793288622403,-2.36358934710129,2.18123068937681,1.38552258663188,0.115081519074382,2.65596365418937,"More positive / less negative toxicant–LE8_no_sleep association in lifestyle-risk group"
"BCPP_binary_U","Sleep","LE8_no_sleep","Binary","Binary 0/1",2053,1120,933,2.31727554598202,-1.74671374377348,6.38126483573752,0.235488210466842,0.96782499090822,0.717045429584856,-2.32694421736153,-5.13689277632344,0.483004341600377,-0.00966867137951155,-2.74590936605107,2.72657202329205,"More positive / less negative toxicant–LE8_no_sleep association in lifestyle-risk group"
"AsB_binary_U","Sleep","LE8_no_sleep","Binary","Binary 0/1",2272,1255,1017,-1.65520089686668,-4.57612170511544,1.26571991138208,0.238213078956043,0.96782499090822,0.717045429584856,1.78205187373372,-0.469950408975914,4.03405415644336,0.126850976867041,-1.5795212754581,1.83322322919218,"More negative / less positive toxicant–LE8_no_sleep association in lifestyle-risk group"
"BCETP_ln_U","Sleep","LE8_no_sleep","Continuous","Continuous, per 1 SD",2049,1119,930,0.897613099252907,-0.71980402450107,2.51503022300688,0.247439118332156,0.96782499090822,0.740908086721115,-0.759579909152587,-2.15076847339349,0.631608655088314,0.138033190100321,-1.10794576937548,1.38401214957612,"More positive / less negative toxicant–LE8_no_sleep association in lifestyle-risk group"
"HIBP_ln_U","Sleep","LE8_no_sleep","Continuous","Continuous, per 1 SD",2131,1176,955,-1.11225747493797,-3.12743050443369,0.902915554557742,0.249870009112322,0.96782499090822,0.740908086721115,0.937353979840062,-0.391024788081813,2.26573274776194,-0.174903495097911,-1.43587051664914,1.08606352645332,"More negative / less positive toxicant–LE8_no_sleep association in lifestyle-risk group"
"X4FPBA_binary_U","Sleep","LE8_no_sleep","Binary","Binary 0/1",2266,1226,1040,3.33899254036837,-2.90930061765233,9.58728569838906,0.264352875366967,0.96782499090822,0.765743909399809,-3.03751429670644,-8.79782509004144,2.72279649662857,0.30147824366193,-2.40029097729306,3.00324746461692,"More positive / less negative toxicant–LE8_no_sleep association in lifestyle-risk group"
"A_a_C_binary_U","Sleep","LE8_no_sleep","Binary","Binary 0/1",1162,640,522,-2.30233086377323,-6.40614005771218,1.80147833016573,0.271513135449012,0.96782499090822,0.765743909399809,-4.13510592866951,-6.92053169860903,-1.34968015872999,-6.43743679244274,-8.70000113968492,-4.17487244520055,"More negative / less positive toxicant–LE8_no_sleep association in lifestyle-risk group"
"CEMA_AAM_ln_U","Sleep","LE8_no_sleep","Continuous","Continuous, per 1 SD",2190,1207,983,0.951356016140403,-0.875797431323269,2.77850946360407,0.276113713465202,0.96782499090822,0.765743909399809,-1.12809766552539,-2.5352994128339,0.279104081783118,-0.176741649384987,-1.47497695314878,1.12149365437881,"More positive / less negative toxicant–LE8_no_sleep association in lifestyle-risk group"
"PFHxA_binary_U","Sleep","LE8_no_sleep","Binary","Binary 0/1",1094,592,502,2.49148769307953,-2.03932753011855,7.02230291627761,0.281131541539064,0.96782499090822,0.768598159437073,1.02999914355954,-2.89314757440927,4.95314586152835,3.52148683663907,-0.288029649319083,7.33100332259723,"More positive / less negative toxicant–LE8_no_sleep association in lifestyle-risk group"
"DBCM_binary_S","Sleep","LE8_no_sleep","Binary","Binary 0/1",3373,1859,1514,1.91678425186202,-1.84534890730484,5.67891741102888,0.286006000556777,0.96782499090822,0.769894580565299,-1.82847638813096,-4.13531078864631,0.478358012384381,0.0883078637310615,-2.46051513412073,2.63713086158285,"More positive / less negative toxicant–LE8_no_sleep association in lifestyle-risk group"
"BuP_binary_U","Sleep","LE8_no_sleep","Binary","Binary 0/1",2214,1217,997,-2.00533565710977,-5.95043441750013,1.93976310328059,0.287068624654913,0.96782499090822,0.769894580565299,1.72484996029923,-0.874581734695211,4.32428165529368,-0.280485696810539,-3.79835781255506,3.23738641893398,"More negative / less positive toxicant–LE8_no_sleep association in lifestyle-risk group"
"CMAC_ln_U","Sleep","LE8_no_sleep","Continuous","Continuous, per 1 SD",2229,1227,1002,-0.875797338084048,-2.61228778096813,0.86069310480003,0.290648121857705,0.96782499090822,0.769894580565299,-1.75264045552554,-3.11844788477282,-0.38683302627826,-2.62843779360959,-4.02809725694483,-1.22877833027435,"More negative / less positive toxicant–LE8_no_sleep association in lifestyle-risk group"
"Se_ln_S","Sleep","LE8_no_sleep","Continuous","Continuous, per 1 SD",3437,1886,1551,0.617078305557884,-0.626322656955788,1.86047926807155,0.298042272939469,0.96782499090822,0.782525086660456,-0.892021816402245,-1.61109157930068,-0.172952053503812,-0.274943510844361,-1.40162845373139,0.851741432042663,"More positive / less negative toxicant–LE8_no_sleep association in lifestyle-risk group"
"Hg_binary_U","Sleep","LE8_no_sleep","Binary","Binary 0/1",2273,1254,1019,-1.82620020132442,-5.57437140518753,1.92197100253869,0.306515499590598,0.96782499090822,0.785123573184402,2.03088471685862,-0.149924506402011,4.21169394011925,0.204684515534195,-2.38022677728975,2.78959580835814,"More negative / less positive toxicant–LE8_no_sleep association in lifestyle-risk group"
"X2_MHA_ln_U","Sleep","LE8_no_sleep","Continuous","Continuous, per 1 SD",2124,1172,952,-0.7831861627336,-2.41004218466324,0.843669859196037,0.31204866504762,0.96782499090822,0.785123573184402,-0.272378124353572,-1.67376082085472,1.12900457214758,-1.05556428708717,-2.33942665671459,0.228298082540251,"More negative / less positive toxicant–LE8_no_sleep association in lifestyle-risk group"
"Cd_ln_S","Sleep","LE8_no_sleep","Continuous","Continuous, per 1 SD",3437,1886,1551,-0.659432515296842,-2.05806357035209,0.739198539758403,0.321669606251241,0.96782499090822,0.785315449316656,-2.73759093416872,-3.89987539858432,-1.57530646975312,-3.39702344946556,-4.52192951590536,-2.27211738302576,"More negative / less positive toxicant–LE8_no_sleep association in lifestyle-risk group"
"BDCM_binary_S","Sleep","LE8_no_sleep","Binary","Binary 0/1",3341,1849,1492,1.4099193454729,-1.58811499979795,4.40795369074375,0.322850429851652,0.96782499090822,0.785315449316656,-0.63935946215539,-3.28619858802133,2.00747966371055,0.770559883317509,-1.64181951552069,3.18293928215571,"More positive / less negative toxicant–LE8_no_sleep association in lifestyle-risk group"
"n_PFOS_ln_S","Sleep","LE8_no_sleep","Continuous","Continuous, per 1 SD",1045,583,462,1.27077309544838,-1.26872356668737,3.81026975758413,0.326704746251521,0.96782499090822,0.785315449316656,0.441869453682282,-1.60127978361374,2.48501869097831,1.71264254913066,0.578532521923745,2.84675257633758,"More positive / less negative toxicant–LE8_no_sleep association in lifestyle-risk group"
"MECPP_ln_U","Sleep","LE8_no_sleep","Continuous","Continuous, per 1 SD",2212,1217,995,-0.629494474370706,-1.99202602315066,0.733037074409249,0.331062949896648,0.96782499090822,0.785315449316656,0.0506244640571293,-1.34343128505807,1.44468021317233,-0.578870010313577,-1.61634515600662,0.458605135379469,"More negative / less positive toxicant–LE8_no_sleep association in lifestyle-risk group"
"DMA_ln_U","Sleep","LE8_no_sleep","Continuous","Continuous, per 1 SD",2270,1254,1016,0.622095870652335,-0.803537704172404,2.04772944547707,0.357474080532237,0.96782499090822,0.807636664891682,2.94519005520078,1.64396056442631,4.24641954597525,3.56728592585312,2.5728381686576,4.56173368304863,"More positive / less negative toxicant–LE8_no_sleep association in lifestyle-risk group"
"IHg_binary_S","Sleep","LE8_no_sleep","Binary","Binary 0/1",3437,1886,1551,-1.40292563780926,-4.62809604422086,1.82224476860234,0.358928816481596,0.96782499090822,0.807636664891682,1.79820855501782,-0.553605863606617,4.15002297364226,0.395282917208561,-1.74696161476193,2.53752744917905,"More negative / less positive toxicant–LE8_no_sleep association in lifestyle-risk group"
"MnBP_ln_U","Sleep","LE8_no_sleep","Continuous","Continuous, per 1 SD",2212,1217,995,-0.58193267485507,-1.92324077838651,0.75937542867637,0.360138994761847,0.96782499090822,0.807636664891682,-0.137386222244573,-1.20332243671254,0.92854999222339,-0.719318897099643,-1.89843302460397,0.459795230404683,"More negative / less positive toxicant–LE8_no_sleep association in lifestyle-risk group"
"o_ANS_ln_U","Sleep","LE8_no_sleep","Continuous","Continuous, per 1 SD",1056,584,472,0.631992794729747,-0.734414783268702,1.9984003727282,0.364657850288409,0.96782499090822,0.811318118831713,0.856052276419923,-0.662840832736696,2.37494538557654,1.48804507114967,0.190842765280473,2.78524737701887,"More positive / less negative toxicant–LE8_no_sleep association in lifestyle-risk group"
"X34_MHA_ln_U","Sleep","LE8_no_sleep","Continuous","Continuous, per 1 SD",2248,1240,1008,-0.713572196260941,-2.42466948148101,0.997525088959131,0.378373807150596,0.96782499090822,0.833665027159075,-1.11625859606677,-2.64920891649148,0.416691724357935,-1.82983079232771,-3.21494299663259,-0.444718588022828,"More negative / less positive toxicant–LE8_no_sleep association in lifestyle-risk group"
"CYHA_Cys_binary_U","Sleep","LE8_no_sleep","Binary","Binary 0/1",1074,598,476,2.95628160600056,-3.65463420270672,9.56719741470784,0.380779831248685,0.96782499090822,0.83388931087171,-12.69335876404,-16.8427552262947,-8.54396230178533,-9.73707715803945,-13.7151773297118,-5.75897698636714,"More positive / less negative toxicant–LE8_no_sleep association in lifestyle-risk group"
"Furan_binary_S","Sleep","LE8_no_sleep","Binary","Binary 0/1",3375,1859,1516,1.57345612700871,-2.35168782943925,5.49860008345666,0.396485982821459,0.96782499090822,0.844182840117226,-11.4053824544079,-14.9108509430709,-7.89991396574498,-9.83192632739923,-12.5480145880699,-7.11583806672856,"More positive / less negative toxicant–LE8_no_sleep association in lifestyle-risk group"
"As_III_binary_U","Sleep","LE8_no_sleep","Binary","Binary 0/1",2272,1255,1017,-1.67540207000284,-5.92609614393009,2.57529200392441,0.404188619226752,0.96782499090822,0.844182840117226,3.73029901949742,0.835485542939057,6.62511249605579,2.05489694949458,-0.296418015260905,4.40621191425007,"More negative / less positive toxicant–LE8_no_sleep association in lifestyle-risk group"
"BP3_ln_U","Sleep","LE8_no_sleep","Continuous","Continuous, per 1 SD",2212,1217,995,-0.661088351680433,-2.34117678699713,1.01900008363626,0.404955028069866,0.96782499090822,0.844182840117226,2.70772541197138,1.23316347790824,4.18228734603452,2.04663706029095,0.967684814774235,3.12558930580765,"More negative / less positive toxicant–LE8_no_sleep association in lifestyle-risk group"
"DHB_Cys_ln_U","Sleep","LE8_no_sleep","Continuous","Continuous, per 1 SD",2138,1174,964,0.70718531928912,-1.09841888310353,2.51278952168177,0.407065410424552,0.96782499090822,0.844182840117226,-0.707507430431604,-2.01456021239819,0.599545351534983,-0.00032211114248426,-1.40669413327486,1.40604991098989,"More positive / less negative toxicant–LE8_no_sleep association in lifestyle-risk group"
"X24D_ln_U","Sleep","LE8_no_sleep","Continuous","Continuous, per 1 SD",2265,1226,1039,-0.540289450594204,-1.95914099924081,0.878562098052406,0.419801766589672,0.96782499090822,0.846785120414247,2.55530080307016,1.5224097142458,3.58819189189451,2.01501135247595,0.927915835883022,3.10210686906888,"More negative / less positive toxicant–LE8_no_sleep association in lifestyle-risk group"
"HEMA_binary_U","Sleep","LE8_no_sleep","Binary","Binary 0/1",2238,1231,1007,1.13698730035763,-1.93868008997739,4.21265469069265,0.433109592547178,0.96782499090822,0.846785120414247,-4.27158935540697,-6.13402951288347,-2.40914919793048,-3.13460205504934,-5.83181476233516,-0.43738934776352,"More positive / less negative toxicant–LE8_no_sleep association in lifestyle-risk group"
"IPPPP_binary_U","Sleep","LE8_no_sleep","Binary","Binary 0/1",932,527,405,-2.45275530397047,-8.58857121127411,3.68306060333318,0.433343092306133,0.96782499090822,0.846785120414247,-3.29314646739572,-6.39166369749561,-0.19462923729583,-5.74590177136619,-10.7394185242535,-0.75238501847884,"More negative / less positive toxicant–LE8_no_sleep association in lifestyle-risk group"
"BPA_ln_U","Sleep","LE8_no_sleep","Continuous","Continuous, per 1 SD",2212,1217,995,-0.607100655992011,-2.27447571814894,1.06027440616491,0.439873309039936,0.96782499090822,0.846785120414247,-0.259490450597577,-1.54892991438591,1.02994901319076,-0.866591106589587,-1.84617027085991,0.112988057680735,"More negative / less positive toxicant–LE8_no_sleep association in lifestyle-risk group"
"Cs_ln_U","Sleep","LE8_no_sleep","Continuous","Continuous, per 1 SD",2266,1251,1015,-0.689466191015556,-2.60172978799508,1.22279740596397,0.444230295722155,0.96782499090822,0.848593770033348,2.44936529650598,0.691406345540752,4.20732424747121,1.75989910549042,0.466191745631909,3.05360646534894,"More negative / less positive toxicant–LE8_no_sleep association in lifestyle-risk group"
"X25_DMF_binary_S","Sleep","LE8_no_sleep","Binary","Binary 0/1",3370,1856,1514,1.41300102470707,-2.58059310965035,5.40659515906449,0.452556733761437,0.96782499090822,0.853556371271571,-11.7836949451448,-15.1402530587581,-8.42713683153156,-10.3706939204378,-13.198691573445,-7.54269626743054,"More positive / less negative toxicant–LE8_no_sleep association in lifestyle-risk group"
"MeFOSAA_binary_S","Sleep","LE8_no_sleep","Binary","Binary 0/1",2211,1211,1000,-1.00248691382921,-3.91212948863475,1.90715566097632,0.464193479104323,0.96782499090822,0.859019935109584,1.08212044193919,-1.43840184626249,3.60264273014087,0.0796335281099787,-1.74339039815282,1.90265745437278,"More negative / less positive toxicant–LE8_no_sleep association in lifestyle-risk group"
"TTCA_binary_U","Sleep","LE8_no_sleep","Binary","Binary 0/1",1180,645,535,1.81727046823661,-3.06355452522925,6.69809546170247,0.465542682953684,0.96782499090822,0.859019935109584,-2.8012799626117,-5.42551327736101,-0.177046647862386,-0.984009494375089,-4.44487359550232,2.47685460675214,"More positive / less negative toxicant–LE8_no_sleep association in lifestyle-risk group"
"X25_DCP_ln_U","Sleep","LE8_no_sleep","Continuous","Continuous, per 1 SD",2212,1217,995,-0.532735116001784,-2.19153002567196,1.12605979366839,0.494353046471492,0.96782499090822,0.880962472296322,0.299699554236327,-1.07531275573322,1.67471186420588,-0.233035561765457,-1.3019592561103,0.83588813257939,"More negative / less positive toxicant–LE8_no_sleep association in lifestyle-risk group"
"AsC_binary_U","Sleep","LE8_no_sleep","Binary","Binary 0/1",2272,1255,1017,-1.47455678457655,-6.07484715157597,3.12573358242286,0.495171859428302,0.96782499090822,0.880962472296322,1.3523801348836,-1.88610837062174,4.59086864038895,-0.122176649692949,-2.95977428777834,2.71542098839244,"More negative / less positive toxicant–LE8_no_sleep association in lifestyle-risk group"
"X5OHIMI_binary_U","Sleep","LE8_no_sleep","Binary","Binary 0/1",877,497,380,1.70422979498768,-3.25619529766476,6.66465488764011,0.5007083937331,0.96782499090822,0.885525823931536,0.654307315269935,-3.57524518771582,4.88385981825569,2.35853711025761,-1.5240829378469,6.24115715836212,"More positive / less negative toxicant–LE8_no_sleep association in lifestyle-risk group"
"DPHP_ln_U","Sleep","LE8_no_sleep","Continuous","Continuous, per 1 SD",2049,1118,931,-0.4811069392438,-2.02303538563486,1.06082150714726,0.506463622506963,0.96782499090822,0.889962399275514,0.700929052319672,-0.35669912173922,1.75855722637856,0.219822113075871,-0.951002148852026,1.39064637500377,"More negative / less positive toxicant–LE8_no_sleep association in lifestyle-risk group"
"MHNCH_binary_U","Sleep","LE8_no_sleep","Binary","Binary 0/1",2213,1217,996,1.1694921809729,-2.64990630599168,4.98889066793748,0.514263698482962,0.96782499090822,0.889962399275514,-2.37529666917654,-4.7202590282676,-0.0303343100854732,-1.20580448820364,-3.91761246045573,1.50600348404846,"More positive / less negative toxicant–LE8_no_sleep association in lifestyle-risk group"
"MiBP_ln_U","Sleep","LE8_no_sleep","Continuous","Continuous, per 1 SD",2212,1217,995,-0.52611165608719,-2.27101914224084,1.21879583006646,0.520596381879673,0.96782499090822,0.889962399275514,-0.10208086501348,-1.32169733193075,1.11753560190379,-0.62819252110067,-1.70736423221885,0.450979190017505,"More negative / less positive toxicant–LE8_no_sleep association in lifestyle-risk group"
"DCVDMPCA_binary_U","Sleep","LE8_no_sleep","Binary","Binary 0/1",2235,1204,1031,-1.00431439688223,-4.33963093566979,2.33100214190533,0.521135700246903,0.96782499090822,0.889962399275514,2.69213197602358,-0.0517229030757349,5.43598685512289,1.68781757914135,-0.928053432350161,4.30368859063285,"More negative / less positive toxicant–LE8_no_sleep association in lifestyle-risk group"
"DMDTP_binary_U","Sleep","LE8_no_sleep","Binary","Binary 0/1",1040,585,455,2.01985671298868,-4.19815263841118,8.23786606438854,0.524337052753565,0.96782499090822,0.890555561039329,-0.130865805004339,-3.66358394050887,3.40185233050019,1.88899090798434,-1.84135070183127,5.61933251779995,"More positive / less negative toxicant–LE8_no_sleep association in lifestyle-risk group"
"IPM1_Cys_ln_U","Sleep","LE8_no_sleep","Continuous","Continuous, per 1 SD",1072,597,475,0.884741731327238,-1.86152446075423,3.63100792340871,0.527762483829468,0.96782499090822,0.890555561039329,-3.51426300426965,-5.64245256836889,-1.38607344017041,-2.62952127294241,-4.29018624851419,-0.968856297370635,"More positive / less negative toxicant–LE8_no_sleep association in lifestyle-risk group"
"PhIP_binary_U","Sleep","LE8_no_sleep","Binary","Binary 0/1",1163,641,522,1.55379011276619,-3.27046546992214,6.37804569545451,0.527868763761416,0.96782499090822,0.890555561039329,-1.10209540816514,-4.56984438859687,2.36565357226658,0.451694704601046,-2.00665163958931,2.9100410487914,"More positive / less negative toxicant–LE8_no_sleep association in lifestyle-risk group"
"BPS_ln_U","Sleep","LE8_no_sleep","Continuous","Continuous, per 1 SD",2211,1216,995,-0.579464826588448,-2.53956091046281,1.38063125728591,0.528610708504612,0.96782499090822,0.890555561039329,0.153322992326602,-1.05330243854309,1.35994842319629,-0.426141834261846,-1.80199346848591,0.949709799962216,"More negative / less positive toxicant–LE8_no_sleep association in lifestyle-risk group"
"DEA_ln_U","Sleep","LE8_no_sleep","Continuous","Continuous, per 1 SD",2239,1213,1026,0.45485581454442,-1.08504499747669,1.99475662656553,0.528954141959601,0.96782499090822,0.890555561039329,-0.349414203780194,-1.656981255224,0.95815284766361,0.105441610764226,-0.987638485181799,1.19852170671025,"More positive / less negative toxicant–LE8_no_sleep association in lifestyle-risk group"
"Pb_ln_S","Sleep","LE8_no_sleep","Continuous","Continuous, per 1 SD",3437,1886,1551,-0.387037170667506,-1.73671341526875,0.962639073933738,0.540828136252405,0.96782499090822,0.897537713320973,0.863108108683345,-0.369119859013685,2.09533607638038,0.476070938015839,-0.913841973675151,1.86598384970683,"More negative / less positive toxicant–LE8_no_sleep association in lifestyle-risk group"
"EtP_binary_U","Sleep","LE8_no_sleep","Binary","Binary 0/1",2214,1217,997,-1.26975579338323,-5.78181172755868,3.24230014079221,0.548274769517052,0.96782499090822,0.897537713320973,3.07188194337798,0.773020194004769,5.37074369275119,1.80212614999475,-1.508950136014,5.11320243600349,"More negative / less positive toxicant–LE8_no_sleep association in lifestyle-risk group"
"PFDA_ln_S","Sleep","LE8_no_sleep","Continuous","Continuous, per 1 SD",2211,1211,1000,-0.636931168284805,-2.90309508428919,1.62923274771958,0.548767720082587,0.96782499090822,0.897537713320973,1.53351488715668,0.373683245587943,2.69334652872542,0.896583718871877,-0.916715027562937,2.70988246530669,"More negative / less positive toxicant–LE8_no_sleep association in lifestyle-risk group"
"n_PFOA_ln_S","Sleep","LE8_no_sleep","Continuous","Continuous, per 1 SD",1045,583,462,-0.491344898239793,-2.1009567904704,1.11826699399082,0.549644953538221,0.96782499090822,0.897537713320973,1.62583979096448,0.0381966398701947,3.21348294205876,1.13449489272469,0.00678127626905956,2.26220850918031,"More negative / less positive toxicant–LE8_no_sleep association in lifestyle-risk group"
"BPF_binary_U","Sleep","LE8_no_sleep","Binary","Binary 0/1",2213,1216,997,1.17728109499982,-3.16826088492423,5.52282307492386,0.563054879895003,0.96782499090822,0.906519505047447,-2.44970654419805,-4.82375234607742,-0.0756607423186781,-1.27242544919823,-4.58571265486848,2.04086175647202,"More positive / less negative toxicant–LE8_no_sleep association in lifestyle-risk group"
"Toluene_ln_S","Sleep","LE8_no_sleep","Continuous","Continuous, per 1 SD",3306,1816,1490,0.3850026753412,-1.08260911030435,1.85261446098675,0.575302963308598,0.96782499090822,0.914085982913312,-3.2906910522981,-4.41217585522115,-2.16920624937506,-2.9056883769569,-4.02785970091813,-1.78351705299568,"More positive / less negative toxicant–LE8_no_sleep association in lifestyle-risk group"
"Thiocyanate_ln_U","Sleep","LE8_no_sleep","Continuous","Continuous, per 1 SD",2249,1243,1006,-0.60158480341501,-2.93891078451157,1.73574117768155,0.582432203304414,0.96782499090822,0.914291111896112,-1.50799640639731,-3.28924122604986,0.273248413255239,-2.10958120981232,-3.38393504345341,-0.83522737617123,"More negative / less positive toxicant–LE8_no_sleep association in lifestyle-risk group"
"Norharman_ln_U","Sleep","LE8_no_sleep","Continuous","Continuous, per 1 SD",1149,633,516,-0.672938099003201,-3.0892555553098,1.74337935730339,0.585172591183215,0.96782499090822,0.914291111896112,-0.324470298611266,-1.44468973274203,0.795749135519503,-0.997408397614467,-2.77808141151114,0.783264616282205,"More negative / less positive toxicant–LE8_no_sleep association in lifestyle-risk group"
"EO_ln_S","Sleep","LE8_no_sleep","Continuous","Continuous, per 1 SD",2243,1237,1006,0.566545254708727,-1.66171250891958,2.79480301833703,0.586958743588299,0.96782499090822,0.914291111896112,-3.8678637441409,-5.37900247486387,-2.35672501341794,-3.30131848943218,-4.41188909884797,-2.19074788001638,"More positive / less negative toxicant–LE8_no_sleep association in lifestyle-risk group"
"DEP_ln_U","Sleep","LE8_no_sleep","Continuous","Continuous, per 1 SD",1046,587,459,0.754763827346695,-2.00997336591263,3.51950102060602,0.592605958492691,0.96782499090822,0.914291111896112,1.54621452008734,-0.2385730737614,3.33100211393609,2.30097834743404,0.460046896168394,4.14190979869969,"More positive / less negative toxicant–LE8_no_sleep association in lifestyle-risk group"
"Total_As_ln_U","Sleep","LE8_no_sleep","Continuous","Continuous, per 1 SD",2266,1251,1015,0.306846092036756,-0.929406602062593,1.5430987861361,0.595766837790081,0.96782499090822,0.914291111896112,2.48175079028748,1.24094762215576,3.72255395841921,2.78859688232424,2.08075021824348,3.496443546405,"More positive / less negative toxicant–LE8_no_sleep association in lifestyle-risk group"
"X2_FL_ln_U","Sleep","LE8_no_sleep","Continuous","Continuous, per 1 SD",2259,1245,1014,0.548459851046523,-1.761140651848,2.85806035394104,0.611570921319234,0.96782499090822,0.918126622433913,-3.61176345166875,-5.18474462169614,-2.03878228164136,-3.06330360062223,-4.48445678809132,-1.64215041315315,"More positive / less negative toxicant–LE8_no_sleep association in lifestyle-risk group"
"MB3_Cys_ln_U","Sleep","LE8_no_sleep","Continuous","Continuous, per 1 SD",2197,1210,987,-0.402403675969167,-2.11092165224691,1.30611430030858,0.614451409164358,0.96782499090822,0.919606200836113,-2.36446404359609,-3.73420792883703,-0.994720158355151,-2.76686771956526,-3.80297399363749,-1.73076144549303,"More negative / less positive toxicant–LE8_no_sleep association in lifestyle-risk group"
"X3PBA_ln_U","Sleep","LE8_no_sleep","Continuous","Continuous, per 1 SD",2245,1213,1032,-0.379002887096282,-2.01595564674424,1.25794987255167,0.62040448558212,0.96782499090822,0.919606200836113,1.76766729352517,0.539454241206228,2.99588034584412,1.38866440642889,0.335205093736259,2.44212371912152,"More negative / less positive toxicant–LE8_no_sleep association in lifestyle-risk group"
"BDCPP_ln_U","Sleep","LE8_no_sleep","Continuous","Continuous, per 1 SD",2042,1116,926,0.46670387046056,-1.55590477904555,2.48931251996667,0.621578077088598,0.96782499090822,0.919606200836113,-0.418436900603399,-1.79262252379913,0.955748722592327,0.0482669698571612,-1.34334192460019,1.43987586431451,"More positive / less negative toxicant–LE8_no_sleep association in lifestyle-risk group"
"MA_ln_U","Sleep","LE8_no_sleep","Continuous","Continuous, per 1 SD",2210,1223,987,0.443931331007896,-1.51903683514528,2.40689949716107,0.628454160372661,0.96782499090822,0.926488854538955,-1.02869938617707,-2.66529459447427,0.607895822120133,-0.584768055169174,-1.66535460752936,0.495818497191014,"More positive / less negative toxicant–LE8_no_sleep association in lifestyle-risk group"
"X26_DMA_binary_U","Sleep","LE8_no_sleep","Binary","Binary 0/1",1063,586,477,-1.09837588461013,-5.70301200032355,3.50626023110329,0.64012513711492,0.96782499090822,0.926488854538955,-3.34071482205748,-6.54896253599746,-0.132467108117491,-4.4390907066676,-8.60012765867284,-0.278053754662374,"More negative / less positive toxicant–LE8_no_sleep association in lifestyle-risk group"
"GLYP_ln_U","Sleep","LE8_no_sleep","Continuous","Continuous, per 1 SD",2048,1120,928,0.280459112386028,-1.01672879769477,1.57764702246683,0.643481103076582,0.96782499090822,0.926488854538955,0.166855613173175,-1.03700855118489,1.37071977753124,0.447314725559203,-0.59602430975126,1.49065376086967,"More positive / less negative toxicant–LE8_no_sleep association in lifestyle-risk group"
"PGA_ln_U","Sleep","LE8_no_sleep","Continuous","Continuous, per 1 SD",2211,1216,995,-0.326205465314415,-1.90526935975408,1.25285842912525,0.658179240965141,0.96782499090822,0.926488854538955,-0.316515208086622,-1.46666985141922,0.833639435245976,-0.642720673401037,-1.8924773352733,0.607035988471226,"More negative / less positive toxicant–LE8_no_sleep association in lifestyle-risk group"
"X23_OH_PH_ln_U","Sleep","LE8_no_sleep","Continuous","Continuous, per 1 SD",2260,1246,1014,0.437223419276679,-1.68210529113858,2.55655212969194,0.658607276741347,0.96782499090822,0.926488854538955,-2.07943580194035,-3.83796119880354,-0.320910405077161,-1.64221238266367,-2.80369801266205,-0.480726752665292,"More positive / less negative toxicant–LE8_no_sleep association in lifestyle-risk group"
"MeP_ln_U","Sleep","LE8_no_sleep","Continuous","Continuous, per 1 SD",2212,1217,995,-0.347681934044123,-2.09811056577916,1.40274669769091,0.670443478196708,0.96782499090822,0.926488854538955,2.38815730953325,1.15478540081296,3.62152921825354,2.04047537548913,0.63570051991737,3.44525023106089,"More negative / less positive toxicant–LE8_no_sleep association in lifestyle-risk group"
"NPMA_ln_U","Sleep","LE8_no_sleep","Continuous","Continuous, per 1 SD",2224,1223,1001,0.328074446511781,-1.34142441780577,1.99757331082933,0.67372295393276,0.96782499090822,0.926488854538955,0.604048790502439,-0.532844186508531,1.74094176751341,0.93212323701422,-0.244700269030184,2.10894674305862,"More positive / less negative toxicant–LE8_no_sleep association in lifestyle-risk group"
"GAM_Cys_binary_U","Sleep","LE8_no_sleep","Binary","Binary 0/1",2253,1242,1011,0.628499256711626,-2.73394983687383,3.99094835029709,0.688679670403566,0.96782499090822,0.926488854538955,-5.95996346936655,-8.08108998094764,-3.83883695778546,-5.33146421265492,-7.80683150670236,-2.85609691860749,"More positive / less negative toxicant–LE8_no_sleep association in lifestyle-risk group"
"PrP_ln_U","Sleep","LE8_no_sleep","Continuous","Continuous, per 1 SD",2212,1217,995,-0.3041844123471,-1.96188739203415,1.35351856733995,0.694045068184408,0.96782499090822,0.926488854538955,2.087270211663,0.896009466845849,3.27853095648014,1.7830857993159,0.454062303768565,3.11210929486323,"More negative / less positive toxicant–LE8_no_sleep association in lifestyle-risk group"
"OXY_binary_U","Sleep","LE8_no_sleep","Binary","Binary 0/1",2257,1220,1037,-0.75632801055724,-5.09763015962759,3.58497413851311,0.708694449984747,0.96782499090822,0.926488854538955,2.29717351846462,-1.23165687313341,5.82600391006265,1.54084550790738,-1.46260672862546,4.54429774444022,"More negative / less positive toxicant–LE8_no_sleep association in lifestyle-risk group"
"PFUnDA_binary_S","Sleep","LE8_no_sleep","Binary","Binary 0/1",2211,1211,1000,-0.637010429153551,-4.2949008798826,3.0208800215755,0.708805288174771,0.96782499090822,0.926488854538955,4.37913466549064,1.82957280816451,6.92869652281676,3.74212423633709,0.373588082699165,7.11066038997501,"More negative / less positive toxicant–LE8_no_sleep association in lifestyle-risk group"
"Cd_ln_U","Sleep","LE8_no_sleep","Continuous","Continuous, per 1 SD",2266,1251,1015,0.174848611034783,-0.831035589466966,1.18073281153653,0.709314508871366,0.96782499090822,0.926488854538955,-1.47204016129106,-2.83169633887299,-0.112383983709132,-1.29719155025628,-2.31808217852819,-0.276300921984366,"More positive / less negative toxicant–LE8_no_sleep association in lifestyle-risk group"
"W_ln_U","Sleep","LE8_no_sleep","Continuous","Continuous, per 1 SD",2265,1250,1015,-0.324551497647713,-2.22055611456967,1.57145311927425,0.713520778915068,0.96782499090822,0.926488854538955,-0.153416047130279,-1.42753576486662,1.12070367060606,-0.477967544777992,-1.72686457781861,0.770929488262623,"More negative / less positive toxicant–LE8_no_sleep association in lifestyle-risk group"
"U_ln_U","Sleep","LE8_no_sleep","Continuous","Continuous, per 1 SD",2266,1251,1015,0.216445022877769,-1.18498006984943,1.61787011560496,0.74030846895497,0.96782499090822,0.938774143610983,-0.664767550042748,-1.53042855783358,0.200893457748087,-0.448322527164978,-1.43260629394983,0.535961239619871,"More positive / less negative toxicant–LE8_no_sleep association in lifestyle-risk group"
"MEP_ln_U","Sleep","LE8_no_sleep","Continuous","Continuous, per 1 SD",2212,1217,995,-0.265087214238139,-2.05585224305003,1.52567781457376,0.750680398170249,0.96782499090822,0.947119432817186,0.347400821769261,-1.1278148072635,1.82261645080202,0.0823136075311217,-1.14752536341631,1.31215257847855,"More negative / less positive toxicant–LE8_no_sleep association in lifestyle-risk group"
"X1_PH_ln_U","Sleep","LE8_no_sleep","Continuous","Continuous, per 1 SD",2260,1246,1014,0.279676378637654,-1.61736385029633,2.17671660757164,0.751656865306257,0.96782499090822,0.947119432817186,-1.23099673609447,-2.72147911799926,0.259485645810311,-0.95132035745682,-1.93884173402668,0.0362010191130415,"More positive / less negative toxicant–LE8_no_sleep association in lifestyle-risk group"
"Chloroform_binary_S","Sleep","LE8_no_sleep","Binary","Binary 0/1",3280,1803,1477,0.396556362384091,-2.31792751463163,3.11104023939981,0.753828494514834,0.96782499090822,0.947792847378163,0.739119282680106,-1.1999871738465,2.67822573920671,1.1356756450642,-0.526362256616587,2.79771354674498,"More positive / less negative toxicant–LE8_no_sleep association in lifestyle-risk group"
"o_Xylene_binary_S","Sleep","LE8_no_sleep","Binary","Binary 0/1",3365,1853,1512,-0.46381521856664,-3.73752836958255,2.80989793244927,0.760998636183777,0.96782499090822,0.947792847378163,-4.44441233576573,-7.09841328361238,-1.79041138791907,-4.90822755433237,-7.50672188358435,-2.30973322508039,"More negative / less positive toxicant–LE8_no_sleep association in lifestyle-risk group"
"Harman_ln_U","Sleep","LE8_no_sleep","Continuous","Continuous, per 1 SD",1163,640,523,0.263834805537148,-1.44162827605197,1.96929788712627,0.761732842104262,0.96782499090822,0.947792847378163,-0.0401414325914796,-0.901576030170264,0.821293164987305,0.223693372945668,-1.36484298160833,1.81222972749966,"More positive / less negative toxicant–LE8_no_sleep association in lifestyle-risk group"
"CEMA_CYM_ln_U","Sleep","LE8_no_sleep","Continuous","Continuous, per 1 SD",2227,1227,1000,0.277002120510232,-1.71551758824899,2.26952182926945,0.765330601824386,0.96782499090822,0.948309851740819,-3.54927124935167,-4.94224073743879,-2.15630176126455,-3.27226912884143,-4.43918897558637,-2.1053492820965,"More positive / less negative toxicant–LE8_no_sleep association in lifestyle-risk group"
"X4_ABP_ln_U","Sleep","LE8_no_sleep","Continuous","Continuous, per 1 SD",1127,620,507,-0.337530975213071,-2.72129227565568,2.04623032522954,0.781378558085921,0.96782499090822,0.956885338977553,-1.30060831373765,-3.10667800727183,0.50546137979653,-1.63813928895072,-3.29174994068702,0.015471362785578,"More negative / less positive toxicant–LE8_no_sleep association in lifestyle-risk group"
"X3_FL_ln_U","Sleep","LE8_no_sleep","Continuous","Continuous, per 1 SD",2256,1243,1013,0.326560912344818,-2.20665344574838,2.85977527043802,0.781884496781994,0.96782499090822,0.956885338977553,-2.74025212764211,-4.46394715994361,-1.01655709534061,-2.41369121529729,-3.80591457365,-1.02146785694458,"More positive / less negative toxicant–LE8_no_sleep association in lifestyle-risk group"
"Perchlorate_ln_U","Sleep","LE8_no_sleep","Continuous","Continuous, per 1 SD",2254,1244,1010,-0.308140558619571,-2.73322235236072,2.11694123512158,0.784922574516727,0.96782499090822,0.958634947565511,2.44521482565813,0.890775910238359,3.99965374107791,2.13707426703856,0.338493268298844,3.93565526577828,"More negative / less positive toxicant–LE8_no_sleep association in lifestyle-risk group"
"X2_HPMA_ln_U","Sleep","LE8_no_sleep","Continuous","Continuous, per 1 SD",2230,1232,998,-0.222105888218083,-2.05646003388194,1.61224825744577,0.794785170200979,0.96782499090822,0.968637118395984,0.154182795429168,-1.14255583485167,1.45092142571001,-0.0679230927889151,-1.22063648757602,1.08479030199819,"More negative / less positive toxicant–LE8_no_sleep association in lifestyle-risk group"
"DBUP_binary_U","Sleep","LE8_no_sleep","Binary","Binary 0/1",2051,1119,932,0.403192150844582,-3.27515162215643,4.08153592384559,0.813795265778779,0.96782499090822,0.972739501409888,-1.14017964519818,-3.52806323470367,1.24770394430731,-0.736987494353598,-3.79048796952322,2.31651298081603,"More positive / less negative toxicant–LE8_no_sleep association in lifestyle-risk group"
"TBPPP_binary_U","Sleep","LE8_no_sleep","Binary","Binary 0/1",934,529,405,-0.861564795097321,-8.07826932022707,6.35513973003242,0.81499281982346,0.96782499090822,0.972739501409888,2.2057320361264,-2.64202228491239,7.05348635716519,1.34416724102908,-3.36993202430968,6.05826650636783,"More negative / less positive toxicant–LE8_no_sleep association in lifestyle-risk group"
"Tl_ln_U","Sleep","LE8_no_sleep","Continuous","Continuous, per 1 SD",2266,1251,1015,0.187650703511682,-1.55054878432612,1.92585019134949,0.81654998397631,0.96782499090822,0.972739501409888,2.09422505063904,0.991644335549434,3.19680576572865,2.28187575415072,0.600177769998087,3.96357373830336,"More positive / less negative toxicant–LE8_no_sleep association in lifestyle-risk group"
"MEHP_binary_U","Sleep","LE8_no_sleep","Binary","Binary 0/1",2213,1217,996,0.325433113336625,-2.70611527920111,3.35698150587436,0.817562573337641,0.96782499090822,0.972739501409888,0.155958282456664,-1.77585829684823,2.08777486176156,0.481391395793289,-2.07306113058905,3.03584392217563,"More positive / less negative toxicant–LE8_no_sleep association in lifestyle-risk group"
"PFHpA_binary_S","Sleep","LE8_no_sleep","Binary","Binary 0/1",1166,628,538,-0.995440747917069,-9.78302030341472,7.79213880758058,0.824297463514534,0.96782499090822,0.972739501409888,-0.47548544208124,-4.36919986478405,3.41822898062157,-1.47092618999831,-8.07779496315738,5.13594258316076,"More negative / less positive toxicant–LE8_no_sleep association in lifestyle-risk group"
"MBzP_ln_U","Sleep","LE8_no_sleep","Continuous","Continuous, per 1 SD",2212,1217,995,0.134765602193224,-1.17745294864919,1.44698415303564,0.825313597942239,0.96782499090822,0.972739501409888,-1.5019945896661,-2.36980905874294,-0.634180120589264,-1.36722898747288,-2.38609735504592,-0.348360619899834,"More positive / less negative toxicant–LE8_no_sleep association in lifestyle-risk group"
"Benzene_binary_S","Sleep","LE8_no_sleep","Binary","Binary 0/1",3280,1803,1477,0.274037692194593,-2.55181398292878,3.09988936731797,0.834887383651963,0.96782499090822,0.972739501409888,-5.68437882902121,-8.21117127385029,-3.15758638419212,-5.41034113682661,-7.85472343369204,-2.96595883996118,"More positive / less negative toxicant–LE8_no_sleep association in lifestyle-risk group"
"X1_PY_ln_U","Sleep","LE8_no_sleep","Continuous","Continuous, per 1 SD",2259,1246,1013,-0.220989705443579,-2.57272427272808,2.13074486184092,0.839926026971621,0.96782499090822,0.972739501409888,-0.353655545793294,-2.21806747718788,1.51075638560129,-0.574645251236873,-1.9881602646797,0.838869762205953,"More negative / less positive toxicant–LE8_no_sleep association in lifestyle-risk group"
"DPCP_binary_U","Sleep","LE8_no_sleep","Binary","Binary 0/1",1118,591,527,-0.641351793645412,-6.87653663650737,5.59383304921654,0.840227796008508,0.96782499090822,0.972739501409888,2.41699220920596,-3.08510323690853,7.91908765532046,1.77564041556055,-3.20443914453724,6.75571997565834,"More negative / less positive toxicant–LE8_no_sleep association in lifestyle-risk group"
"X2_AN_ln_U","Sleep","LE8_no_sleep","Continuous","Continuous, per 1 SD",1113,610,503,0.274835787671813,-2.39912745204534,2.94879902738896,0.840347204327557,0.96782499090822,0.972739501409888,-1.15556896128212,-3.14568916023821,0.834551237673981,-0.880733173610302,-2.12298829307553,0.361521945854921,"More positive / less negative toxicant–LE8_no_sleep association in lifestyle-risk group"
"m_p_Xylene_binary_S","Sleep","LE8_no_sleep","Binary","Binary 0/1",3358,1849,1509,-0.236087025122526,-2.7822179744002,2.31004392415515,0.842014754133882,0.96782499090822,0.972739501409888,-1.50062923148387,-3.63689075019304,0.635632287225292,-1.7367162566064,-3.78674176136492,0.313309248152118,"More negative / less positive toxicant–LE8_no_sleep association in lifestyle-risk group"
"MDA_binary_U","Sleep","LE8_no_sleep","Binary","Binary 0/1",1044,585,459,0.65131482385479,-6.21116711044681,7.51379675815639,0.852429682070895,0.96782499090822,0.97514028889492,-2.56936426137082,-7.26233784959964,2.123609326858,-1.91804943751603,-6.94734334329895,3.1112444682669,"More positive / less negative toxicant–LE8_no_sleep association in lifestyle-risk group"
"THg_ln_S","Sleep","LE8_no_sleep","Continuous","Continuous, per 1 SD",3437,1886,1551,-0.114693246005559,-1.4816584821622,1.25227199015108,0.856848151097767,0.96782499090822,0.978317046080976,2.27788442063252,1.34357462795121,3.21219421331384,2.16319117462697,1.13654510349577,3.18983724575816,"More negative / less positive toxicant–LE8_no_sleep association in lifestyle-risk group"
"X1_AN_ln_U","Sleep","LE8_no_sleep","Continuous","Continuous, per 1 SD",1110,613,497,-0.252464352311219,-3.14741689478497,2.64248819016254,0.86428239257191,0.96782499090822,0.979466590692554,-2.16654427142354,-3.86566046809752,-0.46742807474956,-2.41900862373476,-4.05403510300192,-0.783982144467597,"More negative / less positive toxicant–LE8_no_sleep association in lifestyle-risk group"
"MMA_binary_U","Sleep","LE8_no_sleep","Binary","Binary 0/1",2272,1255,1017,-0.286778472288564,-3.89816430518484,3.32460736060772,0.864428568295778,0.96782499090822,0.979466590692554,3.70642921982606,1.54612948025541,5.86672895939671,3.4196507475375,0.103555031554812,6.73574646352018,"More negative / less positive toxicant–LE8_no_sleep association in lifestyle-risk group"
"IPM3_Cys_ln_U","Sleep","LE8_no_sleep","Continuous","Continuous, per 1 SD",1072,597,475,0.131733028629443,-1.670965531122,1.93443158838088,0.886112271350003,0.96782499090822,0.984465611407303,-3.72948452427625,-5.24634426854014,-2.21262478001235,-3.5977514956468,-4.98826995071195,-2.20723304058165,"More positive / less negative toxicant–LE8_no_sleep association in lifestyle-risk group"
"Ethylbenzene_binary_S","Sleep","LE8_no_sleep","Binary","Binary 0/1",3285,1803,1482,-0.225651913968293,-3.80649429184734,3.35519046391076,0.892195218292319,0.96782499090822,0.984465611407303,-5.88687268961882,-8.94798274837065,-2.82576263086699,-6.11252460358711,-9.17483456295694,-3.05021464421729,"More negative / less positive toxicant–LE8_no_sleep association in lifestyle-risk group"
"Sr_ln_U","Sleep","LE8_no_sleep","Continuous","Continuous, per 1 SD",2266,1251,1015,-0.0883673241884102,-1.49349748432796,1.31676283595114,0.892411595517251,0.96782499090822,0.984465611407303,1.60341917372493,0.310221813276367,2.89661653417349,1.51505184953652,0.487175103093602,2.54292859597943,"More negative / less positive toxicant–LE8_no_sleep association in lifestyle-risk group"
"Nitrate_ln_U","Sleep","LE8_no_sleep","Continuous","Continuous, per 1 SD",2255,1245,1010,-0.0985644476346812,-1.70706791258114,1.50993901731178,0.895150856663138,0.96782499090822,0.984465611407303,2.05257122043764,0.74948700068399,3.35565544019129,1.95400677280296,0.687410232569043,3.22060331303687,"More negative / less positive toxicant–LE8_no_sleep association in lifestyle-risk group"
"CEMA_CEM_ln_U","Sleep","LE8_no_sleep","Continuous","Continuous, per 1 SD",2240,1233,1007,0.0937706271709133,-1.49727808866051,1.68481934300233,0.89913111976516,0.96782499090822,0.98447297975783,-2.85315991984889,-4.20963993274227,-1.49667990695551,-2.75938929267798,-3.79242710837484,-1.72635147698112,"More positive / less negative toxicant–LE8_no_sleep association in lifestyle-risk group"
"X1_NP_ln_U","Sleep","LE8_no_sleep","Continuous","Continuous, per 1 SD",2184,1196,988,-0.147967556896239,-2.71756735436326,2.42163224057078,0.901432224802909,0.96782499090822,0.98447297975783,-1.39898401726067,-2.74534467010847,-0.0526233644128651,-1.54695157415691,-3.33791331489806,0.244010166584246,"More negative / less positive toxicant–LE8_no_sleep association in lifestyle-risk group"
"X14_DCB_binary_S","Sleep","LE8_no_sleep","Binary","Binary 0/1",3343,1841,1502,0.192253103977751,-3.22196965885954,3.60647586681505,0.903601384848714,0.96782499090822,0.98447297975783,0.138506145351981,-2.16642145625017,2.44343374695413,0.330759249329732,-1.68173792127336,2.34325641993283,"More positive / less negative toxicant–LE8_no_sleep association in lifestyle-risk group"
"PMM_Cys_ln_U","Sleep","LE8_no_sleep","Continuous","Continuous, per 1 SD",2229,1229,1000,-0.0948964568000454,-1.88792832573073,1.69813541213064,0.909365763269468,0.96782499090822,0.98447297975783,-2.30862030456042,-3.76744780514614,-0.849792803974697,-2.40351676136046,-3.51413834847671,-1.29289517424422,"More negative / less positive toxicant–LE8_no_sleep association in lifestyle-risk group"
"PFNA_ln_S","Sleep","LE8_no_sleep","Continuous","Continuous, per 1 SD",2211,1211,1000,-0.0843043702493235,-1.89119464047495,1.72258589997631,0.920055831515967,0.969488609019671,0.98447297975783,0.420478410772246,-0.997607298335152,1.83856411987964,0.336174040522922,-1.01348859351074,1.68583667455658,"More negative / less positive toxicant–LE8_no_sleep association in lifestyle-risk group"
"FA_ln_S","Sleep","LE8_no_sleep","Continuous","Continuous, per 1 SD",2059,1129,930,-0.0631389396195894,-1.4857982485837,1.35952036934452,0.923942164300626,0.969488609019671,0.98447297975783,0.698141288957071,-0.489022317353899,1.88530489526804,0.635002349337481,-0.680770831212165,1.95077552988713,"More negative / less positive toxicant–LE8_no_sleep association in lifestyle-risk group"
"X4_MDA_binary_U","Sleep","LE8_no_sleep","Binary","Binary 0/1",1029,573,456,0.231931686286654,-5.06621585273027,5.53007922530357,0.931625902652024,0.970715101364696,0.98447297975783,-0.511055271054705,-4.11824478717092,3.09613424506151,-0.279123584768051,-3.40871845214491,2.85047128260881,"More positive / less negative toxicant–LE8_no_sleep association in lifestyle-risk group"
"PHE_Cys_binary_U","Sleep","LE8_no_sleep","Binary","Binary 0/1",2200,1205,995,-0.124653649548014,-4.09642185915425,3.84711456005822,0.946167468374532,0.973614051993576,0.98447297975783,-5.07877459053638,-7.58065295811071,-2.57689622296205,-5.20342824008439,-7.80763614232011,-2.59922033784868,"More negative / less positive toxicant–LE8_no_sleep association in lifestyle-risk group"
"o_TLD_ln_U","Sleep","LE8_no_sleep","Continuous","Continuous, per 1 SD",1087,603,484,0.0873848161567343,-2.51252699334038,2.68729662565385,0.947476762007171,0.973614051993576,0.98447297975783,0.245742542638983,-1.48655977400491,1.97804485928287,0.333127358795717,-1.31350226673397,1.97975698432541,"More positive / less negative toxicant–LE8_no_sleep association in lifestyle-risk group"
"Mn_binary_U","Sleep","LE8_no_sleep","Binary","Binary 0/1",2268,1252,1016,0.093992682324783,-4.47741381311829,4.66539917776785,0.964715592147141,0.984538515273452,0.991097345811026,-1.97881668637888,-4.86242795456245,0.90479458180469,-1.8848240040541,-4.74120650515874,0.971558497050553,"More positive / less negative toxicant–LE8_no_sleep association in lifestyle-risk group"
"PFHS_ln_S","Sleep","LE8_no_sleep","Continuous","Continuous, per 1 SD",2211,1211,1000,0.0307925570968895,-2.10862473930949,2.17020985350327,0.975295769591554,0.988565099790078,0.995336093624257,0.341800216998172,-1.2606100836563,1.94421051765265,0.372592774095062,-0.712188020882334,1.45737356907246,"More positive / less negative toxicant–LE8_no_sleep association in lifestyle-risk group"
"Pb_ln_U","Sleep","LE8_no_sleep","Continuous","Continuous, per 1 SD",2266,1251,1015,0.0107978931863845,-1.11126715533735,1.13286294171012,0.983480919078597,0.990126060423723,0.997922557157492,1.49971357756204,0.466130691058712,2.53329646406536,1.51051147074842,0.215325460277452,2.80569748121939,"More positive / less negative toxicant–LE8_no_sleep association in lifestyle-risk group"
"X3_HPMA_ln_U","Sleep","LE8_no_sleep","Continuous","Continuous, per 1 SD",2170,1194,976,0.00510199785411096,-2.15313377099533,2.16333776670355,0.995941742885551,0.995941742885551,0.997922557157492,-2.03405355547511,-3.55850847305765,-0.509598637892578,-2.028951557621,-3.13774155382432,-0.920161561417682,"More positive / less negative toxicant–LE8_no_sleep association in lifestyle-risk group"
"X2_AN_ln_U","Smoking","LE8_no_smoking","Continuous","Continuous, per 1 SD",1113,606,507,-3.56608070346951,-5.79374521427671,-1.3384161926623,0.00170371181469053,0.225234060542322,0.253853060388889,3.71134159484396,1.88390320340665,5.53877998628127,0.145260891374456,-0.986108887048014,1.27663066979692,"More negative / less positive toxicant–LE8_no_smoking association in lifestyle-risk group"
"DETP_binary_U","Smoking","LE8_no_smoking","Binary","Binary 0/1",1043,566,477,6.5185734709195,2.21010385563522,10.8270430862038,0.00302327598043385,0.225234060542322,0.360374496867715,-0.709308362604463,-4.3081897992155,2.88957307400657,5.80926510831504,2.06356001347189,9.55497020315819,"More positive / less negative toxicant–LE8_no_smoking association in lifestyle-risk group"
"CEMA_CYM_ln_U","Smoking","LE8_no_smoking","Continuous","Continuous, per 1 SD",2227,1200,1027,-3.14753627071485,-5.28957789413093,-1.00549464729877,0.0079563127355724,0.320559767513654,0.420286715374257,2.82530642213258,0.881984454742157,4.76862838952301,-0.322229848582263,-1.41481058436396,0.770350887199437,"More negative / less positive toxicant–LE8_no_smoking association in lifestyle-risk group"
"X4_MDA_binary_U","Smoking","LE8_no_smoking","Binary","Binary 0/1",1029,564,465,-4.75727369114119,-8.48934711198348,-1.02520027029889,0.0124767325807865,0.320559767513654,0.420286715374257,2.29943073275482,-0.574561240972592,5.17342270648223,-2.45784295838637,-4.71887328425976,-0.196812632512975,"More negative / less positive toxicant–LE8_no_smoking association in lifestyle-risk group"
"X1_PY_ln_U","Smoking","LE8_no_smoking","Continuous","Continuous, per 1 SD",2259,1218,1041,-1.76646726051438,-3.12496985355606,-0.407964667472703,0.0154625720681355,0.320559767513654,0.420286715374257,2.20393615635622,0.831656039781922,3.57621627293051,0.437468895841835,-0.739600467041864,1.61453825872553,"More negative / less positive toxicant–LE8_no_smoking association in lifestyle-risk group"
"PMM_Cys_ln_U","Smoking","LE8_no_smoking","Continuous","Continuous, per 1 SD",2229,1208,1021,-2.62960100578455,-4.66593790144924,-0.593264110119866,0.0160181941579943,0.320559767513654,0.420286715374257,2.08404533864495,0.480871000717559,3.68721967657234,-0.545555667139605,-1.62453590301607,0.533424568736864,"More negative / less positive toxicant–LE8_no_smoking association in lifestyle-risk group"
"PFNA_ln_S","Smoking","LE8_no_smoking","Continuous","Continuous, per 1 SD",2211,1189,1022,1.77263003647609,0.398818838959581,3.14644123399259,0.016083785000635,0.320559767513654,0.420286715374257,-0.596364267418578,-1.8993661793334,0.706637644496245,1.17626576905751,0.180992895979549,2.17153864213547,"More positive / less negative toxicant–LE8_no_smoking association in lifestyle-risk group"
"OXY_binary_U","Smoking","LE8_no_smoking","Binary","Binary 0/1",2257,1203,1054,-4.10325309943579,-7.32631125602416,-0.880194942847414,0.0172112626852968,0.320559767513654,0.420286715374257,3.2847065065039,0.671596045738192,5.8978169672696,-0.818546592931889,-3.82861171874382,2.19151853288004,"More negative / less positive toxicant–LE8_no_smoking association in lifestyle-risk group"
"PFDA_ln_S","Smoking","LE8_no_smoking","Continuous","Continuous, per 1 SD",2211,1189,1022,2.22615757366052,0.434259225079969,4.01805592224107,0.0194254726704408,0.321599491988408,0.420286715374257,0.0905234880407849,-1.19310435089061,1.37415132697218,2.31668106170131,1.00571170117091,3.62765042223171,"More positive / less negative toxicant–LE8_no_smoking association in lifestyle-risk group"
"MA_ln_U","Smoking","LE8_no_smoking","Continuous","Continuous, per 1 SD",2210,1187,1023,-2.42111330618247,-4.4255749808596,-0.416651631505335,0.0222467376357757,0.324767007334653,0.420286715374257,2.20672947312195,0.788537457156361,3.62492148908754,-0.214383833060519,-1.46808091750688,1.03931325138584,"More negative / less positive toxicant–LE8_no_smoking association in lifestyle-risk group"
"X2_HPMA_ln_U","Smoking","LE8_no_smoking","Continuous","Continuous, per 1 SD",2230,1206,1024,-2.09806964467425,-3.86292583428421,-0.333213455064302,0.0239760877898066,0.324767007334653,0.420286715374257,2.49295544713735,1.25402870583432,3.73188218844037,0.394885802463093,-0.747320880904822,1.53709248583101,"More negative / less positive toxicant–LE8_no_smoking association in lifestyle-risk group"
"Harman_ln_U","Smoking","LE8_no_smoking","Continuous","Continuous, per 1 SD",1163,625,538,-1.68184549812398,-3.21511296020586,-0.14857803604209,0.0315639054768207,0.35025397515087,0.450973920290067,2.16195720051628,1.06088321753059,3.26303118350197,0.480111702392304,-0.89220585203512,1.85242925681973,"More negative / less positive toxicant–LE8_no_smoking association in lifestyle-risk group"
"MBzP_ln_U","Smoking","LE8_no_smoking","Continuous","Continuous, per 1 SD",2212,1200,1012,2.00224172435416,0.210641243734038,3.79384220497428,0.0316923357792602,0.35025397515087,0.450973920290067,-2.04810857106871,-2.96629926779279,-1.12991787434462,-0.0458668467145444,-1.44523565816734,1.35350196473825,"More positive / less negative toxicant–LE8_no_smoking association in lifestyle-risk group"
"TCC_binary_U","Smoking","LE8_no_smoking","Binary","Binary 0/1",2214,1201,1013,3.46185090883037,0.310634786546272,6.61306703111448,0.0341305960567236,0.35025397515087,0.45204078332905,-2.68016033037377,-5.34418984436051,-0.0161308163870264,0.781690578456607,-2.01069303427569,3.5740741911889,"More positive / less negative toxicant–LE8_no_smoking association in lifestyle-risk group"
"PFHS_ln_S","Smoking","LE8_no_smoking","Continuous","Continuous, per 1 SD",2211,1189,1022,1.56114146815094,0.114392589812916,3.00789034648896,0.0368241655987624,0.35025397515087,0.464651876186689,-0.267414622494832,-1.40715025856114,0.872321013571478,1.29372684565611,0.262030158189531,2.32542353312268,"More positive / less negative toxicant–LE8_no_smoking association in lifestyle-risk group"
"DPHP_ln_U","Smoking","LE8_no_smoking","Continuous","Continuous, per 1 SD",2049,1075,974,-2.21721097315392,-4.28236449411856,-0.152057452189291,0.037611165116872,0.35025397515087,0.464651876186689,1.4937547675168,0.392366196195181,2.59514333883841,-0.723456205637127,-2.24145930580973,0.794546894535476,"More negative / less positive toxicant–LE8_no_smoking association in lifestyle-risk group"
"X3_FL_ln_U","Smoking","LE8_no_smoking","Continuous","Continuous, per 1 SD",2256,1216,1040,-2.17935159316666,-4.32567301330359,-0.0330301730297222,0.0471239160846,0.391958426535323,0.529982234921422,2.34544013411664,0.207353355136544,4.48352691309673,0.166088540949982,-0.846191157953064,1.17836823985303,"More negative / less positive toxicant–LE8_no_smoking association in lifestyle-risk group"
"A_a_C_binary_U","Smoking","LE8_no_smoking","Binary","Binary 0/1",1162,624,538,3.33371361393349,0.011903905132145,6.65552332273484,0.0491846364821605,0.391958426535323,0.529982234921422,-2.85645560035479,-4.94655449770548,-0.766356703004103,0.4772580135787,-2.21850059811535,3.17301662527275,"More positive / less negative toxicant–LE8_no_smoking association in lifestyle-risk group"
"X1_NP_ln_U","Smoking","LE8_no_smoking","Continuous","Continuous, per 1 SD",2184,1182,1002,-1.52913973085235,-3.09129628331892,0.0330168216142268,0.0542239878874378,0.391958426535323,0.529982234921422,1.45436552446962,0.186172124800049,2.72255892413919,-0.074774206382727,-1.30582638035249,1.15627796758704,"More negative / less positive toxicant–LE8_no_smoking association in lifestyle-risk group"
"W_ln_U","Smoking","LE8_no_smoking","Continuous","Continuous, per 1 SD",2265,1219,1046,-1.31630404613305,-2.66476539910954,0.0321573068434327,0.0547899413909903,0.391958426535323,0.529982234921422,0.462475458789736,-0.597619750529527,1.522570668109,-0.853828587343318,-1.89777028890273,0.190113114216099,"More negative / less positive toxicant–LE8_no_smoking association in lifestyle-risk group"
"n_PFOS_ln_S","Smoking","LE8_no_smoking","Continuous","Continuous, per 1 SD",1045,561,484,1.84205494971581,-0.0413193486978936,3.72542924812952,0.0552424628002804,0.391958426535323,0.529982234921422,-0.509916746105406,-2.33875145712094,1.31891796491013,1.33213820361041,0.661176604561248,2.00309980265956,"More positive / less negative toxicant–LE8_no_smoking association in lifestyle-risk group"
"PGA_ln_U","Smoking","LE8_no_smoking","Continuous","Continuous, per 1 SD",2211,1193,1018,-1.83332430352521,-3.74670694691813,0.080058339867713,0.058689307893983,0.394234464361614,0.529982234921422,2.03069901402274,0.630341084367838,3.43105694367765,0.197374710497535,-1.14453451046974,1.53928393146481,"More negative / less positive toxicant–LE8_no_smoking association in lifestyle-risk group"
"MB3_Cys_ln_U","Smoking","LE8_no_smoking","Continuous","Continuous, per 1 SD",2197,1179,1018,-1.96368616037157,-4.08716946741071,0.159797146667565,0.0666343620123382,0.394234464361614,0.567343996562194,1.5441843526695,-0.177870438402687,3.26623914374169,-0.41950180770207,-1.44576187484767,0.606758259443533,"More negative / less positive toxicant–LE8_no_smoking association in lifestyle-risk group"
"BDCPP_ln_U","Smoking","LE8_no_smoking","Continuous","Continuous, per 1 SD",2042,1071,971,-1.31156570138414,-2.77570282260862,0.152571419840342,0.0743246082148056,0.394234464361614,0.588695630655698,0.26077110217991,-1.11706471603609,1.63860692039591,-1.05079459920423,-1.99776927470252,-0.103819923705937,"More negative / less positive toxicant–LE8_no_smoking association in lifestyle-risk group"
"MeFOSAA_binary_S","Smoking","LE8_no_smoking","Binary","Binary 0/1",2211,1189,1022,3.38576410410037,-0.41406794933455,7.18559615753529,0.0756667029477094,0.394234464361614,0.588695630655698,-0.150572740434393,-2.66139764143219,2.36025216056341,3.23519136366598,0.748436021293801,5.72194670603815,"More positive / less negative toxicant–LE8_no_smoking association in lifestyle-risk group"
"Co_ln_U","Smoking","LE8_no_smoking","Continuous","Continuous, per 1 SD",2266,1220,1046,-1.43707835337664,-3.05027059045419,0.176113883700908,0.0757238100148165,0.394234464361614,0.588695630655698,1.76904286684742,0.680627409319363,2.85745832437547,0.331964513470774,-0.89114656551505,1.5550755924566,"More negative / less positive toxicant–LE8_no_smoking association in lifestyle-risk group"
"PMA_binary_U","Smoking","LE8_no_smoking","Binary","Binary 0/1",2222,1196,1026,-3.0787708615883,-6.54947122562169,0.391929502445087,0.0767979120263356,0.394234464361614,0.588695630655698,-0.356459514019364,-2.31290887001602,1.59998984197729,-3.43523037560766,-6.10033494981786,-0.770125801397465,"More negative / less positive toxicant–LE8_no_smoking association in lifestyle-risk group"
"X1_PH_ln_U","Smoking","LE8_no_smoking","Continuous","Continuous, per 1 SD",2260,1218,1042,-1.33929586605823,-2.85053891211788,0.171947180001415,0.0770440590455443,0.394234464361614,0.588695630655698,0.852053033701868,-0.27079754387756,1.9749036112813,-0.487242832356366,-1.5697358709748,0.595250206262068,"More negative / less positive toxicant–LE8_no_smoking association in lifestyle-risk group"
"Cd_ln_S","Smoking","LE8_no_smoking","Continuous","Continuous, per 1 SD",3437,1869,1568,-1.4042136307325,-2.99492794102347,0.186500679558471,0.0780508693508773,0.394234464361614,0.58883947003953,1.31346017482169,-6.72597451920609e-05,2.62698760938857,-0.090753455910807,-1.1468650085605,0.965358096738883,"More negative / less positive toxicant–LE8_no_smoking association in lifestyle-risk group"
"AsC_binary_U","Smoking","LE8_no_smoking","Binary","Binary 0/1",2272,1225,1047,3.33036709248417,-0.461643509186169,7.12237769415451,0.0793760666499894,0.394234464361614,0.591351696542421,-0.302136090483374,-3.75082177586937,3.14654959490262,3.0282310020008,0.62570373131637,5.43075827268523,"More positive / less negative toxicant–LE8_no_smoking association in lifestyle-risk group"
"Benzene_binary_S","Smoking","LE8_no_smoking","Binary","Binary 0/1",3280,1782,1498,-3.09310747249114,-6.66718252292902,0.480967577946745,0.0832715666852519,0.400240756003308,0.604203180326258,1.62469883749746,-1.11331376158374,4.36271143657867,-1.46840863499367,-3.44979261780268,0.512975347815337,"More negative / less positive toxicant–LE8_no_smoking association in lifestyle-risk group"
"HEMA_binary_U","Smoking","LE8_no_smoking","Binary","Binary 0/1",2238,1206,1032,-3.17204861287171,-6.98649078181931,0.642393556075893,0.0944060854604581,0.428144504633798,0.614294289257189,0.647034158522539,-1.51961828205673,2.81368659910181,-2.52501445434917,-4.82701463775617,-0.223014270942164,"More negative / less positive toxicant–LE8_no_smoking association in lifestyle-risk group"
"DPCP_binary_U","Smoking","LE8_no_smoking","Binary","Binary 0/1",1118,581,537,-5.49032266489451,-11.9320753131623,0.951429983373293,0.094823950690707,0.428144504633798,0.614294289257189,4.47027341966349,-0.836584573659326,9.77713141298631,-1.02004924523102,-4.77264697256862,2.73254848210658,"More negative / less positive toxicant–LE8_no_smoking association in lifestyle-risk group"
"o_ANS_ln_U","Smoking","LE8_no_smoking","Continuous","Continuous, per 1 SD",1056,566,490,-1.85848149752196,-4.10278074565171,0.385817750607779,0.10458377367225,0.458323008151919,0.62589063985396,2.57233487368547,1.17010890527324,3.9745608420977,0.713853376163506,-1.08658641864457,2.51429317097159,"More negative / less positive toxicant–LE8_no_smoking association in lifestyle-risk group"
"Tl_ln_U","Smoking","LE8_no_smoking","Continuous","Continuous, per 1 SD",2266,1220,1046,-1.15229722712517,-2.6040072755844,0.299412821334069,0.108453438568487,0.461148628820064,0.628334873141598,2.9963770849556,1.85638925013129,4.1363649197799,1.84407985783043,0.672296016010517,3.01586369965034,"More negative / less positive toxicant–LE8_no_smoking association in lifestyle-risk group"
"CYHA_Cys_binary_U","Smoking","LE8_no_smoking","Binary","Binary 0/1",1074,586,488,2.77141211852231,-0.640887200466322,6.18371143751095,0.111418460654512,0.461148628820064,0.633958646193645,-5.52603226008145,-10.4224351393373,-0.629629380825617,-2.75462014155913,-5.58152512321245,0.0722848400941851,"More positive / less negative toxicant–LE8_no_smoking association in lifestyle-risk group"
"Chloroform_binary_S","Smoking","LE8_no_smoking","Binary","Binary 0/1",3280,1784,1496,-1.80224012580382,-4.18589719243937,0.581416940831733,0.124283360511624,0.500492451790053,0.633958646193645,2.30268340819011,0.367070821532665,4.23829599484756,0.500443282386296,-0.977196433171476,1.97808299794407,"More negative / less positive toxicant–LE8_no_smoking association in lifestyle-risk group"
"Perchlorate_ln_U","Smoking","LE8_no_smoking","Continuous","Continuous, per 1 SD",2254,1214,1040,-1.29986209629608,-3.05506250511686,0.455338312524689,0.131375600877357,0.515130645545425,0.636584212381338,2.72007694155486,1.3953505461641,4.04480333694562,1.42021484525878,-0.027763708327301,2.86819339884485,"More negative / less positive toxicant–LE8_no_smoking association in lifestyle-risk group"
"X34_MHA_ln_U","Smoking","LE8_no_smoking","Continuous","Continuous, per 1 SD",2248,1210,1038,-1.24608833669947,-2.99810351147542,0.505926838076484,0.145782447122025,0.556963708235428,0.658229837005506,1.22843728270254,-0.295450262059187,2.75232482746427,-0.0176510539969272,-1.24931689423054,1.21401478623668,"More negative / less positive toxicant–LE8_no_smoking association in lifestyle-risk group"
"GAM_Cys_binary_U","Smoking","LE8_no_smoking","Binary","Binary 0/1",2253,1214,1039,-2.51005530939003,-6.21814698147938,1.19803636269932,0.164361222487386,0.566191637899606,0.669456998147066,-2.28502025835312,-4.39961141923298,-0.170429097473259,-4.79507556774315,-7.53110351708288,-2.05904761840341,"More negative / less positive toxicant–LE8_no_smoking association in lifestyle-risk group"
"Sr_ln_U","Smoking","LE8_no_smoking","Continuous","Continuous, per 1 SD",2266,1220,1046,-1.06004459870238,-2.62860778396348,0.508518586558725,0.164992938273431,0.566191637899606,0.669456998147066,2.160186165795,1.00890297831364,3.31146935327635,1.10014156709262,-0.18236018693128,2.38264332111651,"More negative / less positive toxicant–LE8_no_smoking association in lifestyle-risk group"
"Furan_binary_S","Smoking","LE8_no_smoking","Binary","Binary 0/1",3375,1837,1538,-6.56827567373275,-16.3839583667279,3.24740701926237,0.16882928447981,0.566191637899606,0.669456998147066,5.03024455482493,-4.93389041044805,14.9943795200979,-1.53803111890782,-3.77858267560118,0.702520437785544,"More negative / less positive toxicant–LE8_no_smoking association in lifestyle-risk group"
"PNP_ln_U","Smoking","LE8_no_smoking","Continuous","Continuous, per 1 SD",2222,1185,1037,-1.12823064460839,-2.81456105643115,0.558099767214361,0.168897243902014,0.566191637899606,0.669456998147066,2.25841020502433,1.10693053803719,3.40988987201148,1.13017956041594,-0.159508997296334,2.41986811812821,"More negative / less positive toxicant–LE8_no_smoking association in lifestyle-risk group"
"X2_MHA_ln_U","Smoking","LE8_no_smoking","Continuous","Continuous, per 1 SD",2124,1137,987,-1.10060625852192,-2.76265225085647,0.561439733812628,0.1729302238783,0.566191637899606,0.669456998147066,1.8062245331273,0.486401898641285,3.12604716761331,0.705618274605374,-0.543361390179512,1.95459793939026,"More negative / less positive toxicant–LE8_no_smoking association in lifestyle-risk group"
"BP3_ln_U","Smoking","LE8_no_smoking","Continuous","Continuous, per 1 SD",2212,1200,1012,-0.842876333444318,-2.12005181342701,0.434299146538371,0.174271396693201,0.566191637899606,0.669456998147066,2.58803881084316,1.34189459188716,3.83418302979917,1.74516247739884,0.558168897186266,2.93215605761142,"More negative / less positive toxicant–LE8_no_smoking association in lifestyle-risk group"
"X25_DMF_binary_S","Smoking","LE8_no_smoking","Binary","Binary 0/1",3370,1833,1537,4.00121979057842,-2.11720462377779,10.1196442049346,0.177891856961953,0.566191637899606,0.669456998147066,-4.84853423669945,-10.7808303181326,1.08376184473371,-0.847314446121036,-3.28489729392715,1.59026840168508,"More positive / less negative toxicant–LE8_no_smoking association in lifestyle-risk group"
"X23_OH_PH_ln_U","Smoking","LE8_no_smoking","Continuous","Continuous, per 1 SD",2260,1218,1042,-0.968106118855119,-2.45109573073706,0.51488349302682,0.17859736229048,0.566191637899606,0.669456998147066,0.495454015009974,-1.07867785960505,2.069585889625,-0.472652103845145,-1.57973636340575,0.634432155715463,"More negative / less positive toxicant–LE8_no_smoking association in lifestyle-risk group"
"X25_DCP_ln_U","Smoking","LE8_no_smoking","Continuous","Continuous, per 1 SD",2212,1200,1012,1.04015002857205,-0.587902362820683,2.66820241996478,0.187281998289574,0.576177266063823,0.675491610430536,-0.145088133595947,-1.36266131270654,1.07248504551465,0.895061894976102,-0.417836930739416,2.20796072069162,"More positive / less negative toxicant–LE8_no_smoking association in lifestyle-risk group"
"Norharman_ln_U","Smoking","LE8_no_smoking","Continuous","Continuous, per 1 SD",1149,619,530,-1.77005252037652,-4.41405663329819,0.873951592545153,0.189481114343137,0.576177266063823,0.675491610430536,1.30310136979817,0.130643094566579,2.47555964502976,-0.466951150578351,-2.77415011089416,1.84024780973745,"More negative / less positive toxicant–LE8_no_smoking association in lifestyle-risk group"
"Cd_ln_U","Smoking","LE8_no_smoking","Continuous","Continuous, per 1 SD",2266,1220,1046,-1.0098838353644,-2.61427896642204,0.594511295693232,0.19337664238915,0.576262394319666,0.677955758023136,1.77431869823875,0.427747413624034,3.12088998285347,0.76443486287435,-0.727394579673613,2.25626430542231,"More negative / less positive toxicant–LE8_no_smoking association in lifestyle-risk group"
"BuP_binary_U","Smoking","LE8_no_smoking","Binary","Binary 0/1",2214,1201,1013,-1.96393990207787,-5.18687140681514,1.25899160265939,0.206890391526432,0.604444477204674,0.708659042239963,1.82911704316657,-0.538016313118884,4.19625039945203,-0.134822858911299,-2.98982851995252,2.72018280212992,"More negative / less positive toxicant–LE8_no_smoking association in lifestyle-risk group"
"o_TLD_ln_U","Smoking","LE8_no_smoking","Continuous","Continuous, per 1 SD",1087,585,502,-1.0929695359256,-2.82814037156416,0.642201299712963,0.216992496646854,0.621766961545793,0.709857390100895,1.68390891955418,0.427609438419207,2.94020840068915,0.590939383628579,-0.594683050083449,1.77656181734061,"More negative / less positive toxicant–LE8_no_smoking association in lifestyle-risk group"
"Mo_ln_U","Smoking","LE8_no_smoking","Continuous","Continuous, per 1 SD",2265,1219,1046,-1.02569526541525,-2.79863503898387,0.747244508153366,0.229150807865874,0.644216422113494,0.717045429584856,1.78432409304322,0.867635935430925,2.70101225065551,0.758628827627966,-0.720457978818466,2.2377156340744,"More negative / less positive toxicant–LE8_no_smoking association in lifestyle-risk group"
"PFBA_binary_U","Smoking","LE8_no_smoking","Binary","Binary 0/1",1094,583,511,-2.11824873577243,-5.61848745040118,1.38198997885632,0.235576257069558,0.650015968580818,0.717045429584856,4.59620947645673,1.90580011708764,7.28661883582583,2.4779607406843,-1.03663196380417,5.99255344517277,"More negative / less positive toxicant–LE8_no_smoking association in lifestyle-risk group"
"Thiocyanate_ln_U","Smoking","LE8_no_smoking","Continuous","Continuous, per 1 SD",2249,1209,1040,-1.03115362702639,-2.89627747000253,0.833970215949743,0.249129430682057,0.655555582869686,0.740908086721115,1.38443018929696,-0.0973716410989651,2.86623201969289,0.353276562270569,-0.880452327423911,1.58700545196505,"More negative / less positive toxicant–LE8_no_smoking association in lifestyle-risk group"
"DEP_ln_U","Smoking","LE8_no_smoking","Continuous","Continuous, per 1 SD",1046,567,479,1.07677026816438,-0.826183016050642,2.97972355237941,0.267417543118561,0.655555582869686,0.765743909399809,0.644410660822854,-0.798946136081798,2.08776745772751,1.72118092898724,0.415233323877024,3.02712853409745,"More positive / less negative toxicant–LE8_no_smoking association in lifestyle-risk group"
"X14_DCB_binary_S","Smoking","LE8_no_smoking","Binary","Binary 0/1",3343,1822,1521,1.49449040733369,-1.32295304500107,4.31193385966846,0.267694533327912,0.655555582869686,0.765743909399809,-0.704224480917812,-2.52102684637785,1.11257788454223,0.790265926415881,-1.4107018125341,2.99123366536586,"More positive / less negative toxicant–LE8_no_smoking association in lifestyle-risk group"
"BDCM_binary_S","Smoking","LE8_no_smoking","Binary","Binary 0/1",3341,1819,1522,-1.89234501174511,-5.47342909922546,1.68873907573523,0.26941427842888,0.655555582869686,0.765743909399809,1.26720409428772,-1.4897263038346,4.02413449241004,-0.625140917457393,-2.92102465812751,1.67074282321272,"More negative / less positive toxicant–LE8_no_smoking association in lifestyle-risk group"
"BMA_ln_U","Smoking","LE8_no_smoking","Continuous","Continuous, per 1 SD",2244,1208,1036,-0.952219529550279,-2.7690713827316,0.864632323631037,0.273135503612375,0.655555582869686,0.765743909399809,2.4579116775671,1.23263692130235,3.68318643383185,1.50569214801682,0.601544051176256,2.40984024485738,"More negative / less positive toxicant–LE8_no_smoking association in lifestyle-risk group"
"X1_AN_ln_U","Smoking","LE8_no_smoking","Continuous","Continuous, per 1 SD",1110,594,516,-1.17165497268978,-3.27095904094522,0.927649095565667,0.274004516035222,0.655555582869686,0.765743909399809,1.58557112599092,0.599142568387465,2.57199968359437,0.41391615330114,-1.10683623112454,1.93466853772682,"More negative / less positive toxicant–LE8_no_smoking association in lifestyle-risk group"
"X3_HPMA_ln_U","Smoking","LE8_no_smoking","Continuous","Continuous, per 1 SD",2170,1167,1003,-1.26957708271449,-3.73241631845769,1.1932621530287,0.280665422315146,0.655555582869686,0.768598159437073,1.05707233168047,-0.751235144641199,2.86537980800213,-0.212504751034026,-1.40149854608207,0.976489044014016,"More negative / less positive toxicant–LE8_no_smoking association in lifestyle-risk group"
"PFUnDA_binary_S","Smoking","LE8_no_smoking","Binary","Binary 0/1",2211,1189,1022,1.85569549164304,-1.81549003657207,5.52688101985815,0.289626574564029,0.655555582869686,0.769894580565299,3.5619842946315,1.46829440986594,5.65567417939707,5.41767978627454,2.19314115005242,8.64221842249666,"More positive / less negative toxicant–LE8_no_smoking association in lifestyle-risk group"
"Cs_ln_U","Smoking","LE8_no_smoking","Continuous","Continuous, per 1 SD",2266,1220,1046,-0.875444545027208,-2.61008567231817,0.859196582263758,0.290344736420204,0.655555582869686,0.769894580565299,2.99224859896799,1.66776675807403,4.31673043986194,2.11680405394078,0.588857186578663,3.64475092130289,"More negative / less positive toxicant–LE8_no_smoking association in lifestyle-risk group"
"BPF_binary_U","Smoking","LE8_no_smoking","Binary","Binary 0/1",2213,1200,1013,1.96942896729073,-1.95147122845906,5.89032916304051,0.292522084993347,0.655555582869686,0.771429923256791,-2.41859561153413,-5.17284006132884,0.335648838260591,-0.449166644243398,-3.00215263620233,2.10381934771553,"More positive / less negative toxicant–LE8_no_smoking association in lifestyle-risk group"
"PHE_Cys_binary_U","Smoking","LE8_no_smoking","Binary","Binary 0/1",2200,1184,1016,-1.74102130798421,-5.31182157512621,1.8297789591578,0.30618719864309,0.655555582869686,0.785123573184402,-1.97267529252273,-4.39360345763046,0.448252872584985,-3.71369660050694,-6.11515526425647,-1.31223793675742,"More negative / less positive toxicant–LE8_no_smoking association in lifestyle-risk group"
"Pb_ln_S","Smoking","LE8_no_smoking","Continuous","Continuous, per 1 SD",3437,1869,1568,0.628069652778434,-0.667754843824582,1.92389414938145,0.308921045760069,0.655555582869686,0.785123573184402,1.79059264729889,0.403593200501873,3.17759209409591,2.41866230007733,1.5783017022335,3.25902289792115,"More positive / less negative toxicant–LE8_no_smoking association in lifestyle-risk group"
"EO_ln_S","Smoking","LE8_no_smoking","Continuous","Continuous, per 1 SD",2243,1198,1045,-1.38514598296059,-4.25284151535753,1.48254954943635,0.31051241090756,0.655555582869686,0.785123573184402,1.20605118304693,-1.49499172319718,3.90709408929104,-0.179094799913661,-1.09960574584358,0.741416146016257,"More negative / less positive toxicant–LE8_no_smoking association in lifestyle-risk group"
"Nitrate_ln_U","Smoking","LE8_no_smoking","Continuous","Continuous, per 1 SD",2255,1214,1041,-0.753262132230246,-2.31705647688285,0.810532212422361,0.311782484790757,0.655555582869686,0.785123573184402,2.95828443765026,1.57612936624758,4.34043950905293,2.20502230542001,1.02841816329755,3.38162644754247,"More negative / less positive toxicant–LE8_no_smoking association in lifestyle-risk group"
"MMA_binary_U","Smoking","LE8_no_smoking","Binary","Binary 0/1",2272,1225,1047,1.79261980117186,-1.94295292562851,5.52819252797224,0.313519901565162,0.655555582869686,0.785123573184402,2.79875864613867,0.969379814206498,4.62813747807084,4.59137844731053,1.52711997888735,7.65563691573371,"More positive / less negative toxicant–LE8_no_smoking association in lifestyle-risk group"
"BPA_ln_U","Smoking","LE8_no_smoking","Continuous","Continuous, per 1 SD",2212,1200,1012,0.978957640332991,-1.08019794947943,3.03811323014541,0.317831774147142,0.655555582869686,0.785315449316656,-0.812026890239693,-2.04374450045098,0.419690719971599,0.166930750093298,-1.30854979726168,1.64241129744828,"More positive / less negative toxicant–LE8_no_smoking association in lifestyle-risk group"
"Sm_PFOS_ln_S","Smoking","LE8_no_smoking","Continuous","Continuous, per 1 SD",1045,561,484,1.06865818981061,-1.04272621148304,3.18004259110427,0.321188691075054,0.655555582869686,0.785315449316656,-0.901810281117218,-3.12663172802184,1.32301116578741,0.166847908693393,-0.957554504083231,1.29125032147002,"More positive / less negative toxicant–LE8_no_smoking association in lifestyle-risk group"
"X26_DMA_binary_U","Smoking","LE8_no_smoking","Binary","Binary 0/1",1063,566,497,-3.09116602066255,-9.25767074275968,3.07533870143457,0.325854925975799,0.655555582869686,0.785315449316656,-0.815117539270367,-3.53663468427567,1.90639960573494,-3.90628355993292,-8.84413762463891,1.03157050477307,"More negative / less positive toxicant–LE8_no_smoking association in lifestyle-risk group"
"Mn_binary_U","Smoking","LE8_no_smoking","Binary","Binary 0/1",2268,1222,1046,-1.90566632246196,-6.02796470146529,2.21663205654137,0.330783769324935,0.655555582869686,0.785315449316656,-1.26369122233131,-3.57716460509274,1.04978216043013,-3.16935754479327,-6.43352384886749,0.0948087592809612,"More negative / less positive toxicant–LE8_no_smoking association in lifestyle-risk group"
"Sn_ln_U","Smoking","LE8_no_smoking","Continuous","Continuous, per 1 SD",2265,1219,1046,0.682539643985748,-0.800839413137937,2.16591870110943,0.332948159583612,0.655555582869686,0.785315449316656,-1.56328104064802,-2.8466406754646,-0.279921405831441,-0.88074139666227,-2.02014866355636,0.258665870231817,"More positive / less negative toxicant–LE8_no_smoking association in lifestyle-risk group"
"Total_As_ln_U","Smoking","LE8_no_smoking","Continuous","Continuous, per 1 SD",2266,1220,1046,0.785462064033564,-0.937793155857719,2.50871728392485,0.337316703062188,0.655555582869686,0.785315449316656,2.16016104640026,0.640715053122084,3.67960703967843,2.94562311043382,2.24854262328066,3.64270359758698,"More positive / less negative toxicant–LE8_no_smoking association in lifestyle-risk group"
"DBCM_binary_S","Smoking","LE8_no_smoking","Binary","Binary 0/1",3373,1835,1538,-1.9967496528599,-6.39488515769431,2.4013858519745,0.339150056870777,0.655555582869686,0.786511415933785,0.331855404530939,-2.60598449921412,3.269695308276,-1.66489424832897,-3.92574127639688,0.595952779738945,"More negative / less positive toxicant–LE8_no_smoking association in lifestyle-risk group"
"X4_ABP_ln_U","Smoking","LE8_no_smoking","Continuous","Continuous, per 1 SD",1127,604,523,-1.31972264563996,-4.03994854464765,1.40050325336772,0.341665211194624,0.655555582869686,0.789273123534869,1.90433235892846,-0.241640302443585,4.0503050203005,0.584609713288497,-1.22961208909281,2.3988315156698,"More negative / less positive toxicant–LE8_no_smoking association in lifestyle-risk group"
"CMAC_ln_U","Smoking","LE8_no_smoking","Continuous","Continuous, per 1 SD",2229,1201,1028,-0.963299286765348,-3.10365212344318,1.17705354991248,0.343176748079433,0.655555582869686,0.789704022607498,1.31116163419969,-0.0986981303432408,2.72102139874262,0.347862347434341,-1.25288633359541,1.94861102846409,"More negative / less positive toxicant–LE8_no_smoking association in lifestyle-risk group"
"IPM3_Cys_ln_U","Smoking","LE8_no_smoking","Continuous","Continuous, per 1 SD",1072,584,488,-1.27876351369813,-3.96744576932795,1.40991874193169,0.351244546126012,0.66247389079463,0.802075668548288,0.406728284210315,-2.05234484297812,2.86580141139875,-0.872035229487813,-2.34900318276279,0.604932723787165,"More negative / less positive toxicant–LE8_no_smoking association in lifestyle-risk group"
"X24_DCP_ln_U","Smoking","LE8_no_smoking","Continuous","Continuous, per 1 SD",2212,1200,1012,-0.733092513218029,-2.57507516446001,1.10889013802395,0.399769762103618,0.731618345851368,0.844182840117226,1.0052416010545,-0.273210128563552,2.28369333067254,0.272149087836466,-1.04307465569171,1.58737283136464,"More negative / less positive toxicant–LE8_no_smoking association in lifestyle-risk group"
"X5OHIMI_binary_U","Smoking","LE8_no_smoking","Binary","Binary 0/1",877,466,411,1.95219677349247,-2.6003162214218,6.50470976840673,0.400646790357062,0.731618345851368,0.844182840117226,-0.170821636860185,-4.58115233314332,4.23950905942295,1.78137513663228,-1.92604052008057,5.48879079334514,"More positive / less negative toxicant–LE8_no_smoking association in lifestyle-risk group"
"IHg_binary_S","Smoking","LE8_no_smoking","Binary","Binary 0/1",3437,1869,1568,1.26164277244195,-1.95465345608918,4.47793900097307,0.406364870784266,0.731618345851368,0.844182840117226,0.573258808475554,-1.7870552243437,2.93357284129481,1.8349015809175,-0.728537254571158,4.39834041640616,"More positive / less negative toxicant–LE8_no_smoking association in lifestyle-risk group"
"X2_FL_ln_U","Smoking","LE8_no_smoking","Continuous","Continuous, per 1 SD",2259,1218,1041,-0.769668908448148,-2.73854103326958,1.19920321637328,0.407927278445908,0.731618345851368,0.844182840117226,0.388550761283681,-1.55330279644253,2.33040431900989,-0.381118147164467,-1.44739563144768,0.685159337118743,"More negative / less positive toxicant–LE8_no_smoking association in lifestyle-risk group"
"X3PBA_ln_U","Smoking","LE8_no_smoking","Continuous","Continuous, per 1 SD",2245,1199,1046,0.637422830164429,-1.02175003125671,2.29659569158557,0.415803313763181,0.731618345851368,0.846785120414247,1.30329008754095,0.100503510450621,2.50607666463127,1.94071291770538,0.770208467435797,3.11121736797496,"More positive / less negative toxicant–LE8_no_smoking association in lifestyle-risk group"
"CEMA_CEM_ln_U","Smoking","LE8_no_smoking","Continuous","Continuous, per 1 SD",2240,1203,1037,-0.819515274914203,-2.96005558111214,1.32102503128373,0.417366170452123,0.731618345851368,0.846785120414247,-0.350713317170847,-1.55816005503478,0.856733420693084,-1.17022859208505,-2.57496744093319,0.234510256763093,"More negative / less positive toxicant–LE8_no_smoking association in lifestyle-risk group"
"BCPP_binary_U","Smoking","LE8_no_smoking","Binary","Binary 0/1",2053,1077,976,-1.43064483976173,-5.2635720695114,2.40228238998794,0.428796363233733,0.74291462932356,0.846785120414247,-1.03537344092479,-4.23293957324331,2.16219269139373,-2.46601828068652,-4.40371507290723,-0.52832148846581,"More negative / less positive toxicant–LE8_no_smoking association in lifestyle-risk group"
"PhIP_binary_U","Smoking","LE8_no_smoking","Binary","Binary 0/1",1163,625,538,1.74992265610193,-2.65716253974045,6.1570078519443,0.436425480252396,0.747441339742609,0.846785120414247,-2.28336061850465,-4.76210389079024,0.195382653780932,-0.533437962402727,-4.18716141313463,3.12028548832918,"More positive / less negative toxicant–LE8_no_smoking association in lifestyle-risk group"
"PFHpA_binary_S","Smoking","LE8_no_smoking","Binary","Binary 0/1",1166,628,538,-1.60813720326161,-5.83729894281014,2.62102453628693,0.456105135980664,0.758594234582448,0.856093807052293,-0.573741902490486,-4.60570321214986,3.45821940716888,-2.18187910575209,-6.79782814348798,2.4340699319838,"More negative / less positive toxicant–LE8_no_smoking association in lifestyle-risk group"
"X24D_ln_U","Smoking","LE8_no_smoking","Continuous","Continuous, per 1 SD",2265,1206,1059,-0.604292471530631,-2.33317568457168,1.12459074151042,0.457913308557252,0.758594234582448,0.856093807052293,2.30690938145581,1.03720075404455,3.57661800886708,1.70261690992518,0.720439359814368,2.684794460036,"More negative / less positive toxicant–LE8_no_smoking association in lifestyle-risk group"
"MHBP_ln_U","Smoking","LE8_no_smoking","Continuous","Continuous, per 1 SD",2131,1148,983,-0.672295783891323,-2.59704543854243,1.25245387075979,0.458211282633694,0.758594234582448,0.856093807052293,1.86544193017659,0.632505701338506,3.09837815901467,1.19314614628526,-0.369293453843415,2.75558574641394,"More negative / less positive toxicant–LE8_no_smoking association in lifestyle-risk group"
"MnBP_ln_U","Smoking","LE8_no_smoking","Continuous","Continuous, per 1 SD",2212,1200,1012,-0.62966807756945,-2.49048559900181,1.23114944386291,0.472020426710355,0.767720159401759,0.865612844059606,0.0542483006310593,-1.17756550264636,1.28606210390848,-0.575419776938391,-1.87082602739639,0.719986473519608,"More negative / less positive toxicant–LE8_no_smoking association in lifestyle-risk group"
"Se_ln_S","Smoking","LE8_no_smoking","Continuous","Continuous, per 1 SD",3437,1869,1568,-0.415726120628095,-1.65001896376476,0.818566722508569,0.474028554798402,0.767720159401759,0.866628891594624,-0.680907407221946,-1.62762357791307,0.265808763469174,-1.09663352785004,-1.88103771127739,-0.312229344422693,"More negative / less positive toxicant–LE8_no_smoking association in lifestyle-risk group"
"NDMA_binary_U","Smoking","LE8_no_smoking","Binary","Binary 0/1",927,491,436,1.65290507285604,-3.08033127055367,6.38614141626574,0.493694946879588,0.78203963557328,0.880962472296322,3.38759271647066,-0.516604292328673,7.29178972526999,5.04049778932669,0.53553745599865,9.54545812265473,"More positive / less negative toxicant–LE8_no_smoking association in lifestyle-risk group"
"MCNP_ln_U","Smoking","LE8_no_smoking","Continuous","Continuous, per 1 SD",2212,1200,1012,-0.572184551074238,-2.37867869194567,1.23430958979719,0.500186918806997,0.78203963557328,0.885525823931536,0.333064859599666,-0.870083495816473,1.53621321501581,-0.239119691474572,-1.42518380768475,0.946944424735611,"More negative / less positive toxicant–LE8_no_smoking association in lifestyle-risk group"
"DMA_ln_U","Smoking","LE8_no_smoking","Continuous","Continuous, per 1 SD",2270,1223,1047,-0.505963900045392,-2.15341401177405,1.14148621168327,0.513023733638186,0.78203963557328,0.889962399275514,3.21943855182835,1.91854250494324,4.52033459871346,2.71347465178296,1.69995293692812,3.7269963666378,"More negative / less positive toxicant–LE8_no_smoking association in lifestyle-risk group"
"TCPY_ln_U","Smoking","LE8_no_smoking","Continuous","Continuous, per 1 SD",2243,1194,1049,-0.391629849190185,-1.67589606512924,0.89263636674887,0.515953500482754,0.78203963557328,0.889962399275514,1.74720396403386,0.808192325503145,2.68621560256457,1.35557411484367,0.363099652485126,2.34804857720222,"More negative / less positive toxicant–LE8_no_smoking association in lifestyle-risk group"
"DEA_ln_U","Smoking","LE8_no_smoking","Continuous","Continuous, per 1 SD",2239,1196,1043,0.380943978751526,-0.869403938217635,1.63129189572069,0.516323376408182,0.78203963557328,0.889962399275514,0.139336307965295,-0.827380255539608,1.1060528714702,0.520280286716821,-0.671620302022426,1.71218087545607,"More positive / less negative toxicant–LE8_no_smoking association in lifestyle-risk group"
"IPM1_Cys_ln_U","Smoking","LE8_no_smoking","Continuous","Continuous, per 1 SD",1072,584,488,-1.12067168616419,-4.52768330203263,2.28633992970425,0.519126228879774,0.78203963557328,0.889962399275514,0.234538830283116,-2.65837470917294,3.12745236973918,-0.886132855881077,-2.61146535841926,0.839199646657101,"More negative / less positive toxicant–LE8_no_smoking association in lifestyle-risk group"
"m_p_Xylene_binary_S","Smoking","LE8_no_smoking","Binary","Binary 0/1",3358,1829,1529,-0.668237497717764,-2.87918708296742,1.5427120875319,0.519610227662783,0.78203963557328,0.889962399275514,1.46324742118487,-0.366533681448387,3.29302852381813,0.795009923467106,-1.37397531067556,2.96399515760978,"More negative / less positive toxicant–LE8_no_smoking association in lifestyle-risk group"
"BPS_ln_U","Smoking","LE8_no_smoking","Continuous","Continuous, per 1 SD",2211,1199,1012,-0.482364565799939,-2.1918172211372,1.22708808953732,0.54721203136485,0.802523246094748,0.897537713320973,0.167919063787795,-0.836903743791972,1.17274187136756,-0.314445502012144,-1.8090768486778,1.18018584465351,"More negative / less positive toxicant–LE8_no_smoking association in lifestyle-risk group"
"MECPP_ln_U","Smoking","LE8_no_smoking","Continuous","Continuous, per 1 SD",2212,1200,1012,-0.507832489286542,-2.32058129671458,1.3049163181415,0.55004992947205,0.802523246094748,0.897537713320973,0.0334489632822592,-1.19632473902272,1.26322266558724,-0.474383526004283,-2.08689549683026,1.1381284448217,"More negative / less positive toxicant–LE8_no_smoking association in lifestyle-risk group"
"DHB_Cys_ln_U","Smoking","LE8_no_smoking","Continuous","Continuous, per 1 SD",2138,1146,992,-0.618694495766038,-2.83297527538339,1.59558628385131,0.551078067525819,0.802523246094748,0.897537713320973,1.02245585887988,-0.340125497831871,2.38503721559164,0.403761363113845,-0.849170549116096,1.65669327534379,"More negative / less positive toxicant–LE8_no_smoking association in lifestyle-risk group"
"MEHP_binary_U","Smoking","LE8_no_smoking","Binary","Binary 0/1",2213,1200,1013,-0.876372286521671,-4.0426194114964,2.28987483845306,0.554764391595698,0.802523246094748,0.898477112475642,0.671357778605781,-1.19209315346424,2.53480871067581,-0.205014507915889,-3.05087981959142,2.64085080375964,"More negative / less positive toxicant–LE8_no_smoking association in lifestyle-risk group"
"MINP_binary_U","Smoking","LE8_no_smoking","Binary","Binary 0/1",2213,1200,1013,-0.763086701652468,-3.63204152778975,2.10586812448482,0.570080456696463,0.812915294892704,0.910906038045822,1.01956748229013,-0.727915457874099,2.76705042245436,0.256480780637662,-1.97943979501952,2.49240135629484,"More negative / less positive toxicant–LE8_no_smoking association in lifestyle-risk group"
"GLYP_ln_U","Smoking","LE8_no_smoking","Continuous","Continuous, per 1 SD",2048,1074,974,0.442217147923542,-1.23261232227484,2.11704661812192,0.572859771568684,0.812915294892704,0.912899529023892,-0.0534580645165983,-1.13060586340594,1.02368973437275,0.388759083406944,-0.907269661794841,1.68478782860873,"More positive / less negative toxicant–LE8_no_smoking association in lifestyle-risk group"
"DMTP_ln_U","Smoking","LE8_no_smoking","Continuous","Continuous, per 1 SD",1043,566,477,-0.739348502826772,-3.39138031674772,1.91268331109418,0.584784206601003,0.822007988524051,0.914291111896112,1.96697459811518,0.259212817821566,3.6747363784088,1.22762609528841,-0.392103677824145,2.84735586840096,"More negative / less positive toxicant–LE8_no_smoking association in lifestyle-risk group"
"PFHxA_binary_U","Smoking","LE8_no_smoking","Binary","Binary 0/1",1094,583,511,0.897459700379245,-2.45111974056784,4.24603914132633,0.599378827448653,0.826916909209097,0.914291111896112,1.9465402312604,-1.28821777975551,5.18129824227632,2.84399993163965,-0.745322093174928,6.43332195645422,"More positive / less negative toxicant–LE8_no_smoking association in lifestyle-risk group"
"Mn_ln_S","Smoking","LE8_no_smoking","Continuous","Continuous, per 1 SD",3437,1869,1568,-0.27534884317575,-1.41167920085402,0.860981514502519,0.604413922964879,0.826916909209097,0.914291111896112,-0.755950497478899,-1.53489891922947,0.0229979242716706,-1.03129934065465,-1.93921106844313,-0.123387612866167,"More negative / less positive toxicant–LE8_no_smoking association in lifestyle-risk group"
"MEOHP_ln_U","Smoking","LE8_no_smoking","Continuous","Continuous, per 1 SD",2212,1200,1012,-0.425138397175848,-2.20263025101608,1.35235345666438,0.609040893389022,0.826916909209097,0.918126622433913,-0.0473485084858771,-1.06763857575701,0.972941558785257,-0.472486905661725,-2.1426716076668,1.19769779634335,"More negative / less positive toxicant–LE8_no_smoking association in lifestyle-risk group"
"CEMA_AAM_ln_U","Smoking","LE8_no_smoking","Continuous","Continuous, per 1 SD",2190,1183,1007,-0.409028248818015,-2.12612549912173,1.3080690014857,0.610475570557051,0.826916909209097,0.918126622433913,1.48757574076373,-0.0108286072087298,2.98598008873619,1.07854749194571,-0.14357143798173,2.30066642187315,"More negative / less positive toxicant–LE8_no_smoking association in lifestyle-risk group"
"o_Xylene_binary_S","Smoking","LE8_no_smoking","Binary","Binary 0/1",3365,1831,1534,-0.758657183819893,-4.04879190474603,2.53147753710625,0.621814259961332,0.834687610218364,0.919606200836113,-0.153844980878098,-2.81491281348417,2.50722285172798,-0.91250216469799,-3.31206491670244,1.48706058730646,"More negative / less positive toxicant–LE8_no_smoking association in lifestyle-risk group"
"MiBP_ln_U","Smoking","LE8_no_smoking","Continuous","Continuous, per 1 SD",2212,1200,1012,0.392866856116914,-1.46241132667311,2.24814503890694,0.650256814106704,0.864387275648178,0.926488854538955,-0.235728735137848,-1.35848017839206,0.887022708116361,0.157138120979066,-1.01591553764555,1.33019177960369,"More positive / less negative toxicant–LE8_no_smoking association in lifestyle-risk group"
"DMP_ln_U","Smoking","LE8_no_smoking","Continuous","Continuous, per 1 SD",1040,566,474,0.440535935222461,-1.51724376894511,2.39831563939003,0.659193133412584,0.864387275648178,0.926488854538955,0.803173068839845,-0.92581448345926,2.53216062113895,1.24370900406231,0.586695161769686,1.90072284635492,"More positive / less negative toxicant–LE8_no_smoking association in lifestyle-risk group"
"TBPPP_binary_U","Smoking","LE8_no_smoking","Binary","Binary 0/1",934,496,438,1.34734995653455,-4.75620000983964,7.45089992290873,0.665262333647479,0.864387275648178,0.926488854538955,1.01513361285175,-3.00159010447871,5.0318573301822,2.36248356938629,-1.88476401260837,6.60973115138096,"More positive / less negative toxicant–LE8_no_smoking association in lifestyle-risk group"
"MeP_ln_U","Smoking","LE8_no_smoking","Continuous","Continuous, per 1 SD",2212,1200,1012,0.290968997285406,-1.19636302837003,1.77830102294084,0.675087713899455,0.864387275648178,0.926488854538955,1.79807667320972,0.453432943968167,3.14272040245128,2.08904567049513,0.696176133294053,3.48191520769621,"More positive / less negative toxicant–LE8_no_smoking association in lifestyle-risk group"
"MeA_a_C_binary_U","Smoking","LE8_no_smoking","Binary","Binary 0/1",1162,623,539,1.61787657282678,-5.97124715017187,9.20700029582543,0.676069849522338,0.864387275648178,0.926488854538955,-2.49029654705635,-9.85632184225438,4.87572874814169,-0.872419974229568,-3.46716504860881,1.72232510014968,"More positive / less negative toxicant–LE8_no_smoking association in lifestyle-risk group"
"Sb_ln_U","Smoking","LE8_no_smoking","Continuous","Continuous, per 1 SD",2266,1220,1046,0.29489628655315,-1.23455578424925,1.82434835735555,0.679472840433065,0.864387275648178,0.926488854538955,0.228562401206199,-0.812102768823909,1.26922757123631,0.523458687759349,-0.476712308068221,1.52362968358692,"More positive / less negative toxicant–LE8_no_smoking association in lifestyle-risk group"
"FA_ln_S","Smoking","LE8_no_smoking","Continuous","Continuous, per 1 SD",2059,1113,946,-0.361078068258271,-2.35621910901303,1.63406297249648,0.698008406571429,0.864387275648178,0.926488854538955,0.836451108127662,-0.287378733291499,1.96028094954682,0.475373039869391,-1.0633139785876,2.01406005832638,"More negative / less positive toxicant–LE8_no_smoking association in lifestyle-risk group"
"THg_ln_S","Smoking","LE8_no_smoking","Continuous","Continuous, per 1 SD",3437,1869,1568,0.26566800215489,-1.20559278549979,1.73692878980958,0.698649797080258,0.864387275648178,0.926488854538955,2.33078959953589,1.17897382137777,3.48260537769401,2.59645760169078,1.6128324320982,3.58008277128337,"More positive / less negative toxicant–LE8_no_smoking association in lifestyle-risk group"
"EtP_binary_U","Smoking","LE8_no_smoking","Binary","Binary 0/1",2214,1201,1013,-0.561362438584426,-3.70248092742078,2.57975605025193,0.701579673686499,0.864387275648178,0.926488854538955,3.17660382431118,0.967474847198412,5.38573280142394,2.61524138572675,0.0411215672874943,5.18936120416601,"More negative / less positive toxicant–LE8_no_smoking association in lifestyle-risk group"
"X4FPBA_binary_U","Smoking","LE8_no_smoking","Binary","Binary 0/1",2266,1207,1059,1.22390241732441,-5.63956773224199,8.08737256689081,0.702200160295829,0.864387275648178,0.926488854538955,-1.99430793481635,-7.9662717122692,3.97765584263651,-0.770405517491936,-3.63203590345002,2.09122486846614,"More positive / less negative toxicant–LE8_no_smoking association in lifestyle-risk group"
"X2_NP_ln_U","Smoking","LE8_no_smoking","Continuous","Continuous, per 1 SD",2222,1201,1021,-0.309413223585197,-2.07940362481061,1.46057717764021,0.707753339792468,0.864387275648178,0.926488854538955,-1.25989009554433,-2.55641792961366,0.0366377385250045,-1.56930331912952,-2.91315596925456,-0.225450669004485,"More negative / less positive toxicant–LE8_no_smoking association in lifestyle-risk group"
"DMDTP_binary_U","Smoking","LE8_no_smoking","Binary","Binary 0/1",1040,563,477,-0.755645077417504,-4.93190155951069,3.42061140467568,0.722864770887054,0.868258045319281,0.931645094814556,0.568713142522058,-2.61208630582491,3.74951259086902,-0.186931934895446,-2.32537542624613,1.95151155645524,"More negative / less positive toxicant–LE8_no_smoking association in lifestyle-risk group"
"BCETP_ln_U","Smoking","LE8_no_smoking","Continuous","Continuous, per 1 SD",2049,1073,976,-0.29752608838794,-2.11466984978713,1.51961767301125,0.725392214331545,0.868258045319281,0.931645094814556,-0.185517421338287,-1.52703827002001,1.15600342734344,-0.483043509726227,-1.88980758357427,0.923720564121811,"More negative / less positive toxicant–LE8_no_smoking association in lifestyle-risk group"
"NPMA_ln_U","Smoking","LE8_no_smoking","Continuous","Continuous, per 1 SD",2224,1197,1027,0.312167675717448,-1.61655885798976,2.24089420942466,0.728404400435639,0.868258045319281,0.931645094814556,0.719910477862009,-0.539008786878796,1.97882974260281,1.03207815357946,-0.180786838687929,2.24494314584684,"More positive / less negative toxicant–LE8_no_smoking association in lifestyle-risk group"
"Pb_ln_U","Smoking","LE8_no_smoking","Continuous","Continuous, per 1 SD",2266,1220,1046,0.210223020387452,-1.24887735755545,1.66932339833035,0.757096345899961,0.891471494926605,0.947792847378163,2.63356271014083,1.38322549874362,3.88389992153803,2.84378573052828,1.64383191555472,4.04373954550183,"More positive / less negative toxicant–LE8_no_smoking association in lifestyle-risk group"
"MHNCH_binary_U","Smoking","LE8_no_smoking","Binary","Binary 0/1",2213,1200,1013,-0.449810952405985,-3.60887600160874,2.70925409679677,0.759844831246166,0.891471494926605,0.947792847378163,-1.61387259118041,-3.9148851929167,0.687140010555881,-2.06368354358639,-4.3843134641876,0.256946377014811,"More negative / less positive toxicant–LE8_no_smoking association in lifestyle-risk group"
"U_ln_U","Smoking","LE8_no_smoking","Continuous","Continuous, per 1 SD",2266,1220,1046,-0.239747879859986,-2.04829235611926,1.56879659639928,0.775890362363189,0.897166283460365,0.956885338977553,-0.356482287910739,-1.47032475352683,0.757360177705348,-0.596230167770725,-1.64739865076131,0.454938315219862,"More negative / less positive toxicant–LE8_no_smoking association in lifestyle-risk group"
"MCPP_ln_U","Smoking","LE8_no_smoking","Continuous","Continuous, per 1 SD",2212,1200,1012,-0.28186361438153,-2.41646698751785,1.85273975875479,0.776741278969041,0.897166283460365,0.956885338977553,0.366649491441935,-0.598432357705478,1.33173134058935,0.0847858770604046,-1.40485682853,1.57442858265081,"More negative / less positive toxicant–LE8_no_smoking association in lifestyle-risk group"
"MCOP_ln_U","Smoking","LE8_no_smoking","Continuous","Continuous, per 1 SD",2212,1200,1012,-0.22279873987526,-2.09666522867361,1.65106774892309,0.798393932018406,0.915082275928789,0.968637118395984,0.0385075463482686,-1.25754544695407,1.33456053965061,-0.184291193526992,-1.25174343168113,0.883161044627146,"More negative / less positive toxicant–LE8_no_smoking association in lifestyle-risk group"
"DBUP_binary_U","Smoking","LE8_no_smoking","Binary","Binary 0/1",2051,1076,975,0.360640469478196,-2.9601175695546,3.68139850851099,0.815476543731491,0.927324445820804,0.972739501409888,-1.23833530047074,-3.13029183658136,0.653621235639887,-0.877694830992539,-3.73101618080827,1.97562651882319,"More positive / less negative toxicant–LE8_no_smoking association in lifestyle-risk group"
"MCOCH_binary_U","Smoking","LE8_no_smoking","Binary","Binary 0/1",1039,566,473,0.642956171591431,-4.94321947973061,6.22913182291347,0.821522327841249,0.927324445820804,0.972739501409888,-2.76798196617569,-7.14636360525685,1.61039967290547,-2.12502579458426,-4.54964092102155,0.29958933185303,"More positive / less negative toxicant–LE8_no_smoking association in lifestyle-risk group"
"As_III_binary_U","Smoking","LE8_no_smoking","Binary","Binary 0/1",2272,1225,1047,-0.334570046677963,-3.74741197820921,3.07827188485329,0.833117019780536,0.929199347720419,0.972739501409888,2.99715817081972,0.58336907304512,5.41094726859432,2.66258812414176,0.753341555732524,4.57183469255099,"More negative / less positive toxicant–LE8_no_smoking association in lifestyle-risk group"
"ATCA_ln_U","Smoking","LE8_no_smoking","Continuous","Continuous, per 1 SD",2197,1188,1009,0.202406484822536,-1.89471207428735,2.29952504393242,0.835655789225074,0.929199347720419,0.972739501409888,0.685621265490523,-0.848161040850165,2.21940357183121,0.888027750313059,-0.742458819095893,2.51851431972201,"More positive / less negative toxicant–LE8_no_smoking association in lifestyle-risk group"
"AsB_binary_U","Smoking","LE8_no_smoking","Binary","Binary 0/1",2272,1225,1047,-0.326542345029739,-3.85753758292429,3.20445289286481,0.842425936384966,0.929788626084148,0.972739501409888,1.21075499768779,-1.43641955626012,3.85792955163569,0.884212652658048,-1.22554516406466,2.99397046938075,"More negative / less positive toxicant–LE8_no_smoking association in lifestyle-risk group"
"IPPPP_binary_U","Smoking","LE8_no_smoking","Binary","Binary 0/1",932,494,438,-0.746894087999058,-9.11520565682291,7.62141748082479,0.861133062448879,0.943447252241787,0.979466590692554,-3.69178908249686,-9.38403755388161,2.00045938888789,-4.43868317049592,-8.0052462118024,-0.872120129189442,"More negative / less positive toxicant–LE8_no_smoking association in lifestyle-risk group"
"MDA_binary_U","Smoking","LE8_no_smoking","Binary","Binary 0/1",1044,566,478,0.772937958381413,-8.77943316310972,10.3253090798725,0.873990256229588,0.950544147286194,0.984465611407303,-2.8284554962383,-9.44939717330991,3.7924861808333,-2.05551753785689,-7.59151273017679,3.48047765446301,"More positive / less negative toxicant–LE8_no_smoking association in lifestyle-risk group"
"Ba_ln_U","Smoking","LE8_no_smoking","Continuous","Continuous, per 1 SD",2266,1220,1046,0.101286022066716,-1.3554114520727,1.55798349620613,0.881140077514643,0.950785368110605,0.984465611407303,0.607069141798618,-0.473618394239002,1.68775667783624,0.708355163865335,-0.69568319934815,2.11239352707882,"More positive / less negative toxicant–LE8_no_smoking association in lifestyle-risk group"
"Hg_binary_U","Smoking","LE8_no_smoking","Binary","Binary 0/1",2273,1221,1052,0.240885975102004,-3.55311133886049,4.0348832890645,0.891388500207392,0.950785368110605,0.984465611407303,1.21790154283647,-0.683628769061197,3.11943185473414,1.45878751793848,-1.0398621017023,3.95743713757925,"More positive / less negative toxicant–LE8_no_smoking association in lifestyle-risk group"
"DCVDMPCA_binary_U","Smoking","LE8_no_smoking","Binary","Binary 0/1",2235,1191,1044,0.181619026583086,-2.7320432780913,3.09528133125748,0.893355379432783,0.950785368110605,0.984465611407303,1.82685244434955,-1.0171703204121,4.6708752091112,2.00847147093263,0.111031305812388,3.90591163605288,"More positive / less negative toxicant–LE8_no_smoking association in lifestyle-risk group"
"MEP_ln_U","Smoking","LE8_no_smoking","Continuous","Continuous, per 1 SD",2212,1200,1012,-0.111503531381077,-2.12205430434414,1.89904724158198,0.905049095050766,0.95369482274211,0.98447297975783,0.370317260805658,-1.05453334830908,1.7951678699204,0.258813729424581,-1.09387482747778,1.61150228632694,"More negative / less positive toxicant–LE8_no_smoking association in lifestyle-risk group"
"TTCA_binary_U","Smoking","LE8_no_smoking","Binary","Binary 0/1",1180,629,551,0.308775016062268,-4.97955940891656,5.59710944104109,0.908890367982413,0.95369482274211,0.98447297975783,-1.32690898622481,-4.17236267442214,1.51854470197251,-1.01813397016255,-4.52431251035024,2.48804457002514,"More positive / less negative toxicant–LE8_no_smoking association in lifestyle-risk group"
"n_PFOA_ln_S","Smoking","LE8_no_smoking","Continuous","Continuous, per 1 SD",1045,561,484,0.0890984809309301,-1.7727310808882,1.95092804275006,0.925272212686208,0.964094823008707,0.98447297975783,1.24317033396812,-0.231622517561173,2.71796318549741,1.33226881489905,0.191273093051069,2.47326453674703,"More positive / less negative toxicant–LE8_no_smoking association in lifestyle-risk group"
"Ethylbenzene_binary_S","Smoking","LE8_no_smoking","Binary","Binary 0/1",3285,1785,1500,0.118098887819018,-3.02744330783815,3.26364108347618,0.935625812176283,0.966187673180272,0.98447297975783,-0.573319202056983,-3.60609355731837,2.4594551532044,-0.455220314237965,-3.07428786581772,2.16384723734179,"More positive / less negative toxicant–LE8_no_smoking association in lifestyle-risk group"
"Toluene_ln_S","Smoking","LE8_no_smoking","Continuous","Continuous, per 1 SD",3306,1807,1499,-0.0479695317374634,-1.42474132717329,1.32880226369836,0.94024974906805,0.966187673180272,0.98447297975783,-0.371295197794724,-1.76086506106215,1.0182746654727,-0.419264729532187,-1.31932287277466,0.480793413710288,"More negative / less positive toxicant–LE8_no_smoking association in lifestyle-risk group"
"MEHHP_ln_U","Smoking","LE8_no_smoking","Continuous","Continuous, per 1 SD",2212,1200,1012,-0.0475525787052985,-1.67203411141579,1.5769289540052,0.949785173424081,0.969301307124576,0.98447297975783,-0.3460796870426,-1.29634372659711,0.604184352511914,-0.393632265747898,-1.96644544479409,1.17918091329829,"More negative / less positive toxicant–LE8_no_smoking association in lifestyle-risk group"
"PPDA_binary_U","Smoking","LE8_no_smoking","Binary","Binary 0/1",945,520,425,-0.121974407409119,-5.078117139435,4.83416832461676,0.961528007801544,0.97461002151313,0.989802250755684,-1.7939031583709,-4.9666934281525,1.3788871114107,-1.91587756578002,-5.96534922557209,2.13359409401206,"More negative / less positive toxicant–LE8_no_smoking association in lifestyle-risk group"
"HIBP_ln_U","Smoking","LE8_no_smoking","Continuous","Continuous, per 1 SD",2131,1148,983,0.00883285471124023,-1.51073883394056,1.52840454336304,0.990021453633808,0.990718056621997,0.997922557157492,0.666008880174191,-0.547973581238722,1.8799913415871,0.674841734885432,-0.182851938761074,1.53253540853194,"More positive / less negative toxicant–LE8_no_smoking association in lifestyle-risk group"
"PrP_ln_U","Smoking","LE8_no_smoking","Continuous","Continuous, per 1 SD",2212,1200,1012,0.00823751944588447,-1.51527723988139,1.53175227877316,0.990718056621997,0.990718056621997,0.997922557157492,1.7548380794518,0.6505061783277,2.8591699805759,1.76307559889768,0.453855429008128,3.07229576878724,"More positive / less negative toxicant–LE8_no_smoking association in lifestyle-risk group"
