exposure,module_rds,outcome,outcome_label,transform,n,events,non_events,n_strata,n_psu,cycles,weight_variables,covariates_used,status,error,method,effect_scale,estimate,conf_low,conf_high,std_error_link_scale,reference_df,p_value,p_fdr_bh,family,matrix,p_plot,minus_log10_p,direction,nominal,fdr_significant,positive_nominal,display_label
PNP_ln_U,pesticides_urine.rds,DM,Diabetes,natural_log_transformed,2143,525,1618,30,4,2013-2014|2015-2016,WTSB2YR|WTSC2YR,age+sex+eth+marital+PIR_level+edu+smoke+alcohol.user+PA_level+BMI_level,ok,,survey_weighted,odds_ratio,0.6783145634264548,0.5634858907327911,0.816543332359336,0.09081493661207507,30,1.7893805418754e-4,0.0158614205123627,Pesticides,urine,1.7893805418754e-4,3.7472972895824626,-,TRUE,TRUE,FALSE,PNP_ln_U
o_ANS_ln_U,AA_urine.rds,DM,Diabetes,natural_log_transformed,1038,194,844,15,2,2013-2014,WTSA2YR,age+sex+eth+marital+PIR_level+edu+smoke+alcohol.user+PA_level+BMI_level,ok,,survey_weighted,odds_ratio,0.6120638663633245,0.48898812361737903,0.7661171272142266,0.10532664600910394,15,3.07562298448911e-4,0.0158614205123627,Aromatic Amines,urine,3.07562298448911e-4,3.512066902222712,-,TRUE,TRUE,FALSE,o_ANS_ln_U
DMTP_ln_U,pesticides_urine.rds,DM,Diabetes,natural_log_transformed,1027,286,741,15,2,2015-2016,WTSB2YR,age+sex+eth+marital+PIR_level+edu+smoke+alcohol.user+PA_level+BMI_level,ok,,survey_weighted,odds_ratio,0.7284476309689224,0.6261714772741573,0.8474291313526349,0.07098055795367116,15,4.550403835574055e-4,0.0158614205123627,Pesticides,urine,4.550403835574055e-4,3.3419500592156837,-,TRUE,TRUE,FALSE,DMTP_ln_U
BP3_ln_U,PCCP_urine.rds,DM,Diabetes,natural_log_transformed,2114,557,1557,30,4,2013-2014|2015-2016,WTSB2YR,age+sex+eth+marital+PIR_level+edu+smoke+alcohol.user+PA_level+BMI_level,ok,,survey_weighted,odds_ratio,0.8678892254825575,0.8061994887958502,0.9342994112210987,0.03610334619408613,30,4.6956967485579264e-4,0.0158614205123627,Personal Care Products,urine,4.6956967485579264e-4,3.328299957901942,-,TRUE,TRUE,FALSE,BP3_ln_U
Pb_ln_S,HM_serum.rds,DM,Diabetes,natural_log_transformed,3226,771,2455,30,4,2013-2014|2015-2016,WTSH2YR,age+sex+eth+marital+PIR_level+edu+smoke+alcohol.user+PA_level+BMI_level,ok,,survey_weighted,odds_ratio,0.6282735312610794,0.4912750832585866,0.8034757787125516,0.12044005600988979,30,5.617080026949882e-4,0.0158614205123627,Heavy Metals,serum,5.617080026949882e-4,3.2504893886545405,-,TRUE,TRUE,FALSE,Pb_ln_S
DMP_ln_U,pesticides_urine.rds,DM,Diabetes,natural_log_transformed,1019,283,736,15,2,2015-2016,WTSB2YR,age+sex+eth+marital+PIR_level+edu+smoke+alcohol.user+PA_level+BMI_level,ok,,survey_weighted,odds_ratio,0.7112788922682769,0.6006283681969211,0.8423139654644444,0.07933015316133891,15,6.387149199609141e-4,0.0158614205123627,Pesticides,urine,6.387149199609141e-4,3.194692938889746,-,TRUE,TRUE,FALSE,DMP_ln_U
Pb_ln_U,HM_urine.rds,DM,Diabetes,natural_log_transformed,2208,499,1709,30,4,2013-2014|2015-2016,WTSA2YR,age+sex+eth+marital+PIR_level+edu+smoke+alcohol.user+PA_level+BMI_level,ok,,survey_weighted,odds_ratio,0.6549196842045636,0.5173170663754161,0.8291236083971351,0.1154873533819638,30,9.505016381920867e-4,0.02023210629866013,Heavy Metals,urine,9.505016381920867e-4,3.022047130290205,-,TRUE,TRUE,FALSE,Pb_ln_U
MB3_Cys_ln_U,VOC_urine.rds,DM,Diabetes,natural_log_transformed,2139,486,1653,30,4,2013-2014|2015-2016,WTSA2YR,age+sex+eth+marital+PIR_level+edu+smoke+alcohol.user+PA_level+BMI_level,ok,,survey_weighted,odds_ratio,0.7357754369074342,0.6070711393125898,0.8917661514420447,0.09414952264612136,30,0.0027806214769741508,0.051789075008643555,Volatile Organic Compounds (VOC),urine,0.0027806214769741508,2.5558581271552727,-,TRUE,FALSE,FALSE,MB3_Cys_ln_U
DMDTP_binary_U,pesticides_urine.rds,DM,Diabetes,binary_above_detection_threshold,1023,285,738,15,2,2015-2016,WTSB2YR,age+sex+eth+marital+PIR_level+edu+smoke+alcohol.user+PA_level+BMI_level,ok,,survey_weighted,odds_ratio,0.5256055485108172,0.355226330468615,0.7777047164857204,0.1838166366715641,15,0.0032290764194893404,0.05345915405599019,Pesticides,urine,0.0032290764194893404,2.490921676825574,-,TRUE,FALSE,FALSE,DMDTP_binary_U
DETP_binary_U,pesticides_urine.rds,DM,Diabetes,binary_above_detection_threshold,1023,285,738,15,2,2015-2016,WTSB2YR,age+sex+eth+marital+PIR_level+edu+smoke+alcohol.user+PA_level+BMI_level,ok,,survey_weighted,odds_ratio,0.5732024106591838,0.40435739242716134,0.8125510000282354,0.16371008202614037,15,0.00396264261845303,0.05858072879976276,Pesticides,urine,0.00396264261845303,2.402015093911719,-,TRUE,FALSE,FALSE,DETP_binary_U
THg_ln_S,HM_serum.rds,DM,Diabetes,natural_log_transformed,3226,771,2455,30,4,2013-2014|2015-2016,WTSH2YR,age+sex+eth+marital+PIR_level+edu+smoke+alcohol.user+PA_level+BMI_level,ok,,survey_weighted,odds_ratio,0.8516648503363684,0.7653440021600667,0.9477215673622934,0.05232782344071441,30,0.004534649879534845,0.05858072879976276,Heavy Metals,serum,0.004534649879534845,2.343456239200571,-,TRUE,FALSE,FALSE,THg_ln_S
Se_ln_S,HM_serum.rds,DM,Diabetes,natural_log_transformed,3225,771,2454,30,4,2013-2014|2015-2016,WTSH2YR,age+sex+eth+marital+PIR_level+edu+smoke+alcohol.user+PA_level+BMI_level,ok,,survey_weighted,odds_ratio,2.687882366614032,1.3871976889235487,5.208134121360132,0.323888223728513,30,0.0047179110442761955,0.05858072879976276,Heavy Metals,serum,0.0047179110442761955,2.326250251950676,+,TRUE,FALSE,TRUE,Se_ln_S
X24D_ln_U,pesticides_urine.rds,DM,Diabetes,natural_log_transformed,2180,536,1644,30,4,2013-2014|2015-2016,WTSB2YR|WTSC2YR,age+sex+eth+marital+PIR_level+edu+smoke+alcohol.user+PA_level+BMI_level,ok,,survey_weighted,odds_ratio,0.7641666953103984,0.6364228397286199,0.9175515109901153,0.08956824913873684,30,0.0053500550188296594,0.06131986136966302,Pesticides,urine,0.0053500550188296594,2.2716417517635827,-,TRUE,FALSE,FALSE,24D_ln_U
PFUnDA_binary_S,PFC_serum.rds,DM,Diabetes,binary_above_detection_threshold,2043,547,1496,30,4,2013-2014|2015-2016,WTSB2YR,age+sex+eth+marital+PIR_level+edu+smoke+alcohol.user+PA_level+BMI_level,ok,,survey_weighted,odds_ratio,0.6470398802490158,0.4773379591544599,0.8770737767728798,0.1489434872447348,30,0.0065369980237177435,0.06752049819339644,Polyfluoroalkyl Substances (PFAS),serum,0.0065369980237177435,2.1846216463311,-,TRUE,FALSE,FALSE,PFUnDA_binary_S
MINP_binary_U,Phthalates_urine.rds,DM,Diabetes,binary_above_detection_threshold,2115,558,1557,30,4,2013-2014|2015-2016,WTSB2YR,age+sex+eth+marital+PIR_level+edu+smoke+alcohol.user+PA_level+BMI_level,ok,,survey_weighted,odds_ratio,0.6947213839966228,0.5378788516597629,0.8972983412396314,0.1252905928625311,30,0.006797365589939238,0.06752049819339644,Phthalates,urine,0.006797365589939238,2.167659371327786,-,TRUE,FALSE,FALSE,MINP_binary_U
CEMA_AAM_ln_U,VOC_urine.rds,DM,Diabetes,natural_log_transformed,2136,489,1647,30,4,2013-2014|2015-2016,WTSA2YR,age+sex+eth+marital+PIR_level+edu+smoke+alcohol.user+PA_level+BMI_level,ok,,survey_weighted,odds_ratio,0.7482509782783815,0.6075891583157954,0.9214771508538944,0.10196461613405847,30,0.007941490126410008,0.0739551268021932,Volatile Organic Compounds (VOC),urine,0.007941490126410008,2.1000979997192446,-,TRUE,FALSE,FALSE,CEMA_AAM_ln_U
Norharman_ln_U,AA_urine.rds,DM,Diabetes,natural_log_transformed,1127,227,900,15,2,2013-2014,WTSA2YR,age+sex+eth+marital+PIR_level+edu+smoke+alcohol.user+PA_level+BMI_level,ok,,survey_weighted,odds_ratio,0.719626106674417,0.5703476636990155,0.9079755495950728,0.10907397274346081,15,0.008675897129821081,0.07604168660843183,Aromatic Amines,urine,0.008675897129821081,2.0616856060603244,-,TRUE,FALSE,FALSE,Norharman_ln_U
DEP_ln_U,pesticides_urine.rds,DM,Diabetes,natural_log_transformed,1027,285,742,15,2,2015-2016,WTSB2YR,age+sex+eth+marital+PIR_level+edu+smoke+alcohol.user+PA_level+BMI_level,ok,,survey_weighted,odds_ratio,0.7188021552383095,0.5664444201209429,0.9121398676059373,0.11175830510546847,15,0.009846707313298477,0.08150885498230406,Pesticides,urine,0.009846707313298477,2.0067089709978143,-,TRUE,FALSE,FALSE,DEP_ln_U
W_ln_U,HM_urine.rds,DM,Diabetes,natural_log_transformed,2207,499,1708,30,4,2013-2014|2015-2016,WTSA2YR,age+sex+eth+marital+PIR_level+edu+smoke+alcohol.user+PA_level+BMI_level,ok,,survey_weighted,odds_ratio,0.8246995222542658,0.7103447005507368,0.957463751723781,0.07308954205760086,30,0.013122577505072197,0.10290863411872407,Heavy Metals,urine,0.013122577505072197,1.881980853505467,-,TRUE,FALSE,FALSE,W_ln_U
Cd_ln_S,HM_serum.rds,DM,Diabetes,natural_log_transformed,3226,771,2455,30,4,2013-2014|2015-2016,WTSH2YR,age+sex+eth+marital+PIR_level+edu+smoke+alcohol.user+PA_level+BMI_level,ok,,survey_weighted,odds_ratio,0.776614773581275,0.6366242657607055,0.9473884973957305,0.09732531427995476,30,0.014409399698015137,0.10732829537051095,Heavy Metals,serum,0.014409399698015137,1.8413541117099543,-,TRUE,FALSE,FALSE,Cd_ln_S
Cd_ln_U,HM_urine.rds,DM,Diabetes,natural_log_transformed,2208,499,1709,30,4,2013-2014|2015-2016,WTSA2YR,age+sex+eth+marital+PIR_level+edu+smoke+alcohol.user+PA_level+BMI_level,ok,,survey_weighted,odds_ratio,1.381387089292571,1.0687015699415376,1.7855595464022658,0.12566575295385493,30,0.015342250295822757,0.10732829537051095,Heavy Metals,urine,0.015342250295822757,1.8141109363854864,+,TRUE,FALSE,TRUE,Cd_ln_U
Sn_ln_U,HM_urine.rds,DM,Diabetes,natural_log_transformed,2207,499,1708,30,4,2013-2014|2015-2016,WTSA2YR,age+sex+eth+marital+PIR_level+edu+smoke+alcohol.user+PA_level+BMI_level,ok,,survey_weighted,odds_ratio,1.1750186986740079,1.0330123179453399,1.3365464460091896,0.0630694236373476,30,0.015847130860075442,0.10732829537051095,Heavy Metals,urine,0.015847130860075442,1.8000493558077266,+,TRUE,FALSE,TRUE,Sn_ln_U
DMA_ln_U,HM_urine.rds,DM,Diabetes,natural_log_transformed,2209,500,1709,30,4,2013-2014|2015-2016,WTSA2YR,age+sex+eth+marital+PIR_level+edu+smoke+alcohol.user+PA_level+BMI_level,ok,,survey_weighted,odds_ratio,0.8264346020656345,0.7070190667086215,0.9660194238762458,0.07641642195591358,30,0.01834098991325683,0.11881771726414207,Heavy Metals,urine,0.01834098991325683,1.7365772279755407,-,TRUE,FALSE,FALSE,DMA_ln_U
n_PFOS_ln_S,PFC_serum.rds,DM,Diabetes,natural_log_transformed,985,277,708,15,2,2015-2016,WTSB2YR,age+sex+eth+marital+PIR_level+edu+smoke+alcohol.user+PA_level+BMI_level,ok,,survey_weighted,odds_ratio,0.7321559625362285,0.5587088318951393,0.9594485049736242,0.1268456441417152,15,0.02662982095597072,0.16532680510165154,Polyfluoroalkyl Substances (PFAS),serum,0.02662982095597072,1.574631753504556,-,TRUE,FALSE,FALSE,n_PFOS_ln_S
A_a_C_binary_U,AA_urine.rds,DM,Diabetes,binary_above_detection_threshold,1143,233,910,15,2,2013-2014,WTSA2YR,age+sex+eth+marital+PIR_level+edu+smoke+alcohol.user+PA_level+BMI_level,ok,,survey_weighted,odds_ratio,0.5934985990524033,0.37373417348282384,0.9424896412191585,0.21698382488760345,15,0.029568276673963646,0.16913775091149574,Aromatic Amines,urine,0.029568276673963646,1.5291739866946488,-,TRUE,FALSE,FALSE,A_a_C_binary_U
U_ln_U,HM_urine.rds,DM,Diabetes,natural_log_transformed,2208,499,1709,30,4,2013-2014|2015-2016,WTSA2YR,age+sex+eth+marital+PIR_level+edu+smoke+alcohol.user+PA_level+BMI_level,ok,,survey_weighted,odds_ratio,1.1466270440629507,1.014372911965034,1.2961244949153965,0.060008656683393204,30,0.029878887101054973,0.16913775091149574,Heavy Metals,urine,0.029878887101054973,1.5246355827224973,+,TRUE,FALSE,TRUE,U_ln_U
X5OHIMI_binary_U,pesticides_urine.rds,DM,Diabetes,binary_above_detection_threshold,834,233,601,15,2,2015-2016,WTSSBI2Y,age+sex+eth+marital+PIR_level+edu+smoke+alcohol.user+PA_level+BMI_level,ok,,survey_weighted,odds_ratio,0.4580655934880075,0.22805243760336308,0.9200694811359749,0.32721243650165255,15,0.030649122648391848,0.16913775091149574,Pesticides,urine,0.030649122648391848,1.513581952937268,-,TRUE,FALSE,FALSE,5OHIMI_binary_U
NPMA_ln_U,VOC_urine.rds,DM,Diabetes,natural_log_transformed,2170,491,1679,30,4,2013-2014|2015-2016,WTSA2YR,age+sex+eth+marital+PIR_level+edu+smoke+alcohol.user+PA_level+BMI_level,ok,,survey_weighted,odds_ratio,0.8814634576729892,0.7839202094932929,0.9911440192555327,0.057424416777014736,30,0.035868765651989085,0.18008237402626046,Volatile Organic Compounds (VOC),urine,0.035868765651989085,1.4452835683966192,-,TRUE,FALSE,FALSE,NPMA_ln_U
PrP_ln_U,PCCP_urine.rds,DM,Diabetes,natural_log_transformed,2114,557,1557,30,4,2013-2014|2015-2016,WTSB2YR,age+sex+eth+marital+PIR_level+edu+smoke+alcohol.user+PA_level+BMI_level,ok,,survey_weighted,odds_ratio,0.8991746376928489,0.8134768242425512,0.9939005082571281,0.04904332706071165,30,0.03830149129797605,0.18008237402626046,Personal Care Products,urine,0.03830149129797605,1.4167843161130198,-,TRUE,FALSE,FALSE,PrP_ln_U
Toluene_ln_S,VOC_serum.rds,DM,Diabetes,natural_log_transformed,3068,732,2336,30,4,2013-2014|2015-2016,WTSVOC2Y,age+sex+eth+marital+PIR_level+edu+smoke+alcohol.user+PA_level+BMI_level,ok,,survey_weighted,odds_ratio,0.8471522621374737,0.7245222561980227,0.9905381775442521,0.07656567258240438,30,0.038350030333881735,0.18008237402626046,Volatile Organic Compounds (VOC),serum,0.038350030333881735,1.416234288199166,-,TRUE,FALSE,FALSE,Toluene_ln_S
X1_AN_ln_U,AA_urine.rds,DM,Diabetes,natural_log_transformed,1098,210,888,15,2,2013-2014,WTSA2YR,age+sex+eth+marital+PIR_level+edu+smoke+alcohol.user+PA_level+BMI_level,ok,,survey_weighted,odds_ratio,0.8830374502712665,0.7855445735962009,0.9926300362713759,0.05488772225138607,15,0.03866310391299612,0.18008237402626046,Aromatic Amines,urine,0.03866310391299612,1.412703283308625,-,TRUE,FALSE,FALSE,1_AN_ln_U
PFHS_ln_S,PFC_serum.rds,DM,Diabetes,natural_log_transformed,2043,547,1496,30,4,2013-2014|2015-2016,WTSB2YR,age+sex+eth+marital+PIR_level+edu+smoke+alcohol.user+PA_level+BMI_level,ok,,survey_weighted,odds_ratio,0.813977258545163,0.6701866375113251,0.9886186031536668,0.09517642470483237,30,0.038675409186847885,0.18008237402626046,Polyfluoroalkyl Substances (PFAS),serum,0.038675409186847885,1.4125650827572303,-,TRUE,FALSE,FALSE,PFHS_ln_S
MeP_ln_U,PCCP_urine.rds,DM,Diabetes,natural_log_transformed,2114,557,1557,30,4,2013-2014|2015-2016,WTSB2YR,age+sex+eth+marital+PIR_level+edu+smoke+alcohol.user+PA_level+BMI_level,ok,,survey_weighted,odds_ratio,0.8886400459149022,0.7921992868504262,0.9968213103841608,0.056250707617076144,30,0.04434911697241767,0.20024298269364343,Personal Care Products,urine,0.04434911697241767,1.3531150229083357,-,TRUE,FALSE,FALSE,MeP_ln_U
PFDA_ln_S,PFC_serum.rds,DM,Diabetes,natural_log_transformed,2043,547,1496,30,4,2013-2014|2015-2016,WTSB2YR,age+sex+eth+marital+PIR_level+edu+smoke+alcohol.user+PA_level+BMI_level,ok,,survey_weighted,odds_ratio,0.8263513257831298,0.6825574378499256,1.0004381693862319,0.09360814461376235,30,0.050494478606190836,0.2212846268330128,Polyfluoroalkyl Substances (PFAS),serum,0.050494478606190836,1.2967561078607548,-,FALSE,FALSE,FALSE,PFDA_ln_S
Harman_ln_U,AA_urine.rds,DM,Diabetes,natural_log_transformed,1143,233,910,15,2,2013-2014,WTSA2YR,age+sex+eth+marital+PIR_level+edu+smoke+alcohol.user+PA_level+BMI_level,ok,,survey_weighted,odds_ratio,0.832138371705375,0.6897329683171114,1.0039454418918108,0.08805942382365922,15,0.05439488224525321,0.2260114655080699,Aromatic Amines,urine,0.05439488224525321,1.264441959073888,-,FALSE,FALSE,FALSE,Harman_ln_U
MEHP_binary_U,Phthalates_urine.rds,DM,Diabetes,binary_above_detection_threshold,2115,558,1557,30,4,2013-2014|2015-2016,WTSB2YR,age+sex+eth+marital+PIR_level+edu+smoke+alcohol.user+PA_level+BMI_level,ok,,survey_weighted,odds_ratio,0.7412192982469291,0.5458608672698199,1.0064946601532032,0.14979999764326837,30,0.05473234953737606,0.2260114655080699,Phthalates,urine,0.05473234953737606,1.2617559081663643,-,FALSE,FALSE,FALSE,MEHP_binary_U
m_p_Xylene_binary_S,VOC_serum.rds,DM,Diabetes,binary_above_detection_threshold,3117,746,2371,30,4,2013-2014|2015-2016,WTSVOC2Y,age+sex+eth+marital+PIR_level+edu+smoke+alcohol.user+PA_level+BMI_level,ok,,survey_weighted,odds_ratio,0.778037756337831,0.6011293631107403,1.007009118893581,0.12631267409430091,30,0.05612365250871534,0.2260114655080699,Volatile Organic Compounds (VOC),serum,0.05612365250871534,1.25085407298291,-,FALSE,FALSE,FALSE,m_p_Xylene_binary_S
PFHxA_binary_U,PFC_urine.rds,DM,Diabetes,binary_above_detection_threshold,998,257,741,15,2,2013-2014,WTSSBH2Y,age+sex+eth+marital+PIR_level+edu+smoke+alcohol.user+PA_level+BMI_level,ok,,survey_weighted,odds_ratio,0.6286000243030443,0.38745354741678617,1.0198331985556335,0.22702822126861782,15,0.05882014383188094,0.23063687976184893,Polyfluoroalkyl Substances (PFAS),urine,0.05882014383188094,1.2304739178548618,-,FALSE,FALSE,FALSE,PFHxA_binary_U
Mo_ln_U,HM_urine.rds,DM,Diabetes,natural_log_transformed,2207,499,1708,30,4,2013-2014|2015-2016,WTSA2YR,age+sex+eth+marital+PIR_level+edu+smoke+alcohol.user+PA_level+BMI_level,ok,,survey_weighted,odds_ratio,0.8204417847053365,0.6666219904154187,1.009754751221163,0.10166116774571173,30,0.06097713397830548,0.2313481766072896,Heavy Metals,urine,0.06097713397830548,1.2148329920181595,-,FALSE,FALSE,FALSE,Mo_ln_U
Nitrate_ln_U,PERNT_urine.rds,DM,Diabetes,natural_log_transformed,2200,499,1701,30,4,2013-2014|2015-2016,WTSA2YR,age+sex+eth+marital+PIR_level+edu+smoke+alcohol.user+PA_level+BMI_level,ok,,survey_weighted,odds_ratio,0.7735792451735483,0.5897971286320137,1.0146282840529832,0.1328174828301327,30,0.06273251791240982,0.2313481766072896,Inorganic Anions,urine,0.06273251791240982,1.202507280715179,-,FALSE,FALSE,FALSE,Nitrate_ln_U
X2_AN_ln_U,AA_urine.rds,DM,Diabetes,natural_log_transformed,1104,207,897,15,2,2013-2014,WTSA2YR,age+sex+eth+marital+PIR_level+edu+smoke+alcohol.user+PA_level+BMI_level,ok,,survey_weighted,odds_ratio,0.7242644314293256,0.5137669870991123,1.0210055916505398,0.161104790410006,15,0.06365956537516022,0.2313481766072896,Aromatic Amines,urine,0.06365956537516022,1.1961363307764978,-,FALSE,FALSE,FALSE,2_AN_ln_U
Furan_binary_S,VOC_serum.rds,DM,Diabetes,binary_above_detection_threshold,3132,746,2386,30,4,2013-2014|2015-2016,WTSVOC2Y,age+sex+eth+marital+PIR_level+edu+smoke+alcohol.user+PA_level+BMI_level,ok,,survey_weighted,odds_ratio,0.5681426926804811,0.3096972339910403,1.0422634877506396,0.29710896267536274,30,0.06668322869507652,0.2365666922753905,Volatile Organic Compounds (VOC),serum,0.06668322869507652,1.1759833804920723,-,FALSE,FALSE,FALSE,Furan_binary_S
BCPP_binary_U,BFR_urine.rds,DM,Diabetes,binary_above_detection_threshold,1930,482,1448,30,4,2013-2014|2015-2016,WTSSBI2Y|WTSSCH2Y,age+sex+eth+marital+PIR_level+edu+smoke+alcohol.user+PA_level+BMI_level,ok,,survey_weighted,odds_ratio,1.3614823009013763,0.9755033958163581,1.90018206355548,0.16323760825105618,30,0.06840801115805104,0.23704171308254893,Brominated Flame Retardants,urine,0.06840801115805104,1.1648930357359473,+,FALSE,FALSE,FALSE,BCPP_binary_U
PFNA_ln_S,PFC_serum.rds,DM,Diabetes,natural_log_transformed,2043,547,1496,30,4,2013-2014|2015-2016,WTSB2YR,age+sex+eth+marital+PIR_level+edu+smoke+alcohol.user+PA_level+BMI_level,ok,,survey_weighted,odds_ratio,0.797485627638948,0.6224265659470614,1.0217804976286609,0.12135411067822856,30,0.07203050410498033,0.24286239037118879,Polyfluoroalkyl Substances (PFAS),serum,0.07203050410498033,1.1424835458057736,-,FALSE,FALSE,FALSE,PFNA_ln_S
Sr_ln_U,HM_urine.rds,DM,Diabetes,natural_log_transformed,2208,499,1709,30,4,2013-2014|2015-2016,WTSA2YR,age+sex+eth+marital+PIR_level+edu+smoke+alcohol.user+PA_level+BMI_level,ok,,survey_weighted,odds_ratio,0.8323754860648926,0.6801841599547053,1.018619648313928,0.09887028480951392,30,0.07334770178995635,0.24286239037118879,Heavy Metals,urine,0.07334770178995635,1.1346134893950246,-,FALSE,FALSE,FALSE,Sr_ln_U
PhIP_binary_U,AA_urine.rds,DM,Diabetes,binary_above_detection_threshold,1142,233,909,15,2,2013-2014,WTSA2YR,age+sex+eth+marital+PIR_level+edu+smoke+alcohol.user+PA_level+BMI_level,ok,,survey_weighted,odds_ratio,1.2910719854177186,0.9676555690222689,1.7225828330783783,0.13528443236434223,15,0.07846615377373524,0.24992335861194095,Aromatic Amines,urine,0.07846615377373524,1.1053176349628573,+,FALSE,FALSE,FALSE,PhIP_binary_U
MA_ln_U,VOC_urine.rds,DM,Diabetes,natural_log_transformed,2160,490,1670,30,4,2013-2014|2015-2016,WTSA2YR,age+sex+eth+marital+PIR_level+edu+smoke+alcohol.user+PA_level+BMI_level,ok,,survey_weighted,odds_ratio,0.8121364077314566,0.6429704411518091,1.0258100568066821,0.11436748421266513,30,0.07883488493128339,0.24992335861194095,Volatile Organic Compounds (VOC),urine,0.07883488493128339,1.1032815619443956,-,FALSE,FALSE,FALSE,MA_ln_U
MCNP_ln_U,Phthalates_urine.rds,DM,Diabetes,natural_log_transformed,2114,557,1557,30,4,2013-2014|2015-2016,WTSB2YR,age+sex+eth+marital+PIR_level+edu+smoke+alcohol.user+PA_level+BMI_level,ok,,survey_weighted,odds_ratio,0.8843838001318051,0.7687807202893502,1.0173703440965536,0.06859288110881254,30,0.08335470557128973,0.25874689854421185,Phthalates,urine,0.08335470557128973,1.0790698781879722,-,FALSE,FALSE,FALSE,MCNP_ln_U
Mn_ln_S,HM_serum.rds,DM,Diabetes,natural_log_transformed,3225,771,2454,30,4,2013-2014|2015-2016,WTSH2YR,age+sex+eth+marital+PIR_level+edu+smoke+alcohol.user+PA_level+BMI_level,ok,,survey_weighted,odds_ratio,1.3565425319386861,0.9511842021456198,1.9346490793345814,0.17381948612693052,30,0.08958252234210438,0.267475361603838,Heavy Metals,serum,0.08958252234210438,1.0477767134493203,+,FALSE,FALSE,FALSE,Mn_ln_S
X3_HPMA_ln_U,VOC_urine.rds,DM,Diabetes,natural_log_transformed,2125,480,1645,30,4,2013-2014|2015-2016,WTSA2YR,age+sex+eth+marital+PIR_level+edu+smoke+alcohol.user+PA_level+BMI_level,ok,,survey_weighted,odds_ratio,0.8522532197993261,0.7074502643872888,1.0266948607155952,0.09118095828710902,30,0.08975683275296577,0.267475361603838,Volatile Organic Compounds (VOC),urine,0.08975683275296577,1.0469324807556772,-,FALSE,FALSE,FALSE,3_HPMA_ln_U
X24_DCP_ln_U,PCCP_urine.rds,DM,Diabetes,natural_log_transformed,2114,557,1557,30,4,2013-2014|2015-2016,WTSB2YR,age+sex+eth+marital+PIR_level+edu+smoke+alcohol.user+PA_level+BMI_level,ok,,survey_weighted,odds_ratio,0.9030959114229896,0.7938927020670568,1.027320471778353,0.06310639180373999,30,0.1167473268110957,0.3410853273500639,Personal Care Products,urine,0.1167473268110957,0.9327530547831041,-,FALSE,FALSE,FALSE,24_DCP_ln_U
MEP_ln_U,Phthalates_urine.rds,DM,Diabetes,natural_log_transformed,2114,557,1557,30,4,2013-2014|2015-2016,WTSB2YR,age+sex+eth+marital+PIR_level+edu+smoke+alcohol.user+PA_level+BMI_level,ok,,survey_weighted,odds_ratio,0.891386282806255,0.768902064793971,1.0333819371236301,0.07237734815732472,30,0.12263958145559115,0.34506332949476115,Phthalates,urine,0.12263958145559115,0.9113693403115202,-,FALSE,FALSE,FALSE,MEP_ln_U
CEMA_CYM_ln_U,VOC_urine.rds,DM,Diabetes,natural_log_transformed,2169,495,1674,30,4,2013-2014|2015-2016,WTSA2YR,age+sex+eth+marital+PIR_level+edu+smoke+alcohol.user+PA_level+BMI_level,ok,,survey_weighted,odds_ratio,0.916743729495171,0.8197859881823772,1.0251688583164071,0.05473542498271778,30,0.12274064740417678,0.34506332949476115,Volatile Organic Compounds (VOC),urine,0.12274064740417678,0.9110115903292579,-,FALSE,FALSE,FALSE,CEMA_CYM_ln_U
EtP_binary_U,PCCP_urine.rds,DM,Diabetes,binary_above_detection_threshold,2116,558,1558,30,4,2013-2014|2015-2016,WTSB2YR,age+sex+eth+marital+PIR_level+edu+smoke+alcohol.user+PA_level+BMI_level,ok,,survey_weighted,odds_ratio,0.8041485908842694,0.60372762489954,1.0711038050126647,0.1403637020510354,30,0.1309333967064789,0.36127918720861774,Personal Care Products,urine,0.1309333967064789,0.8829495654015878,-,FALSE,FALSE,FALSE,EtP_binary_U
MCPP_ln_U,Phthalates_urine.rds,DM,Diabetes,natural_log_transformed,2114,557,1557,30,4,2013-2014|2015-2016,WTSB2YR,age+sex+eth+marital+PIR_level+edu+smoke+alcohol.user+PA_level+BMI_level,ok,,survey_weighted,odds_ratio,0.887764219175238,0.7567201883158512,1.041501629025999,0.07820339325111766,30,0.13840590478075604,0.37495417840604817,Phthalates,urine,0.13840590478075604,0.8588453812737993,-,FALSE,FALSE,FALSE,MCPP_ln_U
PMM_Cys_ln_U,VOC_urine.rds,DM,Diabetes,natural_log_transformed,2170,494,1676,30,4,2013-2014|2015-2016,WTSA2YR,age+sex+eth+marital+PIR_level+edu+smoke+alcohol.user+PA_level+BMI_level,ok,,survey_weighted,odds_ratio,0.8764233990020078,0.7305604337182421,1.0514092180010879,0.08913470324736363,30,0.1493390717113824,0.39106699104444026,Volatile Organic Compounds (VOC),urine,0.1493390717113824,0.8258265525649965,-,FALSE,FALSE,FALSE,PMM_Cys_ln_U
X4_ABP_ln_U,AA_urine.rds,DM,Diabetes,natural_log_transformed,1108,222,886,15,2,2013-2014,WTSA2YR,age+sex+eth+marital+PIR_level+edu+smoke+alcohol.user+PA_level+BMI_level,ok,,survey_weighted,odds_ratio,0.8969102587545175,0.7699077417344509,1.0448628694742466,0.07163440469440481,15,0.14960280865458453,0.39106699104444026,Aromatic Amines,urine,0.14960280865458453,0.825060252917163,-,FALSE,FALSE,FALSE,4_ABP_ln_U
BPA_ln_U,PCCP_urine.rds,DM,Diabetes,natural_log_transformed,2114,557,1557,30,4,2013-2014|2015-2016,WTSB2YR,age+sex+eth+marital+PIR_level+edu+smoke+alcohol.user+PA_level+BMI_level,ok,,survey_weighted,odds_ratio,0.8953837521523147,0.7667825434159042,1.0455533586443524,0.075919916483194,30,0.1559112190847133,0.40053054557969453,Personal Care Products,urine,0.1559112190847133,0.807122632654168,-,FALSE,FALSE,FALSE,BPA_ln_U
X25_DMF_binary_S,VOC_serum.rds,DM,Diabetes,binary_above_detection_threshold,3128,743,2385,30,4,2013-2014|2015-2016,WTSVOC2Y,age+sex+eth+marital+PIR_level+edu+smoke+alcohol.user+PA_level+BMI_level,ok,,survey_weighted,odds_ratio,0.668949544106288,0.3753314486194754,1.1922621837470797,0.2829686788612043,30,0.16568132768217117,0.4184155563498899,Volatile Organic Compounds (VOC),serum,0.16568132768217117,0.7807264338953236,-,FALSE,FALSE,FALSE,25_DMF_binary_S
X3PBA_ln_U,pesticides_urine.rds,DM,Diabetes,natural_log_transformed,2163,534,1629,30,4,2013-2014|2015-2016,WTSB2YR|WTSC2YR,age+sex+eth+marital+PIR_level+edu+smoke+alcohol.user+PA_level+BMI_level,ok,,survey_weighted,odds_ratio,0.9222519909944129,0.8171802517845671,1.040833687593063,0.05922755213240737,30,0.18192513546875383,0.449199052760357,Pesticides,urine,0.18192513546875383,0.7401072930132973,-,FALSE,FALSE,FALSE,3PBA_ln_U
TCPY_ln_U,pesticides_urine.rds,DM,Diabetes,natural_log_transformed,2160,528,1632,30,4,2013-2014|2015-2016,WTSB2YR|WTSC2YR,age+sex+eth+marital+PIR_level+edu+smoke+alcohol.user+PA_level+BMI_level,ok,,survey_weighted,odds_ratio,0.8901815207196464,0.7471296405273161,1.0606233468015784,0.08578026842102322,30,0.18517535918253025,0.449199052760357,Pesticides,urine,0.18517535918253025,0.7324168042795021,-,FALSE,FALSE,FALSE,TCPY_ln_U
n_PFOA_ln_S,PFC_serum.rds,DM,Diabetes,natural_log_transformed,985,277,708,15,2,2015-2016,WTSB2YR,age+sex+eth+marital+PIR_level+edu+smoke+alcohol.user+PA_level+BMI_level,ok,,survey_weighted,odds_ratio,0.7843986126075407,0.538245810019972,1.1431230341352854,0.17668819541603553,15,0.18950892855878193,0.449199052760357,Polyfluoroalkyl Substances (PFAS),serum,0.18950892855878193,0.7223703237831735,-,FALSE,FALSE,FALSE,n_PFOA_ln_S
MHBP_ln_U,Phthalates_urine.rds,DM,Diabetes,natural_log_transformed,2017,538,1479,30,4,2013-2014|2015-2016,WTSB2YR|WTSSBH2Y,age+sex+eth+marital+PIR_level+edu+smoke+alcohol.user+PA_level+BMI_level,ok,,survey_weighted,odds_ratio,0.8877720146907908,0.740589535003071,1.0642050863774053,0.08875820231887209,30,0.18992980083156033,0.449199052760357,Phthalates,urine,0.18992980083156033,0.7214068871782298,-,FALSE,FALSE,FALSE,MHBP_ln_U
Thiocyanate_ln_U,PERNT_urine.rds,DM,Diabetes,natural_log_transformed,2195,498,1697,30,4,2013-2014|2015-2016,WTSA2YR,age+sex+eth+marital+PIR_level+edu+smoke+alcohol.user+PA_level+BMI_level,ok,,survey_weighted,odds_ratio,0.8823246258489548,0.7270541975203824,1.0707547635851087,0.09477629682075067,30,0.19650422926267952,0.4540526445679408,Inorganic Anions,urine,0.19650422926267952,0.7066280980840842,-,FALSE,FALSE,FALSE,Thiocyanate_ln_U
BPF_binary_U,PCCP_urine.rds,DM,Diabetes,binary_above_detection_threshold,2115,558,1557,30,4,2013-2014|2015-2016,WTSB2YR,age+sex+eth+marital+PIR_level+edu+smoke+alcohol.user+PA_level+BMI_level,ok,,survey_weighted,odds_ratio,0.8053752276038927,0.5756264519972716,1.1268232288273932,0.16444885184218266,30,0.1980766570262829,0.4540526445679408,Personal Care Products,urine,0.1980766570262829,0.7031667022605912,-,FALSE,FALSE,FALSE,BPF_binary_U
X26_DMA_binary_U,AA_urine.rds,DM,Diabetes,binary_above_detection_threshold,1053,209,844,15,2,2013-2014,WTSA2YR,age+sex+eth+marital+PIR_level+edu+smoke+alcohol.user+PA_level+BMI_level,ok,,survey_weighted,odds_ratio,1.328026188892804,0.8290862350640069,2.1272257140404562,0.2210349659242552,15,0.21879879926384682,0.49395486500474517,Aromatic Amines,urine,0.21879879926384682,0.6599550656773474,+,FALSE,FALSE,FALSE,26_DMA_binary_U
PHE_Cys_binary_U,VOC_urine.rds,DM,Diabetes,binary_above_detection_threshold,2150,487,1663,30,4,2013-2014|2015-2016,WTSA2YR,age+sex+eth+marital+PIR_level+edu+smoke+alcohol.user+PA_level+BMI_level,ok,,survey_weighted,odds_ratio,0.7936929518444007,0.5395240697288184,1.16760036697549,0.18900968681038718,30,0.23104782947334745,0.5138227849481906,Volatile Organic Compounds (VOC),urine,0.23104782947334745,0.6362981070075387,-,FALSE,FALSE,FALSE,PHE_Cys_binary_U
DPHP_ln_U,BFR_urine.rds,DM,Diabetes,natural_log_transformed,1927,482,1445,30,4,2013-2014|2015-2016,WTSSBI2Y|WTSSCH2Y,age+sex+eth+marital+PIR_level+edu+smoke+alcohol.user+PA_level+BMI_level,ok,,survey_weighted,odds_ratio,0.8994472468427379,0.7511331460599813,1.077046531758803,0.08823380845829804,30,0.2391217081052207,0.5239578604070277,Brominated Flame Retardants,urine,0.2391217081052207,0.6213809956853099,-,FALSE,FALSE,FALSE,DPHP_ln_U
ATCA_ln_U,VOC_urine.rds,DM,Diabetes,natural_log_transformed,2144,488,1656,30,4,2013-2014|2015-2016,WTSA2YR,age+sex+eth+marital+PIR_level+edu+smoke+alcohol.user+PA_level+BMI_level,ok,,survey_weighted,odds_ratio,0.8958381307411548,0.7394795125708122,1.0852578642778243,0.09392143593517092,30,0.25075922303184994,0.5375791103897951,Volatile Organic Compounds (VOC),urine,0.25075922303184994,0.600743084476335,-,FALSE,FALSE,FALSE,ATCA_ln_U
MEHHP_ln_U,Phthalates_urine.rds,DM,Diabetes,natural_log_transformed,2114,557,1557,30,4,2013-2014|2015-2016,WTSB2YR,age+sex+eth+marital+PIR_level+edu+smoke+alcohol.user+PA_level+BMI_level,ok,,survey_weighted,odds_ratio,0.9008567012091121,0.7503718556641301,1.0815208352865167,0.08949702524848081,30,0.2525539444784272,0.5375791103897951,Phthalates,urine,0.2525539444784272,0.5976458441310922,-,FALSE,FALSE,FALSE,MEHHP_ln_U
DBUP_binary_U,BFR_urine.rds,DM,Diabetes,binary_above_detection_threshold,1928,482,1446,30,4,2013-2014|2015-2016,WTSSBI2Y|WTSSCH2Y,age+sex+eth+marital+PIR_level+edu+smoke+alcohol.user+PA_level+BMI_level,ok,,survey_weighted,odds_ratio,0.8197427866230974,0.5729281534948761,1.1728839508436035,0.17540769000463016,30,0.26612291418420175,0.5584832987809304,Brominated Flame Retardants,urine,0.26612291418420175,0.5749177294496901,-,FALSE,FALSE,FALSE,DBUP_binary_U
X2_MHA_ln_U,VOC_urine.rds,DM,Diabetes,natural_log_transformed,2071,471,1600,30,4,2013-2014|2015-2016,WTSA2YR,age+sex+eth+marital+PIR_level+edu+smoke+alcohol.user+PA_level+BMI_level,ok,,survey_weighted,odds_ratio,0.9072977595190896,0.7597339182368846,1.0835230659949155,0.08691417339336807,30,0.27188668496021207,0.5626543897093278,Volatile Organic Compounds (VOC),urine,0.27188668496021207,0.5656120604886309,-,FALSE,FALSE,FALSE,2_MHA_ln_U
AsC_binary_U,HM_urine.rds,DM,Diabetes,binary_above_detection_threshold,2210,500,1710,30,4,2013-2014|2015-2016,WTSA2YR,age+sex+eth+marital+PIR_level+edu+smoke+alcohol.user+PA_level+BMI_level,ok,,survey_weighted,odds_ratio,1.2692882386145852,0.818086694545969,1.9693421778231686,0.21507574291367315,30,0.2763653878371224,0.5640882573661814,Heavy Metals,urine,0.2763653878371224,0.5585163491871495,+,FALSE,FALSE,FALSE,AsC_binary_U
X4_MDA_binary_U,AA_urine.rds,DM,Diabetes,binary_above_detection_threshold,1001,255,746,15,2,2015-2016,WTSA2YR,age+sex+eth+marital+PIR_level+edu+smoke+alcohol.user+PA_level+BMI_level,ok,,survey_weighted,odds_ratio,1.2905500042120743,0.7916174913047722,2.103944558661301,0.22930191227745486,15,0.28348963690152795,0.5708102148422658,Aromatic Amines,urine,0.28348963690152795,0.5474628123221937,+,FALSE,FALSE,FALSE,4_MDA_binary_U
Sb_ln_U,HM_urine.rds,DM,Diabetes,natural_log_transformed,2208,499,1709,30,4,2013-2014|2015-2016,WTSA2YR,age+sex+eth+marital+PIR_level+edu+smoke+alcohol.user+PA_level+BMI_level,ok,,survey_weighted,odds_ratio,0.9093920933906559,0.7575693858289578,1.0916412344415354,0.08944017965507348,30,0.2967431429981624,0.5862782214250606,Heavy Metals,urine,0.2967431429981624,0.5276193077313049,-,FALSE,FALSE,FALSE,Sb_ln_U
IPM3_Cys_ln_U,VOC_urine.rds,DM,Diabetes,natural_log_transformed,1039,261,778,15,2,2015-2016,WTSA2YR,age+sex+eth+marital+PIR_level+edu+smoke+alcohol.user+PA_level+BMI_level,ok,,survey_weighted,odds_ratio,0.8764210754006102,0.6748471904899012,1.1382041923427948,0.1226209529041648,15,0.2990412404584202,0.5862782214250606,Volatile Organic Compounds (VOC),urine,0.2990412404584202,0.5242689144566505,-,FALSE,FALSE,FALSE,IPM3_Cys_ln_U
OXY_binary_U,pesticides_urine.rds,DM,Diabetes,binary_above_detection_threshold,2173,534,1639,30,4,2013-2014|2015-2016,WTSB2YR|WTSC2YR,age+sex+eth+marital+PIR_level+edu+smoke+alcohol.user+PA_level+BMI_level,ok,,survey_weighted,odds_ratio,0.844330139240744,0.6046285993057472,1.1790599797112802,0.1635086411900146,30,0.3089958135505693,0.5889575995512831,Pesticides,urine,0.3089958135505693,0.5100474046017127,-,FALSE,FALSE,FALSE,OXY_binary_U
Ethylbenzene_binary_S,VOC_serum.rds,DM,Diabetes,binary_above_detection_threshold,3064,737,2327,30,4,2013-2014|2015-2016,WTSVOC2Y,age+sex+eth+marital+PIR_level+edu+smoke+alcohol.user+PA_level+BMI_level,ok,,survey_weighted,odds_ratio,0.7956548370031239,0.5064529134721854,1.2500009434366417,0.22119189518701335,30,0.3096548981338665,0.5889575995512831,Volatile Organic Compounds (VOC),serum,0.3096548981338665,0.5091220459121674,-,FALSE,FALSE,FALSE,Ethylbenzene_binary_S
X4FPBA_binary_U,pesticides_urine.rds,DM,Diabetes,binary_above_detection_threshold,2183,536,1647,30,4,2013-2014|2015-2016,WTSB2YR|WTSC2YR,age+sex+eth+marital+PIR_level+edu+smoke+alcohol.user+PA_level+BMI_level,ok,,survey_weighted,odds_ratio,1.1781731892385623,0.8505746102175752,1.6319462715745703,0.15953221080528968,30,0.3122661098292038,0.5889575995512831,Pesticides,urine,0.3122661098292038,0.5054751470948937,+,FALSE,FALSE,FALSE,4FPBA_binary_U
DPCP_binary_U,BFR_urine.rds,DM,Diabetes,binary_above_detection_threshold,1039,234,805,15,2,2013-2014,WTSSCH2Y,age+sex+eth+marital+PIR_level+edu+smoke+alcohol.user+PA_level+BMI_level,ok,,survey_weighted,odds_ratio,0.6673236055098032,0.2880071760088683,1.546214232026257,0.3942339142721763,15,0.32115813625978235,0.5981570287838446,Brominated Flame Retardants,urine,0.32115813625978235,0.49328107104061075,-,FALSE,FALSE,FALSE,DPCP_binary_U
EO_ln_S,gas_serum.rds,DM,Diabetes,natural_log_transformed,2115,489,1626,30,4,2013-2014|2015-2016,WTSA2YR,age+sex+eth+marital+PIR_level+edu+smoke+alcohol.user+PA_level+BMI_level,ok,,survey_weighted,odds_ratio,0.9117949325643654,0.7529046053607791,1.104216912913791,0.09375662678549526,30,0.33255407174269436,0.6117352677735982,Gaseous Pollutants,serum,0.33255407174269436,0.47813773036010204,-,FALSE,FALSE,FALSE,EO_ln_S
X2_HPMA_ln_U,VOC_urine.rds,DM,Diabetes,natural_log_transformed,2178,497,1681,30,4,2013-2014|2015-2016,WTSA2YR,age+sex+eth+marital+PIR_level+edu+smoke+alcohol.user+PA_level+BMI_level,ok,,survey_weighted,odds_ratio,0.9377022152415478,0.8191885635656555,1.0733614744835656,0.06616068131829221,30,0.3387144603469101,0.6148358656364721,Volatile Organic Compounds (VOC),urine,0.3387144603469101,0.4701662621247405,-,FALSE,FALSE,FALSE,2_HPMA_ln_U
MECPP_ln_U,Phthalates_urine.rds,DM,Diabetes,natural_log_transformed,2114,557,1557,30,4,2013-2014|2015-2016,WTSB2YR,age+sex+eth+marital+PIR_level+edu+smoke+alcohol.user+PA_level+BMI_level,ok,,survey_weighted,odds_ratio,1.082456414780351,0.9150494773890105,1.28049020173475,0.082266231228125,30,0.3431829067375445,0.6148358656364721,Phthalates,urine,0.3431829067375445,0.4644743516346208,+,FALSE,FALSE,FALSE,MECPP_ln_U
GLYP_ln_U,GYLP_urine.rds,DM,Diabetes,natural_log_transformed,1923,480,1443,30,4,2013-2014|2015-2016,WTSSCH2Y|WTSSGL2Y,age+sex+eth+marital+PIR_level+edu+smoke+alcohol.user+PA_level+BMI_level,ok,,survey_weighted,odds_ratio,0.9269800503340273,0.7883840842852892,1.0899408433597038,0.07929728300680763,30,0.34661887727156815,0.6148358656364721,Herbicides,urine,0.34661887727156815,0.46014778878994084,-,FALSE,FALSE,FALSE,GLYP_ln_U
Ba_ln_U,HM_urine.rds,DM,Diabetes,natural_log_transformed,2208,499,1709,30,4,2013-2014|2015-2016,WTSA2YR,age+sex+eth+marital+PIR_level+edu+smoke+alcohol.user+PA_level+BMI_level,ok,,survey_weighted,odds_ratio,0.8882443098338111,0.6880845999517059,1.1466292865841188,0.12502496061759766,30,0.3507648176098699,0.6148700920455367,Heavy Metals,urine,0.3507648176098699,0.4549839736986729,-,FALSE,FALSE,FALSE,Ba_ln_U
NDMA_binary_U,pesticides_urine.rds,DM,Diabetes,binary_above_detection_threshold,882,245,637,15,2,2015-2016,WTSSBI2Y,age+sex+eth+marital+PIR_level+edu+smoke+alcohol.user+PA_level+BMI_level,ok,,survey_weighted,odds_ratio,0.7836375298605981,0.45215758101232256,1.3581277943657526,0.2580008664019605,15,0.35963741140877825,0.6164404326236311,Pesticides,urine,0.35963741140877825,0.44413513695192397,-,FALSE,FALSE,FALSE,NDMA_binary_U
MDA_binary_U,pesticides_urine.rds,DM,Diabetes,binary_above_detection_threshold,1025,285,740,15,2,2015-2016,WTSB2YR,age+sex+eth+marital+PIR_level+edu+smoke+alcohol.user+PA_level+BMI_level,ok,,survey_weighted,odds_ratio,0.6905074397476177,0.2967500864213434,1.606740978905126,0.39622632600906293,15,0.36477765531633743,0.6164404326236311,Pesticides,urine,0.36477765531633743,0.437971772509263,-,FALSE,FALSE,FALSE,MDA_binary_U
HIBP_ln_U,Phthalates_urine.rds,DM,Diabetes,natural_log_transformed,2017,538,1479,30,4,2013-2014|2015-2016,WTSB2YR|WTSSBH2Y,age+sex+eth+marital+PIR_level+edu+smoke+alcohol.user+PA_level+BMI_level,ok,,survey_weighted,odds_ratio,0.9087062163254769,0.7339906491799242,1.125010228006526,0.10455292481775492,30,0.36715466838405664,0.6164404326236311,Phthalates,urine,0.36715466838405664,0.4351509453519977,-,FALSE,FALSE,FALSE,HIBP_ln_U
MBzP_ln_U,Phthalates_urine.rds,DM,Diabetes,natural_log_transformed,2114,557,1557,30,4,2013-2014|2015-2016,WTSB2YR,age+sex+eth+marital+PIR_level+edu+smoke+alcohol.user+PA_level+BMI_level,ok,,survey_weighted,odds_ratio,1.0781158161000037,0.9112658195090719,1.2755155389797936,0.08232767271725425,30,0.36820938592955144,0.6164404326236311,Phthalates,urine,0.36820938592955144,0.43390514520338413,+,FALSE,FALSE,FALSE,MBzP_ln_U
Perchlorate_ln_U,PERNT_urine.rds,DM,Diabetes,natural_log_transformed,2199,499,1700,30,4,2013-2014|2015-2016,WTSA2YR,age+sex+eth+marital+PIR_level+edu+smoke+alcohol.user+PA_level+BMI_level,ok,,survey_weighted,odds_ratio,0.9153818063303015,0.7464936762760791,1.122479503832572,0.09986625756515814,30,0.3830231419614263,0.6341160905805835,Inorganic Anions,urine,0.3830231419614263,0.4167749855025985,-,FALSE,FALSE,FALSE,Perchlorate_ln_U
Sm_PFOS_ln_S,PFC_serum.rds,DM,Diabetes,natural_log_transformed,985,277,708,15,2,2015-2016,WTSB2YR,age+sex+eth+marital+PIR_level+edu+smoke+alcohol.user+PA_level+BMI_level,ok,,survey_weighted,odds_ratio,0.8631248611138799,0.6049402158704105,1.2315010745333617,0.16675493332139482,15,0.39132121548769516,0.6407347374468855,Polyfluoroalkyl Substances (PFAS),serum,0.39132121548769516,0.4074666061768306,-,FALSE,FALSE,FALSE,Sm_PFOS_ln_S
HEMA_binary_U,VOC_urine.rds,DM,Diabetes,binary_above_detection_threshold,2181,496,1685,30,4,2013-2014|2015-2016,WTSA2YR,age+sex+eth+marital+PIR_level+edu+smoke+alcohol.user+PA_level+BMI_level,ok,,survey_weighted,odds_ratio,1.1783279181605444,0.794612570561674,1.7473379281366368,0.1929208953357437,30,0.40173574137744295,0.6493103595749958,Volatile Organic Compounds (VOC),urine,0.40173574137744295,0.39605952850609266,+,FALSE,FALSE,FALSE,HEMA_binary_U
MnBP_ln_U,Phthalates_urine.rds,DM,Diabetes,natural_log_transformed,2114,557,1557,30,4,2013-2014|2015-2016,WTSB2YR,age+sex+eth+marital+PIR_level+edu+smoke+alcohol.user+PA_level+BMI_level,ok,,survey_weighted,odds_ratio,0.926984340781437,0.7706063879642925,1.115095827746775,0.0904673373703972,30,0.40861520557877684,0.6493103595749958,Phthalates,urine,0.40861520557877684,0.3886854762349333,-,FALSE,FALSE,FALSE,MnBP_ln_U
X14_DCB_binary_S,VOC_serum.rds,DM,Diabetes,binary_above_detection_threshold,3101,738,2363,30,4,2013-2014|2015-2016,WTSVOC2Y,age+sex+eth+marital+PIR_level+edu+smoke+alcohol.user+PA_level+BMI_level,ok,,survey_weighted,odds_ratio,1.1192372251315195,0.8500489203250315,1.4736704396273033,0.1347071891801656,30,0.40963203892650746,0.6493103595749958,Volatile Organic Compounds (VOC),serum,0.40963203892650746,0.38760608283098785,+,FALSE,FALSE,FALSE,14_DCB_binary_S
Cs_ln_U,HM_urine.rds,DM,Diabetes,natural_log_transformed,2208,499,1709,30,4,2013-2014|2015-2016,WTSA2YR,age+sex+eth+marital+PIR_level+edu+smoke+alcohol.user+PA_level+BMI_level,ok,,survey_weighted,odds_ratio,0.8693805379267376,0.6143458708186637,1.2302882718469181,0.1700178908666241,30,0.41683894160389656,0.6537789715682167,Heavy Metals,urine,0.41683894160389656,0.380031715491429,-,FALSE,FALSE,FALSE,Cs_ln_U
o_Xylene_binary_S,VOC_serum.rds,DM,Diabetes,binary_above_detection_threshold,3122,747,2375,30,4,2013-2014|2015-2016,WTSVOC2Y,age+sex+eth+marital+PIR_level+edu+smoke+alcohol.user+PA_level+BMI_level,ok,,survey_weighted,odds_ratio,0.8661303761349844,0.6012351612028998,1.2477344587812031,0.17874662350298845,30,0.4276982589224778,0.6638233393692624,Volatile Organic Compounds (VOC),serum,0.4276982589224778,0.3688625176690704,-,FALSE,FALSE,FALSE,o_Xylene_binary_S
X34_MHA_ln_U,VOC_urine.rds,DM,Diabetes,natural_log_transformed,2195,497,1698,30,4,2013-2014|2015-2016,WTSA2YR,age+sex+eth+marital+PIR_level+edu+smoke+alcohol.user+PA_level+BMI_level,ok,,survey_weighted,odds_ratio,1.0887860328979915,0.8741440500971899,1.356132350614231,0.10751427581582866,30,0.43504874013559913,0.6679141593752659,Volatile Organic Compounds (VOC),urine,0.43504874013559913,0.3614620846863913,+,FALSE,FALSE,FALSE,34_MHA_ln_U
FA_ln_S,gas_serum.rds,DM,Diabetes,natural_log_transformed,1949,454,1495,30,4,2013-2014|2015-2016,WTSA2YR,age+sex+eth+marital+PIR_level+edu+smoke+alcohol.user+PA_level+BMI_level,ok,,survey_weighted,odds_ratio,0.7337922272576671,0.3275761153486814,1.6437432631821312,0.3949059174613583,30,0.4392992457635977,0.6679141593752659,Gaseous Pollutants,serum,0.4392992457635977,0.35723954237772254,-,FALSE,FALSE,FALSE,FA_ln_S
Co_ln_U,HM_urine.rds,DM,Diabetes,natural_log_transformed,2208,499,1709,30,4,2013-2014|2015-2016,WTSA2YR,age+sex+eth+marital+PIR_level+edu+smoke+alcohol.user+PA_level+BMI_level,ok,,survey_weighted,odds_ratio,0.9172821970642191,0.7213839593402434,1.1663783456184509,0.1176354461653477,30,0.4686688990393193,0.7053703632005917,Heavy Metals,urine,0.4686688990393193,0.3291338653911583,-,FALSE,FALSE,FALSE,Co_ln_U
TCC_binary_U,PCCP_urine.rds,DM,Diabetes,binary_above_detection_threshold,2116,558,1558,30,4,2013-2014|2015-2016,WTSB2YR,age+sex+eth+marital+PIR_level+edu+smoke+alcohol.user+PA_level+BMI_level,ok,,survey_weighted,odds_ratio,0.8982475305820746,0.6558104652672873,1.2303076405893425,0.15403128685214784,30,0.4913701353754423,0.7247426284194243,Personal Care Products,urine,0.4913701353754423,0.30859124271916516,-,FALSE,FALSE,FALSE,TCC_binary_U
DCVDMPCA_binary_U,pesticides_urine.rds,DM,Diabetes,binary_above_detection_threshold,2154,529,1625,30,4,2013-2014|2015-2016,WTSB2YR|WTSC2YR,age+sex+eth+marital+PIR_level+edu+smoke+alcohol.user+PA_level+BMI_level,ok,,survey_weighted,odds_ratio,0.8986797932339462,0.6550270501982965,1.2329649142314287,0.15485213846017645,30,0.4955757781387359,0.7247426284194243,Pesticides,urine,0.4955757781387359,0.30488992844157325,-,FALSE,FALSE,FALSE,DCVDMPCA_binary_U
X2_NP_ln_U,PAH_urine.rds,DM,Diabetes,natural_log_transformed,2170,489,1681,30,4,2013-2014|2015-2016,WTSA2YR,age+sex+eth+marital+PIR_level+edu+smoke+alcohol.user+PA_level+BMI_level,ok,,survey_weighted,odds_ratio,0.9410847755333219,0.7849909419550726,1.1282175467335402,0.08880355168036698,30,0.49936230667812576,0.7247426284194243,Polycyclic Aromatic Hydrocarbons (PAH),urine,0.49936230667812576,0.3015842425603754,-,FALSE,FALSE,FALSE,2_NP_ln_U
PFBA_binary_U,PFC_urine.rds,DM,Diabetes,binary_above_detection_threshold,998,257,741,15,2,2013-2014,WTSSBH2Y,age+sex+eth+marital+PIR_level+edu+smoke+alcohol.user+PA_level+BMI_level,ok,,survey_weighted,odds_ratio,0.7557670060326422,0.3180421915755873,1.7959370880256116,0.4060847161561882,15,0.5009965820617497,0.7247426284194243,Polyfluoroalkyl Substances (PFAS),urine,0.5009965820617497,0.3001652370005887,-,FALSE,FALSE,FALSE,PFBA_binary_U
BMA_ln_U,VOC_urine.rds,DM,Diabetes,natural_log_transformed,2190,497,1693,30,4,2013-2014|2015-2016,WTSA2YR,age+sex+eth+marital+PIR_level+edu+smoke+alcohol.user+PA_level+BMI_level,ok,,survey_weighted,odds_ratio,1.041145464824443,0.9201048704174238,1.1781090544958581,0.060515501251017616,30,0.5103108103510243,0.7311183725221406,Volatile Organic Compounds (VOC),urine,0.5103108103510243,0.2921652315382973,+,FALSE,FALSE,FALSE,BMA_ln_U
BPS_ln_U,PCCP_urine.rds,DM,Diabetes,natural_log_transformed,2113,557,1556,30,4,2013-2014|2015-2016,WTSB2YR,age+sex+eth+marital+PIR_level+edu+smoke+alcohol.user+PA_level+BMI_level,ok,,survey_weighted,odds_ratio,1.0417103371659335,0.9166633810466011,1.1838156175927745,0.06261597380656657,30,0.5189765937103508,0.7344264044723366,Personal Care Products,urine,0.5189765937103508,0.28485222876360994,+,FALSE,FALSE,FALSE,BPS_ln_U
PGA_ln_U,VOC_urine.rds,DM,Diabetes,natural_log_transformed,2162,490,1672,30,4,2013-2014|2015-2016,WTSA2YR,age+sex+eth+marital+PIR_level+edu+smoke+alcohol.user+PA_level+BMI_level,ok,,survey_weighted,odds_ratio,0.927368863871784,0.73097541320994,1.176527957215769,0.1165229312894883,30,0.5224778447924006,0.7344264044723366,Volatile Organic Compounds (VOC),urine,0.5224778447924006,0.2819321206971126,-,FALSE,FALSE,FALSE,PGA_ln_U
Hg_binary_U,HM_urine.rds,DM,Diabetes,binary_above_detection_threshold,2212,501,1711,30,4,2013-2014|2015-2016,WTSA2YR,age+sex+eth+marital+PIR_level+edu+smoke+alcohol.user+PA_level+BMI_level,ok,,survey_weighted,odds_ratio,0.9344212638745802,0.7495258021232195,1.1649273392691373,0.10796141578380151,30,0.5345873140600115,0.7444253251863712,Heavy Metals,urine,0.5345873140600115,0.2719813514139459,-,FALSE,FALSE,FALSE,Hg_binary_U
As_III_binary_U,HM_urine.rds,DM,Diabetes,binary_above_detection_threshold,2210,500,1710,30,4,2013-2014|2015-2016,WTSA2YR,age+sex+eth+marital+PIR_level+edu+smoke+alcohol.user+PA_level+BMI_level,ok,,survey_weighted,odds_ratio,0.9206625044881916,0.6904211995300925,1.2276845608845262,0.14091737765845186,30,0.561862649220007,0.7549093232086777,Heavy Metals,urine,0.561862649220007,0.25036983741355556,-,FALSE,FALSE,FALSE,As_III_binary_U
MeA_a_C_binary_U,AA_urine.rds,DM,Diabetes,binary_above_detection_threshold,1142,232,910,15,2,2013-2014,WTSA2YR,age+sex+eth+marital+PIR_level+edu+smoke+alcohol.user+PA_level+BMI_level,ok,,survey_weighted,odds_ratio,0.8201122787047471,0.39070737376967635,1.7214524087246537,0.34787705041838624,15,0.5770702040375884,0.7549093232086777,Aromatic Amines,urine,0.5770702040375884,0.23877134911210482,-,FALSE,FALSE,FALSE,MeA_a_C_binary_U
X1_PY_ln_U,PAH_urine.rds,DM,Diabetes,natural_log_transformed,2203,498,1705,30,4,2013-2014|2015-2016,WTSA2YR,age+sex+eth+marital+PIR_level+edu+smoke+alcohol.user+PA_level+BMI_level,ok,,survey_weighted,odds_ratio,0.9422619028901045,0.7580716372520195,1.1712052661098493,0.10650164447131438,30,0.5807059524556302,0.7549093232086777,Polycyclic Aromatic Hydrocarbons (PAH),urine,0.5807059524556302,0.23604372226117434,-,FALSE,FALSE,FALSE,1_PY_ln_U
MCOCH_binary_U,Phthalates_urine.rds,DM,Diabetes,binary_above_detection_threshold,1021,282,739,15,2,2015-2016,WTSB2YR,age+sex+eth+marital+PIR_level+edu+smoke+alcohol.user+PA_level+BMI_level,ok,,survey_weighted,odds_ratio,0.8664385946849471,0.5029706942034055,1.492563775606438,0.2551593752155566,15,0.5825097213280997,0.7549093232086777,Phthalates,urine,0.5825097213280997,0.2346968224325509,-,FALSE,FALSE,FALSE,MCOCH_binary_U
Benzene_binary_S,VOC_serum.rds,DM,Diabetes,binary_above_detection_threshold,3049,729,2320,30,4,2013-2014|2015-2016,WTSVOC2Y,age+sex+eth+marital+PIR_level+edu+smoke+alcohol.user+PA_level+BMI_level,ok,,survey_weighted,odds_ratio,0.9155883660193557,0.6595915041672493,1.2709412578750099,0.16057905019605104,30,0.5869400925498824,0.7549093232086777,Volatile Organic Compounds (VOC),serum,0.5869400925498824,0.23140622379963222,-,FALSE,FALSE,FALSE,Benzene_binary_S
X1_PH_ln_U,PAH_urine.rds,DM,Diabetes,natural_log_transformed,2204,499,1705,30,4,2013-2014|2015-2016,WTSA2YR,age+sex+eth+marital+PIR_level+edu+smoke+alcohol.user+PA_level+BMI_level,ok,,survey_weighted,odds_ratio,1.063839629967214,0.84407317464857,1.3408254074180062,0.11330552074690824,30,0.588984703259079,0.7549093232086777,Polycyclic Aromatic Hydrocarbons (PAH),urine,0.588984703259079,0.2298959842900461,+,FALSE,FALSE,FALSE,1_PH_ln_U
TBPPP_binary_U,BFR_urine.rds,DM,Diabetes,binary_above_detection_threshold,891,248,643,15,2,2015-2016,WTSSBI2Y,age+sex+eth+marital+PIR_level+edu+smoke+alcohol.user+PA_level+BMI_level,ok,,survey_weighted,odds_ratio,0.8402759130383,0.4252428464764124,1.6603773958405976,0.3195336704148603,15,0.594018676802571,0.7549093232086777,Brominated Flame Retardants,urine,0.594018676802571,0.2261998999602535,-,FALSE,FALSE,FALSE,TBPPP_binary_U
IHg_binary_S,HM_serum.rds,DM,Diabetes,binary_above_detection_threshold,3221,770,2451,30,4,2013-2014|2015-2016,WTSH2YR,age+sex+eth+marital+PIR_level+edu+smoke+alcohol.user+PA_level+BMI_level,ok,,survey_weighted,odds_ratio,0.9174048395117854,0.6615849089644571,1.272144554924938,0.1600719447823913,30,0.5941727012613349,0.7549093232086777,Heavy Metals,serum,0.5941727012613349,0.22608730534943758,-,FALSE,FALSE,FALSE,IHg_binary_S
MeFOSAA_binary_S,PFC_serum.rds,DM,Diabetes,binary_above_detection_threshold,2043,547,1496,30,4,2013-2014|2015-2016,WTSB2YR,age+sex+eth+marital+PIR_level+edu+smoke+alcohol.user+PA_level+BMI_level,ok,,survey_weighted,odds_ratio,0.9095110369320485,0.6343535736004259,1.3040209131418294,0.17642143969713678,30,0.5948036614276777,0.7549093232086777,Polyfluoroalkyl Substances (PFAS),serum,0.5948036614276777,0.2256263667591249,-,FALSE,FALSE,FALSE,MeFOSAA_binary_S
MEOHP_ln_U,Phthalates_urine.rds,DM,Diabetes,natural_log_transformed,2114,557,1557,30,4,2013-2014|2015-2016,WTSB2YR,age+sex+eth+marital+PIR_level+edu+smoke+alcohol.user+PA_level+BMI_level,ok,,survey_weighted,odds_ratio,0.9513833684685267,0.786285247782345,1.1511475210190811,0.0933261695255694,30,0.5972620016223545,0.7549093232086777,Phthalates,urine,0.5972620016223545,0.22383511460279157,-,FALSE,FALSE,FALSE,MEOHP_ln_U
IPPPP_binary_U,BFR_urine.rds,DM,Diabetes,binary_above_detection_threshold,890,248,642,15,2,2015-2016,WTSSBI2Y,age+sex+eth+marital+PIR_level+edu+smoke+alcohol.user+PA_level+BMI_level,ok,,survey_weighted,odds_ratio,0.8550042373608577,0.45509831523285116,1.6063171878168547,0.29585169077603424,15,0.6042182237265314,0.7549093232086777,Brominated Flame Retardants,urine,0.6042182237265314,0.21880618018071635,-,FALSE,FALSE,FALSE,IPPPP_binary_U
BuP_binary_U,PCCP_urine.rds,DM,Diabetes,binary_above_detection_threshold,2116,558,1558,30,4,2013-2014|2015-2016,WTSB2YR,age+sex+eth+marital+PIR_level+edu+smoke+alcohol.user+PA_level+BMI_level,ok,,survey_weighted,odds_ratio,0.9060487334960694,0.6164123717391882,1.3317777921192906,0.18860212256942396,30,0.6047310956601504,0.7549093232086777,Personal Care Products,urine,0.6047310956601504,0.21843769911954364,-,FALSE,FALSE,FALSE,BuP_binary_U
PPDA_binary_U,AA_urine.rds,DM,Diabetes,binary_above_detection_threshold,928,231,697,15,2,2015-2016,WTSA2YR,age+sex+eth+marital+PIR_level+edu+smoke+alcohol.user+PA_level+BMI_level,ok,,survey_weighted,odds_ratio,1.1372751716720417,0.6738988095930201,1.919271554853728,0.24551860286643185,15,0.6079806629868545,0.7549093232086777,Aromatic Amines,urine,0.6079806629868545,0.21611023337801177,+,FALSE,FALSE,FALSE,PPDA_binary_U
MCOP_ln_U,Phthalates_urine.rds,DM,Diabetes,natural_log_transformed,2114,557,1557,30,4,2013-2014|2015-2016,WTSB2YR,age+sex+eth+marital+PIR_level+edu+smoke+alcohol.user+PA_level+BMI_level,ok,,survey_weighted,odds_ratio,0.9677913590673126,0.8480971465705349,1.104378335044261,0.06464433118041374,30,0.6162467622981884,0.7562544161407291,Phthalates,urine,0.6162467622981884,0.210245349450575,-,FALSE,FALSE,FALSE,MCOP_ln_U
IPM1_Cys_ln_U,VOC_urine.rds,DM,Diabetes,natural_log_transformed,1039,261,778,15,2,2015-2016,WTSA2YR,age+sex+eth+marital+PIR_level+edu+smoke+alcohol.user+PA_level+BMI_level,ok,,survey_weighted,odds_ratio,1.0885462984316865,0.7622189436337405,1.5545835664754972,0.16719352923542752,15,0.6192150252964359,0.7562544161407291,Volatile Organic Compounds (VOC),urine,0.6192150252964359,0.20815851401095073,+,FALSE,FALSE,FALSE,IPM1_Cys_ln_U
BDCPP_ln_U,BFR_urine.rds,DM,Diabetes,natural_log_transformed,1919,475,1444,30,4,2013-2014|2015-2016,WTSSBI2Y|WTSSCH2Y,age+sex+eth+marital+PIR_level+edu+smoke+alcohol.user+PA_level+BMI_level,ok,,survey_weighted,odds_ratio,1.0285131087057455,0.9081949528393564,1.1647710785799419,0.06091762769582487,30,0.6477608063224534,0.7824804306958362,Brominated Flame Retardants,urine,0.6477608063224534,0.18858533312860734,+,FALSE,FALSE,FALSE,BDCPP_ln_U
Tl_ln_U,HM_urine.rds,DM,Diabetes,natural_log_transformed,2208,499,1709,30,4,2013-2014|2015-2016,WTSA2YR,age+sex+eth+marital+PIR_level+edu+smoke+alcohol.user+PA_level+BMI_level,ok,,survey_weighted,odds_ratio,1.0653556968647042,0.8001334913223811,1.4184917556272925,0.14017984293158986,30,0.6547873217077536,0.7824804306958362,Heavy Metals,urine,0.6547873217077536,0.18389973818750635,+,FALSE,FALSE,FALSE,Tl_ln_U
TTCA_binary_U,VOC_urine.rds,DM,Diabetes,binary_above_detection_threshold,1160,237,923,15,2,2013-2014,WTSA2YR,age+sex+eth+marital+PIR_level+edu+smoke+alcohol.user+PA_level+BMI_level,ok,,survey_weighted,odds_ratio,1.0962209439636343,0.7120595984908417,1.687640136487785,0.2024267595933904,15,0.6564433143421444,0.7824804306958362,Volatile Organic Compounds (VOC),urine,0.6564433143421444,0.18280277045996446,+,FALSE,FALSE,FALSE,TTCA_binary_U
X1_NP_ln_U,PAH_urine.rds,DM,Diabetes,natural_log_transformed,2136,477,1659,30,4,2013-2014|2015-2016,WTSA2YR,age+sex+eth+marital+PIR_level+edu+smoke+alcohol.user+PA_level+BMI_level,ok,,survey_weighted,odds_ratio,0.9672219820362181,0.8254439101634616,1.1333518256241188,0.07761291178395809,30,0.6706979581690229,0.7931269505332096,Polycyclic Aromatic Hydrocarbons (PAH),urine,0.6706979581690229,0.1734730157963339,-,FALSE,FALSE,FALSE,1_NP_ln_U
DEA_ln_U,pesticides_urine.rds,DM,Diabetes,natural_log_transformed,2157,527,1630,30,4,2013-2014|2015-2016,WTSB2YR|WTSC2YR,age+sex+eth+marital+PIR_level+edu+smoke+alcohol.user+PA_level+BMI_level,ok,,survey_weighted,odds_ratio,1.018159134468658,0.9313798214818522,1.113023923422165,0.043620203425415775,30,0.6828580040945085,0.7981818353544511,Pesticides,urine,0.6828580040945085,0.1656695956588749,+,FALSE,FALSE,FALSE,DEA_ln_U
BCETP_ln_U,BFR_urine.rds,DM,Diabetes,natural_log_transformed,1925,479,1446,30,4,2013-2014|2015-2016,WTSSBI2Y|WTSSCH2Y,age+sex+eth+marital+PIR_level+edu+smoke+alcohol.user+PA_level+BMI_level,ok,,survey_weighted,odds_ratio,0.973318725514901,0.8502782362393011,1.1141639301835904,0.06617528692534581,30,0.6856864088950989,0.7981818353544511,Brominated Flame Retardants,urine,0.6856864088950989,0.1638744586728179,-,FALSE,FALSE,FALSE,BCETP_ln_U
GAM_Cys_binary_U,VOC_urine.rds,DM,Diabetes,binary_above_detection_threshold,2198,496,1702,30,4,2013-2014|2015-2016,WTSA2YR,age+sex+eth+marital+PIR_level+edu+smoke+alcohol.user+PA_level+BMI_level,ok,,survey_weighted,odds_ratio,1.0675855804849128,0.7609846887704558,1.49771603618046,0.16576714440781304,30,0.6959827759352847,0.8038870822818405,Volatile Organic Compounds (VOC),urine,0.6959827759352847,0.1574015081032624,+,FALSE,FALSE,FALSE,GAM_Cys_binary_U
AsB_binary_U,HM_urine.rds,DM,Diabetes,binary_above_detection_threshold,2210,500,1710,30,4,2013-2014|2015-2016,WTSA2YR,age+sex+eth+marital+PIR_level+edu+smoke+alcohol.user+PA_level+BMI_level,ok,,survey_weighted,odds_ratio,1.0542106257158324,0.7856438613653437,1.4145850276749723,0.14397880934847498,30,0.7164410384235842,0.8211516517316465,Heavy Metals,urine,0.7164410384235842,0.14481954530981997,+,FALSE,FALSE,FALSE,AsB_binary_U
o_TLD_ln_U,AA_urine.rds,DM,Diabetes,natural_log_transformed,1066,213,853,15,2,2013-2014,WTSA2YR,age+sex+eth+marital+PIR_level+edu+smoke+alcohol.user+PA_level+BMI_level,ok,,survey_weighted,odds_ratio,0.9531322849141458,0.6961248468389849,1.3050261841261204,0.14742299751799287,15,0.749221451349533,0.852167910313591,Aromatic Amines,urine,0.749221451349533,0.12538979660731578,-,FALSE,FALSE,FALSE,o_TLD_ln_U
Mn_binary_U,HM_urine.rds,DM,Diabetes,binary_above_detection_threshold,2209,499,1710,30,4,2013-2014|2015-2016,WTSA2YR,age+sex+eth+marital+PIR_level+edu+smoke+alcohol.user+PA_level+BMI_level,ok,,survey_weighted,odds_ratio,1.04289722448598,0.7930684727788755,1.3714258707442233,0.13409001650271601,30,0.7562642506396525,0.8536619192826381,Heavy Metals,urine,0.7562642506396525,0.12132642864908996,+,FALSE,FALSE,FALSE,Mn_binary_U
X25_DCP_ln_U,PCCP_urine.rds,DM,Diabetes,natural_log_transformed,2114,557,1557,30,4,2013-2014|2015-2016,WTSB2YR,age+sex+eth+marital+PIR_level+edu+smoke+alcohol.user+PA_level+BMI_level,ok,,survey_weighted,odds_ratio,0.9865102958337616,0.8970514238883978,1.0848904955387395,0.046546469683486746,30,0.7724599747725335,0.8653874905346428,Personal Care Products,urine,0.7724599747725335,0.11212401440897043,-,FALSE,FALSE,FALSE,25_DCP_ln_U
X3_FL_ln_U,PAH_urine.rds,DM,Diabetes,natural_log_transformed,2202,498,1704,30,4,2013-2014|2015-2016,WTSA2YR,age+sex+eth+marital+PIR_level+edu+smoke+alcohol.user+PA_level+BMI_level,ok,,survey_weighted,odds_ratio,0.9692587595266674,0.7721344041695216,1.216708565045258,0.11133332367073881,30,0.7810556382169087,0.8684872395098463,Polycyclic Aromatic Hydrocarbons (PAH),urine,0.7810556382169087,0.1073180282098553,-,FALSE,FALSE,FALSE,3_FL_ln_U
X23_OH_PH_ln_U,PAH_urine.rds,DM,Diabetes,natural_log_transformed,2204,499,1705,30,4,2013-2014|2015-2016,WTSA2YR,age+sex+eth+marital+PIR_level+edu+smoke+alcohol.user+PA_level+BMI_level,ok,,survey_weighted,odds_ratio,0.9684282785476823,0.7528588884016821,1.2457225984033846,0.12329237175587968,30,0.7964860114453098,0.879084560780379,Polycyclic Aromatic Hydrocarbons (PAH),urine,0.7964860114453098,0.09882184723944716,-,FALSE,FALSE,FALSE,23_OH_PH_ln_U
DHB_Cys_ln_U,VOC_urine.rds,DM,Diabetes,natural_log_transformed,2077,468,1609,30,4,2013-2014|2015-2016,WTSA2YR,age+sex+eth+marital+PIR_level+edu+smoke+alcohol.user+PA_level+BMI_level,ok,,survey_weighted,odds_ratio,0.963815139470238,0.68596976919954,1.3541990693788393,0.1665135093041089,30,0.8263289389271414,0.9053162639716477,Volatile Organic Compounds (VOC),urine,0.8263289389271414,0.08284703751791803,-,FALSE,FALSE,FALSE,DHB_Cys_ln_U
X2_FL_ln_U,PAH_urine.rds,DM,Diabetes,natural_log_transformed,2203,498,1705,30,4,2013-2014|2015-2016,WTSA2YR,age+sex+eth+marital+PIR_level+edu+smoke+alcohol.user+PA_level+BMI_level,ok,,survey_weighted,odds_ratio,0.974796994433458,0.7491157021151053,1.2684678450519198,0.1289425368431087,30,0.8444082092747336,0.9177029146984788,Polycyclic Aromatic Hydrocarbons (PAH),urine,0.8444082092747336,0.07344755316472863,-,FALSE,FALSE,FALSE,2_FL_ln_U
PFHpA_binary_S,PFC_serum.rds,DM,Diabetes,binary_above_detection_threshold,1058,270,788,15,2,2013-2014,WTSB2YR,age+sex+eth+marital+PIR_level+edu+smoke+alcohol.user+PA_level+BMI_level,ok,,survey_weighted,odds_ratio,0.9210858835367988,0.37064645908022953,2.2889715632414074,0.4270824126843974,15,0.8499530350898663,0.9177029146984788,Polyfluoroalkyl Substances (PFAS),serum,0.8499530350898663,0.0706050709502013,-,FALSE,FALSE,FALSE,PFHpA_binary_S
Chloroform_binary_S,VOC_serum.rds,DM,Diabetes,binary_above_detection_threshold,3046,723,2323,30,4,2013-2014|2015-2016,WTSVOC2Y,age+sex+eth+marital+PIR_level+edu+smoke+alcohol.user+PA_level+BMI_level,ok,,survey_weighted,odds_ratio,1.0257380170205304,0.7585776280192941,1.386988543688569,0.14773861855794518,30,0.8645855738502208,0.9205579411413263,Volatile Organic Compounds (VOC),serum,0.8645855738502208,0.06319201521633107,+,FALSE,FALSE,FALSE,Chloroform_binary_S
MHNCH_binary_U,Phthalates_urine.rds,DM,Diabetes,binary_above_detection_threshold,2115,558,1557,30,4,2013-2014|2015-2016,WTSB2YR,age+sex+eth+marital+PIR_level+edu+smoke+alcohol.user+PA_level+BMI_level,ok,,survey_weighted,odds_ratio,1.022915733911501,0.7810680439883024,1.339648455390367,0.13208331726467032,30,0.8649537701999039,0.9205579411413263,Phthalates,urine,0.8649537701999039,0.06300710396133119,+,FALSE,FALSE,FALSE,MHNCH_binary_U
MiBP_ln_U,Phthalates_urine.rds,DM,Diabetes,natural_log_transformed,2114,557,1557,30,4,2013-2014|2015-2016,WTSB2YR,age+sex+eth+marital+PIR_level+edu+smoke+alcohol.user+PA_level+BMI_level,ok,,survey_weighted,odds_ratio,0.9830671954346385,0.7910437994612489,1.2217036672279333,0.10641290105710911,30,0.8735738709953287,0.9231383459454183,Phthalates,urine,0.8735738709953287,0.05870036439695239,-,FALSE,FALSE,FALSE,MiBP_ln_U
BDCM_binary_S,VOC_serum.rds,DM,Diabetes,binary_above_detection_threshold,3106,745,2361,30,4,2013-2014|2015-2016,WTSVOC2Y,age+sex+eth+marital+PIR_level+edu+smoke+alcohol.user+PA_level+BMI_level,ok,,survey_weighted,odds_ratio,1.0157983815743774,0.7274624468801022,1.418418718979166,0.16347857298814114,30,0.9242508042870657,0.9698124636533295,Volatile Organic Compounds (VOC),serum,0.9242508042870657,0.034210162829746,+,FALSE,FALSE,FALSE,BDCM_binary_S
CYHA_Cys_binary_U,VOC_urine.rds,DM,Diabetes,binary_above_detection_threshold,1040,261,779,15,2,2015-2016,WTSA2YR,age+sex+eth+marital+PIR_level+edu+smoke+alcohol.user+PA_level+BMI_level,ok,,survey_weighted,odds_ratio,0.9696740548976699,0.32307894183581215,2.910334444575254,0.5156412433543807,15,0.9531652172281619,0.9826135633811502,Volatile Organic Compounds (VOC),urine,0.9531652172281619,0.020831814249934848,-,FALSE,FALSE,FALSE,CYHA_Cys_binary_U
DBCM_binary_S,VOC_serum.rds,DM,Diabetes,binary_above_detection_threshold,3130,747,2383,30,4,2013-2014|2015-2016,WTSVOC2Y,age+sex+eth+marital+PIR_level+edu+smoke+alcohol.user+PA_level+BMI_level,ok,,survey_weighted,odds_ratio,1.0070959494649663,0.7644905942181399,1.3266902942946317,0.13495576836684467,30,0.9585619735462265,0.9826135633811502,Volatile Organic Compounds (VOC),serum,0.9585619735462265,0.018379803600653926,+,FALSE,FALSE,FALSE,DBCM_binary_S
CEMA_CEM_ln_U,VOC_urine.rds,DM,Diabetes,natural_log_transformed,2187,497,1690,30,4,2013-2014|2015-2016,WTSA2YR,age+sex+eth+marital+PIR_level+edu+smoke+alcohol.user+PA_level+BMI_level,ok,,survey_weighted,odds_ratio,1.0056016346154601,0.7919762039223589,1.2768497873206575,0.11693343669205783,30,0.9622155184138281,0.9826135633811502,Volatile Organic Compounds (VOC),urine,0.9622155184138281,0.016727643164959498,+,FALSE,FALSE,FALSE,CEMA_CEM_ln_U
MMA_binary_U,HM_urine.rds,DM,Diabetes,binary_above_detection_threshold,2210,500,1710,30,4,2013-2014|2015-2016,WTSA2YR,age+sex+eth+marital+PIR_level+edu+smoke+alcohol.user+PA_level+BMI_level,ok,,survey_weighted,odds_ratio,0.9928506121557827,0.726883025877533,1.3561361360282949,0.15268023911453607,30,0.9628293976754895,0.9826135633811502,Heavy Metals,urine,0.9628293976754895,0.01645065805910224,-,FALSE,FALSE,FALSE,MMA_binary_U
PMA_binary_U,VOC_urine.rds,DM,Diabetes,binary_above_detection_threshold,2162,490,1672,30,4,2013-2014|2015-2016,WTSA2YR,age+sex+eth+marital+PIR_level+edu+smoke+alcohol.user+PA_level+BMI_level,ok,,survey_weighted,odds_ratio,0.9983049883694182,0.7553818531764618,1.3193497376358725,0.13653195054578113,30,0.9901685680420669,0.9985834796196225,Volatile Organic Compounds (VOC),urine,0.9901685680420669,0.0042908640503316565,-,FALSE,FALSE,FALSE,PMA_binary_U
Total_As_ln_U,HM_urine.rds,DM,Diabetes,natural_log_transformed,2207,499,1708,30,4,2013-2014|2015-2016,WTSA2YR,age+sex+eth+marital+PIR_level+edu+smoke+alcohol.user+PA_level+BMI_level,ok,,survey_weighted,odds_ratio,0.9996182749850915,0.8548545092563772,1.168896794559098,0.07660201789643972,30,0.9960562164943949,0.9985834796196225,Heavy Metals,urine,0.9960562164943949,0.0017161497044856232,-,FALSE,FALSE,FALSE,Total_As_ln_U
CMAC_ln_U,VOC_urine.rds,DM,Diabetes,natural_log_transformed,2175,488,1687,30,4,2013-2014|2015-2016,WTSA2YR,age+sex+eth+marital+PIR_level+edu+smoke+alcohol.user+PA_level+BMI_level,ok,,survey_weighted,odds_ratio,0.9998461707461721,0.8389058059242432,1.1916622320361674,0.08593515847895272,30,0.9985834796196225,0.9985834796196225,Volatile Organic Compounds (VOC),urine,0.9985834796196225,6.15623109053589e-4,-,FALSE,FALSE,FALSE,CMAC_ln_U
Se_ln_S,HM_serum.rds,Hyperlipidemia,Hyperlipidemia,natural_log_transformed,3258,2169,1089,30,4,2013-2014|2015-2016,WTSH2YR,age+sex+eth+marital+PIR_level+edu+smoke+alcohol.user+PA_level+BMI_level,ok,,survey_weighted,odds_ratio,10.946358561943164,3.8880322632271453,30.818356858790857,0.506839164197559,30,5.1104857302805966e-5,0.007614623738118089,Heavy Metals,serum,5.1104857302805966e-5,4.2915378200305945,+,TRUE,TRUE,TRUE,Se_ln_S
X24D_ln_U,pesticides_urine.rds,Hyperlipidemia,Hyperlipidemia,natural_log_transformed,2203,1448,755,30,4,2013-2014|2015-2016,WTSB2YR|WTSC2YR,age+sex+eth+marital+PIR_level+edu+smoke+alcohol.user+PA_level+BMI_level,ok,,survey_weighted,odds_ratio,0.765763271076626,0.6495072419655777,0.9028280971208195,0.08062542770200963,30,0.0024340594764693424,0.1332316729289033,Pesticides,urine,0.0024340594764693424,2.6136688139503033,-,TRUE,FALSE,FALSE,24D_ln_U
Cd_ln_U,HM_urine.rds,Hyperlipidemia,Hyperlipidemia,natural_log_transformed,2233,1447,786,30,4,2013-2014|2015-2016,WTSA2YR,age+sex+eth+marital+PIR_level+edu+smoke+alcohol.user+PA_level+BMI_level,ok,,survey_weighted,odds_ratio,1.3075790841740098,1.1008101916848723,1.5531860753872764,0.08428403028982898,30,0.003393707291378602,0.1332316729289033,Heavy Metals,urine,0.003393707291378602,2.469325618477115,+,TRUE,FALSE,TRUE,Cd_ln_U
MeP_ln_U,PCCP_urine.rds,Hyperlipidemia,Hyperlipidemia,natural_log_transformed,2145,1434,711,30,4,2013-2014|2015-2016,WTSB2YR,age+sex+eth+marital+PIR_level+edu+smoke+alcohol.user+PA_level+BMI_level,ok,,survey_weighted,odds_ratio,0.906615007988508,0.8494561713512898,0.9676199908024302,0.031886806287158745,30,0.00446436903736784,0.1332316729289033,Personal Care Products,urine,0.00446436903736784,2.3502399125767357,-,TRUE,FALSE,FALSE,MeP_ln_U
X24_DCP_ln_U,PCCP_urine.rds,Hyperlipidemia,Hyperlipidemia,natural_log_transformed,2145,1434,711,30,4,2013-2014|2015-2016,WTSB2YR,age+sex+eth+marital+PIR_level+edu+smoke+alcohol.user+PA_level+BMI_level,ok,,survey_weighted,odds_ratio,0.8634514350567812,0.7832058592955121,0.9519187986824182,0.047761541961868985,30,0.004470861507681319,0.1332316729289033,Personal Care Products,urine,0.004470861507681319,2.349608782912408,-,TRUE,FALSE,FALSE,24_DCP_ln_U
X34_MHA_ln_U,VOC_urine.rds,Hyperlipidemia,Hyperlipidemia,natural_log_transformed,2218,1436,782,30,4,2013-2014|2015-2016,WTSA2YR,age+sex+eth+marital+PIR_level+edu+smoke+alcohol.user+PA_level+BMI_level,ok,,survey_weighted,odds_ratio,1.1853047903936367,1.0550956847248967,1.3315829705970468,0.056979904420762346,30,0.005618028068463828,0.13951436370018505,Volatile Organic Compounds (VOC),urine,0.005618028068463828,2.250416095332286,+,TRUE,FALSE,TRUE,34_MHA_ln_U
W_ln_U,HM_urine.rds,Hyperlipidemia,Hyperlipidemia,natural_log_transformed,2232,1447,785,30,4,2013-2014|2015-2016,WTSA2YR,age+sex+eth+marital+PIR_level+edu+smoke+alcohol.user+PA_level+BMI_level,ok,,survey_weighted,odds_ratio,0.8214274169784391,0.7089854074284213,0.9517022413920305,0.07208080119248751,30,0.0105206827978756,0.2239402481262092,Heavy Metals,urine,0.0105206827978756,1.977956073326123,-,TRUE,FALSE,FALSE,W_ln_U
TCPY_ln_U,pesticides_urine.rds,Hyperlipidemia,Hyperlipidemia,natural_log_transformed,2183,1431,752,30,4,2013-2014|2015-2016,WTSB2YR|WTSC2YR,age+sex+eth+marital+PIR_level+edu+smoke+alcohol.user+PA_level+BMI_level,ok,,survey_weighted,odds_ratio,0.8475026674003994,0.7438849222551904,0.9655536088475682,0.0638541825018519,30,0.014627377668883777,0.27243490908296036,Pesticides,urine,0.014627377668883777,1.8348335252767825,-,TRUE,FALSE,FALSE,TCPY_ln_U
X2_NP_ln_U,PAH_urine.rds,Hyperlipidemia,Hyperlipidemia,natural_log_transformed,2194,1416,778,30,4,2013-2014|2015-2016,WTSA2YR,age+sex+eth+marital+PIR_level+edu+smoke+alcohol.user+PA_level+BMI_level,ok,,survey_weighted,odds_ratio,1.199712014853931,1.0156386989225632,1.4171465897388165,0.081558102221751555,30,0.033193327813918636,0.5241795342244819,Polycyclic Aromatic Hydrocarbons (PAH),urine,0.033193327813918636,1.4789492049950705,+,TRUE,FALSE,TRUE,2_NP_ln_U
IHg_binary_S,HM_serum.rds,Hyperlipidemia,Hyperlipidemia,binary_above_detection_threshold,3254,2169,1085,30,4,2013-2014|2015-2016,WTSH2YR,age+sex+eth+marital+PIR_level+edu+smoke+alcohol.user+PA_level+BMI_level,ok,,survey_weighted,odds_ratio,1.310374332636757,1.0174264367430568,1.6876708031392167,0.12389948659307805,30,0.03709876873684525,0.5241795342244819,Heavy Metals,serum,0.03709876873684525,1.4306405038530758,+,TRUE,FALSE,TRUE,IHg_binary_S
BDCPP_ln_U,BFR_urine.rds,Hyperlipidemia,Hyperlipidemia,natural_log_transformed,1936,1287,649,30,4,2013-2014|2015-2016,WTSSBI2Y|WTSSCH2Y,age+sex+eth+marital+PIR_level+edu+smoke+alcohol.user+PA_level+BMI_level,ok,,survey_weighted,odds_ratio,0.8667334047974509,0.7572133431079299,0.992093974346019,0.06614513977931932,30,0.038697817962881215,0.5241795342244819,Brominated Flame Retardants,urine,0.038697817962881215,1.4123135226657595,-,TRUE,FALSE,FALSE,BDCPP_ln_U
HIBP_ln_U,Phthalates_urine.rds,Hyperlipidemia,Hyperlipidemia,natural_log_transformed,2044,1370,674,30,4,2013-2014|2015-2016,WTSB2YR|WTSSBH2Y,age+sex+eth+marital+PIR_level+edu+smoke+alcohol.user+PA_level+BMI_level,ok,,survey_weighted,odds_ratio,0.8777315411747433,0.7643311011879713,1.0079567051184577,0.0677381271486039,30,0.0637216229495976,0.7278868628781575,Phthalates,urine,0.0637216229495976,1.1957131715231553,-,FALSE,FALSE,FALSE,HIBP_ln_U
X2_MHA_ln_U,VOC_urine.rds,Hyperlipidemia,Hyperlipidemia,natural_log_transformed,2094,1355,739,30,4,2013-2014|2015-2016,WTSA2YR,age+sex+eth+marital+PIR_level+edu+smoke+alcohol.user+PA_level+BMI_level,ok,,survey_weighted,odds_ratio,1.11652985168265,0.9916903316550842,1.257084868033249,0.05805783381982715,30,0.06728073228671783,0.7278868628781575,Volatile Organic Compounds (VOC),urine,0.06728073228671783,1.172109290302445,+,FALSE,FALSE,FALSE,2_MHA_ln_U
X3PBA_ln_U,pesticides_urine.rds,Hyperlipidemia,Hyperlipidemia,natural_log_transformed,2185,1433,752,30,4,2013-2014|2015-2016,WTSB2YR|WTSC2YR,age+sex+eth+marital+PIR_level+edu+smoke+alcohol.user+PA_level+BMI_level,ok,,survey_weighted,odds_ratio,0.9240091132817854,0.8462543665878245,1.008908048380728,0.04304124556995704,30,0.07625304913506446,0.7278868628781575,Pesticides,urine,0.07625304913506446,1.117742785475513,-,FALSE,FALSE,FALSE,3PBA_ln_U
X2_HPMA_ln_U,VOC_urine.rds,Hyperlipidemia,Hyperlipidemia,natural_log_transformed,2200,1424,776,30,4,2013-2014|2015-2016,WTSA2YR,age+sex+eth+marital+PIR_level+edu+smoke+alcohol.user+PA_level+BMI_level,ok,,survey_weighted,odds_ratio,1.1397213647839455,0.9853179916084096,1.3183203802303256,0.07128072996134693,30,0.0764738372039831,0.7278868628781575,Volatile Organic Compounds (VOC),urine,0.0764738372039831,1.1164871178049767,+,FALSE,FALSE,FALSE,2_HPMA_ln_U
BPS_ln_U,PCCP_urine.rds,Hyperlipidemia,Hyperlipidemia,natural_log_transformed,2144,1433,711,30,4,2013-2014|2015-2016,WTSB2YR,age+sex+eth+marital+PIR_level+edu+smoke+alcohol.user+PA_level+BMI_level,ok,,survey_weighted,odds_ratio,0.901277394066894,0.8022485115934604,1.0125303186198307,0.056992718437721315,30,0.07816234769161423,0.7278868628781575,Personal Care Products,urine,0.07816234769161423,1.1070024045835403,-,FALSE,FALSE,FALSE,BPS_ln_U
EtP_binary_U,PCCP_urine.rds,Hyperlipidemia,Hyperlipidemia,binary_above_detection_threshold,2147,1435,712,30,4,2013-2014|2015-2016,WTSB2YR,age+sex+eth+marital+PIR_level+edu+smoke+alcohol.user+PA_level+BMI_level,ok,,survey_weighted,odds_ratio,0.8055253515748085,0.6255566326168519,1.0372699419960383,0.12380953817840021,30,0.0909185376457738,0.7957020182470309,Personal Care Products,urine,0.0909185376457738,1.041347558181102,-,FALSE,FALSE,FALSE,EtP_binary_U
n_PFOA_ln_S,PFC_serum.rds,Hyperlipidemia,Hyperlipidemia,natural_log_transformed,997,661,336,15,2,2015-2016,WTSB2YR,age+sex+eth+marital+PIR_level+edu+smoke+alcohol.user+PA_level+BMI_level,ok,,survey_weighted,odds_ratio,0.7849876990358008,0.5870005270734863,1.0497532101199947,0.13635900061945017,15,0.09612507602984265,0.7957020182470309,Polyfluoroalkyl Substances (PFAS),serum,0.09612507602984265,1.0171633036864496,-,FALSE,FALSE,FALSE,n_PFOA_ln_S
DMTP_ln_U,pesticides_urine.rds,Hyperlipidemia,Hyperlipidemia,natural_log_transformed,1039,677,362,15,2,2015-2016,WTSB2YR,age+sex+eth+marital+PIR_level+edu+smoke+alcohol.user+PA_level+BMI_level,ok,,survey_weighted,odds_ratio,0.8523108105178158,0.6913432712426962,1.0507569075197107,0.09820302188780113,15,0.12449557737339524,0.8317768418449644,Pesticides,urine,0.12449557737339524,0.9048460763308616,-,FALSE,FALSE,FALSE,DMTP_ln_U
AsC_binary_U,HM_urine.rds,Hyperlipidemia,Hyperlipidemia,binary_above_detection_threshold,2235,1451,784,30,4,2013-2014|2015-2016,WTSA2YR,age+sex+eth+marital+PIR_level+edu+smoke+alcohol.user+PA_level+BMI_level,ok,,survey_weighted,odds_ratio,1.276248436833578,0.9208675098053838,1.7687778699721788,0.15980432604334116,30,0.13738606897962136,0.8317768418449644,Heavy Metals,urine,0.13738606897962136,0.8620573027350735,+,FALSE,FALSE,FALSE,AsC_binary_U
Toluene_ln_S,VOC_serum.rds,Hyperlipidemia,Hyperlipidemia,natural_log_transformed,3100,2082,1018,30,4,2013-2014|2015-2016,WTSVOC2Y,age+sex+eth+marital+PIR_level+edu+smoke+alcohol.user+PA_level+BMI_level,ok,,survey_weighted,odds_ratio,1.1162657865987646,0.9631268043692309,1.293754156439472,0.07225245321195235,30,0.13840926970385448,0.8317768418449644,Volatile Organic Compounds (VOC),serum,0.13840926970385448,0.8588348228386522,+,FALSE,FALSE,FALSE,Toluene_ln_S
BCETP_ln_U,BFR_urine.rds,Hyperlipidemia,Hyperlipidemia,natural_log_transformed,1942,1296,646,30,4,2013-2014|2015-2016,WTSSBI2Y|WTSSCH2Y,age+sex+eth+marital+PIR_level+edu+smoke+alcohol.user+PA_level+BMI_level,ok,,survey_weighted,odds_ratio,0.9343856613308172,0.8505822076670732,1.026445834665707,0.04601158926389585,30,0.1506373471810366,0.8317768418449644,Brominated Flame Retardants,urine,0.1506373471810366,0.8220673411245693,-,FALSE,FALSE,FALSE,BCETP_ln_U
PNP_ln_U,pesticides_urine.rds,Hyperlipidemia,Hyperlipidemia,natural_log_transformed,2164,1421,743,30,4,2013-2014|2015-2016,WTSB2YR|WTSC2YR,age+sex+eth+marital+PIR_level+edu+smoke+alcohol.user+PA_level+BMI_level,ok,,survey_weighted,odds_ratio,0.898109652151583,0.7654959989861738,1.053697143232758,0.07823059015022786,30,0.1797223984801869,0.8317768418449644,Pesticides,urine,0.1797223984801869,0.7453977941756099,-,FALSE,FALSE,FALSE,PNP_ln_U
NPMA_ln_U,VOC_urine.rds,Hyperlipidemia,Hyperlipidemia,natural_log_transformed,2192,1424,768,30,4,2013-2014|2015-2016,WTSA2YR,age+sex+eth+marital+PIR_level+edu+smoke+alcohol.user+PA_level+BMI_level,ok,,survey_weighted,odds_ratio,0.928953840414418,0.8322703676030548,1.036868872438669,0.053813437455826445,30,0.18101550055776935,0.8317768418449644,Volatile Organic Compounds (VOC),urine,0.18101550055776935,0.7422842344210288,-,FALSE,FALSE,FALSE,NPMA_ln_U
CYHA_Cys_binary_U,VOC_urine.rds,Hyperlipidemia,Hyperlipidemia,binary_above_detection_threshold,1052,689,363,15,2,2015-2016,WTSA2YR,age+sex+eth+marital+PIR_level+edu+smoke+alcohol.user+PA_level+BMI_level,ok,,survey_weighted,odds_ratio,1.381121705079005,0.8436600381659972,2.260978448602329,0.23125185567205328,15,0.182946981376366,0.8317768418449644,Volatile Organic Compounds (VOC),urine,0.182946981376366,0.7376747519735073,+,FALSE,FALSE,FALSE,CYHA_Cys_binary_U
Mo_ln_U,HM_urine.rds,Hyperlipidemia,Hyperlipidemia,natural_log_transformed,2232,1447,785,30,4,2013-2014|2015-2016,WTSA2YR,age+sex+eth+marital+PIR_level+edu+smoke+alcohol.user+PA_level+BMI_level,ok,,survey_weighted,odds_ratio,0.8679165141556161,0.6973650143202584,1.0801790455150355,0.10712897801703072,30,0.19605205644466805,0.8317768418449644,Heavy Metals,urine,0.19605205644466805,0.7076285979040058,-,FALSE,FALSE,FALSE,Mo_ln_U
MiBP_ln_U,Phthalates_urine.rds,Hyperlipidemia,Hyperlipidemia,natural_log_transformed,2145,1434,711,30,4,2013-2014|2015-2016,WTSB2YR,age+sex+eth+marital+PIR_level+edu+smoke+alcohol.user+PA_level+BMI_level,ok,,survey_weighted,odds_ratio,0.9054708206386181,0.7757211306048937,1.0569228743177932,0.07573032869560321,30,0.19972647894653725,0.8317768418449644,Phthalates,urine,0.19972647894653725,0.6995643542677836,-,FALSE,FALSE,FALSE,MiBP_ln_U
EO_ln_S,gas_serum.rds,Hyperlipidemia,Hyperlipidemia,natural_log_transformed,2138,1420,718,30,4,2013-2014|2015-2016,WTSA2YR,age+sex+eth+marital+PIR_level+edu+smoke+alcohol.user+PA_level+BMI_level,ok,,survey_weighted,odds_ratio,1.1409251757362233,0.9264688523638956,1.4050232269626803,0.1019522849254385,30,0.20582933558656327,0.8317768418449644,Gaseous Pollutants,serum,0.20582933558656327,0.6864927278465321,+,FALSE,FALSE,FALSE,EO_ln_S
X4FPBA_binary_U,pesticides_urine.rds,Hyperlipidemia,Hyperlipidemia,binary_above_detection_threshold,2206,1450,756,30,4,2013-2014|2015-2016,WTSB2YR|WTSC2YR,age+sex+eth+marital+PIR_level+edu+smoke+alcohol.user+PA_level+BMI_level,ok,,survey_weighted,odds_ratio,1.2999078456369537,0.8579160018298185,1.9696105487535802,0.20347062751253628,30,0.20721596352775593,0.8317768418449644,Pesticides,urine,0.20721596352775593,0.6835767904086504,+,FALSE,FALSE,FALSE,4FPBA_binary_U
DHB_Cys_ln_U,VOC_urine.rds,Hyperlipidemia,Hyperlipidemia,natural_log_transformed,2099,1360,739,30,4,2013-2014|2015-2016,WTSA2YR,age+sex+eth+marital+PIR_level+edu+smoke+alcohol.user+PA_level+BMI_level,ok,,survey_weighted,odds_ratio,0.839832213373077,0.6338115318053448,1.1128199965218333,0.1378124075630936,30,0.2150445599295239,0.8317768418449644,Volatile Organic Compounds (VOC),urine,0.2150445599295239,0.6674715394966478,-,FALSE,FALSE,FALSE,DHB_Cys_ln_U
PhIP_binary_U,AA_urine.rds,Hyperlipidemia,Hyperlipidemia,binary_above_detection_threshold,1154,736,418,15,2,2013-2014,WTSA2YR,age+sex+eth+marital+PIR_level+edu+smoke+alcohol.user+PA_level+BMI_level,ok,,survey_weighted,odds_ratio,0.7773691206420367,0.5103684196465893,1.1840520033473665,0.1974160921602623,15,0.22147029732052032,0.8317768418449644,Aromatic Amines,urine,0.22147029732052032,0.6546845113135299,-,FALSE,FALSE,FALSE,PhIP_binary_U
PFDA_ln_S,PFC_serum.rds,Hyperlipidemia,Hyperlipidemia,natural_log_transformed,2074,1412,662,30,4,2013-2014|2015-2016,WTSB2YR,age+sex+eth+marital+PIR_level+edu+smoke+alcohol.user+PA_level+BMI_level,ok,,survey_weighted,odds_ratio,1.078353183975275,0.9508059897328293,1.2230103742997727,0.061637364396868684,30,0.23053316739450785,0.8317768418449644,Polyfluoroalkyl Substances (PFAS),serum,0.23053316739450785,0.6372665827248141,+,FALSE,FALSE,FALSE,PFDA_ln_S
CEMA_CYM_ln_U,VOC_urine.rds,Hyperlipidemia,Hyperlipidemia,natural_log_transformed,2191,1423,768,30,4,2013-2014|2015-2016,WTSA2YR,age+sex+eth+marital+PIR_level+edu+smoke+alcohol.user+PA_level+BMI_level,ok,,survey_weighted,odds_ratio,1.0593759748597031,0.9620520140820409,1.1665455086446521,0.04718606109396041,30,0.23107541910386575,0.8317768418449644,Volatile Organic Compounds (VOC),urine,0.23107541910386575,0.6362462506062736,+,FALSE,FALSE,FALSE,CEMA_CYM_ln_U
PMA_binary_U,VOC_urine.rds,Hyperlipidemia,Hyperlipidemia,binary_above_detection_threshold,2185,1423,762,30,4,2013-2014|2015-2016,WTSA2YR,age+sex+eth+marital+PIR_level+edu+smoke+alcohol.user+PA_level+BMI_level,ok,,survey_weighted,odds_ratio,0.8459198431953339,0.6394687617518595,1.1190232016201178,0.13699780083572874,30,0.23144223958615207,0.8317768418449644,Volatile Organic Compounds (VOC),urine,0.23144223958615207,0.6355573768229078,-,FALSE,FALSE,FALSE,PMA_binary_U
BPF_binary_U,PCCP_urine.rds,Hyperlipidemia,Hyperlipidemia,binary_above_detection_threshold,2146,1434,712,30,4,2013-2014|2015-2016,WTSB2YR,age+sex+eth+marital+PIR_level+edu+smoke+alcohol.user+PA_level+BMI_level,ok,,survey_weighted,odds_ratio,0.84409216230238715,0.6352080730597844,1.1216664407746928,0.13921211416663665,30,0.23289669403926644,0.8317768418449644,Personal Care Products,urine,0.23289669403926644,0.6328366762171193,-,FALSE,FALSE,FALSE,BPF_binary_U
X2_FL_ln_U,PAH_urine.rds,Hyperlipidemia,Hyperlipidemia,natural_log_transformed,2227,1443,784,30,4,2013-2014|2015-2016,WTSA2YR,age+sex+eth+marital+PIR_level+edu+smoke+alcohol.user+PA_level+BMI_level,ok,,survey_weighted,odds_ratio,1.101174439306582,0.9350190420153359,1.2968560973566534,0.08009003203714986,30,0.2382467649508731,0.8317768418449644,Polycyclic Aromatic Hydrocarbons (PAH),urine,0.2382467649508731,0.622972987745347,+,FALSE,FALSE,FALSE,2_FL_ln_U
PFUnDA_binary_S,PFC_serum.rds,Hyperlipidemia,Hyperlipidemia,binary_above_detection_threshold,2074,1412,662,30,4,2013-2014|2015-2016,WTSB2YR,age+sex+eth+marital+PIR_level+edu+smoke+alcohol.user+PA_level+BMI_level,ok,,survey_weighted,odds_ratio,1.172964815972816,0.8900637862665906,1.54578411203672,0.13514197007529272,30,0.24707846021899296,0.8317768418449644,Polyfluoroalkyl Substances (PFAS),serum,0.24707846021899296,0.6071651138281046,+,FALSE,FALSE,FALSE,PFUnDA_binary_S
TBPPP_binary_U,BFR_urine.rds,Hyperlipidemia,Hyperlipidemia,binary_above_detection_threshold,900,590,310,15,2,2015-2016,WTSSBI2Y,age+sex+eth+marital+PIR_level+edu+smoke+alcohol.user+PA_level+BMI_level,ok,,survey_weighted,odds_ratio,0.7006878529746063,0.3722027459871112,1.319075349656783,0.2968044817603308,15,0.24935047489994308,0.8317768418449644,Brominated Flame Retardants,urine,0.24935047489994308,0.6031898003101527,-,FALSE,FALSE,FALSE,TBPPP_binary_U
Co_ln_U,HM_urine.rds,Hyperlipidemia,Hyperlipidemia,natural_log_transformed,2233,1447,786,30,4,2013-2014|2015-2016,WTSA2YR,age+sex+eth+marital+PIR_level+edu+smoke+alcohol.user+PA_level+BMI_level,ok,,survey_weighted,odds_ratio,0.8843164037305565,0.7124865658771282,1.0975863116018485,0.10579091131955555,30,0.25435412230814236,0.8317768418449644,Heavy Metals,urine,0.25435412230814236,0.5945612193804888,-,FALSE,FALSE,FALSE,Co_ln_U
CEMA_CEM_ln_U,VOC_urine.rds,Hyperlipidemia,Hyperlipidemia,natural_log_transformed,2209,1432,777,30,4,2013-2014|2015-2016,WTSA2YR,age+sex+eth+marital+PIR_level+edu+smoke+alcohol.user+PA_level+BMI_level,ok,,survey_weighted,odds_ratio,1.135385067113625,0.9079978630941788,1.4197161722735283,0.10942962712423276,30,0.2550749964210271,0.8317768418449644,Volatile Organic Compounds (VOC),urine,0.2550749964210271,0.5933321107691902,+,FALSE,FALSE,FALSE,CEMA_CEM_ln_U
MnBP_ln_U,Phthalates_urine.rds,Hyperlipidemia,Hyperlipidemia,natural_log_transformed,2145,1434,711,30,4,2013-2014|2015-2016,WTSB2YR,age+sex+eth+marital+PIR_level+edu+smoke+alcohol.user+PA_level+BMI_level,ok,,survey_weighted,odds_ratio,0.9068075996150623,0.7615674641515947,1.0797467872865263,0.08546927055701607,30,0.2614401384782728,0.8317768418449644,Phthalates,urine,0.2614401384782728,0.582627735112742,-,FALSE,FALSE,FALSE,MnBP_ln_U
DPHP_ln_U,BFR_urine.rds,Hyperlipidemia,Hyperlipidemia,natural_log_transformed,1944,1296,648,30,4,2013-2014|2015-2016,WTSSBI2Y|WTSSCH2Y,age+sex+eth+marital+PIR_level+edu+smoke+alcohol.user+PA_level+BMI_level,ok,,survey_weighted,odds_ratio,0.9332064168622739,0.8245728600169915,1.0561519287149208,0.06059960761326919,30,0.2630000347471864,0.8317768418449644,Brominated Flame Retardants,urine,0.2630000347471864,0.5800441941318759,-,FALSE,FALSE,FALSE,DPHP_ln_U
X4_ABP_ln_U,AA_urine.rds,Hyperlipidemia,Hyperlipidemia,natural_log_transformed,1120,714,406,15,2,2013-2014,WTSA2YR,age+sex+eth+marital+PIR_level+edu+smoke+alcohol.user+PA_level+BMI_level,ok,,survey_weighted,odds_ratio,1.0786426366073276,0.9363171605332569,1.2426023857605915,0.06638883204776425,15,0.2720406136743166,0.8317768418449644,Aromatic Amines,urine,0.2720406136743166,0.5653662541351183,+,FALSE,FALSE,FALSE,4_ABP_ln_U
Pb_ln_U,HM_urine.rds,Hyperlipidemia,Hyperlipidemia,natural_log_transformed,2233,1447,786,30,4,2013-2014|2015-2016,WTSA2YR,age+sex+eth+marital+PIR_level+edu+smoke+alcohol.user+PA_level+BMI_level,ok,,survey_weighted,odds_ratio,1.0893673418403598,0.9296178015242209,1.2765689335149975,0.0776482346027223,30,0.27906610115528974,0.8317768418449644,Heavy Metals,urine,0.27906610115528974,0.5542929151248697,+,FALSE,FALSE,FALSE,Pb_ln_U
Cs_ln_U,HM_urine.rds,Hyperlipidemia,Hyperlipidemia,natural_log_transformed,2233,1447,786,30,4,2013-2014|2015-2016,WTSA2YR,age+sex+eth+marital+PIR_level+edu+smoke+alcohol.user+PA_level+BMI_level,ok,,survey_weighted,odds_ratio,0.8679479980392885,0.6642358100164757,1.134135973912221,0.13097889067134416,30,0.28819287611511446,0.8317768418449644,Heavy Metals,urine,0.28819287611511446,0.5403167587827306,-,FALSE,FALSE,FALSE,Cs_ln_U
BPA_ln_U,PCCP_urine.rds,Hyperlipidemia,Hyperlipidemia,natural_log_transformed,2145,1434,711,30,4,2013-2014|2015-2016,WTSB2YR,age+sex+eth+marital+PIR_level+edu+smoke+alcohol.user+PA_level+BMI_level,ok,,survey_weighted,odds_ratio,1.068570010788136,0.9394268228675697,1.2154665378515828,0.06307026681780935,30,0.30140456569264434,0.8317768418449644,Personal Care Products,urine,0.30140456569264434,0.5208501732552847,+,FALSE,FALSE,FALSE,BPA_ln_U
MA_ln_U,VOC_urine.rds,Hyperlipidemia,Hyperlipidemia,natural_log_transformed,2183,1414,769,30,4,2013-2014|2015-2016,WTSA2YR,age+sex+eth+marital+PIR_level+edu+smoke+alcohol.user+PA_level+BMI_level,ok,,survey_weighted,odds_ratio,1.1227644498727956,0.8928339540120225,1.4119086804814622,0.11220273740567564,30,0.31031775374173676,0.8317768418449644,Volatile Organic Compounds (VOC),urine,0.31031775374173676,0.508193377069702,+,FALSE,FALSE,FALSE,MA_ln_U
X5OHIMI_binary_U,pesticides_urine.rds,Hyperlipidemia,Hyperlipidemia,binary_above_detection_threshold,843,547,296,15,2,2015-2016,WTSSBI2Y,age+sex+eth+marital+PIR_level+edu+smoke+alcohol.user+PA_level+BMI_level,ok,,survey_weighted,odds_ratio,0.7566129530914193,0.4266540499259915,1.3417502092972495,0.2687740538146074,15,0.315854969896891,0.8317768418449644,Pesticides,urine,0.315854969896891,0.5005122852036346,-,FALSE,FALSE,FALSE,5OHIMI_binary_U
ATCA_ln_U,VOC_urine.rds,Hyperlipidemia,Hyperlipidemia,natural_log_transformed,2167,1409,758,30,4,2013-2014|2015-2016,WTSA2YR,age+sex+eth+marital+PIR_level+edu+smoke+alcohol.user+PA_level+BMI_level,ok,,survey_weighted,odds_ratio,0.9151930774015834,0.7657961320901199,1.0937354392712098,0.08726507954316938,30,0.3179743702776712,0.8317768418449644,Volatile Organic Compounds (VOC),urine,0.3179743702776712,0.49760788408965057,-,FALSE,FALSE,FALSE,ATCA_ln_U
NDMA_binary_U,pesticides_urine.rds,Hyperlipidemia,Hyperlipidemia,binary_above_detection_threshold,891,584,307,15,2,2015-2016,WTSSBI2Y,age+sex+eth+marital+PIR_level+edu+smoke+alcohol.user+PA_level+BMI_level,ok,,survey_weighted,odds_ratio,1.3043546959867975,0.7511469602532678,2.264991090916699,0.2589141244579027,15,0.3210435700340958,0.8317768418449644,Pesticides,urine,0.3210435700340958,0.4934360238526895,+,FALSE,FALSE,FALSE,NDMA_binary_U
DBUP_binary_U,BFR_urine.rds,Hyperlipidemia,Hyperlipidemia,binary_above_detection_threshold,1945,1295,650,30,4,2013-2014|2015-2016,WTSSBI2Y|WTSSCH2Y,age+sex+eth+marital+PIR_level+edu+smoke+alcohol.user+PA_level+BMI_level,ok,,survey_weighted,odds_ratio,1.1447293136195567,0.8677582018302958,1.5101040804868961,0.13563830493482734,30,0.3269611770336235,0.8317768418449644,Brominated Flame Retardants,urine,0.3269611770336235,0.4855038118688645,+,FALSE,FALSE,FALSE,DBUP_binary_U
X25_DCP_ln_U,PCCP_urine.rds,Hyperlipidemia,Hyperlipidemia,natural_log_transformed,2145,1434,711,30,4,2013-2014|2015-2016,WTSB2YR,age+sex+eth+marital+PIR_level+edu+smoke+alcohol.user+PA_level+BMI_level,ok,,survey_weighted,odds_ratio,0.9660171099028676,0.8996964346306369,1.0372265807724383,0.03482597749297577,30,0.32876867593770787,0.8317768418449644,Personal Care Products,urine,0.32876867593770787,0.48310956739552396,-,FALSE,FALSE,FALSE,25_DCP_ln_U
BDCM_binary_S,VOC_serum.rds,Hyperlipidemia,Hyperlipidemia,binary_above_detection_threshold,3139,2109,1030,30,4,2013-2014|2015-2016,WTSVOC2Y,age+sex+eth+marital+PIR_level+edu+smoke+alcohol.user+PA_level+BMI_level,ok,,survey_weighted,odds_ratio,0.8614547988463288,0.6324659045690678,1.1733507926581488,0.15130022066446033,30,0.33217646273333457,0.8317768418449644,Volatile Organic Compounds (VOC),serum,0.33217646273333457,0.47863114391105677,-,FALSE,FALSE,FALSE,BDCM_binary_S
X2_AN_ln_U,AA_urine.rds,Hyperlipidemia,Hyperlipidemia,natural_log_transformed,1116,705,411,15,2,2013-2014,WTSA2YR,age+sex+eth+marital+PIR_level+edu+smoke+alcohol.user+PA_level+BMI_level,ok,,survey_weighted,odds_ratio,0.9073644166455269,0.7366152765587551,1.1176936058680926,0.0978106233775405,15,0.33604890623414707,0.8317768418449644,Aromatic Amines,urine,0.33604890623414707,0.47359751379466286,-,FALSE,FALSE,FALSE,2_AN_ln_U
X1_PY_ln_U,PAH_urine.rds,Hyperlipidemia,Hyperlipidemia,natural_log_transformed,2227,1443,784,30,4,2013-2014|2015-2016,WTSA2YR,age+sex+eth+marital+PIR_level+edu+smoke+alcohol.user+PA_level+BMI_level,ok,,survey_weighted,odds_ratio,0.9123855874846425,0.7530327717290665,1.1054598040112953,0.09399037088285431,30,0.3370873778199618,0.8317768418449644,Polycyclic Aromatic Hydrocarbons (PAH),urine,0.3370873778199618,0.4722575092582342,-,FALSE,FALSE,FALSE,1_PY_ln_U
Sr_ln_U,HM_urine.rds,Hyperlipidemia,Hyperlipidemia,natural_log_transformed,2233,1447,786,30,4,2013-2014|2015-2016,WTSA2YR,age+sex+eth+marital+PIR_level+edu+smoke+alcohol.user+PA_level+BMI_level,ok,,survey_weighted,odds_ratio,1.1003241121413838,0.8999227363225413,1.3453523318092864,0.09844482358794489,30,0.3392385493013288,0.8317768418449644,Heavy Metals,urine,0.3392385493013288,0.46949480264884463,+,FALSE,FALSE,FALSE,Sr_ln_U
m_p_Xylene_binary_S,VOC_serum.rds,Hyperlipidemia,Hyperlipidemia,binary_above_detection_threshold,3149,2112,1037,30,4,2013-2014|2015-2016,WTSVOC2Y,age+sex+eth+marital+PIR_level+edu+smoke+alcohol.user+PA_level+BMI_level,ok,,survey_weighted,odds_ratio,1.1098777126526633,0.8851062671818597,1.391729538832887,0.11080666785993713,30,0.3543083578919146,0.8317768418449644,Volatile Organic Compounds (VOC),serum,0.3543083578919146,0.45061860283609617,+,FALSE,FALSE,FALSE,m_p_Xylene_binary_S
Pb_ln_S,HM_serum.rds,Hyperlipidemia,Hyperlipidemia,natural_log_transformed,3259,2170,1089,30,4,2013-2014|2015-2016,WTSH2YR,age+sex+eth+marital+PIR_level+edu+smoke+alcohol.user+PA_level+BMI_level,ok,,survey_weighted,odds_ratio,1.085465285624788,0.9070722863160743,1.298942657681353,0.08791278704339801,30,0.3583491189136716,0.8317768418449644,Heavy Metals,serum,0.3583491189136716,0.44569365900914976,+,FALSE,FALSE,FALSE,Pb_ln_S
GAM_Cys_binary_U,VOC_urine.rds,Hyperlipidemia,Hyperlipidemia,binary_above_detection_threshold,2221,1438,783,30,4,2013-2014|2015-2016,WTSA2YR,age+sex+eth+marital+PIR_level+edu+smoke+alcohol.user+PA_level+BMI_level,ok,,survey_weighted,odds_ratio,1.1127274428684901,0.8800771281424721,1.4068793774086215,0.11485239699574178,30,0.3597883085485759,0.8317768418449644,Volatile Organic Compounds (VOC),urine,0.3597883085485759,0.44395295331769413,+,FALSE,FALSE,FALSE,GAM_Cys_binary_U
PrP_ln_U,PCCP_urine.rds,Hyperlipidemia,Hyperlipidemia,natural_log_transformed,2145,1434,711,30,4,2013-2014|2015-2016,WTSB2YR,age+sex+eth+marital+PIR_level+edu+smoke+alcohol.user+PA_level+BMI_level,ok,,survey_weighted,odds_ratio,0.9741498711692788,0.9180310639482419,1.033699194685012,0.029052898739295095,30,0.37452276502022186,0.8317768418449644,Personal Care Products,urine,0.37452276502022186,0.42652177897338245,-,FALSE,FALSE,FALSE,PrP_ln_U
HEMA_binary_U,VOC_urine.rds,Hyperlipidemia,Hyperlipidemia,binary_above_detection_threshold,2204,1429,775,30,4,2013-2014|2015-2016,WTSA2YR,age+sex+eth+marital+PIR_level+edu+smoke+alcohol.user+PA_level+BMI_level,ok,,survey_weighted,odds_ratio,0.8674136666439283,0.6273084202744771,1.199420324617117,0.15868483565691552,30,0.3771954147353178,0.8317768418449644,Volatile Organic Compounds (VOC),urine,0.3771954147353178,0.4234335952752531,-,FALSE,FALSE,FALSE,HEMA_binary_U
DEA_ln_U,pesticides_urine.rds,Hyperlipidemia,Hyperlipidemia,natural_log_transformed,2180,1429,751,30,4,2013-2014|2015-2016,WTSB2YR|WTSC2YR,age+sex+eth+marital+PIR_level+edu+smoke+alcohol.user+PA_level+BMI_level,ok,,survey_weighted,odds_ratio,0.9588281333267434,0.8709468420426205,1.0555769248817808,0.04707055614421403,30,0.37885940628979176,0.8317768418449644,Pesticides,urine,0.37885940628979176,0.42152192565346236,-,FALSE,FALSE,FALSE,DEA_ln_U
X4_MDA_binary_U,AA_urine.rds,Hyperlipidemia,Hyperlipidemia,binary_above_detection_threshold,1010,660,350,15,2,2015-2016,WTSA2YR,age+sex+eth+marital+PIR_level+edu+smoke+alcohol.user+PA_level+BMI_level,ok,,survey_weighted,odds_ratio,1.2617098324126819,0.7301746065847468,2.1801794897424642,0.2566044307200874,15,0.3792908931212472,0.8317768418449644,Aromatic Amines,urine,0.3792908931212472,0.42102758470208806,+,FALSE,FALSE,FALSE,4_MDA_binary_U
IPPPP_binary_U,BFR_urine.rds,Hyperlipidemia,Hyperlipidemia,binary_above_detection_threshold,899,589,310,15,2,2015-2016,WTSSBI2Y,age+sex+eth+marital+PIR_level+edu+smoke+alcohol.user+PA_level+BMI_level,ok,,survey_weighted,odds_ratio,1.3182465017444358,0.6868589487998359,2.5300301355873636,0.3058616938002612,15,0.38061498483745193,0.8317768418449644,Brominated Flame Retardants,urine,0.38061498483745193,0.4195141175095632,+,FALSE,FALSE,FALSE,IPPPP_binary_U
FA_ln_S,gas_serum.rds,Hyperlipidemia,Hyperlipidemia,natural_log_transformed,1968,1313,655,30,4,2013-2014|2015-2016,WTSA2YR,age+sex+eth+marital+PIR_level+edu+smoke+alcohol.user+PA_level+BMI_level,ok,,survey_weighted,odds_ratio,0.6569298895786515,0.24881864540698073,1.7344233954651684,0.47537878573515746,30,0.38378968298988836,0.8317768418449644,Gaseous Pollutants,serum,0.38378968298988836,0.41590670412056957,-,FALSE,FALSE,FALSE,FA_ln_S
PPDA_binary_U,AA_urine.rds,Hyperlipidemia,Hyperlipidemia,binary_above_detection_threshold,938,612,326,15,2,2015-2016,WTSA2YR,age+sex+eth+marital+PIR_level+edu+smoke+alcohol.user+PA_level+BMI_level,ok,,survey_weighted,odds_ratio,1.238942227396933,0.7403166284015842,2.073407220558372,0.24158924254087313,15,0.38914784296110216,0.8317768418449644,Aromatic Amines,urine,0.38914784296110216,0.4098853724943747,+,FALSE,FALSE,FALSE,PPDA_binary_U
Ba_ln_U,HM_urine.rds,Hyperlipidemia,Hyperlipidemia,natural_log_transformed,2233,1447,786,30,4,2013-2014|2015-2016,WTSA2YR,age+sex+eth+marital+PIR_level+edu+smoke+alcohol.user+PA_level+BMI_level,ok,,survey_weighted,odds_ratio,1.0709228191177387,0.9123829262433478,1.2570113397773008,0.07844997655558437,30,0.3893657147130679,0.8317768418449644,Heavy Metals,urine,0.3893657147130679,0.4096422925860576,+,FALSE,FALSE,FALSE,Ba_ln_U
MEOHP_ln_U,Phthalates_urine.rds,Hyperlipidemia,Hyperlipidemia,natural_log_transformed,2145,1434,711,30,4,2013-2014|2015-2016,WTSB2YR,age+sex+eth+marital+PIR_level+edu+smoke+alcohol.user+PA_level+BMI_level,ok,,survey_weighted,odds_ratio,0.9301873846959073,0.7840912561032495,1.1035049350601043,0.08366202196809563,30,0.3938931137087144,0.8317768418449644,Phthalates,urine,0.3938931137087144,0.4046216117383282,-,FALSE,FALSE,FALSE,MEOHP_ln_U
X1_AN_ln_U,AA_urine.rds,Hyperlipidemia,Hyperlipidemia,natural_log_transformed,1109,703,406,15,2,2013-2014,WTSA2YR,age+sex+eth+marital+PIR_level+edu+smoke+alcohol.user+PA_level+BMI_level,ok,,survey_weighted,odds_ratio,1.0614648339182982,0.9161959511405974,1.2297670517344363,0.06904920174018449,15,0.4012598573001691,0.8317768418449644,Aromatic Amines,urine,0.4012598573001691,0.3965742856313417,+,FALSE,FALSE,FALSE,1_AN_ln_U
Perchlorate_ln_U,PERNT_urine.rds,Hyperlipidemia,Hyperlipidemia,natural_log_transformed,2223,1440,783,30,4,2013-2014|2015-2016,WTSA2YR,age+sex+eth+marital+PIR_level+edu+smoke+alcohol.user+PA_level+BMI_level,ok,,survey_weighted,odds_ratio,0.9232132077933826,0.7618763351833343,1.1187151873394894,0.09405011014254003,30,0.40233451901076855,0.8317768418449644,Inorganic Anions,urine,0.40233451901076855,0.3954127047571715,-,FALSE,FALSE,FALSE,Perchlorate_ln_U
PGA_ln_U,VOC_urine.rds,Hyperlipidemia,Hyperlipidemia,natural_log_transformed,2185,1413,772,30,4,2013-2014|2015-2016,WTSA2YR,age+sex+eth+marital+PIR_level+edu+smoke+alcohol.user+PA_level+BMI_level,ok,,survey_weighted,odds_ratio,1.0914226612244764,0.8834467318199446,1.3483590832696608,0.10351523843546072,30,0.40473783088270854,0.8317768418449644,Volatile Organic Compounds (VOC),urine,0.40473783088270854,0.39282620016554454,+,FALSE,FALSE,FALSE,PGA_ln_U
CMAC_ln_U,VOC_urine.rds,Hyperlipidemia,Hyperlipidemia,natural_log_transformed,2198,1420,778,30,4,2013-2014|2015-2016,WTSA2YR,age+sex+eth+marital+PIR_level+edu+smoke+alcohol.user+PA_level+BMI_level,ok,,survey_weighted,odds_ratio,1.0744644762040594,0.8995469045507213,1.2833949011264352,0.08700428635320956,30,0.4156021069751269,0.8317768418449644,Volatile Organic Compounds (VOC),urine,0.4156021069751269,0.38132225936954833,+,FALSE,FALSE,FALSE,CMAC_ln_U
IPM1_Cys_ln_U,VOC_urine.rds,Hyperlipidemia,Hyperlipidemia,natural_log_transformed,1051,689,362,15,2,2015-2016,WTSA2YR,age+sex+eth+marital+PIR_level+edu+smoke+alcohol.user+PA_level+BMI_level,ok,,survey_weighted,odds_ratio,1.2491511380715354,0.708203516429798,2.2032911861432245,0.2662451036096138,15,0.4165128691978537,0.8317768418449644,Volatile Organic Compounds (VOC),urine,0.4165128691978537,0.38037157544502037,+,FALSE,FALSE,FALSE,IPM1_Cys_ln_U
o_TLD_ln_U,AA_urine.rds,Hyperlipidemia,Hyperlipidemia,natural_log_transformed,1078,687,391,15,2,2013-2014,WTSA2YR,age+sex+eth+marital+PIR_level+edu+smoke+alcohol.user+PA_level+BMI_level,ok,,survey_weighted,odds_ratio,0.9075742507480098,0.7083529863344734,1.162825648386378,0.11627431885285958,15,0.417331679026976,0.8317768418449644,Aromatic Amines,urine,0.417331679026976,0.37951864738889296,-,FALSE,FALSE,FALSE,o_TLD_ln_U
MHBP_ln_U,Phthalates_urine.rds,Hyperlipidemia,Hyperlipidemia,natural_log_transformed,2044,1370,674,30,4,2013-2014|2015-2016,WTSB2YR|WTSSBH2Y,age+sex+eth+marital+PIR_level+edu+smoke+alcohol.user+PA_level+BMI_level,ok,,survey_weighted,odds_ratio,0.9267766471708437,0.7668753053482749,1.1200190536206613,0.09273414071168708,30,0.4186796183783378,0.8317768418449644,Phthalates,urine,0.4186796183783378,0.37811818035851485,-,FALSE,FALSE,FALSE,MHBP_ln_U
PFBA_binary_U,PFC_urine.rds,Hyperlipidemia,Hyperlipidemia,binary_above_detection_threshold,1013,698,315,15,2,2013-2014,WTSSBH2Y,age+sex+eth+marital+PIR_level+edu+smoke+alcohol.user+PA_level+BMI_level,ok,,survey_weighted,odds_ratio,0.863546295514533,0.5855379802611902,1.2735505289754803,0.18227804722957058,15,0.4334749232927647,0.8498389943502888,Polyfluoroalkyl Substances (PFAS),urine,0.4334749232927647,0.3630360215801252,-,FALSE,FALSE,FALSE,PFBA_binary_U
DMP_ln_U,pesticides_urine.rds,Hyperlipidemia,Hyperlipidemia,natural_log_transformed,1031,674,357,15,2,2015-2016,WTSB2YR,age+sex+eth+marital+PIR_level+edu+smoke+alcohol.user+PA_level+BMI_level,ok,,survey_weighted,odds_ratio,0.9057107772153365,0.6865952341830566,1.1947534313139456,0.1299468173633056,15,0.45780457980379596,0.8518444259019123,Pesticides,urine,0.45780457980379596,0.3393198670272076,-,FALSE,FALSE,FALSE,DMP_ln_U
MB3_Cys_ln_U,VOC_urine.rds,Hyperlipidemia,Hyperlipidemia,natural_log_transformed,2162,1403,759,30,4,2013-2014|2015-2016,WTSA2YR,age+sex+eth+marital+PIR_level+edu+smoke+alcohol.user+PA_level+BMI_level,ok,,survey_weighted,odds_ratio,1.0571067810770014,0.9056246415485542,1.2339270546881063,0.07573234697453009,30,0.4690579097991623,0.8518444259019123,Volatile Organic Compounds (VOC),urine,0.4690579097991623,0.32877353606176296,+,FALSE,FALSE,FALSE,MB3_Cys_ln_U
OXY_binary_U,pesticides_urine.rds,Hyperlipidemia,Hyperlipidemia,binary_above_detection_threshold,2196,1442,754,30,4,2013-2014|2015-2016,WTSB2YR|WTSC2YR,age+sex+eth+marital+PIR_level+edu+smoke+alcohol.user+PA_level+BMI_level,ok,,survey_weighted,odds_ratio,0.8815307957803571,0.6164231188085795,1.2606544436735585,0.17516092275451717,30,0.4771686012017089,0.8518444259019123,Pesticides,urine,0.4771686012017089,0.3213281416435173,-,FALSE,FALSE,FALSE,OXY_binary_U
Norharman_ln_U,AA_urine.rds,Hyperlipidemia,Hyperlipidemia,natural_log_transformed,1139,724,415,15,2,2013-2014,WTSA2YR,age+sex+eth+marital+PIR_level+edu+smoke+alcohol.user+PA_level+BMI_level,ok,,survey_weighted,odds_ratio,1.07827767355748,0.8641032022143578,1.3455368968811032,0.10388615214150464,15,0.4793373676602941,0.8518444259019123,Aromatic Amines,urine,0.4793373676602941,0.31935871343240074,+,FALSE,FALSE,FALSE,Norharman_ln_U
MINP_binary_U,Phthalates_urine.rds,Hyperlipidemia,Hyperlipidemia,binary_above_detection_threshold,2146,1435,711,30,4,2013-2014|2015-2016,WTSB2YR,age+sex+eth+marital+PIR_level+edu+smoke+alcohol.user+PA_level+BMI_level,ok,,survey_weighted,odds_ratio,1.0923924554022872,0.8440693644829476,1.4137715771153858,0.12627639652697326,30,0.4894338994941533,0.8518444259019123,Phthalates,urine,0.4894338994941533,0.31030595355108026,+,FALSE,FALSE,FALSE,MINP_binary_U
Total_As_ln_U,HM_urine.rds,Hyperlipidemia,Hyperlipidemia,natural_log_transformed,2232,1447,785,30,4,2013-2014|2015-2016,WTSA2YR,age+sex+eth+marital+PIR_level+edu+smoke+alcohol.user+PA_level+BMI_level,ok,,survey_weighted,odds_ratio,0.942426442402269,0.7916210553842735,1.121960555872099,0.08538285802783493,30,0.4927197114071261,0.8518444259019123,Heavy Metals,urine,0.4927197114071261,0.30740006329012176,-,FALSE,FALSE,FALSE,Total_As_ln_U
CEMA_AAM_ln_U,VOC_urine.rds,Hyperlipidemia,Hyperlipidemia,natural_log_transformed,2158,1402,756,30,4,2013-2014|2015-2016,WTSA2YR,age+sex+eth+marital+PIR_level+edu+smoke+alcohol.user+PA_level+BMI_level,ok,,survey_weighted,odds_ratio,0.9412235332871731,0.7850624198119763,1.1284475186390468,0.08883115921588373,30,0.5005287316021032,0.8518444259019123,Volatile Organic Compounds (VOC),urine,0.5005287316021032,0.3005709878787499,-,FALSE,FALSE,FALSE,CEMA_AAM_ln_U
MCOCH_binary_U,Phthalates_urine.rds,Hyperlipidemia,Hyperlipidemia,binary_above_detection_threshold,1033,673,360,15,2,2015-2016,WTSB2YR,age+sex+eth+marital+PIR_level+edu+smoke+alcohol.user+PA_level+BMI_level,ok,,survey_weighted,odds_ratio,1.1473967524063624,0.7462130718511994,1.7642672811488769,0.2018531398693184,15,0.5061464715452089,0.8518444259019123,Phthalates,urine,0.5061464715452089,0.2957237863641888,+,FALSE,FALSE,FALSE,MCOCH_binary_U
MHNCH_binary_U,Phthalates_urine.rds,Hyperlipidemia,Hyperlipidemia,binary_above_detection_threshold,2146,1435,711,30,4,2013-2014|2015-2016,WTSB2YR,age+sex+eth+marital+PIR_level+edu+smoke+alcohol.user+PA_level+BMI_level,ok,,survey_weighted,odds_ratio,0.9310401565919892,0.7473390228013745,1.159896307752714,0.10761712055591904,30,0.5117903647397255,0.8518444259019123,Phthalates,urine,0.5117903647397255,0.2909078946500036,-,FALSE,FALSE,FALSE,MHNCH_binary_U
AsB_binary_U,HM_urine.rds,Hyperlipidemia,Hyperlipidemia,binary_above_detection_threshold,2235,1451,784,30,4,2013-2014|2015-2016,WTSA2YR,age+sex+eth+marital+PIR_level+edu+smoke+alcohol.user+PA_level+BMI_level,ok,,survey_weighted,odds_ratio,0.9222352117279019,0.7179932029543056,1.1845763751679088,0.12257923677963585,30,0.5140175919630823,0.8518444259019123,Heavy Metals,urine,0.5140175919630823,0.28902201726590704,-,FALSE,FALSE,FALSE,AsB_binary_U
Nitrate_ln_U,PERNT_urine.rds,Hyperlipidemia,Hyperlipidemia,natural_log_transformed,2224,1441,783,30,4,2013-2014|2015-2016,WTSA2YR,age+sex+eth+marital+PIR_level+edu+smoke+alcohol.user+PA_level+BMI_level,ok,,survey_weighted,odds_ratio,1.100827990854698,0.810123038727338,1.4958496518663411,0.15014243464630797,30,0.5271525129508131,0.8518444259019123,Inorganic Anions,urine,0.5271525129508131,0.27806371884707887,+,FALSE,FALSE,FALSE,Nitrate_ln_U
BP3_ln_U,PCCP_urine.rds,Hyperlipidemia,Hyperlipidemia,natural_log_transformed,2145,1434,711,30,4,2013-2014|2015-2016,WTSB2YR,age+sex+eth+marital+PIR_level+edu+smoke+alcohol.user+PA_level+BMI_level,ok,,survey_weighted,odds_ratio,0.9764892640867855,0.9049716181222766,1.053658770929448,0.03724291228898232,30,0.5277874796109213,0.8518444259019123,Personal Care Products,urine,0.5277874796109213,0.27754091650396334,-,FALSE,FALSE,FALSE,BP3_ln_U
X3_HPMA_ln_U,VOC_urine.rds,Hyperlipidemia,Hyperlipidemia,natural_log_transformed,2148,1391,757,30,4,2013-2014|2015-2016,WTSA2YR,age+sex+eth+marital+PIR_level+edu+smoke+alcohol.user+PA_level+BMI_level,ok,,survey_weighted,odds_ratio,1.05922843632969,0.8764240258604453,1.280162167197471,0.0927623587229526,30,0.5397423303370888,0.8518444259019123,Volatile Organic Compounds (VOC),urine,0.5397423303370888,0.26781352021364085,+,FALSE,FALSE,FALSE,3_HPMA_ln_U
Sm_PFOS_ln_S,PFC_serum.rds,Hyperlipidemia,Hyperlipidemia,natural_log_transformed,997,661,336,15,2,2015-2016,WTSB2YR,age+sex+eth+marital+PIR_level+edu+smoke+alcohol.user+PA_level+BMI_level,ok,,survey_weighted,odds_ratio,0.9108432198624586,0.6613942519074836,1.2543734221709888,0.1501422713262395,15,0.5432982780875901,0.8518444259019123,Polyfluoroalkyl Substances (PFAS),serum,0.5432982780875901,0.2649616714033176,-,FALSE,FALSE,FALSE,Sm_PFOS_ln_S
MEHHP_ln_U,Phthalates_urine.rds,Hyperlipidemia,Hyperlipidemia,natural_log_transformed,2145,1434,711,30,4,2013-2014|2015-2016,WTSB2YR,age+sex+eth+marital+PIR_level+edu+smoke+alcohol.user+PA_level+BMI_level,ok,,survey_weighted,odds_ratio,0.9536655205401454,0.8132416204312528,1.1183366692236199,0.07799387421752578,30,0.5475785425222832,0.8518444259019123,Phthalates,urine,0.5475785425222832,0.26155357851969596,-,FALSE,FALSE,FALSE,MEHHP_ln_U
Mn_ln_S,HM_serum.rds,Hyperlipidemia,Hyperlipidemia,natural_log_transformed,3258,2169,1089,30,4,2013-2014|2015-2016,WTSH2YR,age+sex+eth+marital+PIR_level+edu+smoke+alcohol.user+PA_level+BMI_level,ok,,survey_weighted,odds_ratio,1.1066886208580928,0.7842819411029511,1.5616319072888303,0.1686156201397618,30,0.5522203955638328,0.8518444259019123,Heavy Metals,serum,0.5522203955638328,0.25788755728159396,+,FALSE,FALSE,FALSE,Mn_ln_S
o_Xylene_binary_S,VOC_serum.rds,Hyperlipidemia,Hyperlipidemia,binary_above_detection_threshold,3155,2122,1033,30,4,2013-2014|2015-2016,WTSVOC2Y,age+sex+eth+marital+PIR_level+edu+smoke+alcohol.user+PA_level+BMI_level,ok,,survey_weighted,odds_ratio,1.1048269377169075,0.7839155793442016,1.5571097124081517,0.16802001517079906,30,0.55741777872981,0.8518444259019123,Volatile Organic Compounds (VOC),serum,0.55741777872981,0.2538191836652024,+,FALSE,FALSE,FALSE,o_Xylene_binary_S
Sb_ln_U,HM_urine.rds,Hyperlipidemia,Hyperlipidemia,natural_log_transformed,2233,1447,786,30,4,2013-2014|2015-2016,WTSA2YR,age+sex+eth+marital+PIR_level+edu+smoke+alcohol.user+PA_level+BMI_level,ok,,survey_weighted,odds_ratio,0.947438628273036,0.7838144373987985,1.1452199800284875,0.09283279351798082,30,0.5651699003630581,0.8518444259019123,Heavy Metals,urine,0.5651699003630581,0.24782097572354972,-,FALSE,FALSE,FALSE,Sb_ln_U
MCOP_ln_U,Phthalates_urine.rds,Hyperlipidemia,Hyperlipidemia,natural_log_transformed,2145,1434,711,30,4,2013-2014|2015-2016,WTSB2YR,age+sex+eth+marital+PIR_level+edu+smoke+alcohol.user+PA_level+BMI_level,ok,,survey_weighted,odds_ratio,1.0287979182378972,0.9307489360407799,1.1371757899320953,0.04904182106295239,30,0.5669680804076851,0.8518444259019123,Phthalates,urine,0.5669680804076851,0.24644139065386664,+,FALSE,FALSE,FALSE,MCOP_ln_U
MeA_a_C_binary_U,AA_urine.rds,Hyperlipidemia,Hyperlipidemia,binary_above_detection_threshold,1154,737,417,15,2,2013-2014,WTSA2YR,age+sex+eth+marital+PIR_level+edu+smoke+alcohol.user+PA_level+BMI_level,ok,,survey_weighted,odds_ratio,1.18056851388007,0.6407440747243265,2.1751929841327673,0.28671627547429984,15,0.5712111643025459,0.8518444259019123,Aromatic Amines,urine,0.5712111643025459,0.24320331287822852,+,FALSE,FALSE,FALSE,MeA_a_C_binary_U
DEP_ln_U,pesticides_urine.rds,Hyperlipidemia,Hyperlipidemia,natural_log_transformed,1039,678,361,15,2,2015-2016,WTSB2YR,age+sex+eth+marital+PIR_level+edu+smoke+alcohol.user+PA_level+BMI_level,ok,,survey_weighted,odds_ratio,1.0533425856480192,0.8667253903918233,1.2801408785752377,0.0914877909886054,15,0.578413948686266,0.8518444259019123,Pesticides,urine,0.578413948686266,0.23776124240019406,+,FALSE,FALSE,FALSE,DEP_ln_U
BCPP_binary_U,BFR_urine.rds,Hyperlipidemia,Hyperlipidemia,binary_above_detection_threshold,1947,1297,650,30,4,2013-2014|2015-2016,WTSSBI2Y|WTSSCH2Y,age+sex+eth+marital+PIR_level+edu+smoke+alcohol.user+PA_level+BMI_level,ok,,survey_weighted,odds_ratio,0.9145466263473856,0.6603336400307799,1.26662565869641,0.1594709994032251,30,0.5795399616203536,0.8518444259019123,Brominated Flame Retardants,urine,0.5795399616203536,0.23691661230980499,-,FALSE,FALSE,FALSE,BCPP_binary_U
IPM3_Cys_ln_U,VOC_urine.rds,Hyperlipidemia,Hyperlipidemia,natural_log_transformed,1051,689,362,15,2,2015-2016,WTSA2YR,age+sex+eth+marital+PIR_level+edu+smoke+alcohol.user+PA_level+BMI_level,ok,,survey_weighted,odds_ratio,1.0813919807814762,0.8044397603436847,1.4536932083004852,0.13880613627369268,15,0.5812691974835061,0.8518444259019123,Volatile Organic Compounds (VOC),urine,0.5812691974835061,0.23562269049171303,+,FALSE,FALSE,FALSE,IPM3_Cys_ln_U
PMM_Cys_ln_U,VOC_urine.rds,Hyperlipidemia,Hyperlipidemia,natural_log_transformed,2192,1421,771,30,4,2013-2014|2015-2016,WTSA2YR,age+sex+eth+marital+PIR_level+edu+smoke+alcohol.user+PA_level+BMI_level,ok,,survey_weighted,odds_ratio,1.0449336448552387,0.8858677103131453,1.2325613739375187,0.08086141289770236,30,0.5907580419063696,0.8518444259019123,Volatile Organic Compounds (VOC),urine,0.5907580419063696,0.22859035766548189,+,FALSE,FALSE,FALSE,PMM_Cys_ln_U
A_a_C_binary_U,AA_urine.rds,Hyperlipidemia,Hyperlipidemia,binary_above_detection_threshold,1155,737,418,15,2,2013-2014,WTSA2YR,age+sex+eth+marital+PIR_level+edu+smoke+alcohol.user+PA_level+BMI_level,ok,,survey_weighted,odds_ratio,0.9075438557974101,0.6219629970960067,1.3242521726232108,0.17727902165727635,15,0.592266267780564,0.8518444259019123,Aromatic Amines,urine,0.592266267780564,0.22748300167264587,-,FALSE,FALSE,FALSE,A_a_C_binary_U
TTCA_binary_U,VOC_urine.rds,Hyperlipidemia,Hyperlipidemia,binary_above_detection_threshold,1171,751,420,15,2,2013-2014,WTSA2YR,age+sex+eth+marital+PIR_level+edu+smoke+alcohol.user+PA_level+BMI_level,ok,,survey_weighted,odds_ratio,1.1107925588414427,0.7359117136232085,1.6766414855699174,0.1931638026018536,15,0.5944613435827825,0.8518444259019123,Volatile Organic Compounds (VOC),urine,0.5944613435827825,0.22587638127157494,+,FALSE,FALSE,FALSE,TTCA_binary_U
DBCM_binary_S,VOC_serum.rds,Hyperlipidemia,Hyperlipidemia,binary_above_detection_threshold,3163,2127,1036,30,4,2013-2014|2015-2016,WTSVOC2Y,age+sex+eth+marital+PIR_level+edu+smoke+alcohol.user+PA_level+BMI_level,ok,,survey_weighted,odds_ratio,0.9168061291374688,0.6561118461476395,1.2810826132148372,0.1638198462099665,30,0.5998678406641464,0.8518444259019123,Volatile Organic Compounds (VOC),serum,0.5998678406641464,0.22194442027037362,-,FALSE,FALSE,FALSE,DBCM_binary_S
MeFOSAA_binary_S,PFC_serum.rds,Hyperlipidemia,Hyperlipidemia,binary_above_detection_threshold,2074,1412,662,30,4,2013-2014|2015-2016,WTSB2YR,age+sex+eth+marital+PIR_level+edu+smoke+alcohol.user+PA_level+BMI_level,ok,,survey_weighted,odds_ratio,1.0763692923531623,0.8097385179003945,1.4307962730054573,0.1393729378882765,30,0.6013603040413757,0.8518444259019123,Polyfluoroalkyl Substances (PFAS),serum,0.6013603040413757,0.22086524318723338,+,FALSE,FALSE,FALSE,MeFOSAA_binary_S
Mn_binary_U,HM_urine.rds,Hyperlipidemia,Hyperlipidemia,binary_above_detection_threshold,2234,1447,787,30,4,2013-2014|2015-2016,WTSA2YR,age+sex+eth+marital+PIR_level+edu+smoke+alcohol.user+PA_level+BMI_level,ok,,survey_weighted,odds_ratio,0.9245185202660919,0.6768299424579045,1.2628497066944766,0.1526990357571644,30,0.6110406865443612,0.8518444259019123,Heavy Metals,urine,0.6110406865443612,0.2139298710120965,-,FALSE,FALSE,FALSE,Mn_binary_U
DMDTP_binary_U,pesticides_urine.rds,Hyperlipidemia,Hyperlipidemia,binary_above_detection_threshold,1035,678,357,15,2,2015-2016,WTSB2YR,age+sex+eth+marital+PIR_level+edu+smoke+alcohol.user+PA_level+BMI_level,ok,,survey_weighted,odds_ratio,0.8820064430463633,0.5247104071702879,1.4825994585673021,0.2436618108515759,15,0.61386217103925,0.8518444259019123,Pesticides,urine,0.61386217103925,0.21192912898346103,-,FALSE,FALSE,FALSE,DMDTP_binary_U
MDA_binary_U,pesticides_urine.rds,Hyperlipidemia,Hyperlipidemia,binary_above_detection_threshold,1036,675,361,15,2,2015-2016,WTSB2YR,age+sex+eth+marital+PIR_level+edu+smoke+alcohol.user+PA_level+BMI_level,ok,,survey_weighted,odds_ratio,0.8615144618520963,0.4586182133471822,1.618355194756391,0.295795769235064,15,0.6216238621176686,0.8518444259019123,Pesticides,urine,0.6216238621176686,0.2064723227349366,-,FALSE,FALSE,FALSE,MDA_binary_U
Benzene_binary_S,VOC_serum.rds,Hyperlipidemia,Hyperlipidemia,binary_above_detection_threshold,3082,2074,1008,30,4,2013-2014|2015-2016,WTSVOC2Y,age+sex+eth+marital+PIR_level+edu+smoke+alcohol.user+PA_level+BMI_level,ok,,survey_weighted,odds_ratio,0.9424018938399907,0.738725157993988,1.2022351207381365,0.1192328088558898,30,0.6224335136692147,0.8518444259019123,Volatile Organic Compounds (VOC),serum,0.6224335136692147,0.20590703168391314,-,FALSE,FALSE,FALSE,Benzene_binary_S
THg_ln_S,HM_serum.rds,Hyperlipidemia,Hyperlipidemia,natural_log_transformed,3259,2170,1089,30,4,2013-2014|2015-2016,WTSH2YR,age+sex+eth+marital+PIR_level+edu+smoke+alcohol.user+PA_level+BMI_level,ok,,survey_weighted,odds_ratio,0.9758114807405263,0.882043054408652,1.079548261488672,0.049468690197481485,30,0.6242222465513044,0.8518444259019123,Heavy Metals,serum,0.6242222465513044,0.2046607576471238,-,FALSE,FALSE,FALSE,THg_ln_S
BMA_ln_U,VOC_urine.rds,Hyperlipidemia,Hyperlipidemia,natural_log_transformed,2212,1432,780,30,4,2013-2014|2015-2016,WTSA2YR,age+sex+eth+marital+PIR_level+edu+smoke+alcohol.user+PA_level+BMI_level,ok,,survey_weighted,odds_ratio,0.9660226652204859,0.8359874438055969,1.1162844569429922,0.0707906052651055,30,0.6288784352295997,0.8518444259019123,Volatile Organic Compounds (VOC),urine,0.6288784352295997,0.20143329733912804,-,FALSE,FALSE,FALSE,BMA_ln_U
MECPP_ln_U,Phthalates_urine.rds,Hyperlipidemia,Hyperlipidemia,natural_log_transformed,2145,1434,711,30,4,2013-2014|2015-2016,WTSB2YR,age+sex+eth+marital+PIR_level+edu+smoke+alcohol.user+PA_level+BMI_level,ok,,survey_weighted,odds_ratio,0.9572478472815618,0.7935262610571528,1.1547487286740052,0.09184656350827056,30,0.6377221939823958,0.8535215959714361,Phthalates,urine,0.6377221939823958,0.19536846845047304,-,FALSE,FALSE,FALSE,MECPP_ln_U
MCNP_ln_U,Phthalates_urine.rds,Hyperlipidemia,Hyperlipidemia,natural_log_transformed,2145,1434,711,30,4,2013-2014|2015-2016,WTSB2YR,age+sex+eth+marital+PIR_level+edu+smoke+alcohol.user+PA_level+BMI_level,ok,,survey_weighted,odds_ratio,0.9704837791609886,0.8520786868429295,1.1053424761793287,0.06371128893925573,30,0.6415732801932943,0.8535215959714361,Phthalates,urine,0.6415732801932943,0.1927537315478482,-,FALSE,FALSE,FALSE,MCNP_ln_U
n_PFOS_ln_S,PFC_serum.rds,Hyperlipidemia,Hyperlipidemia,natural_log_transformed,997,661,336,15,2,2015-2016,WTSB2YR,age+sex+eth+marital+PIR_level+edu+smoke+alcohol.user+PA_level+BMI_level,ok,,survey_weighted,odds_ratio,0.9573689257565198,0.7834597925059568,1.1698816822143734,0.09405293090769375,15,0.6498618470188924,0.8568974796974776,Polyfluoroalkyl Substances (PFAS),serum,0.6498618470188924,0.18717895944091448,-,FALSE,FALSE,FALSE,n_PFOS_ln_S
U_ln_U,HM_urine.rds,Hyperlipidemia,Hyperlipidemia,natural_log_transformed,2233,1447,786,30,4,2013-2014|2015-2016,WTSA2YR,age+sex+eth+marital+PIR_level+edu+smoke+alcohol.user+PA_level+BMI_level,ok,,survey_weighted,odds_ratio,1.033712714603229,0.8846941905122089,1.2078320257915502,0.07622398238778316,30,0.6666808524234134,0.8713635702727069,Heavy Metals,urine,0.6666808524234134,0.17608201796018477,+,FALSE,FALSE,FALSE,U_ln_U
DCVDMPCA_binary_U,pesticides_urine.rds,Hyperlipidemia,Hyperlipidemia,binary_above_detection_threshold,2177,1430,747,30,4,2013-2014|2015-2016,WTSB2YR|WTSC2YR,age+sex+eth+marital+PIR_level+edu+smoke+alcohol.user+PA_level+BMI_level,ok,,survey_weighted,odds_ratio,0.9438962405613912,0.7121261518836155,1.2510987141664982,0.13796453516581964,30,0.6785579282635482,0.8723795080674343,Pesticides,urine,0.6785579282635482,0.16841307084681917,-,FALSE,FALSE,FALSE,DCVDMPCA_binary_U
X1_NP_ln_U,PAH_urine.rds,Hyperlipidemia,Hyperlipidemia,natural_log_transformed,2160,1397,763,30,4,2013-2014|2015-2016,WTSA2YR,age+sex+eth+marital+PIR_level+edu+smoke+alcohol.user+PA_level+BMI_level,ok,,survey_weighted,odds_ratio,1.02545889939178,0.9059030584615915,1.1607930280394176,0.06069865795592497,30,0.6816881718367569,0.8723795080674343,Polycyclic Aromatic Hydrocarbons (PAH),urine,0.6816881718367569,0.16641424150190057,+,FALSE,FALSE,FALSE,1_NP_ln_U
PFHxA_binary_U,PFC_urine.rds,Hyperlipidemia,Hyperlipidemia,binary_above_detection_threshold,1013,698,315,15,2,2013-2014,WTSSBH2Y,age+sex+eth+marital+PIR_level+edu+smoke+alcohol.user+PA_level+BMI_level,ok,,survey_weighted,odds_ratio,1.1174003578301988,0.6291705452269706,1.9844914374188243,0.2694681661224023,15,0.6862094474828966,0.8723795080674343,Polyfluoroalkyl Substances (PFAS),urine,0.6862094474828966,0.16354330702970626,+,FALSE,FALSE,FALSE,PFHxA_binary_U
DPCP_binary_U,BFR_urine.rds,Hyperlipidemia,Hyperlipidemia,binary_above_detection_threshold,1047,707,340,15,2,2013-2014,WTSSCH2Y,age+sex+eth+marital+PIR_level+edu+smoke+alcohol.user+PA_level+BMI_level,ok,,survey_weighted,odds_ratio,1.11906724870313,0.619460032043818,2.0216179290666645,0.27746498732199515,15,0.6908777312211896,0.8723795080674343,Brominated Flame Retardants,urine,0.6908777312211896,0.1605988055265833,+,FALSE,FALSE,FALSE,DPCP_binary_U
DMA_ln_U,HM_urine.rds,Hyperlipidemia,Hyperlipidemia,natural_log_transformed,2234,1451,783,30,4,2013-2014|2015-2016,WTSA2YR,age+sex+eth+marital+PIR_level+edu+smoke+alcohol.user+PA_level+BMI_level,ok,,survey_weighted,odds_ratio,0.9597551608540115,0.7714390697334188,1.1940411173421879,0.10694974520383989,30,0.7036293774742668,0.8810149348207206,Heavy Metals,urine,0.7036293774742668,0.15265603645644552,-,FALSE,FALSE,FALSE,DMA_ln_U
X3_FL_ln_U,PAH_urine.rds,Hyperlipidemia,Hyperlipidemia,natural_log_transformed,2226,1443,783,30,4,2013-2014|2015-2016,WTSA2YR,age+sex+eth+marital+PIR_level+edu+smoke+alcohol.user+PA_level+BMI_level,ok,,survey_weighted,odds_ratio,1.024174336853179,0.8946006026063593,1.1725154993330569,0.06623243481617412,30,0.7208878284691382,0.8811970703485666,Polycyclic Aromatic Hydrocarbons (PAH),urine,0.7208878284691382,0.14213230707917598,+,FALSE,FALSE,FALSE,3_FL_ln_U
o_ANS_ln_U,AA_urine.rds,Hyperlipidemia,Hyperlipidemia,natural_log_transformed,1048,660,388,15,2,2013-2014,WTSA2YR,age+sex+eth+marital+PIR_level+edu+smoke+alcohol.user+PA_level+BMI_level,ok,,survey_weighted,odds_ratio,0.9747413097329402,0.8389029847391747,1.1325750869694327,0.07041078921580196,15,0.7214194295457912,0.8811970703485666,Aromatic Amines,urine,0.7214194295457912,0.14181216527397353,-,FALSE,FALSE,FALSE,o_ANS_ln_U
Thiocyanate_ln_U,PERNT_urine.rds,Hyperlipidemia,Hyperlipidemia,natural_log_transformed,2219,1439,780,30,4,2013-2014|2015-2016,WTSA2YR,age+sex+eth+marital+PIR_level+edu+smoke+alcohol.user+PA_level+BMI_level,ok,,survey_weighted,odds_ratio,1.0228106016567087,0.8999042307285334,1.1625031766040659,0.06268569158579132,30,0.7215170643122493,0.8811970703485666,Inorganic Anions,urine,0.7215170643122493,0.14175339312348756,+,FALSE,FALSE,FALSE,Thiocyanate_ln_U
Sn_ln_U,HM_urine.rds,Hyperlipidemia,Hyperlipidemia,natural_log_transformed,2232,1447,785,30,4,2013-2014|2015-2016,WTSA2YR,age+sex+eth+marital+PIR_level+edu+smoke+alcohol.user+PA_level+BMI_level,ok,,survey_weighted,odds_ratio,1.024637200404889,0.8826461477495829,1.1894703161967826,0.07304093830432304,30,0.74128697873606,0.8979817872493735,Heavy Metals,urine,0.74128697873606,0.1300136285208374,+,FALSE,FALSE,FALSE,Sn_ln_U
MEHP_binary_U,Phthalates_urine.rds,Hyperlipidemia,Hyperlipidemia,binary_above_detection_threshold,2146,1435,711,30,4,2013-2014|2015-2016,WTSB2YR,age+sex+eth+marital+PIR_level+edu+smoke+alcohol.user+PA_level+BMI_level,ok,,survey_weighted,odds_ratio,0.9610498197853043,0.7480711467839609,1.234664323146394,0.1226712718907928,30,0.7482867687532713,0.899151036647076,Phthalates,urine,0.7482867687532713,0.12593193392736673,-,FALSE,FALSE,FALSE,MEHP_binary_U
MBzP_ln_U,Phthalates_urine.rds,Hyperlipidemia,Hyperlipidemia,natural_log_transformed,2145,1434,711,30,4,2013-2014|2015-2016,WTSB2YR,age+sex+eth+marital+PIR_level+edu+smoke+alcohol.user+PA_level+BMI_level,ok,,survey_weighted,odds_ratio,0.9807609505439586,0.8637071020618853,1.1136785141810364,0.062232167421153464,30,0.7570766973518561,0.9024354232434124,Phthalates,urine,0.7570766973518561,0.12086012109517522,-,FALSE,FALSE,FALSE,MBzP_ln_U
TCC_binary_U,PCCP_urine.rds,Hyperlipidemia,Hyperlipidemia,binary_above_detection_threshold,2147,1435,712,30,4,2013-2014|2015-2016,WTSB2YR,age+sex+eth+marital+PIR_level+edu+smoke+alcohol.user+PA_level+BMI_level,ok,,survey_weighted,odds_ratio,0.9541699372053967,0.6796484387959699,1.3395753114351878,0.16612187226663022,30,0.7795729692043748,0.9218759715194591,Personal Care Products,urine,0.7795729692043748,0.10814322795475344,-,FALSE,FALSE,FALSE,TCC_binary_U
MEP_ln_U,Phthalates_urine.rds,Hyperlipidemia,Hyperlipidemia,natural_log_transformed,2145,1434,711,30,4,2013-2014|2015-2016,WTSB2YR,age+sex+eth+marital+PIR_level+edu+smoke+alcohol.user+PA_level+BMI_level,ok,,survey_weighted,odds_ratio,1.012567150759176,0.9175539929842527,1.1174189667704408,0.048246595148681744,30,0.7975155263014505,0.9249818648307419,Phthalates,urine,0.7975155263014505,0.09826085319691728,+,FALSE,FALSE,FALSE,MEP_ln_U
GLYP_ln_U,GYLP_urine.rds,Hyperlipidemia,Hyperlipidemia,natural_log_transformed,1940,1295,645,30,4,2013-2014|2015-2016,WTSSCH2Y|WTSSGL2Y,age+sex+eth+marital+PIR_level+edu+smoke+alcohol.user+PA_level+BMI_level,ok,,survey_weighted,odds_ratio,1.0240559055125928,0.8447374814057499,1.241439524939823,0.09425798822612419,30,0.8026124111411556,0.9249818648307419,Herbicides,urine,0.8026124111411556,0.09549412886776303,+,FALSE,FALSE,FALSE,GLYP_ln_U
X26_DMA_binary_U,AA_urine.rds,Hyperlipidemia,Hyperlipidemia,binary_above_detection_threshold,1065,681,384,15,2,2013-2014,WTSA2YR,age+sex+eth+marital+PIR_level+edu+smoke+alcohol.user+PA_level+BMI_level,ok,,survey_weighted,odds_ratio,1.0473974043175667,0.7105297452948723,1.5439766312892367,0.18206055708704544,15,0.8026734955674115,0.9249818648307419,Aromatic Amines,urine,0.8026734955674115,0.09546107727345807,+,FALSE,FALSE,FALSE,26_DMA_binary_U
Tl_ln_U,HM_urine.rds,Hyperlipidemia,Hyperlipidemia,natural_log_transformed,2233,1447,786,30,4,2013-2014|2015-2016,WTSA2YR,age+sex+eth+marital+PIR_level+edu+smoke+alcohol.user+PA_level+BMI_level,ok,,survey_weighted,odds_ratio,0.9686523406285132,0.7439325234115399,1.261253309241383,0.12924594302632558,30,0.8070311572348755,0.9249818648307419,Heavy Metals,urine,0.8070311572348755,0.0931096980487236,-,FALSE,FALSE,FALSE,Tl_ln_U
X14_DCB_binary_S,VOC_serum.rds,Hyperlipidemia,Hyperlipidemia,binary_above_detection_threshold,3133,2103,1030,30,4,2013-2014|2015-2016,WTSVOC2Y,age+sex+eth+marital+PIR_level+edu+smoke+alcohol.user+PA_level+BMI_level,ok,,survey_weighted,odds_ratio,1.026908238796188,0.8052892631045495,1.3095176841698182,0.11903715906123456,30,0.8249997021291026,0.9383584398262311,Volatile Organic Compounds (VOC),serum,0.8249997021291026,0.0835462082545724,+,FALSE,FALSE,FALSE,14_DCB_binary_S
Harman_ln_U,AA_urine.rds,Hyperlipidemia,Hyperlipidemia,natural_log_transformed,1155,737,418,15,2,2013-2014,WTSA2YR,age+sex+eth+marital+PIR_level+edu+smoke+alcohol.user+PA_level+BMI_level,ok,,survey_weighted,odds_ratio,1.0153234287010706,0.8634092578139471,1.1939664250061113,0.07603918396744348,15,0.8441731018924776,0.944451995588644,Aromatic Amines,urine,0.8441731018924776,0.07356848999939929,+,FALSE,FALSE,FALSE,Harman_ln_U
PFHS_ln_S,PFC_serum.rds,Hyperlipidemia,Hyperlipidemia,natural_log_transformed,2074,1412,662,30,4,2013-2014|2015-2016,WTSB2YR,age+sex+eth+marital+PIR_level+edu+smoke+alcohol.user+PA_level+BMI_level,ok,,survey_weighted,odds_ratio,0.9859407980860375,0.8513720349829371,1.1417796420222033,0.07185481197890375,30,0.8451176031045924,0.944451995588644,Polyfluoroalkyl Substances (PFAS),serum,0.8451176031045924,0.07308285220348686,-,FALSE,FALSE,FALSE,PFHS_ln_S
X1_PH_ln_U,PAH_urine.rds,Hyperlipidemia,Hyperlipidemia,natural_log_transformed,2228,1444,784,30,4,2013-2014|2015-2016,WTSA2YR,age+sex+eth+marital+PIR_level+edu+smoke+alcohol.user+PA_level+BMI_level,ok,,survey_weighted,odds_ratio,1.0201428164997435,0.8247585971937842,1.2618132985784567,0.10410323947870283,30,0.8493729356300557,0.944451995588644,Polycyclic Aromatic Hydrocarbons (PAH),urine,0.8493729356300557,0.07090158145904776,+,FALSE,FALSE,FALSE,1_PH_ln_U
MMA_binary_U,HM_urine.rds,Hyperlipidemia,Hyperlipidemia,binary_above_detection_threshold,2235,1451,784,30,4,2013-2014|2015-2016,WTSA2YR,age+sex+eth+marital+PIR_level+edu+smoke+alcohol.user+PA_level+BMI_level,ok,,survey_weighted,odds_ratio,1.0263038075916957,0.7619751787212221,1.3823278433359243,0.14582046016666925,30,0.8598780129536363,0.9490505476303096,Heavy Metals,urine,0.8598780129536363,0.06556315580157066,+,FALSE,FALSE,FALSE,MMA_binary_U
Cd_ln_S,HM_serum.rds,Hyperlipidemia,Hyperlipidemia,natural_log_transformed,3259,2170,1089,30,4,2013-2014|2015-2016,WTSH2YR,age+sex+eth+marital+PIR_level+edu+smoke+alcohol.user+PA_level+BMI_level,ok,,survey_weighted,odds_ratio,1.011274055988217,0.8600376750941494,1.189105135659209,0.0793185353021883,30,0.8885452586391112,0.9734797318913793,Heavy Metals,serum,0.8885452586391112,0.05132044621925251,+,FALSE,FALSE,FALSE,Cd_ln_S
PHE_Cys_binary_U,VOC_urine.rds,Hyperlipidemia,Hyperlipidemia,binary_above_detection_threshold,2173,1412,761,30,4,2013-2014|2015-2016,WTSA2YR,age+sex+eth+marital+PIR_level+edu+smoke+alcohol.user+PA_level+BMI_level,ok,,survey_weighted,odds_ratio,1.0154604875431021,0.7947688506478799,1.2974338399406236,0.11998700353148792,30,0.8991087458961309,0.9778627966315583,Volatile Organic Compounds (VOC),urine,0.8991087458961309,0.046187777803544654,+,FALSE,FALSE,FALSE,PHE_Cys_binary_U
PFNA_ln_S,PFC_serum.rds,Hyperlipidemia,Hyperlipidemia,natural_log_transformed,2074,1412,662,30,4,2013-2014|2015-2016,WTSB2YR,age+sex+eth+marital+PIR_level+edu+smoke+alcohol.user+PA_level+BMI_level,ok,,survey_weighted,odds_ratio,1.0071872704325446,0.8704965566193826,1.16534199935372,0.07141703354294524,30,0.9207906907717398,0.9819694079869837,Polyfluoroalkyl Substances (PFAS),serum,0.9207906907717398,0.03583908008949537,+,FALSE,FALSE,FALSE,PFNA_ln_S
Furan_binary_S,VOC_serum.rds,Hyperlipidemia,Hyperlipidemia,binary_above_detection_threshold,3165,2127,1038,30,4,2013-2014|2015-2016,WTSVOC2Y,age+sex+eth+marital+PIR_level+edu+smoke+alcohol.user+PA_level+BMI_level,ok,,survey_weighted,odds_ratio,1.0214412043369079,0.6499042346126687,1.605378267059679,0.22139300384396318,30,0.9242982734284282,0.9819694079869837,Volatile Organic Compounds (VOC),serum,0.9242982734284282,0.03418785821646043,+,FALSE,FALSE,FALSE,Furan_binary_S
PFHpA_binary_S,PFC_serum.rds,Hyperlipidemia,Hyperlipidemia,binary_above_detection_threshold,1077,751,326,15,2,2013-2014,WTSB2YR,age+sex+eth+marital+PIR_level+edu+smoke+alcohol.user+PA_level+BMI_level,ok,,survey_weighted,odds_ratio,0.9714694708359441,0.466402199869442,2.023474445511728,0.3442546849658861,15,0.934103568522503,0.9819694079869837,Polyfluoroalkyl Substances (PFAS),serum,0.934103568522503,0.029604968797531557,-,FALSE,FALSE,FALSE,PFHpA_binary_S
MCPP_ln_U,Phthalates_urine.rds,Hyperlipidemia,Hyperlipidemia,natural_log_transformed,2145,1434,711,30,4,2013-2014|2015-2016,WTSB2YR,age+sex+eth+marital+PIR_level+edu+smoke+alcohol.user+PA_level+BMI_level,ok,,survey_weighted,odds_ratio,0.9960498254836412,0.8940533088155727,1.1096824373485403,0.05289787787259214,30,0.9408519720230407,0.9819694079869837,Phthalates,urine,0.9408519720230407,0.02647870047350581,-,FALSE,FALSE,FALSE,MCPP_ln_U
Ethylbenzene_binary_S,VOC_serum.rds,Hyperlipidemia,Hyperlipidemia,binary_above_detection_threshold,3097,2078,1019,30,4,2013-2014|2015-2016,WTSVOC2Y,age+sex+eth+marital+PIR_level+edu+smoke+alcohol.user+PA_level+BMI_level,ok,,survey_weighted,odds_ratio,1.010307629198439,0.7537856330111973,1.3541270368062426,0.14341971106070192,30,0.9434723943155819,0.9819694079869837,Volatile Organic Compounds (VOC),serum,0.9434723943155819,0.025270802623381803,+,FALSE,FALSE,FALSE,Ethylbenzene_binary_S
As_III_binary_U,HM_urine.rds,Hyperlipidemia,Hyperlipidemia,binary_above_detection_threshold,2235,1451,784,30,4,2013-2014|2015-2016,WTSA2YR,age+sex+eth+marital+PIR_level+edu+smoke+alcohol.user+PA_level+BMI_level,ok,,survey_weighted,odds_ratio,1.0113088682549691,0.7264969154483389,1.4077769709180186,0.1619599979331307,30,0.945105561391572,0.9819694079869837,Heavy Metals,urine,0.945105561391572,0.024519681258456,+,FALSE,FALSE,FALSE,As_III_binary_U
X23_OH_PH_ln_U,PAH_urine.rds,Hyperlipidemia,Hyperlipidemia,natural_log_transformed,2228,1444,784,30,4,2013-2014|2015-2016,WTSA2YR,age+sex+eth+marital+PIR_level+edu+smoke+alcohol.user+PA_level+BMI_level,ok,,survey_weighted,odds_ratio,0.994150827904247,0.7948550816546754,1.243416430785407,0.1095491064271382,30,0.9576487752137499,0.9819694079869837,Polycyclic Aromatic Hydrocarbons (PAH),urine,0.9576487752137499,0.018793742440062607,-,FALSE,FALSE,FALSE,23_OH_PH_ln_U
Hg_binary_U,HM_urine.rds,Hyperlipidemia,Hyperlipidemia,binary_above_detection_threshold,2237,1451,786,30,4,2013-2014|2015-2016,WTSA2YR,age+sex+eth+marital+PIR_level+edu+smoke+alcohol.user+PA_level+BMI_level,ok,,survey_weighted,odds_ratio,0.9955411801221971,0.8012909185911269,1.236881909334136,0.10628474808734927,30,0.966741059566827,0.9819694079869837,Heavy Metals,urine,0.966741059566827,0.014689835597019309,-,FALSE,FALSE,FALSE,Hg_binary_U
Chloroform_binary_S,VOC_serum.rds,Hyperlipidemia,Hyperlipidemia,binary_above_detection_threshold,3078,2073,1005,30,4,2013-2014|2015-2016,WTSVOC2Y,age+sex+eth+marital+PIR_level+edu+smoke+alcohol.user+PA_level+BMI_level,ok,,survey_weighted,odds_ratio,0.9959630976232033,0.7970682624328403,1.2444887578380854,0.10907941361280371,30,0.9706639055308857,0.9819694079869837,Volatile Organic Compounds (VOC),serum,0.9706639055308857,0.012931119464382995,-,FALSE,FALSE,FALSE,Chloroform_binary_S
BuP_binary_U,PCCP_urine.rds,Hyperlipidemia,Hyperlipidemia,binary_above_detection_threshold,2147,1435,712,30,4,2013-2014|2015-2016,WTSB2YR,age+sex+eth+marital+PIR_level+edu+smoke+alcohol.user+PA_level+BMI_level,ok,,survey_weighted,odds_ratio,1.0053599237769948,0.7136356521304745,1.4163369967845845,0.16781715263790464,30,0.9747996432937709,0.9819694079869837,Personal Care Products,urine,0.9747996432937709,0.011084638407681898,+,FALSE,FALSE,FALSE,BuP_binary_U
X25_DMF_binary_S,VOC_serum.rds,Hyperlipidemia,Hyperlipidemia,binary_above_detection_threshold,3161,2124,1037,30,4,2013-2014|2015-2016,WTSVOC2Y,age+sex+eth+marital+PIR_level+edu+smoke+alcohol.user+PA_level+BMI_level,ok,,survey_weighted,odds_ratio,0.9935654996737744,0.6504622154766259,1.5176475722246938,0.2074242228592819,30,0.9753790092756617,0.9819694079869837,Volatile Organic Compounds (VOC),serum,0.9753790092756617,0.010826594914068092,-,FALSE,FALSE,FALSE,25_DMF_binary_S
DETP_binary_U,pesticides_urine.rds,Hyperlipidemia,Hyperlipidemia,binary_above_detection_threshold,1035,675,360,15,2,2015-2016,WTSB2YR,age+sex+eth+marital+PIR_level+edu+smoke+alcohol.user+PA_level+BMI_level,ok,,survey_weighted,odds_ratio,0.9969238570378068,0.7205418542245356,1.3793191483661285,0.15232398597663852,15,0.9841297918346346,0.9841297918346346,Pesticides,urine,0.9841297918346346,0.006947620917866587,-,FALSE,FALSE,FALSE,DETP_binary_U
Se_ln_S,HM_serum.rds,Hypertension,Hypertension,natural_log_transformed,3258,1277,1981,30,4,2013-2014|2015-2016,WTSH2YR,age+sex+eth+marital+PIR_level+edu+smoke+alcohol.user+PA_level+BMI_level,ok,,survey_weighted,odds_ratio,3.5924010332568486,1.7421010157426307,7.407920130419949,0.3543743260525128,30,0.0011052097130432046,0.1646762472434375,Heavy Metals,serum,0.0011052097130432046,2.9565553069779926,+,TRUE,FALSE,TRUE,Se_ln_S
PFUnDA_binary_S,PFC_serum.rds,Hypertension,Hypertension,binary_above_detection_threshold,2074,836,1238,30,4,2013-2014|2015-2016,WTSB2YR,age+sex+eth+marital+PIR_level+edu+smoke+alcohol.user+PA_level+BMI_level,ok,,survey_weighted,odds_ratio,0.7111240914153157,0.5769249174410376,0.8765394908479426,0.10240299352006821,30,0.002316670928201069,0.17259198415097962,Polyfluoroalkyl Substances (PFAS),serum,0.002316670928201069,2.635135651240697,-,TRUE,FALSE,FALSE,PFUnDA_binary_S
TTCA_binary_U,VOC_urine.rds,Hypertension,Hypertension,binary_above_detection_threshold,1171,438,733,15,2,2013-2014,WTSA2YR,age+sex+eth+marital+PIR_level+edu+smoke+alcohol.user+PA_level+BMI_level,ok,,survey_weighted,odds_ratio,0.6772445466971321,0.5260896741749516,0.8718288887732017,0.11849248221835312,15,0.0049696429583622,0.2468256002653226,Volatile Organic Compounds (VOC),urine,0.0049696429583622,2.303674811826652,-,TRUE,FALSE,FALSE,TTCA_binary_U
Thiocyanate_ln_U,PERNT_urine.rds,Hypertension,Hypertension,natural_log_transformed,2219,837,1382,30,4,2013-2014|2015-2016,WTSA2YR,age+sex+eth+marital+PIR_level+edu+smoke+alcohol.user+PA_level+BMI_level,ok,,survey_weighted,odds_ratio,0.8612159879686662,0.7532841501477289,0.9846124835991703,0.06556559856119176,30,0.02996511005053013,0.9924688003756363,Inorganic Anions,urine,0.02996511005053013,1.5233841229649867,-,TRUE,FALSE,FALSE,Thiocyanate_ln_U
MEHHP_ln_U,Phthalates_urine.rds,Hypertension,Hypertension,natural_log_transformed,2145,869,1276,30,4,2013-2014|2015-2016,WTSB2YR,age+sex+eth+marital+PIR_level+edu+smoke+alcohol.user+PA_level+BMI_level,ok,,survey_weighted,odds_ratio,1.1433782550508336,1.0033775850914683,1.3029131341457199,0.06395589756127222,30,0.04471734880390842,0.9924688003756363,Phthalates,urine,0.04471734880390842,1.349523952750532,+,TRUE,FALSE,TRUE,MEHHP_ln_U
As_III_binary_U,HM_urine.rds,Hypertension,Hypertension,binary_above_detection_threshold,2235,840,1395,30,4,2013-2014|2015-2016,WTSA2YR,age+sex+eth+marital+PIR_level+edu+smoke+alcohol.user+PA_level+BMI_level,ok,,survey_weighted,odds_ratio,0.7897743588910628,0.6243124305621428,0.9990887693845191,0.11511507644914738,30,0.04917293462462555,0.9924688003756363,Heavy Metals,urine,0.04917293462462555,1.3082738723840308,-,TRUE,FALSE,FALSE,As_III_binary_U
HEMA_binary_U,VOC_urine.rds,Hypertension,Hypertension,binary_above_detection_threshold,2204,832,1372,30,4,2013-2014|2015-2016,WTSA2YR,age+sex+eth+marital+PIR_level+edu+smoke+alcohol.user+PA_level+BMI_level,ok,,survey_weighted,odds_ratio,0.7022501611883977,0.49162741063621507,1.0031077971241231,0.17459402161113305,30,0.05190079174654366,0.9924688003756363,Volatile Organic Compounds (VOC),urine,0.05190079174654366,1.284826016938975,-,FALSE,FALSE,FALSE,HEMA_binary_U
X4FPBA_binary_U,pesticides_urine.rds,Hypertension,Hypertension,binary_above_detection_threshold,2206,859,1347,30,4,2013-2014|2015-2016,WTSB2YR|WTSC2YR,age+sex+eth+marital+PIR_level+edu+smoke+alcohol.user+PA_level+BMI_level,ok,,survey_weighted,odds_ratio,1.3781238583207982,0.9819813091255796,1.9340748660116536,0.1659455644439272,30,0.0627622440095597,0.9924688003756363,Pesticides,urine,0.0627622440095597,1.2023015369852506,+,FALSE,FALSE,FALSE,4FPBA_binary_U
X3PBA_ln_U,pesticides_urine.rds,Hypertension,Hypertension,natural_log_transformed,2185,850,1335,30,4,2013-2014|2015-2016,WTSB2YR|WTSC2YR,age+sex+eth+marital+PIR_level+edu+smoke+alcohol.user+PA_level+BMI_level,ok,,survey_weighted,odds_ratio,0.8941958655145658,0.7927956764380283,1.0085653462387998,0.05893401259049064,30,0.06741629237080304,0.9924688003756363,Pesticides,urine,0.06741629237080304,1.1712351356355417,-,FALSE,FALSE,FALSE,3PBA_ln_U
CMAC_ln_U,VOC_urine.rds,Hypertension,Hypertension,natural_log_transformed,2198,823,1375,30,4,2013-2014|2015-2016,WTSA2YR,age+sex+eth+marital+PIR_level+edu+smoke+alcohol.user+PA_level+BMI_level,ok,,survey_weighted,odds_ratio,0.8211478000386628,0.6575861260506163,1.0253922380601355,0.10876480819576713,30,0.08005061649119515,0.9924688003756363,Volatile Organic Compounds (VOC),urine,0.08005061649119515,1.0966353191139104,-,FALSE,FALSE,FALSE,CMAC_ln_U
X24_DCP_ln_U,PCCP_urine.rds,Hypertension,Hypertension,natural_log_transformed,2145,869,1276,30,4,2013-2014|2015-2016,WTSB2YR,age+sex+eth+marital+PIR_level+edu+smoke+alcohol.user+PA_level+BMI_level,ok,,survey_weighted,odds_ratio,1.0929005735572352,0.9864281675577248,1.210865324982558,0.05018919479065338,30,0.08688986002165794,0.9924688003756363,Personal Care Products,urine,0.08688986002165794,1.0610309024188465,+,FALSE,FALSE,FALSE,24_DCP_ln_U
PMA_binary_U,VOC_urine.rds,Hypertension,Hypertension,binary_above_detection_threshold,2185,826,1359,30,4,2013-2014|2015-2016,WTSA2YR,age+sex+eth+marital+PIR_level+edu+smoke+alcohol.user+PA_level+BMI_level,ok,,survey_weighted,odds_ratio,0.798200786302029,0.6108486188372823,1.0430153651913134,0.13098693471861994,30,0.09559725937658556,0.9924688003756363,Volatile Organic Compounds (VOC),urine,0.09559725937658556,1.019554558086733,-,FALSE,FALSE,FALSE,PMA_binary_U
PFHS_ln_S,PFC_serum.rds,Hypertension,Hypertension,natural_log_transformed,2074,836,1238,30,4,2013-2014|2015-2016,WTSB2YR,age+sex+eth+marital+PIR_level+edu+smoke+alcohol.user+PA_level+BMI_level,ok,,survey_weighted,odds_ratio,0.8721452709308668,0.740988805825927,1.0265166863880584,0.07979860194488542,30,0.09678777088546706,0.9924688003756363,Polyfluoroalkyl Substances (PFAS),serum,0.09678777088546706,1.0141795122419193,-,FALSE,FALSE,FALSE,PFHS_ln_S
Sn_ln_U,HM_urine.rds,Hypertension,Hypertension,natural_log_transformed,2232,843,1389,30,4,2013-2014|2015-2016,WTSA2YR,age+sex+eth+marital+PIR_level+edu+smoke+alcohol.user+PA_level+BMI_level,ok,,survey_weighted,odds_ratio,1.1377271508529676,0.9750239546861577,1.3275807876993775,0.07556571791661838,30,0.09804977122395209,0.9924688003756363,Heavy Metals,urine,0.09804977122395209,1.008553415318901,+,FALSE,FALSE,FALSE,Sn_ln_U
BDCM_binary_S,VOC_serum.rds,Hypertension,Hypertension,binary_above_detection_threshold,3139,1230,1909,30,4,2013-2014|2015-2016,WTSVOC2Y,age+sex+eth+marital+PIR_level+edu+smoke+alcohol.user+PA_level+BMI_level,ok,,survey_weighted,odds_ratio,1.2852049537175052,0.9471071089005404,1.7439968062086122,0.1494713844646687,30,0.1035980460772801,0.9924688003756363,Volatile Organic Compounds (VOC),serum,0.1035980460772801,0.9846484355739674,+,FALSE,FALSE,FALSE,BDCM_binary_S
X4_MDA_binary_U,AA_urine.rds,Hypertension,Hypertension,binary_above_detection_threshold,1010,387,623,15,2,2015-2016,WTSA2YR,age+sex+eth+marital+PIR_level+edu+smoke+alcohol.user+PA_level+BMI_level,ok,,survey_weighted,odds_ratio,1.2777109731182121,0.9189600205418338,1.7765139879144178,0.15462849507133625,15,0.1338420185678478,0.9924688003756363,Aromatic Amines,urine,0.1338420185678478,0.8734075220884974,+,FALSE,FALSE,FALSE,4_MDA_binary_U
Sb_ln_U,HM_urine.rds,Hypertension,Hypertension,natural_log_transformed,2233,843,1390,30,4,2013-2014|2015-2016,WTSA2YR,age+sex+eth+marital+PIR_level+edu+smoke+alcohol.user+PA_level+BMI_level,ok,,survey_weighted,odds_ratio,1.1540446714767312,0.9510894565827865,1.400308976769642,0.09470824125924379,30,0.1407995424441394,0.9924688003756363,Heavy Metals,urine,0.1407995424441394,0.8513987565171189,+,FALSE,FALSE,FALSE,Sb_ln_U
U_ln_U,HM_urine.rds,Hypertension,Hypertension,natural_log_transformed,2233,843,1390,30,4,2013-2014|2015-2016,WTSA2YR,age+sex+eth+marital+PIR_level+edu+smoke+alcohol.user+PA_level+BMI_level,ok,,survey_weighted,odds_ratio,1.1074691304989528,0.9642219343139806,1.2719974845632624,0.06782206631341457,30,0.14276155104343208,0.9924688003756363,Heavy Metals,urine,0.14276155104343208,0.8453887422662196,+,FALSE,FALSE,FALSE,U_ln_U
MeP_ln_U,PCCP_urine.rds,Hypertension,Hypertension,natural_log_transformed,2145,869,1276,30,4,2013-2014|2015-2016,WTSB2YR,age+sex+eth+marital+PIR_level+edu+smoke+alcohol.user+PA_level+BMI_level,ok,,survey_weighted,odds_ratio,1.06559226587052,0.9756458050099811,1.1638310452956364,0.04318053922675486,30,0.1516275101175792,0.9924688003756363,Personal Care Products,urine,0.1516275101175792,0.8192219965379659,+,FALSE,FALSE,FALSE,MeP_ln_U
A_a_C_binary_U,AA_urine.rds,Hypertension,Hypertension,binary_above_detection_threshold,1155,430,725,15,2,2013-2014,WTSA2YR,age+sex+eth+marital+PIR_level+edu+smoke+alcohol.user+PA_level+BMI_level,ok,,survey_weighted,odds_ratio,0.7641533280102093,0.5213406944261791,1.1200551097431395,0.1793918644986734,15,0.15451111057152112,0.9924688003756363,Aromatic Amines,urine,0.15451111057152112,0.8110402859063889,-,FALSE,FALSE,FALSE,A_a_C_binary_U
X2_MHA_ln_U,VOC_urine.rds,Hypertension,Hypertension,natural_log_transformed,2094,795,1299,30,4,2013-2014|2015-2016,WTSA2YR,age+sex+eth+marital+PIR_level+edu+smoke+alcohol.user+PA_level+BMI_level,ok,,survey_weighted,odds_ratio,0.9136829242762606,0.8053053233581616,1.0366459303072708,0.06182432305334938,30,0.15464772596704293,0.9924688003756363,Volatile Organic Compounds (VOC),urine,0.15464772596704293,0.8106564617405049,-,FALSE,FALSE,FALSE,2_MHA_ln_U
W_ln_U,HM_urine.rds,Hypertension,Hypertension,natural_log_transformed,2232,843,1389,30,4,2013-2014|2015-2016,WTSA2YR,age+sex+eth+marital+PIR_level+edu+smoke+alcohol.user+PA_level+BMI_level,ok,,survey_weighted,odds_ratio,1.1128488294811125,0.9575293295258243,1.29336248936705,0.07360534441629171,30,0.15669951276793162,0.9924688003756363,Heavy Metals,urine,0.15669951276793162,0.8049323538985297,+,FALSE,FALSE,FALSE,W_ln_U
Cd_ln_S,HM_serum.rds,Hypertension,Hypertension,natural_log_transformed,3259,1277,1982,30,4,2013-2014|2015-2016,WTSH2YR,age+sex+eth+marital+PIR_level+edu+smoke+alcohol.user+PA_level+BMI_level,ok,,survey_weighted,odds_ratio,0.8865938217257334,0.7482388506149609,1.0505316638880828,0.08307643147894983,30,0.15774218842002424,0.9924688003756363,Heavy Metals,serum,0.15774218842002424,0.8020521383283795,-,FALSE,FALSE,FALSE,Cd_ln_S
X26_DMA_binary_U,AA_urine.rds,Hypertension,Hypertension,binary_above_detection_threshold,1065,398,667,15,2,2013-2014,WTSA2YR,age+sex+eth+marital+PIR_level+edu+smoke+alcohol.user+PA_level+BMI_level,ok,,survey_weighted,odds_ratio,0.7913868165001212,0.5620461557625854,1.1143090063136198,0.16054937676540132,15,0.16564998644953496,0.9924688003756363,Aromatic Amines,urine,0.16564998644953496,0.7808085953080848,-,FALSE,FALSE,FALSE,26_DMA_binary_U
MEOHP_ln_U,Phthalates_urine.rds,Hypertension,Hypertension,natural_log_transformed,2145,869,1276,30,4,2013-2014|2015-2016,WTSB2YR,age+sex+eth+marital+PIR_level+edu+smoke+alcohol.user+PA_level+BMI_level,ok,,survey_weighted,odds_ratio,1.1005501580883064,0.9524171848301183,1.2717228014782604,0.07078503108937162,30,0.18599495085076184,0.9924688003756363,Phthalates,urine,0.18599495085076184,0.7304988452843205,+,FALSE,FALSE,FALSE,MEOHP_ln_U
EO_ln_S,gas_serum.rds,Hypertension,Hypertension,natural_log_transformed,2138,806,1332,30,4,2013-2014|2015-2016,WTSA2YR,age+sex+eth+marital+PIR_level+edu+smoke+alcohol.user+PA_level+BMI_level,ok,,survey_weighted,odds_ratio,0.8867033615999802,0.7376226013489329,1.0659148052606546,0.09013399922791268,30,0.19222138724251103,0.9924688003756363,Gaseous Pollutants,serum,0.19222138724251103,0.7161982928138925,-,FALSE,FALSE,FALSE,EO_ln_S
THg_ln_S,HM_serum.rds,Hypertension,Hypertension,natural_log_transformed,3259,1277,1982,30,4,2013-2014|2015-2016,WTSH2YR,age+sex+eth+marital+PIR_level+edu+smoke+alcohol.user+PA_level+BMI_level,ok,,survey_weighted,odds_ratio,0.9086362413521281,0.7819613738374698,1.0558319716571158,0.07351589835003575,30,0.2023996176440583,0.9924688003756363,Heavy Metals,serum,0.2023996176440583,0.6937903122632288,-,FALSE,FALSE,FALSE,THg_ln_S
ATCA_ln_U,VOC_urine.rds,Hypertension,Hypertension,natural_log_transformed,2167,817,1350,30,4,2013-2014|2015-2016,WTSA2YR,age+sex+eth+marital+PIR_level+edu+smoke+alcohol.user+PA_level+BMI_level,ok,,survey_weighted,odds_ratio,0.8888145522596121,0.7377410417296619,1.0708246710204574,0.09121982695682446,30,0.20618188884531322,0.9924688003756363,Volatile Organic Compounds (VOC),urine,0.20618188884531322,0.6857494860941604,-,FALSE,FALSE,FALSE,ATCA_ln_U
MMA_binary_U,HM_urine.rds,Hypertension,Hypertension,binary_above_detection_threshold,2235,840,1395,30,4,2013-2014|2015-2016,WTSA2YR,age+sex+eth+marital+PIR_level+edu+smoke+alcohol.user+PA_level+BMI_level,ok,,survey_weighted,odds_ratio,0.8421523619710957,0.6395614397353161,1.1089170745925645,0.1347412087130346,30,0.21209745837499677,0.9924688003756363,Heavy Metals,urine,0.21209745837499677,0.6734645357282641,-,FALSE,FALSE,FALSE,MMA_binary_U
MnBP_ln_U,Phthalates_urine.rds,Hypertension,Hypertension,natural_log_transformed,2145,869,1276,30,4,2013-2014|2015-2016,WTSB2YR,age+sex+eth+marital+PIR_level+edu+smoke+alcohol.user+PA_level+BMI_level,ok,,survey_weighted,odds_ratio,1.119342006480947,0.9252536483900715,1.3541438389925478,0.09324337820232778,30,0.23606576959528625,0.9924688003756363,Phthalates,urine,0.23606576959528625,0.6269669826529386,+,FALSE,FALSE,FALSE,MnBP_ln_U
PFHxA_binary_U,PFC_urine.rds,Hypertension,Hypertension,binary_above_detection_threshold,1013,417,596,15,2,2013-2014,WTSSBH2Y,age+sex+eth+marital+PIR_level+edu+smoke+alcohol.user+PA_level+BMI_level,ok,,survey_weighted,odds_ratio,0.6829570440644971,0.3517180681729295,1.3261483166340644,0.3113383818864517,15,0.23954218282162257,0.9924688003756363,Polyfluoroalkyl Substances (PFAS),urine,0.23954218282162257,0.6206179972659819,-,FALSE,FALSE,FALSE,PFHxA_binary_U
NDMA_binary_U,pesticides_urine.rds,Hypertension,Hypertension,binary_above_detection_threshold,891,351,540,15,2,2015-2016,WTSSBI2Y,age+sex+eth+marital+PIR_level+edu+smoke+alcohol.user+PA_level+BMI_level,ok,,survey_weighted,odds_ratio,0.7291181903839017,0.417716956379844,1.2726640071208448,0.261339416379205,15,0.24543248952246,0.9924688003756363,Pesticides,urine,0.24543248952246,0.6100679473695506,-,FALSE,FALSE,FALSE,NDMA_binary_U
DMA_ln_U,HM_urine.rds,Hypertension,Hypertension,natural_log_transformed,2234,840,1394,30,4,2013-2014|2015-2016,WTSA2YR,age+sex+eth+marital+PIR_level+edu+smoke+alcohol.user+PA_level+BMI_level,ok,,survey_weighted,odds_ratio,1.1330649945499809,0.9114754360951405,1.408525376585728,0.10655629166464951,30,0.25026354940279116,0.9924688003756363,Heavy Metals,urine,0.25026354940279116,0.6016024002759393,+,FALSE,FALSE,FALSE,DMA_ln_U
Tl_ln_U,HM_urine.rds,Hypertension,Hypertension,natural_log_transformed,2233,843,1390,30,4,2013-2014|2015-2016,WTSA2YR,age+sex+eth+marital+PIR_level+edu+smoke+alcohol.user+PA_level+BMI_level,ok,,survey_weighted,odds_ratio,0.8600648107372444,0.6608159848793624,1.1193910189741136,0.12903877482672538,30,0.25191261926300934,0.9924688003756363,Heavy Metals,urine,0.25191261926300934,0.5987500764914885,-,FALSE,FALSE,FALSE,Tl_ln_U
MECPP_ln_U,Phthalates_urine.rds,Hypertension,Hypertension,natural_log_transformed,2145,869,1276,30,4,2013-2014|2015-2016,WTSB2YR,age+sex+eth+marital+PIR_level+edu+smoke+alcohol.user+PA_level+BMI_level,ok,,survey_weighted,odds_ratio,1.1093082756946029,0.9237158695843963,1.3321897902200122,0.08964886175365884,30,0.25634429476993936,0.9924688003756363,Phthalates,urine,0.25634429476993936,0.5911763438272709,+,FALSE,FALSE,FALSE,MECPP_ln_U
DPHP_ln_U,BFR_urine.rds,Hypertension,Hypertension,natural_log_transformed,1944,767,1177,30,4,2013-2014|2015-2016,WTSSBI2Y|WTSSCH2Y,age+sex+eth+marital+PIR_level+edu+smoke+alcohol.user+PA_level+BMI_level,ok,,survey_weighted,odds_ratio,0.9321460936130117,0.8213446154053626,1.0578949731218077,0.061963712351117126,30,0.26578272221728066,0.9924688003756363,Brominated Flame Retardants,urine,0.26578272221728066,0.575473254731077,-,FALSE,FALSE,FALSE,DPHP_ln_U
Pb_ln_U,HM_urine.rds,Hypertension,Hypertension,natural_log_transformed,2233,843,1390,30,4,2013-2014|2015-2016,WTSA2YR,age+sex+eth+marital+PIR_level+edu+smoke+alcohol.user+PA_level+BMI_level,ok,,survey_weighted,odds_ratio,0.8790534336892281,0.694354585959725,1.1128823153270617,0.11549043002859251,30,0.2732004518269734,0.9924688003756363,Heavy Metals,urine,0.2732004518269734,0.5635185867408745,-,FALSE,FALSE,FALSE,Pb_ln_U
CEMA_CEM_ln_U,VOC_urine.rds,Hypertension,Hypertension,natural_log_transformed,2209,837,1372,30,4,2013-2014|2015-2016,WTSA2YR,age+sex+eth+marital+PIR_level+edu+smoke+alcohol.user+PA_level+BMI_level,ok,,survey_weighted,odds_ratio,0.8983395587933392,0.7328427796883056,1.1012102257952958,0.09970116082322467,30,0.2908194736127367,0.9924688003756363,Volatile Organic Compounds (VOC),urine,0.2908194736127367,0.5363765159718953,-,FALSE,FALSE,FALSE,CEMA_CEM_ln_U
GAM_Cys_binary_U,VOC_urine.rds,Hypertension,Hypertension,binary_above_detection_threshold,2221,836,1385,30,4,2013-2014|2015-2016,WTSA2YR,age+sex+eth+marital+PIR_level+edu+smoke+alcohol.user+PA_level+BMI_level,ok,,survey_weighted,odds_ratio,0.8277604102765559,0.575233068510619,1.1911472659165516,0.17820759253228077,30,0.2972745412528426,0.9924688003756363,Volatile Organic Compounds (VOC),urine,0.2972745412528426,0.5268422824090526,-,FALSE,FALSE,FALSE,GAM_Cys_binary_U
X25_DMF_binary_S,VOC_serum.rds,Hypertension,Hypertension,binary_above_detection_threshold,3161,1233,1928,30,4,2013-2014|2015-2016,WTSVOC2Y,age+sex+eth+marital+PIR_level+edu+smoke+alcohol.user+PA_level+BMI_level,ok,,survey_weighted,odds_ratio,0.741176868188552,0.41539785621303155,1.3224506138425196,0.28350895733349224,30,0.2991915584923143,0.9924688003756363,Volatile Organic Compounds (VOC),serum,0.2991915584923143,0.5240506639891429,-,FALSE,FALSE,FALSE,25_DMF_binary_S
MEHP_binary_U,Phthalates_urine.rds,Hypertension,Hypertension,binary_above_detection_threshold,2146,869,1277,30,4,2013-2014|2015-2016,WTSB2YR,age+sex+eth+marital+PIR_level+edu+smoke+alcohol.user+PA_level+BMI_level,ok,,survey_weighted,odds_ratio,0.8842920084477495,0.6950199606847932,1.1251077673137453,0.11793077269638003,30,0.3054114825641323,0.9924688003756363,Phthalates,urine,0.3054114825641323,0.5151146387907473,-,FALSE,FALSE,FALSE,MEHP_binary_U
Toluene_ln_S,VOC_serum.rds,Hypertension,Hypertension,natural_log_transformed,3100,1214,1886,30,4,2013-2014|2015-2016,WTSVOC2Y,age+sex+eth+marital+PIR_level+edu+smoke+alcohol.user+PA_level+BMI_level,ok,,survey_weighted,odds_ratio,1.0832966445710324,0.9243178124591054,1.2696191767815554,0.07771154806569554,30,0.31144541698340106,0.9924688003756363,Volatile Organic Compounds (VOC),serum,0.31144541698340106,0.50661805552178385,+,FALSE,FALSE,FALSE,Toluene_ln_S
MBzP_ln_U,Phthalates_urine.rds,Hypertension,Hypertension,natural_log_transformed,2145,869,1276,30,4,2013-2014|2015-2016,WTSB2YR,age+sex+eth+marital+PIR_level+edu+smoke+alcohol.user+PA_level+BMI_level,ok,,survey_weighted,odds_ratio,1.0637787453669465,0.9386824031039742,1.2055464290717393,0.061257991639843225,30,0.3209045800252376,0.9924688003756363,Phthalates,urine,0.3209045800252376,0.4936240845078201,+,FALSE,FALSE,FALSE,MBzP_ln_U
X25_DCP_ln_U,PCCP_urine.rds,Hypertension,Hypertension,natural_log_transformed,2145,869,1276,30,4,2013-2014|2015-2016,WTSB2YR,age+sex+eth+marital+PIR_level+edu+smoke+alcohol.user+PA_level+BMI_level,ok,,survey_weighted,odds_ratio,0.9621363528106643,0.8880876321914274,1.0423592535745065,0.039214041319332836,30,0.3328314273238451,0.9924688003756363,Personal Care Products,urine,0.3328314273238451,0.47777567255883,-,FALSE,FALSE,FALSE,25_DCP_ln_U
BDCPP_ln_U,BFR_urine.rds,Hypertension,Hypertension,natural_log_transformed,1936,758,1178,30,4,2013-2014|2015-2016,WTSSBI2Y|WTSSCH2Y,age+sex+eth+marital+PIR_level+edu+smoke+alcohol.user+PA_level+BMI_level,ok,,survey_weighted,odds_ratio,0.9146687701979679,0.7592626191952706,1.1018835091106962,0.09117993781174483,30,0.33579259838565656,0.9924688003756363,Brominated Flame Retardants,urine,0.33579259838565656,0.4739288809070034,-,FALSE,FALSE,FALSE,BDCPP_ln_U
NPMA_ln_U,VOC_urine.rds,Hypertension,Hypertension,natural_log_transformed,2192,830,1362,30,4,2013-2014|2015-2016,WTSA2YR,age+sex+eth+marital+PIR_level+edu+smoke+alcohol.user+PA_level+BMI_level,ok,,survey_weighted,odds_ratio,1.048598146247609,0.9496163827519641,1.157897117494362,0.04854952461536009,30,0.3361687931684545,0.9924688003756363,Volatile Organic Compounds (VOC),urine,0.3361687931684545,0.4734426049470669,+,FALSE,FALSE,FALSE,NPMA_ln_U
n_PFOA_ln_S,PFC_serum.rds,Hypertension,Hypertension,natural_log_transformed,997,399,598,15,2,2015-2016,WTSB2YR,age+sex+eth+marital+PIR_level+edu+smoke+alcohol.user+PA_level+BMI_level,ok,,survey_weighted,odds_ratio,1.1528567667752527,0.8489931329931716,1.5654764132352286,0.143539493438797,15,0.3374185961231633,0.9924688003756363,Polyfluoroalkyl Substances (PFAS),serum,0.3374185961231633,0.4718309858514602,+,FALSE,FALSE,FALSE,n_PFOA_ln_S
Total_As_ln_U,HM_urine.rds,Hypertension,Hypertension,natural_log_transformed,2232,843,1389,30,4,2013-2014|2015-2016,WTSA2YR,age+sex+eth+marital+PIR_level+edu+smoke+alcohol.user+PA_level+BMI_level,ok,,survey_weighted,odds_ratio,1.0900319803780045,0.9078905845445879,1.3087146606358948,0.08952696017001777,30,0.3432870711179681,0.9924688003756363,Heavy Metals,urine,0.3432870711179681,0.4643425526705427,+,FALSE,FALSE,FALSE,Total_As_ln_U
BPF_binary_U,PCCP_urine.rds,Hypertension,Hypertension,binary_above_detection_threshold,2146,869,1277,30,4,2013-2014|2015-2016,WTSB2YR,age+sex+eth+marital+PIR_level+edu+smoke+alcohol.user+PA_level+BMI_level,ok,,survey_weighted,odds_ratio,0.8845237061522035,0.6791079395258258,1.1520733910010141,0.12939959645531593,30,0.3505678897729335,0.9924688003756363,Personal Care Products,urine,0.3505678897729335,0.4552278655755581,-,FALSE,FALSE,FALSE,BPF_binary_U
DHB_Cys_ln_U,VOC_urine.rds,Hypertension,Hypertension,natural_log_transformed,2099,793,1306,30,4,2013-2014|2015-2016,WTSA2YR,age+sex+eth+marital+PIR_level+edu+smoke+alcohol.user+PA_level+BMI_level,ok,,survey_weighted,odds_ratio,1.184836382961702,0.8181966629408887,1.7157699584643629,0.18129669354055516,30,0.356995977844731,0.9924688003756363,Volatile Organic Compounds (VOC),urine,0.356995977844731,0.4473366769121176,+,FALSE,FALSE,FALSE,DHB_Cys_ln_U
PhIP_binary_U,AA_urine.rds,Hypertension,Hypertension,binary_above_detection_threshold,1154,430,724,15,2,2013-2014,WTSA2YR,age+sex+eth+marital+PIR_level+edu+smoke+alcohol.user+PA_level+BMI_level,ok,,survey_weighted,odds_ratio,0.8540730187369623,0.5951607409452088,1.2256196875082872,0.16945518180798694,15,0.36666780318018055,0.9924688003756363,Aromatic Amines,urine,0.36666780318018055,0.4357272234320299,-,FALSE,FALSE,FALSE,PhIP_binary_U
DMP_ln_U,pesticides_urine.rds,Hypertension,Hypertension,natural_log_transformed,1031,411,620,15,2,2015-2016,WTSB2YR,age+sex+eth+marital+PIR_level+edu+smoke+alcohol.user+PA_level+BMI_level,ok,,survey_weighted,odds_ratio,0.9243074020451004,0.7640723078032599,1.1181457104912473,0.08932056332127201,15,0.3921033098845581,0.9924688003756363,Pesticides,urine,0.3921033098845581,0.4065994916489587,-,FALSE,FALSE,FALSE,DMP_ln_U
m_p_Xylene_binary_S,VOC_serum.rds,Hypertension,Hypertension,binary_above_detection_threshold,3149,1234,1915,30,4,2013-2014|2015-2016,WTSVOC2Y,age+sex+eth+marital+PIR_level+edu+smoke+alcohol.user+PA_level+BMI_level,ok,,survey_weighted,odds_ratio,0.8877445510010475,0.6690729636653898,1.1778840733821425,0.13846875082099672,30,0.3966563145298695,0.9924688003756363,Volatile Organic Compounds (VOC),serum,0.3966563145298695,0.40158562761592387,-,FALSE,FALSE,FALSE,m_p_Xylene_binary_S
DMDTP_binary_U,pesticides_urine.rds,Hypertension,Hypertension,binary_above_detection_threshold,1035,415,620,15,2,2015-2016,WTSB2YR,age+sex+eth+marital+PIR_level+edu+smoke+alcohol.user+PA_level+BMI_level,ok,,survey_weighted,odds_ratio,1.2133739015152991,0.7450053674357896,1.9761954601023075,0.22884364528789747,15,0.4113112637259284,0.9924688003756363,Pesticides,urine,0.4113112637259284,0.38582939720846327,+,FALSE,FALSE,FALSE,DMDTP_binary_U
DEA_ln_U,pesticides_urine.rds,Hypertension,Hypertension,natural_log_transformed,2180,847,1333,30,4,2013-2014|2015-2016,WTSB2YR|WTSC2YR,age+sex+eth+marital+PIR_level+edu+smoke+alcohol.user+PA_level+BMI_level,ok,,survey_weighted,odds_ratio,0.9738542465934503,0.9115447679268334,1.0404229468236286,0.03237616049102516,30,0.4196346887368785,0.9924688003756363,Pesticides,urine,0.4196346887368785,0.3771286184186119,-,FALSE,FALSE,FALSE,DEA_ln_U
PPDA_binary_U,AA_urine.rds,Hypertension,Hypertension,binary_above_detection_threshold,938,355,583,15,2,2015-2016,WTSA2YR,age+sex+eth+marital+PIR_level+edu+smoke+alcohol.user+PA_level+BMI_level,ok,,survey_weighted,odds_ratio,1.2731928947303959,0.6800496179613155,2.3836792263063615,0.294221063295368,15,0.4245546797635046,0.9924688003756363,Aromatic Amines,urine,0.4245546797635046,0.37206636763378076,+,FALSE,FALSE,FALSE,PPDA_binary_U
DCVDMPCA_binary_U,pesticides_urine.rds,Hypertension,Hypertension,binary_above_detection_threshold,2177,848,1329,30,4,2013-2014|2015-2016,WTSB2YR|WTSC2YR,age+sex+eth+marital+PIR_level+edu+smoke+alcohol.user+PA_level+BMI_level,ok,,survey_weighted,odds_ratio,0.881993652016817,0.6423650188026812,1.2110136439993753,0.15523303490267343,30,0.4249327997701806,0.9924688003756363,Pesticides,urine,0.4249327997701806,0.371679745235692,-,FALSE,FALSE,FALSE,DCVDMPCA_binary_U
TCC_binary_U,PCCP_urine.rds,Hypertension,Hypertension,binary_above_detection_threshold,2147,869,1278,30,4,2013-2014|2015-2016,WTSB2YR,age+sex+eth+marital+PIR_level+edu+smoke+alcohol.user+PA_level+BMI_level,ok,,survey_weighted,odds_ratio,0.8802369119784997,0.6347568263678907,1.2206517346855261,0.16009084069146842,30,0.4318146418878225,0.9924688003756363,Personal Care Products,urine,0.4318146418878225,0.3647026357783589,-,FALSE,FALSE,FALSE,TCC_binary_U
X1_PY_ln_U,PAH_urine.rds,Hypertension,Hypertension,natural_log_transformed,2227,841,1386,30,4,2013-2014|2015-2016,WTSA2YR,age+sex+eth+marital+PIR_level+edu+smoke+alcohol.user+PA_level+BMI_level,ok,,survey_weighted,odds_ratio,0.9370056799125951,0.7890460604148415,1.1127102563909466,0.0841536329470533,30,0.4454654113537707,0.9924688003756363,Polycyclic Aromatic Hydrocarbons (PAH),urine,0.4454654113537707,0.3511860115852776,-,FALSE,FALSE,FALSE,1_PY_ln_U
X5OHIMI_binary_U,pesticides_urine.rds,Hypertension,Hypertension,binary_above_detection_threshold,843,333,510,15,2,2015-2016,WTSSBI2Y,age+sex+eth+marital+PIR_level+edu+smoke+alcohol.user+PA_level+BMI_level,ok,,survey_weighted,odds_ratio,0.7699867599270572,0.3756629369229117,1.5782222630725748,0.336710303232669,15,0.44965081207810487,0.9924688003756363,Pesticides,urine,0.44965081207810487,0.3471246179055391,-,FALSE,FALSE,FALSE,5OHIMI_binary_U
X14_DCB_binary_S,VOC_serum.rds,Hypertension,Hypertension,binary_above_detection_threshold,3133,1221,1912,30,4,2013-2014|2015-2016,WTSVOC2Y,age+sex+eth+marital+PIR_level+edu+smoke+alcohol.user+PA_level+BMI_level,ok,,survey_weighted,odds_ratio,1.077027478233816,0.877715338431979,1.3215995415358572,0.10020106020775273,30,0.4647172775506967,0.9924688003756363,Volatile Organic Compounds (VOC),serum,0.4647172775506967,0.33281118074807176,+,FALSE,FALSE,FALSE,14_DCB_binary_S
X2_FL_ln_U,PAH_urine.rds,Hypertension,Hypertension,natural_log_transformed,2227,840,1387,30,4,2013-2014|2015-2016,WTSA2YR,age+sex+eth+marital+PIR_level+edu+smoke+alcohol.user+PA_level+BMI_level,ok,,survey_weighted,odds_ratio,0.9404255121429757,0.7855035339329699,1.1259021833565008,0.08814078069284127,30,0.4912480744731176,0.9924688003756363,Polycyclic Aromatic Hydrocarbons (PAH),urine,0.4912480744731176,0.3086991389011758,-,FALSE,FALSE,FALSE,2_FL_ln_U
CYHA_Cys_binary_U,VOC_urine.rds,Hypertension,Hypertension,binary_above_detection_threshold,1052,400,652,15,2,2015-2016,WTSA2YR,age+sex+eth+marital+PIR_level+edu+smoke+alcohol.user+PA_level+BMI_level,ok,,survey_weighted,odds_ratio,1.2739100283295204,0.5808438310038051,2.7939467954302644,0.3684648724627302,15,0.5211185086252266,0.9924688003756363,Volatile Organic Compounds (VOC),urine,0.5211185086252266,0.28306350167289523,+,FALSE,FALSE,FALSE,CYHA_Cys_binary_U
MDA_binary_U,pesticides_urine.rds,Hypertension,Hypertension,binary_above_detection_threshold,1036,416,620,15,2,2015-2016,WTSB2YR,age+sex+eth+marital+PIR_level+edu+smoke+alcohol.user+PA_level+BMI_level,ok,,survey_weighted,odds_ratio,1.2068985769279028,0.638175571617926,2.282450535199523,0.29894948896470214,15,0.5387795666272714,0.9924688003756363,Pesticides,urine,0.5387795666272714,0.2685888833820457,+,FALSE,FALSE,FALSE,MDA_binary_U
Sr_ln_U,HM_urine.rds,Hypertension,Hypertension,natural_log_transformed,2233,843,1390,30,4,2013-2014|2015-2016,WTSA2YR,age+sex+eth+marital+PIR_level+edu+smoke+alcohol.user+PA_level+BMI_level,ok,,survey_weighted,odds_ratio,0.9525620331746482,0.8119757538646564,1.1174895589272293,0.07818973963869584,30,0.5389226131151307,0.9924688003756363,Heavy Metals,urine,0.5389226131151307,0.26847359308781504,-,FALSE,FALSE,FALSE,Sr_ln_U
IPPPP_binary_U,BFR_urine.rds,Hypertension,Hypertension,binary_above_detection_threshold,899,354,545,15,2,2015-2016,WTSSBI2Y,age+sex+eth+marital+PIR_level+edu+smoke+alcohol.user+PA_level+BMI_level,ok,,survey_weighted,odds_ratio,1.2645709065568285,0.5687795013735171,2.811528147284277,0.37486005780132853,15,0.540604239071674,0.9924688003756363,Brominated Flame Retardants,urine,0.540604239071674,0.2671205531651913,+,FALSE,FALSE,FALSE,IPPPP_binary_U
o_ANS_ln_U,AA_urine.rds,Hypertension,Hypertension,natural_log_transformed,1048,389,659,15,2,2013-2014,WTSA2YR,age+sex+eth+marital+PIR_level+edu+smoke+alcohol.user+PA_level+BMI_level,ok,,survey_weighted,odds_ratio,0.9433920608601051,0.7722681399734863,1.152434671880199,0.09390329435011646,15,0.5441986229528146,0.9924688003756363,Aromatic Amines,urine,0.5441986229528146,0.26424256149920594,-,FALSE,FALSE,FALSE,o_ANS_ln_U
Chloroform_binary_S,VOC_serum.rds,Hypertension,Hypertension,binary_above_detection_threshold,3078,1194,1884,30,4,2013-2014|2015-2016,WTSVOC2Y,age+sex+eth+marital+PIR_level+edu+smoke+alcohol.user+PA_level+BMI_level,ok,,survey_weighted,odds_ratio,1.0870789954059772,0.8216107447805637,1.4383219179643139,0.1370937653697599,30,0.5470889654988773,0.9924688003756363,Volatile Organic Compounds (VOC),serum,0.5470889654988773,0.2619420446289942,+,FALSE,FALSE,FALSE,Chloroform_binary_S
Ethylbenzene_binary_S,VOC_serum.rds,Hypertension,Hypertension,binary_above_detection_threshold,3097,1212,1885,30,4,2013-2014|2015-2016,WTSVOC2Y,age+sex+eth+marital+PIR_level+edu+smoke+alcohol.user+PA_level+BMI_level,ok,,survey_weighted,odds_ratio,0.9273340193441493,0.7173175190298464,1.1988392317477947,0.12573995030951093,30,0.5530249134912857,0.9924688003756363,Volatile Organic Compounds (VOC),serum,0.5530249134912857,0.25725530350891185,-,FALSE,FALSE,FALSE,Ethylbenzene_binary_S
MINP_binary_U,Phthalates_urine.rds,Hypertension,Hypertension,binary_above_detection_threshold,2146,869,1277,30,4,2013-2014|2015-2016,WTSB2YR,age+sex+eth+marital+PIR_level+edu+smoke+alcohol.user+PA_level+BMI_level,ok,,survey_weighted,odds_ratio,0.8917004036974463,0.6002908173391882,1.324574001445884,0.1937625762386185,30,0.5585671663499805,0.9924688003756363,Phthalates,urine,0.5585671663499805,0.2529245965478594,-,FALSE,FALSE,FALSE,MINP_binary_U
Cs_ln_U,HM_urine.rds,Hypertension,Hypertension,natural_log_transformed,2233,843,1390,30,4,2013-2014|2015-2016,WTSA2YR,age+sex+eth+marital+PIR_level+edu+smoke+alcohol.user+PA_level+BMI_level,ok,,survey_weighted,odds_ratio,0.9264088086183014,0.708029317488689,1.2121437057573412,0.13163283511208107,30,0.5657773875911352,0.9924688003756363,Heavy Metals,urine,0.5657773875911352,0.2473544139674632,-,FALSE,FALSE,FALSE,Cs_ln_U
X3_FL_ln_U,PAH_urine.rds,Hypertension,Hypertension,natural_log_transformed,2226,841,1385,30,4,2013-2014|2015-2016,WTSA2YR,age+sex+eth+marital+PIR_level+edu+smoke+alcohol.user+PA_level+BMI_level,ok,,survey_weighted,odds_ratio,0.9562798651587483,0.8169993010543273,1.1193047280798407,0.07707706988308687,30,0.5662459934952897,0.9924688003756363,Polycyclic Aromatic Hydrocarbons (PAH),urine,0.5662459934952897,0.24699485784276404,-,FALSE,FALSE,FALSE,3_FL_ln_U
PGA_ln_U,VOC_urine.rds,Hypertension,Hypertension,natural_log_transformed,2185,822,1363,30,4,2013-2014|2015-2016,WTSA2YR,age+sex+eth+marital+PIR_level+edu+smoke+alcohol.user+PA_level+BMI_level,ok,,survey_weighted,odds_ratio,0.9415719257961979,0.7588758129783896,1.1682513479617345,0.10562380874657047,30,0.5729285558023283,0.9924688003756363,Volatile Organic Compounds (VOC),urine,0.5729285558023283,0.24189953118325094,-,FALSE,FALSE,FALSE,PGA_ln_U
BCPP_binary_U,BFR_urine.rds,Hypertension,Hypertension,binary_above_detection_threshold,1947,767,1180,30,4,2013-2014|2015-2016,WTSSBI2Y|WTSSCH2Y,age+sex+eth+marital+PIR_level+edu+smoke+alcohol.user+PA_level+BMI_level,ok,,survey_weighted,odds_ratio,0.9058100236757426,0.6348190490968105,1.2924813774237005,0.17406570794980825,30,0.5740449427240344,0.9924688003756363,Brominated Flame Retardants,urine,0.5740449427240344,0.2410541047919736,-,FALSE,FALSE,FALSE,BCPP_binary_U
PrP_ln_U,PCCP_urine.rds,Hypertension,Hypertension,natural_log_transformed,2145,869,1276,30,4,2013-2014|2015-2016,WTSB2YR,age+sex+eth+marital+PIR_level+edu+smoke+alcohol.user+PA_level+BMI_level,ok,,survey_weighted,odds_ratio,1.0218715873730546,0.9442729425695303,1.1058471486420214,0.038670577880247733,30,0.5799803042152567,0.9924688003756363,Personal Care Products,urine,0.5799803042152567,0.23658675456787237,+,FALSE,FALSE,FALSE,PrP_ln_U
Pb_ln_S,HM_serum.rds,Hypertension,Hypertension,natural_log_transformed,3259,1277,1982,30,4,2013-2014|2015-2016,WTSH2YR,age+sex+eth+marital+PIR_level+edu+smoke+alcohol.user+PA_level+BMI_level,ok,,survey_weighted,odds_ratio,1.0550129517831353,0.8673866923972063,1.2832250462063335,0.09588506786319607,30,0.5806393478487935,0.9924688003756363,Heavy Metals,serum,0.5806393478487935,0.2360935369256719,+,FALSE,FALSE,FALSE,Pb_ln_S
BPS_ln_U,PCCP_urine.rds,Hypertension,Hypertension,natural_log_transformed,2144,869,1275,30,4,2013-2014|2015-2016,WTSB2YR,age+sex+eth+marital+PIR_level+edu+smoke+alcohol.user+PA_level+BMI_level,ok,,survey_weighted,odds_ratio,0.9675264006620681,0.856187584122892,1.0933437407143403,0.05986136629124285,30,0.5853868125893938,0.9924688003756363,Personal Care Products,urine,0.5853868125893938,0.2325570654419721,-,FALSE,FALSE,FALSE,BPS_ln_U
TCPY_ln_U,pesticides_urine.rds,Hypertension,Hypertension,natural_log_transformed,2183,849,1334,30,4,2013-2014|2015-2016,WTSB2YR|WTSC2YR,age+sex+eth+marital+PIR_level+edu+smoke+alcohol.user+PA_level+BMI_level,ok,,survey_weighted,odds_ratio,0.9458536490425299,0.7661721864043662,1.1676737178434997,0.10316004629850567,30,0.5934408431880707,0.9924688003756363,Pesticides,urine,0.5934408431880707,0.2266225669494329,-,FALSE,FALSE,FALSE,TCPY_ln_U
DBCM_binary_S,VOC_serum.rds,Hypertension,Hypertension,binary_above_detection_threshold,3163,1237,1926,30,4,2013-2014|2015-2016,WTSVOC2Y,age+sex+eth+marital+PIR_level+edu+smoke+alcohol.user+PA_level+BMI_level,ok,,survey_weighted,odds_ratio,1.1510728769803589,0.6632943244688706,1.9975578249984305,0.2699105602969639,30,0.6060103909118568,0.9924688003756363,Volatile Organic Compounds (VOC),serum,0.6060103909118568,0.2175199291720097,+,FALSE,FALSE,FALSE,DBCM_binary_S
Mn_ln_S,HM_serum.rds,Hypertension,Hypertension,natural_log_transformed,3258,1277,1981,30,4,2013-2014|2015-2016,WTSH2YR,age+sex+eth+marital+PIR_level+edu+smoke+alcohol.user+PA_level+BMI_level,ok,,survey_weighted,odds_ratio,1.084905999302317,0.7877251387346785,1.4942026976729543,0.15673687629111285,30,0.6069230251076556,0.9924688003756363,Heavy Metals,serum,0.6069230251076556,0.21686638617485407,+,FALSE,FALSE,FALSE,Mn_ln_S
MEP_ln_U,Phthalates_urine.rds,Hypertension,Hypertension,natural_log_transformed,2145,869,1276,30,4,2013-2014|2015-2016,WTSB2YR,age+sex+eth+marital+PIR_level+edu+smoke+alcohol.user+PA_level+BMI_level,ok,,survey_weighted,odds_ratio,1.0244119682498865,0.931397510237949,1.1267153596164385,0.04660880566568255,30,0.6086215105478507,0.9924688003756363,Phthalates,urine,0.6086215105478507,0.2156527024097504,+,FALSE,FALSE,FALSE,MEP_ln_U
AsB_binary_U,HM_urine.rds,Hypertension,Hypertension,binary_above_detection_threshold,2235,840,1395,30,4,2013-2014|2015-2016,WTSA2YR,age+sex+eth+marital+PIR_level+edu+smoke+alcohol.user+PA_level+BMI_level,ok,,survey_weighted,odds_ratio,1.0832637954495754,0.7867576825094174,1.4915144479924078,0.1565968801218097,30,0.6132790774788559,0.9924688003756363,Heavy Metals,urine,0.6132790774788559,0.21234185137393854,+,FALSE,FALSE,FALSE,AsB_binary_U
Ba_ln_U,HM_urine.rds,Hypertension,Hypertension,natural_log_transformed,2233,843,1390,30,4,2013-2014|2015-2016,WTSA2YR,age+sex+eth+marital+PIR_level+edu+smoke+alcohol.user+PA_level+BMI_level,ok,,survey_weighted,odds_ratio,0.9648568602337372,0.8292106573547223,1.1226927108124,0.07418477659622516,30,0.6331292047735518,0.9924688003756363,Heavy Metals,urine,0.6331292047735518,0.19850765302494366,-,FALSE,FALSE,FALSE,Ba_ln_U
Nitrate_ln_U,PERNT_urine.rds,Hypertension,Hypertension,natural_log_transformed,2224,839,1385,30,4,2013-2014|2015-2016,WTSA2YR,age+sex+eth+marital+PIR_level+edu+smoke+alcohol.user+PA_level+BMI_level,ok,,survey_weighted,odds_ratio,1.0778931477435871,0.7842904723370984,1.481407308813001,0.1557011517153072,30,0.6334824924740746,0.9924688003756363,Inorganic Anions,urine,0.6334824924740746,0.1982653831909075,+,FALSE,FALSE,FALSE,Nitrate_ln_U
PFBA_binary_U,PFC_urine.rds,Hypertension,Hypertension,binary_above_detection_threshold,1013,417,596,15,2,2013-2014,WTSSBH2Y,age+sex+eth+marital+PIR_level+edu+smoke+alcohol.user+PA_level+BMI_level,ok,,survey_weighted,odds_ratio,1.145560401564514,0.6301660348154519,2.0824807449626648,0.2804034931023344,15,0.6349344614648476,0.9924688003756363,Polyfluoroalkyl Substances (PFAS),urine,0.6349344614648476,0.19727110068142326,+,FALSE,FALSE,FALSE,PFBA_binary_U
MA_ln_U,VOC_urine.rds,Hypertension,Hypertension,natural_log_transformed,2183,824,1359,30,4,2013-2014|2015-2016,WTSA2YR,age+sex+eth+marital+PIR_level+edu+smoke+alcohol.user+PA_level+BMI_level,ok,,survey_weighted,odds_ratio,0.941961683659565,0.7301270982515946,1.215256652721867,0.1247365263439567,30,0.6351756252259253,0.9924688003756363,Volatile Organic Compounds (VOC),urine,0.6351756252259253,0.19710617625002586,-,FALSE,FALSE,FALSE,MA_ln_U
MHNCH_binary_U,Phthalates_urine.rds,Hypertension,Hypertension,binary_above_detection_threshold,2146,869,1277,30,4,2013-2014|2015-2016,WTSB2YR,age+sex+eth+marital+PIR_level+edu+smoke+alcohol.user+PA_level+BMI_level,ok,,survey_weighted,odds_ratio,0.9183748014747943,0.6354295837487518,1.3273103701091642,0.18034043725671606,30,0.6402285617798866,0.9924688003756363,Phthalates,urine,0.6402285617798866,0.19366495507988035,-,FALSE,FALSE,FALSE,MHNCH_binary_U
Mo_ln_U,HM_urine.rds,Hypertension,Hypertension,natural_log_transformed,2232,843,1389,30,4,2013-2014|2015-2016,WTSA2YR,age+sex+eth+marital+PIR_level+edu+smoke+alcohol.user+PA_level+BMI_level,ok,,survey_weighted,odds_ratio,1.0598285171661856,0.817552130240685,1.3739019742606486,0.1270877097436044,30,0.6508063819862131,0.9924688003756363,Heavy Metals,urine,0.6508063819862131,0.18654819690327032,+,FALSE,FALSE,FALSE,Mo_ln_U
o_Xylene_binary_S,VOC_serum.rds,Hypertension,Hypertension,binary_above_detection_threshold,3155,1234,1921,30,4,2013-2014|2015-2016,WTSVOC2Y,age+sex+eth+marital+PIR_level+edu+smoke+alcohol.user+PA_level+BMI_level,ok,,survey_weighted,odds_ratio,0.9425061653354257,0.7230742313982339,1.2285292894168245,0.12977238746853734,30,0.6514733470972129,0.9924688003756363,Volatile Organic Compounds (VOC),serum,0.6514733470972129,0.18610334732727496,-,FALSE,FALSE,FALSE,o_Xylene_binary_S
IPM1_Cys_ln_U,VOC_urine.rds,Hypertension,Hypertension,natural_log_transformed,1051,400,651,15,2,2015-2016,WTSA2YR,age+sex+eth+marital+PIR_level+edu+smoke+alcohol.user+PA_level+BMI_level,ok,,survey_weighted,odds_ratio,0.903955819699971,0.561860459034302,1.454339971483132,0.2231002665039534,15,0.6573151702958762,0.9924688003756363,Volatile Organic Compounds (VOC),urine,0.6573151702958762,0.18222634444295477,-,FALSE,FALSE,FALSE,IPM1_Cys_ln_U
MeFOSAA_binary_S,PFC_serum.rds,Hypertension,Hypertension,binary_above_detection_threshold,2074,836,1238,30,4,2013-2014|2015-2016,WTSB2YR,age+sex+eth+marital+PIR_level+edu+smoke+alcohol.user+PA_level+BMI_level,ok,,survey_weighted,odds_ratio,0.9271283568894255,0.6561905043246294,1.309935124759505,0.1692432711493641,30,0.658037058603589,0.9924688003756363,Polyfluoroalkyl Substances (PFAS),serum,0.658037058603589,0.18174964758080833,-,FALSE,FALSE,FALSE,MeFOSAA_binary_S
DEP_ln_U,pesticides_urine.rds,Hypertension,Hypertension,natural_log_transformed,1039,416,623,15,2,2015-2016,WTSB2YR,age+sex+eth+marital+PIR_level+edu+smoke+alcohol.user+PA_level+BMI_level,ok,,survey_weighted,odds_ratio,0.9501899929455498,0.745215713822232,1.2115431893713902,0.11400139987179607,15,0.6604278698188096,0.9924688003756363,Pesticides,urine,0.6604278698188096,0.18017460795144416,-,FALSE,FALSE,FALSE,DEP_ln_U
DBUP_binary_U,BFR_urine.rds,Hypertension,Hypertension,binary_above_detection_threshold,1945,766,1179,30,4,2013-2014|2015-2016,WTSSBI2Y|WTSSCH2Y,age+sex+eth+marital+PIR_level+edu+smoke+alcohol.user+PA_level+BMI_level,ok,,survey_weighted,odds_ratio,0.9320395880835428,0.6738634623240369,1.2891302798328814,0.1588170946686869,30,0.6608356928034806,0.9924688003756363,Brominated Flame Retardants,urine,0.6608356928034806,0.17990650810752035,-,FALSE,FALSE,FALSE,DBUP_binary_U
Perchlorate_ln_U,PERNT_urine.rds,Hypertension,Hypertension,natural_log_transformed,2223,838,1385,30,4,2013-2014|2015-2016,WTSA2YR,age+sex+eth+marital+PIR_level+edu+smoke+alcohol.user+PA_level+BMI_level,ok,,survey_weighted,odds_ratio,1.0380582370781286,0.8691798067627053,1.2397491234629407,0.08694097134639492,30,0.6705395954182001,0.9924688003756363,Inorganic Anions,urine,0.6705395954182001,0.17357557193034168,+,FALSE,FALSE,FALSE,Perchlorate_ln_U
MCPP_ln_U,Phthalates_urine.rds,Hypertension,Hypertension,natural_log_transformed,2145,869,1276,30,4,2013-2014|2015-2016,WTSB2YR,age+sex+eth+marital+PIR_level+edu+smoke+alcohol.user+PA_level+BMI_level,ok,,survey_weighted,odds_ratio,0.9733095055493566,0.8493404192824744,1.1153730260394787,0.06671100828434287,30,0.6879674780936559,0.9924688003756363,Phthalates,urine,0.6879674780936559,0.16243209144225176,-,FALSE,FALSE,FALSE,MCPP_ln_U
AsC_binary_U,HM_urine.rds,Hypertension,Hypertension,binary_above_detection_threshold,2235,840,1395,30,4,2013-2014|2015-2016,WTSA2YR,age+sex+eth+marital+PIR_level+edu+smoke+alcohol.user+PA_level+BMI_level,ok,,survey_weighted,odds_ratio,1.080135716727887,0.723068437104375,1.6135307623486466,0.19651545503328086,30,0.6976334010590066,0.9924688003756363,Heavy Metals,urine,0.6976334010590066,0.15637273457153772,+,FALSE,FALSE,FALSE,AsC_binary_U
Benzene_binary_S,VOC_serum.rds,Hypertension,Hypertension,binary_above_detection_threshold,3082,1206,1876,30,4,2013-2014|2015-2016,WTSVOC2Y,age+sex+eth+marital+PIR_level+edu+smoke+alcohol.user+PA_level+BMI_level,ok,,survey_weighted,odds_ratio,0.9363031402393,0.6587287435848175,1.3308415322081593,0.17217460834074286,30,0.7049609975996144,0.9924688003756363,Volatile Organic Compounds (VOC),serum,0.7049609975996144,0.15183490995303678,-,FALSE,FALSE,FALSE,Benzene_binary_S
X24D_ln_U,pesticides_urine.rds,Hypertension,Hypertension,natural_log_transformed,2203,859,1344,30,4,2013-2014|2015-2016,WTSB2YR|WTSC2YR,age+sex+eth+marital+PIR_level+edu+smoke+alcohol.user+PA_level+BMI_level,ok,,survey_weighted,odds_ratio,0.9699736317953243,0.8220920777564695,1.144456772951559,0.08099628498796468,30,0.7092741132661886,0.9924688003756363,Pesticides,urine,0.7092741132661886,0.14918589052621498,-,FALSE,FALSE,FALSE,24D_ln_U
MCNP_ln_U,Phthalates_urine.rds,Hypertension,Hypertension,natural_log_transformed,2145,869,1276,30,4,2013-2014|2015-2016,WTSB2YR,age+sex+eth+marital+PIR_level+edu+smoke+alcohol.user+PA_level+BMI_level,ok,,survey_weighted,odds_ratio,1.0298422934168685,0.8753705523431882,1.2115727979096083,0.07957492190026128,30,0.7143251128154273,0.9924688003756363,Phthalates,urine,0.7143251128154273,0.1461040815491929,+,FALSE,FALSE,FALSE,MCNP_ln_U
MiBP_ln_U,Phthalates_urine.rds,Hypertension,Hypertension,natural_log_transformed,2145,869,1276,30,4,2013-2014|2015-2016,WTSB2YR,age+sex+eth+marital+PIR_level+edu+smoke+alcohol.user+PA_level+BMI_level,ok,,survey_weighted,odds_ratio,1.0347017098963585,0.8512445691460411,1.2576968679359322,0.09556461625606232,30,0.7236170964434363,0.9924688003756363,Phthalates,urine,0.7236170964434363,0.1404911808899847,+,FALSE,FALSE,FALSE,MiBP_ln_U
X1_PH_ln_U,PAH_urine.rds,Hypertension,Hypertension,natural_log_transformed,2228,841,1387,30,4,2013-2014|2015-2016,WTSA2YR,age+sex+eth+marital+PIR_level+edu+smoke+alcohol.user+PA_level+BMI_level,ok,,survey_weighted,odds_ratio,0.9630175977302458,0.767224441592309,1.2087765238727115,0.11129382054568797,30,0.7372728867193923,0.9924688003756363,Polycyclic Aromatic Hydrocarbons (PAH),urine,0.7372728867193923,0.13237173702416,-,FALSE,FALSE,FALSE,1_PH_ln_U
MCOCH_binary_U,Phthalates_urine.rds,Hypertension,Hypertension,binary_above_detection_threshold,1033,414,619,15,2,2015-2016,WTSB2YR,age+sex+eth+marital+PIR_level+edu+smoke+alcohol.user+PA_level+BMI_level,ok,,survey_weighted,odds_ratio,0.9034924483769501,0.47103811237328946,1.7329778267013636,0.3055801834170802,15,0.7443984601422686,0.9924688003756363,Phthalates,urine,0.7443984601422686,0.12819453391903435,-,FALSE,FALSE,FALSE,MCOCH_binary_U
PHE_Cys_binary_U,VOC_urine.rds,Hypertension,Hypertension,binary_above_detection_threshold,2173,817,1356,30,4,2013-2014|2015-2016,WTSA2YR,age+sex+eth+marital+PIR_level+edu+smoke+alcohol.user+PA_level+BMI_level,ok,,survey_weighted,odds_ratio,1.0460489130947843,0.7909904539625064,1.383352129099963,0.13685221348929555,30,0.7444647536486154,0.9924688003756363,Volatile Organic Compounds (VOC),urine,0.7444647536486154,0.12815585890343215,+,FALSE,FALSE,FALSE,PHE_Cys_binary_U
X34_MHA_ln_U,VOC_urine.rds,Hypertension,Hypertension,natural_log_transformed,2218,835,1383,30,4,2013-2014|2015-2016,WTSA2YR,age+sex+eth+marital+PIR_level+edu+smoke+alcohol.user+PA_level+BMI_level,ok,,survey_weighted,odds_ratio,1.0184801242714072,0.9065563019583371,1.14422210875941,0.05700198471523112,30,0.7502542827627637,0.9924688003756363,Volatile Organic Compounds (VOC),urine,0.7502542827627637,0.12479151676292075,+,FALSE,FALSE,FALSE,34_MHA_ln_U
PMM_Cys_ln_U,VOC_urine.rds,Hypertension,Hypertension,natural_log_transformed,2192,828,1364,30,4,2013-2014|2015-2016,WTSA2YR,age+sex+eth+marital+PIR_level+edu+smoke+alcohol.user+PA_level+BMI_level,ok,,survey_weighted,odds_ratio,1.0335695970610397,0.8370027479016149,1.2762994083915344,0.10329002078839869,30,0.751436164168003,0.9924688003756363,Volatile Organic Compounds (VOC),urine,0.751436164168003,0.12410790759488138,+,FALSE,FALSE,FALSE,PMM_Cys_ln_U
CEMA_AAM_ln_U,VOC_urine.rds,Hypertension,Hypertension,natural_log_transformed,2158,813,1345,30,4,2013-2014|2015-2016,WTSA2YR,age+sex+eth+marital+PIR_level+edu+smoke+alcohol.user+PA_level+BMI_level,ok,,survey_weighted,odds_ratio,0.9651155660087619,0.7684988507431355,1.2120357172319856,0.11154671526066488,30,0.7524485309977715,0.9924688003756363,Volatile Organic Compounds (VOC),urine,0.7524485309977715,0.12352320133960015,-,FALSE,FALSE,FALSE,CEMA_AAM_ln_U
MCOP_ln_U,Phthalates_urine.rds,Hypertension,Hypertension,natural_log_transformed,2145,869,1276,30,4,2013-2014|2015-2016,WTSB2YR,age+sex+eth+marital+PIR_level+edu+smoke+alcohol.user+PA_level+BMI_level,ok,,survey_weighted,odds_ratio,1.022604116250943,0.8857585206367683,1.1805917236016072,0.07034484751971692,30,0.7528720199531391,0.9924688003756363,Phthalates,urine,0.7528720199531391,0.12327884285901068,+,FALSE,FALSE,FALSE,MCOP_ln_U
n_PFOS_ln_S,PFC_serum.rds,Hypertension,Hypertension,natural_log_transformed,997,399,598,15,2,2015-2016,WTSB2YR,age+sex+eth+marital+PIR_level+edu+smoke+alcohol.user+PA_level+BMI_level,ok,,survey_weighted,odds_ratio,0.9539698935301895,0.6929262034229362,1.31335566942983,0.14999586010350377,15,0.7577241961953984,0.9924688003756363,Polyfluoroalkyl Substances (PFAS),serum,0.7577241961953984,0.12048884432459295,-,FALSE,FALSE,FALSE,n_PFOS_ln_S
Furan_binary_S,VOC_serum.rds,Hypertension,Hypertension,binary_above_detection_threshold,3165,1236,1929,30,4,2013-2014|2015-2016,WTSVOC2Y,age+sex+eth+marital+PIR_level+edu+smoke+alcohol.user+PA_level+BMI_level,ok,,survey_weighted,odds_ratio,0.9281879825965571,0.5617777075713536,1.5335833363007556,0.2458673154296895,30,0.7639098455434186,0.9924688003756363,Volatile Organic Compounds (VOC),serum,0.7639098455434186,0.11695789259357499,-,FALSE,FALSE,FALSE,Furan_binary_S
BPA_ln_U,PCCP_urine.rds,Hypertension,Hypertension,natural_log_transformed,2145,869,1276,30,4,2013-2014|2015-2016,WTSB2YR,age+sex+eth+marital+PIR_level+edu+smoke+alcohol.user+PA_level+BMI_level,ok,,survey_weighted,odds_ratio,1.0227051552263104,0.8775590892697859,1.191858015392198,0.07494701152877925,30,0.7665774520283752,0.9924688003756363,Personal Care Products,urine,0.7665774520283752,0.11544395915376444,+,FALSE,FALSE,FALSE,BPA_ln_U
MeA_a_C_binary_U,AA_urine.rds,Hypertension,Hypertension,binary_above_detection_threshold,1154,429,725,15,2,2013-2014,WTSA2YR,age+sex+eth+marital+PIR_level+edu+smoke+alcohol.user+PA_level+BMI_level,ok,,survey_weighted,odds_ratio,1.0795802599553797,0.6251813969042763,1.8642485900196704,0.25629776451914627,15,0.7692199557443676,0.9924688003756363,Aromatic Amines,urine,0.7692199557443676,0.1139494574584652,+,FALSE,FALSE,FALSE,MeA_a_C_binary_U
PNP_ln_U,pesticides_urine.rds,Hypertension,Hypertension,natural_log_transformed,2164,839,1325,30,4,2013-2014|2015-2016,WTSB2YR|WTSC2YR,age+sex+eth+marital+PIR_level+edu+smoke+alcohol.user+PA_level+BMI_level,ok,,survey_weighted,odds_ratio,1.0218766600859044,0.8781961721199124,1.1890645183610973,0.07419484056937659,30,0.7725423463505192,0.9924688003756363,Pesticides,urine,0.7725423463505192,0.11207770571243364,+,FALSE,FALSE,FALSE,PNP_ln_U
X1_NP_ln_U,PAH_urine.rds,Hypertension,Hypertension,natural_log_transformed,2160,805,1355,30,4,2013-2014|2015-2016,WTSA2YR,age+sex+eth+marital+PIR_level+edu+smoke+alcohol.user+PA_level+BMI_level,ok,,survey_weighted,odds_ratio,1.0181325104069539,0.8955787503047056,1.1574569052636439,0.06280023900070218,30,0.7767325502057678,0.9924688003756363,Polycyclic Aromatic Hydrocarbons (PAH),urine,0.7767325502057678,0.10972849466709284,+,FALSE,FALSE,FALSE,1_NP_ln_U
BuP_binary_U,PCCP_urine.rds,Hypertension,Hypertension,binary_above_detection_threshold,2147,869,1278,30,4,2013-2014|2015-2016,WTSB2YR,age+sex+eth+marital+PIR_level+edu+smoke+alcohol.user+PA_level+BMI_level,ok,,survey_weighted,odds_ratio,0.9601076138252883,0.7151585198537489,1.2889542731222723,0.14422226123419188,30,0.7796732733038308,0.9924688003756363,Personal Care Products,urine,0.7796732733038308,0.10808735285846838,-,FALSE,FALSE,FALSE,BuP_binary_U
X2_HPMA_ln_U,VOC_urine.rds,Hypertension,Hypertension,natural_log_transformed,2200,827,1373,30,4,2013-2014|2015-2016,WTSA2YR,age+sex+eth+marital+PIR_level+edu+smoke+alcohol.user+PA_level+BMI_level,ok,,survey_weighted,odds_ratio,0.9861757742433842,0.8897084449747215,1.0931026486234716,0.050405022738117464,30,0.7843064058880783,0.9924688003756363,Volatile Organic Compounds (VOC),urine,0.7843064058880783,0.1055142378389687,-,FALSE,FALSE,FALSE,2_HPMA_ln_U
FA_ln_S,gas_serum.rds,Hypertension,Hypertension,natural_log_transformed,1968,743,1225,30,4,2013-2014|2015-2016,WTSA2YR,age+sex+eth+marital+PIR_level+edu+smoke+alcohol.user+PA_level+BMI_level,ok,,survey_weighted,odds_ratio,0.8810550836735085,0.34335152198817864,2.2608260361626096,0.461429804476182,30,0.7856269915133525,0.9924688003756363,Gaseous Pollutants,serum,0.7856269915133525,0.1047836040602921,-,FALSE,FALSE,FALSE,FA_ln_S
IPM3_Cys_ln_U,VOC_urine.rds,Hypertension,Hypertension,natural_log_transformed,1051,400,651,15,2,2015-2016,WTSA2YR,age+sex+eth+marital+PIR_level+edu+smoke+alcohol.user+PA_level+BMI_level,ok,,survey_weighted,odds_ratio,0.9646975430697925,0.7267859806270149,1.2804888569837418,0.1328591515429502,15,0.7904493187621653,0.9924688003756363,Volatile Organic Compounds (VOC),urine,0.7904493187621653,0.10212597049779212,-,FALSE,FALSE,FALSE,IPM3_Cys_ln_U
Sm_PFOS_ln_S,PFC_serum.rds,Hypertension,Hypertension,natural_log_transformed,997,399,598,15,2,2015-2016,WTSB2YR,age+sex+eth+marital+PIR_level+edu+smoke+alcohol.user+PA_level+BMI_level,ok,,survey_weighted,odds_ratio,1.0436275352982725,0.7428707386730898,1.466147979362054,0.15948577395694616,15,0.792536860891692,0.9924688003756363,Polyfluoroalkyl Substances (PFAS),serum,0.792536860891692,0.10098052960285846,+,FALSE,FALSE,FALSE,Sm_PFOS_ln_S
X23_OH_PH_ln_U,PAH_urine.rds,Hypertension,Hypertension,natural_log_transformed,2228,841,1387,30,4,2013-2014|2015-2016,WTSA2YR,age+sex+eth+marital+PIR_level+edu+smoke+alcohol.user+PA_level+BMI_level,ok,,survey_weighted,odds_ratio,0.9779597793094229,0.8237470418625776,1.1610425061853982,0.08402652078131692,30,0.7926428674140988,0.9924688003756363,Polycyclic Aromatic Hydrocarbons (PAH),urine,0.7926428674140988,0.10092244401549746,-,FALSE,FALSE,FALSE,23_OH_PH_ln_U
GLYP_ln_U,GYLP_urine.rds,Hypertension,Hypertension,natural_log_transformed,1940,765,1175,30,4,2013-2014|2015-2016,WTSSCH2Y|WTSSGL2Y,age+sex+eth+marital+PIR_level+edu+smoke+alcohol.user+PA_level+BMI_level,ok,,survey_weighted,odds_ratio,0.9784471279912954,0.8203254309552616,1.1670475474100306,0.08630857384008436,30,0.8024155833533216,0.9939022525745106,Herbicides,urine,0.8024155833533216,0.09560064566729949,-,FALSE,FALSE,FALSE,GLYP_ln_U
Mn_binary_U,HM_urine.rds,Hypertension,Hypertension,binary_above_detection_threshold,2234,843,1391,30,4,2013-2014|2015-2016,WTSA2YR,age+sex+eth+marital+PIR_level+edu+smoke+alcohol.user+PA_level+BMI_level,ok,,survey_weighted,odds_ratio,0.9586619617559058,0.6743620785607896,1.362817966987503,0.17224506264859987,30,0.808050149657878,0.9939022525745106,Heavy Metals,urine,0.808050149657878,0.09256168496326131,-,FALSE,FALSE,FALSE,Mn_binary_U
PFDA_ln_S,PFC_serum.rds,Hypertension,Hypertension,natural_log_transformed,2074,836,1238,30,4,2013-2014|2015-2016,WTSB2YR,age+sex+eth+marital+PIR_level+edu+smoke+alcohol.user+PA_level+BMI_level,ok,,survey_weighted,odds_ratio,1.019580147649564,0.8578839520711954,1.211753262164806,0.08455158111315812,30,0.8201623198025766,0.9939022525745106,Polyfluoroalkyl Substances (PFAS),serum,0.8201623198025766,0.08610018710622688,+,FALSE,FALSE,FALSE,PFDA_ln_S
X4_ABP_ln_U,AA_urine.rds,Hypertension,Hypertension,natural_log_transformed,1120,415,705,15,2,2013-2014,WTSA2YR,age+sex+eth+marital+PIR_level+edu+smoke+alcohol.user+PA_level+BMI_level,ok,,survey_weighted,odds_ratio,0.9857112488106451,0.8627054968394579,1.1262553323137723,0.06253494630181644,15,0.8210917336431258,0.9939022525745106,Aromatic Amines,urine,0.8210917336431258,0.08560832011628286,-,FALSE,FALSE,FALSE,4_ABP_ln_U
CEMA_CYM_ln_U,VOC_urine.rds,Hypertension,Hypertension,natural_log_transformed,2191,828,1363,30,4,2013-2014|2015-2016,WTSA2YR,age+sex+eth+marital+PIR_level+edu+smoke+alcohol.user+PA_level+BMI_level,ok,,survey_weighted,odds_ratio,0.9893758338046379,0.8960990298652753,1.0923620134526768,0.048486842104528395,30,0.8271401296593243,0.9939022525745106,Volatile Organic Compounds (VOC),urine,0.8271401296593243,0.08242090836471451,-,FALSE,FALSE,FALSE,CEMA_CYM_ln_U
BP3_ln_U,PCCP_urine.rds,Hypertension,Hypertension,natural_log_transformed,2145,869,1276,30,4,2013-2014|2015-2016,WTSB2YR,age+sex+eth+marital+PIR_level+edu+smoke+alcohol.user+PA_level+BMI_level,ok,,survey_weighted,odds_ratio,0.9907540448035262,0.9045688254207843,1.08515079196758,0.044562085817486136,30,0.8362864763084809,0.9943201584699202,Personal Care Products,urine,0.8362864763084809,0.07764492618793521,-,FALSE,FALSE,FALSE,BP3_ln_U
HIBP_ln_U,Phthalates_urine.rds,Hypertension,Hypertension,natural_log_transformed,2044,831,1213,30,4,2013-2014|2015-2016,WTSB2YR|WTSSBH2Y,age+sex+eth+marital+PIR_level+edu+smoke+alcohol.user+PA_level+BMI_level,ok,,survey_weighted,odds_ratio,0.9831298310161587,0.8077508379824371,1.1965871394798557,0.09621025098833903,30,0.8608203681658165,0.9943201584699202,Phthalates,urine,0.8608203681658165,0.06508746556550174,-,FALSE,FALSE,FALSE,HIBP_ln_U
o_TLD_ln_U,AA_urine.rds,Hypertension,Hypertension,natural_log_transformed,1078,395,683,15,2,2013-2014,WTSA2YR,age+sex+eth+marital+PIR_level+edu+smoke+alcohol.user+PA_level+BMI_level,ok,,survey_weighted,odds_ratio,1.0253636149103322,0.7331412518732326,1.4340627267878476,0.15738781549518271,15,0.8756785774298432,0.9943201584699202,Aromatic Amines,urine,0.8756785774298432,0.0576552747274141,+,FALSE,FALSE,FALSE,o_TLD_ln_U
DETP_binary_U,pesticides_urine.rds,Hypertension,Hypertension,binary_above_detection_threshold,1035,415,620,15,2,2015-2016,WTSB2YR,age+sex+eth+marital+PIR_level+edu+smoke+alcohol.user+PA_level+BMI_level,ok,,survey_weighted,odds_ratio,1.0262152809405716,0.7156393859485322,1.4715760807939589,0.16911328760909042,15,0.8804227334834878,0.9943201584699202,Pesticides,urine,0.8804227334834878,0.05530875201264026,+,FALSE,FALSE,FALSE,DETP_binary_U
BCETP_ln_U,BFR_urine.rds,Hypertension,Hypertension,natural_log_transformed,1942,766,1176,30,4,2013-2014|2015-2016,WTSSBI2Y|WTSSCH2Y,age+sex+eth+marital+PIR_level+edu+smoke+alcohol.user+PA_level+BMI_level,ok,,survey_weighted,odds_ratio,0.9904222165944734,0.8601689407241939,1.140399426998654,0.0690419735755796,30,0.8900714516170845,0.9943201584699202,Brominated Flame Retardants,urine,0.8900714516170845,0.05057512841411946,-,FALSE,FALSE,FALSE,BCETP_ln_U
OXY_binary_U,pesticides_urine.rds,Hypertension,Hypertension,binary_above_detection_threshold,2196,856,1340,30,4,2013-2014|2015-2016,WTSB2YR|WTSC2YR,age+sex+eth+marital+PIR_level+edu+smoke+alcohol.user+PA_level+BMI_level,ok,,survey_weighted,odds_ratio,1.0199501843095313,0.7548194948968469,1.3782081484464224,0.14739973806458548,30,0.8942856737167286,0.9943201584699202,Pesticides,urine,0.8942856737167286,0.04852372650545799,+,FALSE,FALSE,FALSE,OXY_binary_U
TBPPP_binary_U,BFR_urine.rds,Hypertension,Hypertension,binary_above_detection_threshold,900,355,545,15,2,2015-2016,WTSSBI2Y,age+sex+eth+marital+PIR_level+edu+smoke+alcohol.user+PA_level+BMI_level,ok,,survey_weighted,odds_ratio,0.9656361596309405,0.548206964816606,1.7009145316107552,0.2656099598639522,15,0.8970089416096321,0.9943201584699202,Brominated Flame Retardants,urine,0.8970089416096321,0.04720322777824051,-,FALSE,FALSE,FALSE,TBPPP_binary_U
DMTP_ln_U,pesticides_urine.rds,Hypertension,Hypertension,natural_log_transformed,1039,416,623,15,2,2015-2016,WTSB2YR,age+sex+eth+marital+PIR_level+edu+smoke+alcohol.user+PA_level+BMI_level,ok,,survey_weighted,odds_ratio,0.9908850380616969,0.8503898093277036,1.1545918682054277,0.07173694463381544,15,0.9001265824435276,0.9943201584699202,Pesticides,urine,0.9001265824435276,0.045696412570541946,-,FALSE,FALSE,FALSE,DMTP_ln_U
Cd_ln_U,HM_urine.rds,Hypertension,Hypertension,natural_log_transformed,2233,843,1390,30,4,2013-2014|2015-2016,WTSA2YR,age+sex+eth+marital+PIR_level+edu+smoke+alcohol.user+PA_level+BMI_level,ok,,survey_weighted,odds_ratio,0.9895901892786054,0.8355476273261622,1.1720322225679587,0.08285062832417925,30,0.9003339426018888,0.9943201584699202,Heavy Metals,urine,0.9003339426018888,0.04559637663896965,-,FALSE,FALSE,FALSE,Cd_ln_U
IHg_binary_S,HM_serum.rds,Hypertension,Hypertension,binary_above_detection_threshold,3254,1276,1978,30,4,2013-2014|2015-2016,WTSH2YR,age+sex+eth+marital+PIR_level+edu+smoke+alcohol.user+PA_level+BMI_level,ok,,survey_weighted,odds_ratio,1.0228627255721876,0.6980999313339012,1.4987082914702992,0.18704571324582897,30,0.904612218686594,0.9943201584699202,Heavy Metals,serum,0.904612218686594,0.04353755049201708,+,FALSE,FALSE,FALSE,IHg_binary_S
MB3_Cys_ln_U,VOC_urine.rds,Hypertension,Hypertension,natural_log_transformed,2162,814,1348,30,4,2013-2014|2015-2016,WTSA2YR,age+sex+eth+marital+PIR_level+edu+smoke+alcohol.user+PA_level+BMI_level,ok,,survey_weighted,odds_ratio,0.989076812471082,0.8022393262800913,1.219427805296103,0.1025157145882508,30,0.915393134205899,0.9943201584699202,Volatile Organic Compounds (VOC),urine,0.915393134205899,0.03839234926907995,-,FALSE,FALSE,FALSE,MB3_Cys_ln_U
PFHpA_binary_S,PFC_serum.rds,Hypertension,Hypertension,binary_above_detection_threshold,1077,437,640,15,2,2013-2014,WTSB2YR,age+sex+eth+marital+PIR_level+edu+smoke+alcohol.user+PA_level+BMI_level,ok,,survey_weighted,odds_ratio,1.0415997864746218,0.46472546356384664,2.3345613706293578,0.3786466528583557,15,0.9157072923399484,0.9943201584699202,Polyfluoroalkyl Substances (PFAS),serum,0.9157072923399484,0.038243327245576005,+,FALSE,FALSE,FALSE,PFHpA_binary_S
EtP_binary_U,PCCP_urine.rds,Hypertension,Hypertension,binary_above_detection_threshold,2147,869,1278,30,4,2013-2014|2015-2016,WTSB2YR,age+sex+eth+marital+PIR_level+edu+smoke+alcohol.user+PA_level+BMI_level,ok,,survey_weighted,odds_ratio,0.9855234891039285,0.7389203956627711,1.3144264974637994,0.14101094297001104,30,0.9183236806471111,0.9943201584699202,Personal Care Products,urine,0.9183236806471111,0.0370042164651368,-,FALSE,FALSE,FALSE,EtP_binary_U
Hg_binary_U,HM_urine.rds,Hypertension,Hypertension,binary_above_detection_threshold,2237,843,1394,30,4,2013-2014|2015-2016,WTSA2YR,age+sex+eth+marital+PIR_level+edu+smoke+alcohol.user+PA_level+BMI_level,ok,,survey_weighted,odds_ratio,1.0168132138163861,0.7064748185031955,1.463476241067085,0.17830194755351783,30,0.9261182731092972,0.9943201584699202,Heavy Metals,urine,0.9261182731092972,0.033333546710407946,+,FALSE,FALSE,FALSE,Hg_binary_U
Norharman_ln_U,AA_urine.rds,Hypertension,Hypertension,natural_log_transformed,1139,423,716,15,2,2013-2014,WTSA2YR,age+sex+eth+marital+PIR_level+edu+smoke+alcohol.user+PA_level+BMI_level,ok,,survey_weighted,odds_ratio,1.0089464696476258,0.816079519170984,1.247394346629992,0.0995332806873664,15,0.9298807536542723,0.9943201584699202,Aromatic Amines,urine,0.9298807536542723,0.031572741070150616,+,FALSE,FALSE,FALSE,Norharman_ln_U
MHBP_ln_U,Phthalates_urine.rds,Hypertension,Hypertension,natural_log_transformed,2044,831,1213,30,4,2013-2014|2015-2016,WTSB2YR|WTSSBH2Y,age+sex+eth+marital+PIR_level+edu+smoke+alcohol.user+PA_level+BMI_level,ok,,survey_weighted,odds_ratio,1.0091004556665022,0.7927857565426596,1.2844374677808035,0.11813387456935646,30,0.9393819503762825,0.9943201584699202,Phthalates,urine,0.9393819503762825,0.027157788763467937,+,FALSE,FALSE,FALSE,MHBP_ln_U
PFNA_ln_S,PFC_serum.rds,Hypertension,Hypertension,natural_log_transformed,2074,836,1238,30,4,2013-2014|2015-2016,WTSB2YR,age+sex+eth+marital+PIR_level+edu+smoke+alcohol.user+PA_level+BMI_level,ok,,survey_weighted,odds_ratio,1.0053339030093247,0.8235440352880214,1.2272522333143816,0.09766472880688722,30,0.956922405730884,0.9943201584699202,Polyfluoroalkyl Substances (PFAS),serum,0.956922405730884,0.019123276569173734,+,FALSE,FALSE,FALSE,PFNA_ln_S
Co_ln_U,HM_urine.rds,Hypertension,Hypertension,natural_log_transformed,2233,843,1390,30,4,2013-2014|2015-2016,WTSA2YR,age+sex+eth+marital+PIR_level+edu+smoke+alcohol.user+PA_level+BMI_level,ok,,survey_weighted,odds_ratio,0.9964544978667864,0.8430198583050206,1.1778151564724963,0.08187593271982023,30,0.9656858374627589,0.9943201584699202,Heavy Metals,urine,0.9656858374627589,0.015164137815885707,-,FALSE,FALSE,FALSE,Co_ln_U
X3_HPMA_ln_U,VOC_urine.rds,Hypertension,Hypertension,natural_log_transformed,2148,808,1340,30,4,2013-2014|2015-2016,WTSA2YR,age+sex+eth+marital+PIR_level+edu+smoke+alcohol.user+PA_level+BMI_level,ok,,survey_weighted,odds_ratio,0.9960284857646107,0.8187873160883102,1.2116366789779915,0.09594777323842575,30,0.9671921307911405,0.9943201584699202,Volatile Organic Compounds (VOC),urine,0.9671921307911405,0.014487245612842243,-,FALSE,FALSE,FALSE,3_HPMA_ln_U
X2_AN_ln_U,AA_urine.rds,Hypertension,Hypertension,natural_log_transformed,1116,412,704,15,2,2013-2014,WTSA2YR,age+sex+eth+marital+PIR_level+edu+smoke+alcohol.user+PA_level+BMI_level,ok,,survey_weighted,odds_ratio,0.9955743055014222,0.7897453057488292,1.2550479129911671,0.10866279565258267,15,0.9679784838444119,0.9943201584699202,Aromatic Amines,urine,0.9679784838444119,0.014134296050589459,-,FALSE,FALSE,FALSE,2_AN_ln_U
DPCP_binary_U,BFR_urine.rds,Hypertension,Hypertension,binary_above_detection_threshold,1047,412,635,15,2,2013-2014,WTSSCH2Y,age+sex+eth+marital+PIR_level+edu+smoke+alcohol.user+PA_level+BMI_level,ok,,survey_weighted,odds_ratio,1.0142199978664344,0.44686556942695943,2.3019052584231883,0.3845351689892109,15,0.9711930791332843,0.9943201584699202,Brominated Flame Retardants,urine,0.9711930791332843,0.012694421105034777,+,FALSE,FALSE,FALSE,DPCP_binary_U
X2_NP_ln_U,PAH_urine.rds,Hypertension,Hypertension,natural_log_transformed,2194,817,1377,30,4,2013-2014|2015-2016,WTSA2YR,age+sex+eth+marital+PIR_level+edu+smoke+alcohol.user+PA_level+BMI_level,ok,,survey_weighted,odds_ratio,1.0023466418768814,0.8484436307595461,1.1841668132771905,0.08162256843008436,30,0.977281093351729,0.9943201584699202,Polycyclic Aromatic Hydrocarbons (PAH),urine,0.977281093351729,0.009980503084244429,+,FALSE,FALSE,FALSE,2_NP_ln_U
Harman_ln_U,AA_urine.rds,Hypertension,Hypertension,natural_log_transformed,1155,430,725,15,2,2013-2014,WTSA2YR,age+sex+eth+marital+PIR_level+edu+smoke+alcohol.user+PA_level+BMI_level,ok,,survey_weighted,odds_ratio,0.9972783699483752,0.7108931083980234,1.3990347288752158,0.1588157977146207,15,0.9865348413376147,0.9943201584699202,Aromatic Amines,urine,0.9865348413376147,0.005887572212633311,-,FALSE,FALSE,FALSE,Harman_ln_U
X1_AN_ln_U,AA_urine.rds,Hypertension,Hypertension,natural_log_transformed,1109,407,702,15,2,2013-2014,WTSA2YR,age+sex+eth+marital+PIR_level+edu+smoke+alcohol.user+PA_level+BMI_level,ok,,survey_weighted,odds_ratio,1.0007588882310914,0.862639646108592,1.1609927237768705,0.06967879459361422,15,0.9914569990889672,0.9943201584699202,Aromatic Amines,urine,0.9914569990889672,0.003726117024341168,+,FALSE,FALSE,FALSE,1_AN_ln_U
BMA_ln_U,VOC_urine.rds,Hypertension,Hypertension,natural_log_transformed,2212,834,1378,30,4,2013-2014|2015-2016,WTSA2YR,age+sex+eth+marital+PIR_level+edu+smoke+alcohol.user+PA_level+BMI_level,ok,,survey_weighted,odds_ratio,1.000501597972756,0.8674723629293787,1.153931226311046,0.06985997276593225,30,0.9943201584699202,0.9943201584699202,Volatile Organic Compounds (VOC),urine,0.9943201584699202,0.0024737557743483925,+,FALSE,FALSE,FALSE,BMA_ln_U
