method,effect_scale,estimate,conf_low,conf_high,std_error_link_scale,reference_df,p_value,covariates_used,covariates_dropped_no_variation,exposure,module_rds,outcome_code,outcome,transform,n,events,non_events,n_strata,n_psu,cycles,weight_variables,status,error,p_fdr_bh,family,matrix,display_label,family_display,log10_p,nominal_positive,nominal_positive_rank,label_point
survey_weighted,odds_ratio,0.4863340892846008,0.35187314767348854,0.6721764589429693,0.1584632248868791,30,8.295871647965546e-5,age+sex+eth+marital+PIR_level+edu+smoke+alcohol.user+PA_level+BMI_level,,HIBP_ln_U,Phthalates_urine.rds,CHD,Coronary heart disease,natural_log_transformed,2038,68,1970,30,4,2013-2014|2015-2016,WTSB2YR|WTSSBH2Y,ok,,0.01236084875546866,Phthalates,urine,HIBP_ln_U,Phthalates,4.081137975882699,FALSE,,FALSE
survey_weighted,odds_ratio,1.714085333375355,1.2028650230439732,2.4425754127070443,0.17342121691052434,30,0.00410688327997595,age+sex+eth+marital+PIR_level+edu+smoke+alcohol.user+PA_level+BMI_level,,PGA_ln_U,VOC_urine.rds,CHD,Coronary heart disease,natural_log_transformed,2178,71,2107,30,4,2013-2014|2015-2016,WTSA2YR,ok,,0.19010403367032347,Volatile Organic Compounds (VOC),urine,PGA_ln_U,Volatile Organic Compounds (VOC),2.3864876398740558,TRUE,1,TRUE
survey_weighted,odds_ratio,2.2094384301875443,1.2952900435542316,3.768745232839594,0.2614752677462402,30,0.00497489891864322,age+sex+eth+marital+PIR_level+edu+smoke+alcohol.user+PA_level+BMI_level,,OXY_binary_U,pesticides_urine.rds,CHD,Coronary heart disease,binary_above_detection_threshold,2193,80,2113,30,4,2013-2014|2015-2016,WTSB2YR|WTSC2YR,ok,,0.19010403367032347,Pesticides,urine,OXY_binary_U,Pesticides,2.3032157389426673,TRUE,2,TRUE
survey_weighted,odds_ratio,1.8754122936541169,1.2457060611282027,2.82343594603978,0.19194732500839,15,0.00510346399114962,age+sex+eth+marital+PIR_level+edu+smoke+alcohol.user+PA_level+BMI_level,,IPM3_Cys_ln_U,VOC_urine.rds,CHD,Coronary heart disease,natural_log_transformed,1047,36,1011,15,2,2015-2016,WTSA2YR,ok,,0.19010403367032347,Volatile Organic Compounds (VOC),urine,IPM3_Cys_ln_U,Volatile Organic Compounds (VOC),2.292134945162698,TRUE,3,TRUE
survey_weighted,odds_ratio,2.9543860801726565,1.4036739502722193,6.218251118092792,0.3491510390447106,15,0.00727783814114622,age+sex+eth+marital+PIR_level+edu+smoke+alcohol.user+PA_level+BMI_level,,TTCA_binary_U,VOC_urine.rds,CHD,Coronary heart disease,binary_above_detection_threshold,1168,36,1132,15,2,2013-2014,WTSA2YR,ok,,0.19565868999008015,Volatile Organic Compounds (VOC),urine,TTCA_binary_U,Volatile Organic Compounds (VOC),2.1379976073357563,TRUE,4,TRUE
survey_weighted,odds_ratio,5.455998036347368,1.675852185939954,17.7628521312159,0.5537985918874423,15,0.00787887342241933,age+sex+eth+marital+PIR_level+edu+smoke+alcohol.user+PA_level+BMI_level,,IPM1_Cys_ln_U,VOC_urine.rds,CHD,Coronary heart disease,natural_log_transformed,1047,36,1011,15,2,2015-2016,WTSA2YR,ok,,0.19565868999008015,Volatile Organic Compounds (VOC),urine,IPM1_Cys_ln_U,Volatile Organic Compounds (VOC),2.103535876597305,TRUE,5,TRUE
survey_weighted,odds_ratio,1.46331752398229,1.1023111215797798,1.942553362724721,0.13871662346644795,30,0.01013448642311974,age+sex+eth+marital+PIR_level+edu+smoke+alcohol.user+PA_level+BMI_level,,X3_HPMA_ln_U,VOC_urine.rds,CHD,Coronary heart disease,natural_log_transformed,2142,69,2073,30,4,2013-2014|2015-2016,WTSA2YR,ok,,0.21571978243497733,Volatile Organic Compounds (VOC),urine,3_HPMA_ln_U,Volatile Organic Compounds (VOC),1.9941982547910546,TRUE,6,TRUE
survey_weighted,odds_ratio,1.8146025856901724,1.1331680787656024,2.9058200682641866,0.23055159059112704,30,0.01486109641168065,age+sex+eth+marital+PIR_level+edu+smoke+alcohol.user+PA_level+BMI_level,,X2_HPMA_ln_U,VOC_urine.rds,CHD,Coronary heart disease,natural_log_transformed,2193,72,2121,30,4,2013-2014|2015-2016,WTSA2YR,ok,,0.27678792066755226,Volatile Organic Compounds (VOC),urine,2_HPMA_ln_U,Volatile Organic Compounds (VOC),1.82794914831587,TRUE,7,TRUE
survey_weighted,odds_ratio,1.326826775455586,1.0450127586317135,1.684639041508868,0.11690953039458137,30,0.02184362606297052,age+sex+eth+marital+PIR_level+edu+smoke+alcohol.user+PA_level+BMI_level,,BMA_ln_U,VOC_urine.rds,CHD,Coronary heart disease,natural_log_transformed,2205,72,2133,30,4,2013-2014|2015-2016,WTSA2YR,ok,,0.3041129425819998,Volatile Organic Compounds (VOC),urine,BMA_ln_U,Volatile Organic Compounds (VOC),1.6606752666804656,TRUE,8,TRUE
survey_weighted,odds_ratio,0.6073317147392209,0.39748033503034985,0.927974994536317,0.2075774275404703,30,0.02268289924907604,age+sex+eth+marital+PIR_level+edu+smoke+alcohol.user+PA_level+BMI_level,,PFNA_ln_S,PFC_serum.rds,CHD,Coronary heart disease,natural_log_transformed,2068,68,2000,30,4,2013-2014|2015-2016,WTSB2YR,ok,,0.3041129425819998,Polyfluoroalkyl Substances (PFAS),serum,PFNA_ln_S,Polyfluoroalkyl Substances (PFAS),1.644301436225194,FALSE,,FALSE
survey_weighted,odds_ratio,3.06915941130846,1.1883159719438456,7.926965314296411,0.4451743009661257,15,0.02360203972997684,age+sex+eth+marital+PIR_level+edu+smoke+alcohol.user+PA_level+BMI_level,,PFHpA_binary_S,PFC_serum.rds,CHD,Coronary heart disease,binary_above_detection_threshold,1074,32,1042,15,2,2013-2014,WTSB2YR,ok,,0.3041129425819998,Polyfluoroalkyl Substances (PFAS),serum,PFHpA_binary_S,Polyfluoroalkyl Substances (PFAS),1.6270504629114895,TRUE,9,TRUE
survey_weighted,odds_ratio,1.9178779744987315,1.0879704179927812,3.380841854003206,0.2775855849929681,30,0.02577687455719163,age+sex+eth+marital+PIR_level+edu+smoke+alcohol.user+PA_level+BMI_level,,DBUP_binary_U,BFR_urine.rds,CHD,Coronary heart disease,binary_above_detection_threshold,1942,76,1866,30,4,2013-2014|2015-2016,WTSSBI2Y|WTSSCH2Y,ok,,0.3041129425819998,Brominated Flame Retardants,urine,DBUP_binary_U,Brominated Flame Retardants,1.5887697419419593,TRUE,10,TRUE
survey_weighted,odds_ratio,0.7556340556603667,0.5912826030671302,0.9656682322664388,0.120093244159342,30,0.0265333439836644,age+sex+eth+marital+PIR_level+edu+smoke+alcohol.user+PA_level+BMI_level,,BPS_ln_U,PCCP_urine.rds,CHD,Coronary heart disease,natural_log_transformed,2138,70,2068,30,4,2013-2014|2015-2016,WTSB2YR,ok,,0.3041129425819998,Personal Care Products,urine,BPS_ln_U,Personal Care Products,1.576208012658661,FALSE,,FALSE
survey_weighted,odds_ratio,1.2576301887830157,1.0241061498962212,1.544404056062625,0.1005786292586286,30,0.02994391555456278,age+sex+eth+marital+PIR_level+edu+smoke+alcohol.user+PA_level+BMI_level,,CEMA_CYM_ln_U,VOC_urine.rds,CHD,Coronary heart disease,natural_log_transformed,2184,72,2112,30,4,2013-2014|2015-2016,WTSA2YR,ok,,0.3186888155449896,Volatile Organic Compounds (VOC),urine,CEMA_CYM_ln_U,Volatile Organic Compounds (VOC),1.523691410654492,TRUE,11,FALSE
survey_weighted,odds_ratio,2.446499324150021,1.0868115865479298,5.507264568348939,0.3806845428328436,15,0.03286986986902857,age+sex+eth+marital+PIR_level+edu+smoke+alcohol.user+PA_level+BMI_level,,MCOCH_binary_U,Phthalates_urine.rds,CHD,Coronary heart disease,binary_above_detection_threshold,1030,38,992,15,2,2015-2016,WTSB2YR,ok,,0.3265073740323504,Phthalates,urine,MCOCH_binary_U,Phthalates,1.4832020152756829,TRUE,12,FALSE
survey_weighted,odds_ratio,2.5171486649796457,0.9914175350267206,6.390886965135273,0.45623015788337706,30,0.0520227157499936,age+sex+eth+marital+PIR_level+edu+smoke+alcohol.user+PA_level+BMI_level,,Mn_ln_S,HM_serum.rds,CHD,Coronary heart disease,natural_log_transformed,3249,101,3148,30,4,2013-2014|2015-2016,WTSH2YR,ok,,0.4436967286010821,Heavy Metals,serum,Mn_ln_S,Metals and metalloids,1.283806980005375,FALSE,,FALSE
survey_weighted,odds_ratio,1.3189410648620454,0.995590584492648,1.7473101490467866,0.1377134357561876,30,0.05347790240263633,age+sex+eth+marital+PIR_level+edu+smoke+alcohol.user+PA_level+BMI_level,,PMM_Cys_ln_U,VOC_urine.rds,CHD,Coronary heart disease,natural_log_transformed,2185,72,2113,30,4,2013-2014|2015-2016,WTSA2YR,ok,,0.4436967286010821,Volatile Organic Compounds (VOC),urine,PMM_Cys_ln_U,Volatile Organic Compounds (VOC),1.2718256356812936,FALSE,,FALSE
survey_weighted,odds_ratio,1.34140507791538,0.9937946442946908,1.810603018830114,0.14686694629368524,30,0.05463763658415938,age+sex+eth+marital+PIR_level+edu+smoke+alcohol.user+PA_level+BMI_level,,X2_FL_ln_U,PAH_urine.rds,CHD,Coronary heart disease,natural_log_transformed,2220,72,2148,30,4,2013-2014|2015-2016,WTSA2YR,ok,,0.4436967286010821,Polycyclic Aromatic Hydrocarbons (PAH),urine,2_FL_ln_U,Polycyclic Aromatic Hydrocarbons (PAH),1.2625080948436758,FALSE,,FALSE
survey_weighted,odds_ratio,0.4748190788530405,0.2122875006412347,1.0620180508124455,0.39416501521063824,30,0.06850740835191813,age+sex+eth+marital+PIR_level+edu+smoke+alcohol.user+PA_level+BMI_level,,Hg_binary_U,HM_urine.rds,CHD,Coronary heart disease,binary_above_detection_threshold,2230,74,2156,30,4,2013-2014|2015-2016,WTSA2YR,ok,,0.4436967286010821,Heavy Metals,urine,Hg_binary_U,Metals and metalloids,1.1642624616114061,FALSE,,FALSE
survey_weighted,odds_ratio,0.6119921445085685,0.35957642673050855,1.041598828782229,0.2603926320957903,30,0.06904459746253942,age+sex+eth+marital+PIR_level+edu+smoke+alcohol.user+PA_level+BMI_level,,PFDA_ln_S,PFC_serum.rds,CHD,Coronary heart disease,natural_log_transformed,2068,68,2000,30,4,2013-2014|2015-2016,WTSB2YR,ok,,0.4436967286010821,Polyfluoroalkyl Substances (PFAS),serum,PFDA_ln_S,Polyfluoroalkyl Substances (PFAS),1.1608702980267005,FALSE,,FALSE
survey_weighted,odds_ratio,1.2096904304819551,0.9822603696963662,1.4897790674910012,0.10197627998681404,30,0.07173719267948896,age+sex+eth+marital+PIR_level+edu+smoke+alcohol.user+PA_level+BMI_level,,MB3_Cys_ln_U,VOC_urine.rds,CHD,Coronary heart disease,natural_log_transformed,2155,71,2084,30,4,2013-2014|2015-2016,WTSA2YR,ok,,0.4436967286010821,Volatile Organic Compounds (VOC),urine,MB3_Cys_ln_U,Volatile Organic Compounds (VOC),1.1442556227487386,FALSE,,FALSE
survey_weighted,odds_ratio,0.6621047642275635,0.42151576592697326,1.0400149988429768,0.22110987937296273,30,0.07201519577828476,age+sex+eth+marital+PIR_level+edu+smoke+alcohol.user+PA_level+BMI_level,,X24D_ln_U,pesticides_urine.rds,CHD,Coronary heart disease,natural_log_transformed,2200,80,2120,30,4,2013-2014|2015-2016,WTSB2YR|WTSC2YR,ok,,0.4436967286010821,Pesticides,urine,24D_ln_U,Pesticides,1.1425758543139968,FALSE,,FALSE
survey_weighted,odds_ratio,1.8495343441685836,0.9416310220997895,3.6328213599324206,0.3305512332073141,30,0.07266784240248197,age+sex+eth+marital+PIR_level+edu+smoke+alcohol.user+PA_level+BMI_level,,DHB_Cys_ln_U,VOC_urine.rds,CHD,Coronary heart disease,natural_log_transformed,2092,67,2025,30,4,2013-2014|2015-2016,WTSA2YR,ok,,0.4436967286010821,Volatile Organic Compounds (VOC),urine,DHB_Cys_ln_U,Volatile Organic Compounds (VOC),1.1386577343520397,FALSE,,FALSE
survey_weighted,odds_ratio,0.546053591277753,0.28072094255331237,1.062174135763684,0.3257920031685651,30,0.07313505434619896,age+sex+eth+marital+PIR_level+edu+smoke+alcohol.user+PA_level+BMI_level,,As_III_binary_U,HM_urine.rds,CHD,Coronary heart disease,binary_above_detection_threshold,2228,74,2154,30,4,2013-2014|2015-2016,WTSA2YR,ok,,0.4436967286010821,Heavy Metals,urine,As_III_binary_U,Metals and metalloids,1.1358744115502972,FALSE,,FALSE
survey_weighted,odds_ratio,0.7757156284434759,0.5859040192681035,1.0270193008116388,0.13741066107345443,30,0.07444575983239633,age+sex+eth+marital+PIR_level+edu+smoke+alcohol.user+PA_level+BMI_level,,X2_MHA_ln_U,VOC_urine.rds,CHD,Coronary heart disease,natural_log_transformed,2087,69,2018,30,4,2013-2014|2015-2016,WTSA2YR,ok,,0.4436967286010821,Volatile Organic Compounds (VOC),urine,2_MHA_ln_U,Volatile Organic Compounds (VOC),1.1281600330875439,FALSE,,FALSE
survey_weighted,odds_ratio,0.6909222729856441,0.4570158166888088,1.0445450023291036,0.2023771760827048,30,0.07767597625901121,age+sex+eth+marital+PIR_level+edu+smoke+alcohol.user+PA_level+BMI_level,,MHBP_ln_U,Phthalates_urine.rds,CHD,Coronary heart disease,natural_log_transformed,2038,68,1970,30,4,2013-2014|2015-2016,WTSB2YR|WTSSBH2Y,ok,,0.4451430947151027,Phthalates,urine,MHBP_ln_U,Phthalates,1.109713279672768,FALSE,,FALSE
survey_weighted,odds_ratio,0.7187326648318003,0.4922617462876874,1.0493942448136595,0.1853224296691076,30,0.0848557775613336,age+sex+eth+marital+PIR_level+edu+smoke+alcohol.user+PA_level+BMI_level,,MEHHP_ln_U,Phthalates_urine.rds,CHD,Coronary heart disease,natural_log_transformed,2139,70,2069,30,4,2013-2014|2015-2016,WTSB2YR,ok,,0.4540572309924938,Phthalates,urine,MEHHP_ln_U,Phthalates,1.0713185826028333,FALSE,,FALSE
survey_weighted,odds_ratio,1.5538132055908862,0.9369388403827348,2.576833592342465,0.2476894360730586,30,0.08532619105899211,age+sex+eth+marital+PIR_level+edu+smoke+alcohol.user+PA_level+BMI_level,,CEMA_CEM_ln_U,VOC_urine.rds,CHD,Coronary heart disease,natural_log_transformed,2202,72,2130,30,4,2013-2014|2015-2016,WTSA2YR,ok,,0.4540572309924938,Volatile Organic Compounds (VOC),urine,CEMA_CEM_ln_U,Volatile Organic Compounds (VOC),1.0689176407377194,FALSE,,FALSE
survey_weighted,odds_ratio,1.1430741093708685,0.9765018066667804,1.33806042200173,0.07711992508227271,30,0.09319603218682757,age+sex+eth+marital+PIR_level+edu+smoke+alcohol.user+PA_level+BMI_level,,BP3_ln_U,PCCP_urine.rds,CHD,Coronary heart disease,natural_log_transformed,2139,70,2069,30,4,2013-2014|2015-2016,WTSB2YR,ok,,0.47883478606335544,Personal Care Products,urine,BP3_ln_U,Personal Care Products,1.0306025773031864,FALSE,,FALSE
survey_weighted,odds_ratio,1.496523781692398,0.8980961840583754,2.493701085612613,0.2500268979146441,30,0.11734553999427144,age+sex+eth+marital+PIR_level+edu+smoke+alcohol.user+PA_level+BMI_level,,Co_ln_U,HM_urine.rds,CHD,Coronary heart disease,natural_log_transformed,2226,74,2152,30,4,2013-2014|2015-2016,WTSA2YR,ok,,0.5498457395936088,Heavy Metals,urine,Co_ln_U,Metals and metalloids,0.9305334121811627,FALSE,,FALSE
survey_weighted,odds_ratio,0.5531885224499279,0.2593908042737577,1.1797547805409765,0.3708432870503397,30,0.12085578368079744,age+sex+eth+marital+PIR_level+edu+smoke+alcohol.user+PA_level+BMI_level,,Ethylbenzene_binary_S,VOC_serum.rds,CHD,Coronary heart disease,binary_above_detection_threshold,3088,98,2990,30,4,2013-2014|2015-2016,WTSVOC2Y,ok,,0.5498457395936088,Volatile Organic Compounds (VOC),serum,Ethylbenzene_binary_S,Volatile Organic Compounds (VOC),0.9177325611392307,FALSE,,FALSE
survey_weighted,odds_ratio,0.7650579786243551,0.5417057340803301,1.0805012275723622,0.1690414474278819,30,0.1236235085005118,age+sex+eth+marital+PIR_level+edu+smoke+alcohol.user+PA_level+BMI_level,,ATCA_ln_U,VOC_urine.rds,CHD,Coronary heart disease,natural_log_transformed,2160,71,2089,30,4,2013-2014|2015-2016,WTSA2YR,ok,,0.5498457395936088,Volatile Organic Compounds (VOC),urine,ATCA_ln_U,Volatile Organic Compounds (VOC),0.9078989350623474,FALSE,,FALSE
survey_weighted,odds_ratio,2.3065806125615262,0.7787703505268334,6.831685513766087,0.5316652276960623,30,0.12644413972118854,age+sex+eth+marital+PIR_level+edu+smoke+alcohol.user+PA_level+BMI_level,,BuP_binary_U,PCCP_urine.rds,CHD,Coronary heart disease,binary_above_detection_threshold,2141,70,2071,30,4,2013-2014|2015-2016,WTSB2YR,ok,,0.5498457395936088,Personal Care Products,urine,BuP_binary_U,Personal Care Products,0.8981012940042551,FALSE,,FALSE
survey_weighted,odds_ratio,0.3579681221072055,0.090792152119887,1.4113684217525158,0.6436329161187053,15,0.13131198764792945,age+sex+eth+marital+PIR_level+edu+smoke+alcohol.user+PA_level+BMI_level,,PFBA_binary_U,PFC_urine.rds,CHD,Coronary heart disease,binary_above_detection_threshold,1010,30,980,15,2,2013-2014,WTSSBH2Y,ok,,0.5498457395936088,Polyfluoroalkyl Substances (PFAS),urine,PFBA_binary_U,Polyfluoroalkyl Substances (PFAS),0.8816956247734268,FALSE,,FALSE
survey_weighted,odds_ratio,1.3457310958023685,0.9078509796575616,1.9948121693854897,0.1927325920609317,30,0.133879974227511,age+sex+eth+marital+PIR_level+edu+smoke+alcohol.user+PA_level+BMI_level,,GLYP_ln_U,GYLP_urine.rds,CHD,Coronary heart disease,natural_log_transformed,1937,74,1863,30,4,2013-2014|2015-2016,WTSSCH2Y|WTSSGL2Y,ok,,0.5498457395936088,Herbicides,urine,GLYP_ln_U,Herbicides,0.873284379917867,FALSE,,FALSE
survey_weighted,odds_ratio,0.8702323925580352,0.7218158579719781,1.0491656683534405,0.08772913825147521,15,0.13396292039390725,age+sex+eth+marital+PIR_level+edu+smoke+alcohol.user+PA_level+BMI_level,,X1_AN_ln_U,AA_urine.rds,CHD,Coronary heart disease,natural_log_transformed,1106,32,1074,15,2,2013-2014,WTSA2YR,ok,,0.5498457395936088,Aromatic Amines,urine,1_AN_ln_U,Aromatic Amines,0.8730153934019961,FALSE,,FALSE
survey_weighted,odds_ratio,1.4772204388878456,0.8733661205637148,2.49858584354006,0.2573420933551734,30,0.13995556962336692,age+sex+eth+marital+PIR_level+edu+smoke+alcohol.user+PA_level+BMI_level,,Cd_ln_U,HM_urine.rds,CHD,Coronary heart disease,natural_log_transformed,2226,74,2152,30,4,2013-2014|2015-2016,WTSA2YR,ok,,0.5498457395936088,Heavy Metals,urine,Cd_ln_U,Metals and metalloids,0.8540098138211565,FALSE,,FALSE
survey_weighted,odds_ratio,0.7418289373320944,0.4959902754438825,1.1095180682136738,0.19711491093871053,30,0.14022911479568548,age+sex+eth+marital+PIR_level+edu+smoke+alcohol.user+PA_level+BMI_level,,Pb_ln_U,HM_urine.rds,CHD,Coronary heart disease,natural_log_transformed,2226,74,2152,30,4,2013-2014|2015-2016,WTSA2YR,ok,,0.5498457395936088,Heavy Metals,urine,Pb_ln_U,Metals and metalloids,0.8531618074650578,FALSE,,FALSE
survey_weighted,odds_ratio,1.3746020517204236,0.8876662797550494,2.128649970927601,0.21413582142811427,30,0.14776452646042634,age+sex+eth+marital+PIR_level+edu+smoke+alcohol.user+PA_level+BMI_level,,MA_ln_U,VOC_urine.rds,CHD,Coronary heart disease,natural_log_transformed,2176,72,2104,30,4,2013-2014|2015-2016,WTSA2YR,ok,,0.5645362677590647,Volatile Organic Compounds (VOC),urine,MA_ln_U,Volatile Organic Compounds (VOC),0.8304298136514909,FALSE,,FALSE
survey_weighted,odds_ratio,0.4907834212377541,0.17535955971122735,1.3735684952590193,0.4828471977510944,15,0.16113820697642156,age+sex+eth+marital+PIR_level+edu+smoke+alcohol.user+PA_level+BMI_level,,n_PFOA_ln_S,PFC_serum.rds,CHD,Coronary heart disease,natural_log_transformed,994,36,958,15,2,2015-2016,WTSB2YR,ok,,0.6002398209871703,Polyfluoroalkyl Substances (PFAS),serum,n_PFOA_ln_S,Polyfluoroalkyl Substances (PFAS),0.7928014731642204,FALSE,,FALSE
survey_weighted,odds_ratio,0.6559645004554789,0.35254775543183,1.2205138714633188,0.29131376069182585,15,0.16836015553838615,age+sex+eth+marital+PIR_level+edu+smoke+alcohol.user+PA_level+BMI_level,,DEP_ln_U,pesticides_urine.rds,CHD,Coronary heart disease,natural_log_transformed,1036,39,997,15,2,2015-2016,WTSB2YR,ok,,0.611714677235582,Pesticides,urine,DEP_ln_U,Pesticides,0.7737606817038226,FALSE,,FALSE
survey_weighted,odds_ratio,0.853484749463974,0.6757941591835053,1.077896586806372,0.11430362373927104,30,0.17595636039620705,age+sex+eth+marital+PIR_level+edu+smoke+alcohol.user+PA_level+BMI_level,,Toluene_ln_S,VOC_serum.rds,CHD,Coronary heart disease,natural_log_transformed,3091,98,2993,30,4,2013-2014|2015-2016,WTSVOC2Y,ok,,0.611714677235582,Volatile Organic Compounds (VOC),serum,Toluene_ln_S,Volatile Organic Compounds (VOC),0.7545950298515239,FALSE,,FALSE
survey_weighted,odds_ratio,0.822220849790437,0.6143456426341095,1.1004344768059937,0.14270932663135272,30,0.18034671441849728,age+sex+eth+marital+PIR_level+edu+smoke+alcohol.user+PA_level+BMI_level,,X3PBA_ln_U,pesticides_urine.rds,CHD,Coronary heart disease,natural_log_transformed,2182,80,2102,30,4,2013-2014|2015-2016,WTSB2YR|WTSC2YR,ok,,0.611714677235582,Pesticides,urine,3PBA_ln_U,Pesticides,0.7438917653107648,FALSE,,FALSE
survey_weighted,odds_ratio,1.3262192202008796,0.8680979926449377,2.026104696626827,0.20750555449557695,30,0.1837753698104379,age+sex+eth+marital+PIR_level+edu+smoke+alcohol.user+PA_level+BMI_level,,Sn_ln_U,HM_urine.rds,CHD,Coronary heart disease,natural_log_transformed,2225,74,2151,30,4,2013-2014|2015-2016,WTSA2YR,ok,,0.611714677235582,Heavy Metals,urine,Sn_ln_U,Metals and metalloids,0.7357126946484412,FALSE,,FALSE
survey_weighted,odds_ratio,0.09953138400742824,0.00309356147485613,3.202294986846784,1.6996507947915214,30,0.1847460434604107,age+sex+eth+marital+PIR_level+edu+smoke+alcohol.user+PA_level+BMI_level,,Se_ln_S,HM_serum.rds,CHD,Coronary heart disease,natural_log_transformed,3249,101,3148,30,4,2013-2014|2015-2016,WTSH2YR,ok,,0.611714677235582,Heavy Metals,serum,Se_ln_S,Metals and metalloids,0.7334248537272401,FALSE,,FALSE
survey_weighted,odds_ratio,1.398899494621021,0.8303654953636352,2.356696908743745,0.24470444190328855,15,0.1902958571271804,age+sex+eth+marital+PIR_level+edu+smoke+alcohol.user+PA_level+BMI_level,,o_TLD_ln_U,AA_urine.rds,CHD,Coronary heart disease,natural_log_transformed,1075,33,1042,15,2,2013-2014,WTSA2YR,ok,,0.6163931024336932,Aromatic Amines,urine,o_TLD_ln_U,Aromatic Amines,0.7205706665022062,FALSE,,FALSE
survey_weighted,odds_ratio,1.9529843450385256,0.6719151354375418,5.676532125566479,0.5005897846453551,15,0.20110223575792777,age+sex+eth+marital+PIR_level+edu+smoke+alcohol.user+PA_level+BMI_level,,CYHA_Cys_binary_U,VOC_urine.rds,CHD,Coronary heart disease,binary_above_detection_threshold,1048,36,1012,15,2,2015-2016,WTSA2YR,ok,,0.6375368750623667,Volatile Organic Compounds (VOC),urine,CYHA_Cys_binary_U,Volatile Organic Compounds (VOC),0.6965831010992628,FALSE,,FALSE
survey_weighted,odds_ratio,0.808067368157003,0.571215317955547,1.14312913354155,0.16984962148036478,30,0.2192759583057933,age+sex+eth+marital+PIR_level+edu+smoke+alcohol.user+PA_level+BMI_level,,X34_MHA_ln_U,VOC_urine.rds,CHD,Coronary heart disease,natural_log_transformed,2211,72,2139,30,4,2013-2014|2015-2016,WTSA2YR,ok,,0.6806691205742333,Volatile Organic Compounds (VOC),urine,34_MHA_ln_U,Volatile Organic Compounds (VOC),0.6590089823101675,FALSE,,FALSE
survey_weighted,odds_ratio,1.560587271211476,0.7339436727937849,3.318282752948483,0.3693851901944634,30,0.2376714486998336,age+sex+eth+marital+PIR_level+edu+smoke+alcohol.user+PA_level+BMI_level,,BCPP_binary_U,BFR_urine.rds,CHD,Coronary heart disease,binary_above_detection_threshold,1944,76,1868,30,4,2013-2014|2015-2016,WTSSBI2Y|WTSSCH2Y,ok,,0.7222572575253174,Brominated Flame Retardants,urine,BCPP_binary_U,Brominated Flame Retardants,0.6240229866221162,FALSE,,FALSE
survey_weighted,odds_ratio,1.3357508511721443,0.8101985443185715,2.202213702948281,0.2448103887638354,30,0.24628654783716855,age+sex+eth+marital+PIR_level+edu+smoke+alcohol.user+PA_level+BMI_level,,Cd_ln_S,HM_serum.rds,CHD,Coronary heart disease,natural_log_transformed,3250,101,3149,30,4,2013-2014|2015-2016,WTSH2YR,ok,,0.7222572575253174,Heavy Metals,serum,Cd_ln_S,Metals and metalloids,0.6085593086628653,FALSE,,FALSE
survey_weighted,odds_ratio,0.4702083301151787,0.11840763727313028,1.8672433535659885,0.6469975470762405,15,0.26171084839106845,age+sex+eth+marital+PIR_level+edu+smoke+alcohol.user+PA_level+BMI_level,,PFHxA_binary_U,PFC_urine.rds,CHD,Coronary heart disease,binary_above_detection_threshold,1010,30,980,15,2,2013-2014,WTSSBH2Y,ok,,0.7222572575253174,Polyfluoroalkyl Substances (PFAS),urine,PFHxA_binary_U,Polyfluoroalkyl Substances (PFAS),0.5821782746901564,FALSE,,FALSE
survey_weighted,odds_ratio,1.1443879770735177,0.8985116803949585,1.4575479324817984,0.11843941217270386,30,0.26382951609583843,age+sex+eth+marital+PIR_level+edu+smoke+alcohol.user+PA_level+BMI_level,,MEP_ln_U,Phthalates_urine.rds,CHD,Coronary heart disease,natural_log_transformed,2139,70,2069,30,4,2013-2014|2015-2016,WTSB2YR,ok,,0.7222572575253174,Phthalates,urine,MEP_ln_U,Phthalates,0.5786766190986969,FALSE,,FALSE
survey_weighted,odds_ratio,0.7493939682393331,0.4451168712274872,1.2616716101656829,0.2550727040738145,30,0.2670106187750579,age+sex+eth+marital+PIR_level+edu+smoke+alcohol.user+PA_level+BMI_level,,MiBP_ln_U,Phthalates_urine.rds,CHD,Coronary heart disease,natural_log_transformed,2139,70,2069,30,4,2013-2014|2015-2016,WTSB2YR,ok,,0.7222572575253174,Phthalates,urine,MiBP_ln_U,Phthalates,0.5734714667863241,FALSE,,FALSE
survey_weighted,odds_ratio,1.515613220778467,0.7135971074781771,3.219020103817793,0.3688327049989294,30,0.26851220054506536,age+sex+eth+marital+PIR_level+edu+smoke+alcohol.user+PA_level+BMI_level,,HEMA_binary_U,VOC_urine.rds,CHD,Coronary heart disease,binary_above_detection_threshold,2197,72,2125,30,4,2013-2014|2015-2016,WTSA2YR,ok,,0.7222572575253174,Volatile Organic Compounds (VOC),urine,HEMA_binary_U,Volatile Organic Compounds (VOC),0.5710359762250669,FALSE,,FALSE
survey_weighted,odds_ratio,0.5894682370618962,0.21951798587215565,1.5828898990865534,0.4634342248836565,15,0.2719721220768718,age+sex+eth+marital+PIR_level+edu+smoke+alcohol.user+PA_level+BMI_level,,DETP_binary_U,pesticides_urine.rds,CHD,Coronary heart disease,binary_above_detection_threshold,1032,39,993,15,2,2015-2016,WTSB2YR,ok,,0.7222572575253174,Pesticides,urine,DETP_binary_U,Pesticides,0.5654756101153348,FALSE,,FALSE
survey_weighted,odds_ratio,0.7290509058773387,0.4085377091525412,1.3010187589858668,0.2835857361797577,30,0.2739803655656513,age+sex+eth+marital+PIR_level+edu+smoke+alcohol.user+PA_level+BMI_level,,o_Xylene_binary_S,VOC_serum.rds,CHD,Coronary heart disease,binary_above_detection_threshold,3146,99,3047,30,4,2013-2014|2015-2016,WTSVOC2Y,ok,,0.7222572575253174,Volatile Organic Compounds (VOC),serum,o_Xylene_binary_S,Volatile Organic Compounds (VOC),0.5622805591943133,FALSE,,FALSE
survey_weighted,odds_ratio,0.7557066494599638,0.451136231401977,1.2658981927992004,0.25260288380567614,30,0.2762997562345174,age+sex+eth+marital+PIR_level+edu+smoke+alcohol.user+PA_level+BMI_level,,PMA_binary_U,VOC_urine.rds,CHD,Coronary heart disease,binary_above_detection_threshold,2178,71,2107,30,4,2013-2014|2015-2016,WTSA2YR,ok,,0.7222572575253174,Volatile Organic Compounds (VOC),urine,PMA_binary_U,Volatile Organic Compounds (VOC),0.5586194982396618,FALSE,,FALSE
survey_weighted,odds_ratio,1.1425041280038726,0.8889217889729456,1.468425792570618,0.12288687529649496,30,0.28695361781071366,age+sex+eth+marital+PIR_level+edu+smoke+alcohol.user+PA_level+BMI_level,,EO_ln_S,gas_serum.rds,CHD,Coronary heart disease,natural_log_transformed,2132,71,2061,30,4,2013-2014|2015-2016,WTSA2YR,ok,,0.7371739492033851,Gaseous Pollutants,serum,EO_ln_S,Gaseous Pollutants,0.5421882954497814,FALSE,,FALSE
survey_weighted,odds_ratio,0.8711509334464682,0.6682786851411046,1.1356099868491438,0.1298112642611739,30,0.29643376509929475,age+sex+eth+marital+PIR_level+edu+smoke+alcohol.user+PA_level+BMI_level,,Total_As_ln_U,HM_urine.rds,CHD,Coronary heart disease,natural_log_transformed,2225,74,2151,30,4,2013-2014|2015-2016,WTSA2YR,ok,,0.7431671048351023,Heavy Metals,urine,Total_As_ln_U,Metals and metalloids,0.528072329838707,FALSE,,FALSE
survey_weighted,odds_ratio,0.8504752724679435,0.6215616675502911,1.1636949748367476,0.1535349539539846,30,0.29990502029793653,age+sex+eth+marital+PIR_level+edu+smoke+alcohol.user+PA_level+BMI_level,,MCPP_ln_U,Phthalates_urine.rds,CHD,Coronary heart disease,natural_log_transformed,2139,70,2069,30,4,2013-2014|2015-2016,WTSB2YR,ok,,0.7431671048351023,Phthalates,urine,MCPP_ln_U,Phthalates,0.5230162642523347,FALSE,,FALSE
survey_weighted,odds_ratio,1.3169933606263282,0.7690198349771139,2.255431437585024,0.2634270938744897,30,0.3042496201002768,age+sex+eth+marital+PIR_level+edu+smoke+alcohol.user+PA_level+BMI_level,,X1_PY_ln_U,PAH_urine.rds,CHD,Coronary heart disease,natural_log_transformed,2220,73,2147,30,4,2013-2014|2015-2016,WTSA2YR,ok,,0.7431671048351023,Polycyclic Aromatic Hydrocarbons (PAH),urine,1_PY_ln_U,Polycyclic Aromatic Hydrocarbons (PAH),0.5167699553771299,FALSE,,FALSE
survey_weighted,odds_ratio,1.4144646485754837,0.7018991299055676,2.8504241661318748,0.34310637250628206,30,0.320279158473018,age+sex+eth+marital+PIR_level+edu+smoke+alcohol.user+PA_level+BMI_level,,TCC_binary_U,PCCP_urine.rds,CHD,Coronary heart disease,binary_above_detection_threshold,2141,70,2071,30,4,2013-2014|2015-2016,WTSB2YR,ok,,0.7554901036016489,Personal Care Products,urine,TCC_binary_U,Personal Care Products,0.4944713212632963,FALSE,,FALSE
survey_weighted,odds_ratio,1.1650948260727758,0.8545309036550602,1.5885276330386504,0.15179418878437076,30,0.3221573801068769,age+sex+eth+marital+PIR_level+edu+smoke+alcohol.user+PA_level+BMI_level,,X23_OH_PH_ln_U,PAH_urine.rds,CHD,Coronary heart disease,natural_log_transformed,2221,73,2148,30,4,2013-2014|2015-2016,WTSA2YR,ok,,0.7554901036016489,Polycyclic Aromatic Hydrocarbons (PAH),urine,23_OH_PH_ln_U,Polycyclic Aromatic Hydrocarbons (PAH),0.491931915216347,FALSE,,FALSE
survey_weighted,odds_ratio,0.7332037646693954,0.38153971574096374,1.4089955471119424,0.3064621925536258,15,0.3272952529774029,age+sex+eth+marital+PIR_level+edu+smoke+alcohol.user+PA_level+BMI_level,,DMP_ln_U,pesticides_urine.rds,CHD,Coronary heart disease,natural_log_transformed,1028,39,989,15,2,2015-2016,WTSB2YR,ok,,0.7554901036016489,Pesticides,urine,DMP_ln_U,Pesticides,0.485060293563581,FALSE,,FALSE
survey_weighted,odds_ratio,1.1960249067779392,0.8243012421840379,1.735379621463439,0.1822590859197799,30,0.3338868959529343,age+sex+eth+marital+PIR_level+edu+smoke+alcohol.user+PA_level+BMI_level,,Sb_ln_U,HM_urine.rds,CHD,Coronary heart disease,natural_log_transformed,2226,74,2152,30,4,2013-2014|2015-2016,WTSA2YR,ok,,0.7554901036016489,Heavy Metals,urine,Sb_ln_U,Metals and metalloids,0.4764006253511618,FALSE,,FALSE
survey_weighted,odds_ratio,0.7162661968732139,0.35091133761656423,1.4620139328293975,0.3347572972210196,15,0.3346466230718713,age+sex+eth+marital+PIR_level+edu+smoke+alcohol.user+PA_level+BMI_level,,X2_AN_ln_U,AA_urine.rds,CHD,Coronary heart disease,natural_log_transformed,1113,30,1083,15,2,2013-2014,WTSA2YR,ok,,0.7554901036016489,Aromatic Amines,urine,2_AN_ln_U,Aromatic Amines,0.47541355311573785,FALSE,,FALSE
survey_weighted,odds_ratio,0.8272894220015181,0.5420018523447643,1.262740680303539,0.20706599630989472,30,0.3671506824352997,age+sex+eth+marital+PIR_level+edu+smoke+alcohol.user+PA_level+BMI_level,,Mo_ln_U,HM_urine.rds,CHD,Coronary heart disease,natural_log_transformed,2225,74,2151,30,4,2013-2014|2015-2016,WTSA2YR,ok,,0.8164992788486516,Heavy Metals,urine,Mo_ln_U,Metals and metalloids,0.4351556602176823,FALSE,,FALSE
survey_weighted,odds_ratio,0.8207100743907269,0.5231993160048334,1.2873966108170711,0.22044434655264047,30,0.37722613846181574,age+sex+eth+marital+PIR_level+edu+smoke+alcohol.user+PA_level+BMI_level,,Chloroform_binary_S,VOC_serum.rds,CHD,Coronary heart disease,binary_above_detection_threshold,3069,95,2974,30,4,2013-2014|2015-2016,WTSVOC2Y,ok,,0.8201911182087084,Volatile Organic Compounds (VOC),serum,Chloroform_binary_S,Volatile Organic Compounds (VOC),0.4233982220947484,FALSE,,FALSE
survey_weighted,odds_ratio,1.5018451779581414,0.5871398819244849,3.841569969941537,0.4598733414413077,30,0.38353393704254535,age+sex+eth+marital+PIR_level+edu+smoke+alcohol.user+PA_level+BMI_level,,MeFOSAA_binary_S,PFC_serum.rds,CHD,Coronary heart disease,binary_above_detection_threshold,2068,68,2000,30,4,2013-2014|2015-2016,WTSB2YR,ok,,0.8201911182087084,Polyfluoroalkyl Substances (PFAS),serum,MeFOSAA_binary_S,Polyfluoroalkyl Substances (PFAS),0.41619620141978797,FALSE,,FALSE
survey_weighted,odds_ratio,1.1604863087759725,0.8138906957042271,1.6546797745257564,0.16644463959531877,15,0.38532468640677575,age+sex+eth+marital+PIR_level+edu+smoke+alcohol.user+PA_level+BMI_level,,o_ANS_ln_U,AA_urine.rds,CHD,Coronary heart disease,natural_log_transformed,1045,31,1014,15,2,2013-2014,WTSA2YR,ok,,0.8201911182087084,Aromatic Amines,urine,o_ANS_ln_U,Aromatic Amines,0.41417316636514745,FALSE,,FALSE
survey_weighted,odds_ratio,1.7416403732916488,0.4503879958014778,6.734884628711325,0.6345321520883457,15,0.3956913153070353,age+sex+eth+marital+PIR_level+edu+smoke+alcohol.user+PA_level+BMI_level,,PPDA_binary_U,AA_urine.rds,CHD,Coronary heart disease,binary_above_detection_threshold,934,33,901,15,2,2015-2016,WTSA2YR,ok,,0.830394450433074,Aromatic Amines,urine,PPDA_binary_U,Aromatic Amines,0.40264348159048574,FALSE,,FALSE
survey_weighted,odds_ratio,1.070218773933756,0.9091181936067164,1.2598672341340875,0.07988319872731622,30,0.4023158145530086,age+sex+eth+marital+PIR_level+edu+smoke+alcohol.user+PA_level+BMI_level,,X25_DCP_ln_U,PCCP_urine.rds,CHD,Coronary heart disease,natural_log_transformed,2139,70,2069,30,4,2013-2014|2015-2016,WTSB2YR,ok,,0.8325702273388651,Personal Care Products,urine,25_DCP_ln_U,Personal Care Products,0.3954328954970613,FALSE,,FALSE
survey_weighted,odds_ratio,1.3374482130870122,0.6365920204474097,2.8099122597114237,0.3635116247170994,30,0.4300723188196772,age+sex+eth+marital+PIR_level+edu+smoke+alcohol.user+PA_level+BMI_level,,MEHP_binary_U,Phthalates_urine.rds,CHD,Coronary heart disease,binary_above_detection_threshold,2140,70,2070,30,4,2013-2014|2015-2016,WTSB2YR,ok,,0.8602409908587507,Phthalates,urine,MEHP_binary_U,Phthalates,0.3664585094820476,FALSE,,FALSE
survey_weighted,odds_ratio,0.7143459659611104,0.3020400637790045,1.6894783847558683,0.4214950450891547,30,0.431095022766906,age+sex+eth+marital+PIR_level+edu+smoke+alcohol.user+PA_level+BMI_level,,PFUnDA_binary_S,PFC_serum.rds,CHD,Coronary heart disease,binary_above_detection_threshold,2068,68,2000,30,4,2013-2014|2015-2016,WTSB2YR,ok,,0.8602409908587507,Polyfluoroalkyl Substances (PFAS),serum,PFUnDA_binary_S,Polyfluoroalkyl Substances (PFAS),0.3654269912898052,FALSE,,FALSE
survey_weighted,odds_ratio,0.8108458644623572,0.4727250904203253,1.3908104926927285,0.2641978365304491,30,0.43363932481361456,age+sex+eth+marital+PIR_level+edu+smoke+alcohol.user+PA_level+BMI_level,,Tl_ln_U,HM_urine.rds,CHD,Coronary heart disease,natural_log_transformed,2226,74,2152,30,4,2013-2014|2015-2016,WTSA2YR,ok,,0.8602409908587507,Heavy Metals,urine,Tl_ln_U,Metals and metalloids,0.3628713404568868,FALSE,,FALSE
survey_weighted,odds_ratio,0.8978087456572126,0.6772867940695075,1.190131788832508,0.1380140335893331,30,0.4408834592032848,age+sex+eth+marital+PIR_level+edu+smoke+alcohol.user+PA_level+BMI_level,,BDCPP_ln_U,BFR_urine.rds,CHD,Coronary heart disease,natural_log_transformed,1933,74,1859,30,4,2013-2014|2015-2016,WTSSBI2Y|WTSSCH2Y,ok,,0.8602409908587507,Brominated Flame Retardants,urine,BDCPP_ln_U,Brominated Flame Retardants,0.3556761944635221,FALSE,,FALSE
survey_weighted,odds_ratio,0.5641398738767761,0.12400687967879664,2.5664204931375396,0.7418036580070536,30,0.4463261252087672,age+sex+eth+marital+PIR_level+edu+smoke+alcohol.user+PA_level+BMI_level,,FA_ln_S,gas_serum.rds,CHD,Coronary heart disease,natural_log_transformed,1963,69,1894,30,4,2013-2014|2015-2016,WTSA2YR,ok,,0.8602409908587507,Gaseous Pollutants,serum,FA_ln_S,Gaseous Pollutants,0.3503476914656864,FALSE,,FALSE
survey_weighted,odds_ratio,1.3461791754543653,0.5990259718555175,3.02524173837339,0.3964802345351679,30,0.4592309899963737,age+sex+eth+marital+PIR_level+edu+smoke+alcohol.user+PA_level+BMI_level,,Furan_binary_S,VOC_serum.rds,CHD,Coronary heart disease,binary_above_detection_threshold,3156,99,3057,30,4,2013-2014|2015-2016,WTSVOC2Y,ok,,0.8602409908587507,Volatile Organic Compounds (VOC),serum,Furan_binary_S,Volatile Organic Compounds (VOC),0.33796881239951293,FALSE,,FALSE
survey_weighted,odds_ratio,0.5692891252328991,0.11628042323993561,2.787142487774618,0.7452129099503005,15,0.4613686699819253,age+sex+eth+marital+PIR_level+edu+smoke+alcohol.user+PA_level+BMI_level,,MDA_binary_U,pesticides_urine.rds,CHD,Coronary heart disease,binary_above_detection_threshold,1033,39,994,15,2,2015-2016,WTSB2YR,ok,,0.8602409908587507,Pesticides,urine,MDA_binary_U,Pesticides,0.33595190031328237,FALSE,,FALSE
survey_weighted,odds_ratio,1.1071787883117177,0.8376381638062439,1.463453937816229,0.13660479240260967,30,0.46187435750805406,age+sex+eth+marital+PIR_level+edu+smoke+alcohol.user+PA_level+BMI_level,,X3_FL_ln_U,PAH_urine.rds,CHD,Coronary heart disease,natural_log_transformed,2219,73,2146,30,4,2013-2014|2015-2016,WTSA2YR,ok,,0.8602409908587507,Polycyclic Aromatic Hydrocarbons (PAH),urine,3_FL_ln_U,Polycyclic Aromatic Hydrocarbons (PAH),0.33547614838754203,FALSE,,FALSE
survey_weighted,odds_ratio,0.8636996500219147,0.5727239691685717,1.3025071860200286,0.20115886514770903,30,0.4719984553488451,age+sex+eth+marital+PIR_level+edu+smoke+alcohol.user+PA_level+BMI_level,,PNP_ln_U,pesticides_urine.rds,CHD,Coronary heart disease,natural_log_transformed,2161,78,2083,30,4,2013-2014|2015-2016,WTSB2YR|WTSC2YR,ok,,0.8682440721849126,Pesticides,urine,PNP_ln_U,Pesticides,0.32605942262559595,FALSE,,FALSE
survey_weighted,odds_ratio,1.1202102294392486,0.8103099873476062,1.5486307434614162,0.15857569622874754,30,0.47961940192013386,age+sex+eth+marital+PIR_level+edu+smoke+alcohol.user+PA_level+BMI_level,,MBzP_ln_U,Phthalates_urine.rds,CHD,Coronary heart disease,natural_log_transformed,2139,70,2069,30,4,2013-2014|2015-2016,WTSB2YR,ok,,0.8688973710815941,Phthalates,urine,MBzP_ln_U,Phthalates,0.3191032568150159,FALSE,,FALSE
survey_weighted,odds_ratio,0.748528510851007,0.316035419387412,1.7728865095022428,0.4045392496412172,15,0.48499566461206545,age+sex+eth+marital+PIR_level+edu+smoke+alcohol.user+PA_level+BMI_level,,A_a_C_binary_U,AA_urine.rds,CHD,Coronary heart disease,binary_above_detection_threshold,1152,36,1116,15,2,2013-2014,WTSA2YR,ok,,0.8688973710815941,Aromatic Amines,urine,A_a_C_binary_U,Aromatic Amines,0.31426214354922544,FALSE,,FALSE
survey_weighted,odds_ratio,0.9432490336808508,0.7952565119692213,1.1187820862186078,0.08356652643641083,30,0.4898481823547242,age+sex+eth+marital+PIR_level+edu+smoke+alcohol.user+PA_level+BMI_level,,PrP_ln_U,PCCP_urine.rds,CHD,Coronary heart disease,natural_log_transformed,2139,70,2069,30,4,2013-2014|2015-2016,WTSB2YR,ok,,0.8688973710815941,Personal Care Products,urine,PrP_ln_U,Personal Care Products,0.30993849911816185,FALSE,,FALSE
survey_weighted,odds_ratio,1.273043815355584,0.6080835104906235,2.665161162662528,0.3617802264070971,30,0.509690337418619,age+sex+eth+marital+PIR_level+edu+smoke+alcohol.user+PA_level+BMI_level,,IHg_binary_S,HM_serum.rds,CHD,Coronary heart disease,binary_above_detection_threshold,3245,101,3144,30,4,2013-2014|2015-2016,WTSH2YR,ok,,0.8822166288650871,Heavy Metals,serum,IHg_binary_S,Metals and metalloids,0.2926935995789428,FALSE,,FALSE
survey_weighted,odds_ratio,1.2898869959131667,0.586762338952426,2.835574732346265,0.38569292123231647,30,0.5142939756021914,age+sex+eth+marital+PIR_level+edu+smoke+alcohol.user+PA_level+BMI_level,,MHNCH_binary_U,Phthalates_urine.rds,CHD,Coronary heart disease,binary_above_detection_threshold,2140,70,2070,30,4,2013-2014|2015-2016,WTSB2YR,ok,,0.8822166288650871,Phthalates,urine,MHNCH_binary_U,Phthalates,0.288788562939359,FALSE,,FALSE
survey_weighted,odds_ratio,1.1572999431884456,0.7298527449809198,1.8350868277394683,0.22572999001761584,30,0.5224322806957942,age+sex+eth+marital+PIR_level+edu+smoke+alcohol.user+PA_level+BMI_level,,X1_PH_ln_U,PAH_urine.rds,CHD,Coronary heart disease,natural_log_transformed,2221,73,2148,30,4,2013-2014|2015-2016,WTSA2YR,ok,,0.8822166288650871,Polycyclic Aromatic Hydrocarbons (PAH),urine,1_PH_ln_U,Polycyclic Aromatic Hydrocarbons (PAH),0.2819699961760823,FALSE,,FALSE
survey_weighted,odds_ratio,0.8572420597430378,0.5225196082441885,1.4063854014241373,0.24240537369168055,30,0.5299567619272212,age+sex+eth+marital+PIR_level+edu+smoke+alcohol.user+PA_level+BMI_level,,GAM_Cys_binary_U,VOC_urine.rds,CHD,Coronary heart disease,binary_above_detection_threshold,2214,72,2142,30,4,2013-2014|2015-2016,WTSA2YR,ok,,0.8822166288650871,Volatile Organic Compounds (VOC),urine,GAM_Cys_binary_U,Volatile Organic Compounds (VOC),0.27575956213963826,FALSE,,FALSE
survey_weighted,odds_ratio,0.7423752198583932,0.2848391912301611,1.9348495011505304,0.4690510415536728,30,0.5301693473302946,age+sex+eth+marital+PIR_level+edu+smoke+alcohol.user+PA_level+BMI_level,,X25_DMF_binary_S,VOC_serum.rds,CHD,Coronary heart disease,binary_above_detection_threshold,3152,99,3053,30,4,2013-2014|2015-2016,WTSVOC2Y,ok,,0.8822166288650871,Volatile Organic Compounds (VOC),serum,25_DMF_binary_S,Volatile Organic Compounds (VOC),0.2755853853734606,FALSE,,FALSE
survey_weighted,odds_ratio,1.2377296491543028,0.6205681624506338,2.468664648128,0.3380541125702074,30,0.5328825275024016,age+sex+eth+marital+PIR_level+edu+smoke+alcohol.user+PA_level+BMI_level,,BPF_binary_U,PCCP_urine.rds,CHD,Coronary heart disease,binary_above_detection_threshold,2140,70,2070,30,4,2013-2014|2015-2016,WTSB2YR,ok,,0.8822166288650871,Personal Care Products,urine,BPF_binary_U,Personal Care Products,0.27336851945451746,FALSE,,FALSE
survey_weighted,odds_ratio,0.8633300446654366,0.5244510991472867,1.4211787662069597,0.2338525289392077,15,0.5391788059590199,age+sex+eth+marital+PIR_level+edu+smoke+alcohol.user+PA_level+BMI_level,,Harman_ln_U,AA_urine.rds,CHD,Coronary heart disease,natural_log_transformed,1152,36,1116,15,2,2013-2014,WTSA2YR,ok,,0.8828312317350985,Aromatic Amines,urine,Harman_ln_U,Aromatic Amines,0.2682671873851047,FALSE,,FALSE
survey_weighted,odds_ratio,0.8617781718014822,0.5031671003195693,1.4759741185817372,0.2634690451130177,30,0.5765364544883105,age+sex+eth+marital+PIR_level+edu+smoke+alcohol.user+PA_level+BMI_level,,X14_DCB_binary_S,VOC_serum.rds,CHD,Coronary heart disease,binary_above_detection_threshold,3124,97,3027,30,4,2013-2014|2015-2016,WTSVOC2Y,ok,,0.9124198533518272,Volatile Organic Compounds (VOC),serum,14_DCB_binary_S,Volatile Organic Compounds (VOC),0.23917322699447915,FALSE,,FALSE
survey_weighted,odds_ratio,1.2947202766855284,0.5056087322630091,3.3154106879401524,0.4604120432451634,30,0.5789589591612849,age+sex+eth+marital+PIR_level+edu+smoke+alcohol.user+PA_level+BMI_level,,AsC_binary_U,HM_urine.rds,CHD,Coronary heart disease,binary_above_detection_threshold,2228,74,2154,30,4,2013-2014|2015-2016,WTSA2YR,ok,,0.9124198533518272,Heavy Metals,urine,AsC_binary_U,Metals and metalloids,0.23735222114564258,FALSE,,FALSE
survey_weighted,odds_ratio,0.9088870357481694,0.6388315257605853,1.2931040664713256,0.1726410428758451,30,0.5841105889833004,age+sex+eth+marital+PIR_level+edu+smoke+alcohol.user+PA_level+BMI_level,,Ba_ln_U,HM_urine.rds,CHD,Coronary heart disease,natural_log_transformed,2226,74,2152,30,4,2013-2014|2015-2016,WTSA2YR,ok,,0.9124198533518272,Heavy Metals,urine,Ba_ln_U,Metals and metalloids,0.23350492063013603,FALSE,,FALSE
survey_weighted,odds_ratio,0.820728703832563,0.39583196171602625,1.7017211100752976,0.3570546253489627,30,0.5841500419210454,age+sex+eth+marital+PIR_level+edu+smoke+alcohol.user+PA_level+BMI_level,,Benzene_binary_S,VOC_serum.rds,CHD,Coronary heart disease,binary_above_detection_threshold,3074,99,2975,30,4,2013-2014|2015-2016,WTSVOC2Y,ok,,0.9124198533518272,Volatile Organic Compounds (VOC),serum,Benzene_binary_S,Volatile Organic Compounds (VOC),0.23347558780369168,FALSE,,FALSE
survey_weighted,odds_ratio,0.8758598477834705,0.5305802252148374,1.4458331398398143,0.24542999304055865,30,0.5931361753647177,age+sex+eth+marital+PIR_level+edu+smoke+alcohol.user+PA_level+BMI_level,,Perchlorate_ln_U,PERNT_urine.rds,CHD,Coronary heart disease,natural_log_transformed,2216,73,2143,30,4,2013-2014|2015-2016,WTSA2YR,ok,,0.9124198533518272,Inorganic Anions,urine,Perchlorate_ln_U,Inorganic Anions,0.22684558754621595,FALSE,,FALSE
survey_weighted,odds_ratio,0.8971055810878165,0.5865490009589502,1.3720906902972163,0.19935604292643863,15,0.5939914481552163,age+sex+eth+marital+PIR_level+edu+smoke+alcohol.user+PA_level+BMI_level,,DMTP_ln_U,pesticides_urine.rds,CHD,Coronary heart disease,natural_log_transformed,1036,38,998,15,2,2015-2016,WTSB2YR,ok,,0.9124198533518272,Pesticides,urine,DMTP_ln_U,Pesticides,0.2262198076210545,FALSE,,FALSE
survey_weighted,odds_ratio,0.8314473129516667,0.39620627092492705,1.7448099259022951,0.3477600361203135,15,0.6033354907928026,age+sex+eth+marital+PIR_level+edu+smoke+alcohol.user+PA_level+BMI_level,,Sm_PFOS_ln_S,PFC_serum.rds,CHD,Coronary heart disease,natural_log_transformed,994,36,958,15,2,2015-2016,WTSB2YR,ok,,0.917316205389057,Polyfluoroalkyl Substances (PFAS),serum,Sm_PFOS_ln_S,Polyfluoroalkyl Substances (PFAS),0.21944112685975886,FALSE,,FALSE
survey_weighted,odds_ratio,1.079688042044937,0.7838349568039337,1.487208828868832,0.15680030523752295,30,0.6284120641401627,age+sex+eth+marital+PIR_level+edu+smoke+alcohol.user+PA_level+BMI_level,,X2_NP_ln_U,PAH_urine.rds,CHD,Coronary heart disease,natural_log_transformed,2188,71,2117,30,4,2013-2014|2015-2016,WTSA2YR,ok,,0.9300737813640186,Polycyclic Aromatic Hydrocarbons (PAH),urine,2_NP_ln_U,Polycyclic Aromatic Hydrocarbons (PAH),0.20175548604579943,FALSE,,FALSE
survey_weighted,odds_ratio,1.1596045435280544,0.6202303044219468,2.1680377237035344,0.30639567482011887,30,0.6323960210062376,age+sex+eth+marital+PIR_level+edu+smoke+alcohol.user+PA_level+BMI_level,,Nitrate_ln_U,PERNT_urine.rds,CHD,Coronary heart disease,natural_log_transformed,2217,73,2144,30,4,2013-2014|2015-2016,WTSA2YR,ok,,0.9300737813640186,Inorganic Anions,urine,Nitrate_ln_U,Inorganic Anions,0.19901087128326775,FALSE,,FALSE
survey_weighted,odds_ratio,1.1246794820154633,0.6810718251204544,1.8572254652332152,0.24560170557099475,30,0.6358272459821127,age+sex+eth+marital+PIR_level+edu+smoke+alcohol.user+PA_level+BMI_level,,CEMA_AAM_ln_U,VOC_urine.rds,CHD,Coronary heart disease,natural_log_transformed,2152,69,2083,30,4,2013-2014|2015-2016,WTSA2YR,ok,,0.9300737813640186,Volatile Organic Compounds (VOC),urine,CEMA_AAM_ln_U,Volatile Organic Compounds (VOC),0.1966608659680258,FALSE,,FALSE
survey_weighted,odds_ratio,1.0525607353572444,0.8453395657861377,1.310578785680625,0.10735240999825836,30,0.6366948033498652,age+sex+eth+marital+PIR_level+edu+smoke+alcohol.user+PA_level+BMI_level,,DPHP_ln_U,BFR_urine.rds,CHD,Coronary heart disease,natural_log_transformed,1941,76,1865,30,4,2013-2014|2015-2016,WTSSBI2Y|WTSSCH2Y,ok,,0.9300737813640186,Brominated Flame Retardants,urine,DPHP_ln_U,Brominated Flame Retardants,0.19606869479720446,FALSE,,FALSE
survey_weighted,odds_ratio,1.0840102005383654,0.7533194127892522,1.5598670297375778,0.1782001544867462,30,0.6540373265462353,age+sex+eth+marital+PIR_level+edu+smoke+alcohol.user+PA_level+BMI_level,,MECPP_ln_U,Phthalates_urine.rds,CHD,Coronary heart disease,natural_log_transformed,2139,70,2069,30,4,2013-2014|2015-2016,WTSB2YR,ok,,0.9458237339438684,Phthalates,urine,MECPP_ln_U,Phthalates,0.18439746536003074,FALSE,,FALSE
survey_weighted,odds_ratio,1.1093482250518711,0.6812139484948501,1.80655943282559,0.23877887143159415,30,0.6669648889446533,age+sex+eth+marital+PIR_level+edu+smoke+alcohol.user+PA_level+BMI_level,,Pb_ln_S,HM_serum.rds,CHD,Coronary heart disease,natural_log_transformed,3250,101,3149,30,4,2013-2014|2015-2016,WTSH2YR,ok,,0.9458237339438684,Heavy Metals,serum,Pb_ln_S,Metals and metalloids,0.175897028060885,FALSE,,FALSE
survey_weighted,odds_ratio,1.2861068023446451,0.3732649184138591,4.431358601997548,0.5803968240212782,15,0.6707994998235435,age+sex+eth+marital+PIR_level+edu+smoke+alcohol.user+PA_level+BMI_level,,MeA_a_C_binary_U,AA_urine.rds,CHD,Coronary heart disease,binary_above_detection_threshold,1151,35,1116,15,2,2013-2014,WTSA2YR,ok,,0.9458237339438684,Aromatic Amines,urine,MeA_a_C_binary_U,Aromatic Amines,0.1734072698941511,FALSE,,FALSE
survey_weighted,odds_ratio,0.8936572300541261,0.5163933646941856,1.5465404852770863,0.2685505935591539,30,0.6784425408451265,age+sex+eth+marital+PIR_level+edu+smoke+alcohol.user+PA_level+BMI_level,,BPA_ln_U,PCCP_urine.rds,CHD,Coronary heart disease,natural_log_transformed,2139,70,2069,30,4,2013-2014|2015-2016,WTSB2YR,ok,,0.9458237339438684,Personal Care Products,urine,BPA_ln_U,Personal Care Products,0.16848692803458465,FALSE,,FALSE
survey_weighted,odds_ratio,0.9325236353889076,0.6598807833179183,1.3178142969803486,0.16933847833236032,30,0.6828690070300517,age+sex+eth+marital+PIR_level+edu+smoke+alcohol.user+PA_level+BMI_level,,MCNP_ln_U,Phthalates_urine.rds,CHD,Coronary heart disease,natural_log_transformed,2139,70,2069,30,4,2013-2014|2015-2016,WTSB2YR,ok,,0.9458237339438684,Phthalates,urine,MCNP_ln_U,Phthalates,0.16566259789994892,FALSE,,FALSE
survey_weighted,odds_ratio,1.1673350458263831,0.5251378369535173,2.594882739967376,0.3747768358595055,15,0.6855635118519315,age+sex+eth+marital+PIR_level+edu+smoke+alcohol.user+PA_level+BMI_level,,X26_DMA_binary_U,AA_urine.rds,CHD,Coronary heart disease,binary_above_detection_threshold,1062,33,1029,15,2,2013-2014,WTSA2YR,ok,,0.9458237339438684,Aromatic Amines,urine,26_DMA_binary_U,Aromatic Amines,0.16395230517916978,FALSE,,FALSE
survey_weighted,odds_ratio,0.9569115787446456,0.7565920522397512,1.2102688190086968,0.11501246304481424,30,0.7044552455090873,age+sex+eth+marital+PIR_level+edu+smoke+alcohol.user+PA_level+BMI_level,,X24_DCP_ln_U,PCCP_urine.rds,CHD,Coronary heart disease,natural_log_transformed,2139,70,2069,30,4,2013-2014|2015-2016,WTSB2YR,ok,,0.9549923867738896,Personal Care Products,urine,24_DCP_ln_U,Personal Care Products,0.15214659268356925,FALSE,,FALSE
survey_weighted,odds_ratio,1.0526169054570156,0.8003146569731837,1.3844584002052454,0.13417879727913185,30,0.7050279365444823,age+sex+eth+marital+PIR_level+edu+smoke+alcohol.user+PA_level+BMI_level,,U_ln_U,HM_urine.rds,CHD,Coronary heart disease,natural_log_transformed,2226,74,2152,30,4,2013-2014|2015-2016,WTSA2YR,ok,,0.9549923867738896,Heavy Metals,urine,U_ln_U,Metals and metalloids,0.15179367386430107,FALSE,,FALSE
survey_weighted,odds_ratio,1.0725026805189877,0.7298724156837301,1.5759768077313494,0.1884569334018467,30,0.7129421296178571,age+sex+eth+marital+PIR_level+edu+smoke+alcohol.user+PA_level+BMI_level,,DMA_ln_U,HM_urine.rds,CHD,Coronary heart disease,natural_log_transformed,2227,74,2153,30,4,2013-2014|2015-2016,WTSA2YR,ok,,0.9570124082257722,Heavy Metals,urine,DMA_ln_U,Metals and metalloids,0.1469457209302273,FALSE,,FALSE
survey_weighted,odds_ratio,0.9347290015131038,0.6273610532883692,1.3926881525239911,0.19524056676620125,30,0.7319656018985197,age+sex+eth+marital+PIR_level+edu+smoke+alcohol.user+PA_level+BMI_level,,Thiocyanate_ln_U,PERNT_urine.rds,CHD,Coronary heart disease,natural_log_transformed,2212,73,2139,30,4,2013-2014|2015-2016,WTSA2YR,ok,,0.966826851258682,Inorganic Anions,urine,Thiocyanate_ln_U,Inorganic Anions,0.1355093277622037,FALSE,,FALSE
survey_weighted,odds_ratio,0.934193664577376,0.623642612235752,1.3993877034922664,0.19787090485955777,30,0.7332311019612824,age+sex+eth+marital+PIR_level+edu+smoke+alcohol.user+PA_level+BMI_level,,Sr_ln_U,HM_urine.rds,CHD,Coronary heart disease,natural_log_transformed,2226,74,2152,30,4,2013-2014|2015-2016,WTSA2YR,ok,,0.966826851258682,Heavy Metals,urine,Sr_ln_U,Metals and metalloids,0.13475912155531908,FALSE,,FALSE
survey_weighted,odds_ratio,1.1353895439399948,0.48585984197836896,2.6532536857525715,0.39823175359862406,15,0.7542378210784768,age+sex+eth+marital+PIR_level+edu+smoke+alcohol.user+PA_level+BMI_level,,Norharman_ln_U,AA_urine.rds,CHD,Coronary heart disease,natural_log_transformed,1136,35,1101,15,2,2013-2014,WTSA2YR,ok,,0.9781731105968602,Aromatic Amines,urine,Norharman_ln_U,Aromatic Amines,0.12249169378952197,FALSE,,FALSE
survey_weighted,odds_ratio,0.957350027558187,0.7050236632115945,1.2999834233799217,0.14980259444475916,30,0.7730859003467467,age+sex+eth+marital+PIR_level+edu+smoke+alcohol.user+PA_level+BMI_level,,MEOHP_ln_U,Phthalates_urine.rds,CHD,Coronary heart disease,natural_log_transformed,2139,70,2069,30,4,2013-2014|2015-2016,WTSB2YR,ok,,0.9781731105968602,Phthalates,urine,MEOHP_ln_U,Phthalates,0.11177224738322153,FALSE,,FALSE
survey_weighted,odds_ratio,1.1123325116644722,0.5200602480898118,2.3791159217616653,0.3722665810199,30,0.776862261224576,age+sex+eth+marital+PIR_level+edu+smoke+alcohol.user+PA_level+BMI_level,,EtP_binary_U,PCCP_urine.rds,CHD,Coronary heart disease,binary_above_detection_threshold,2141,70,2071,30,4,2013-2014|2015-2016,WTSB2YR,ok,,0.9781731105968602,Personal Care Products,urine,EtP_binary_U,Personal Care Products,0.10965597539832742,FALSE,,FALSE
survey_weighted,odds_ratio,0.928938579387467,0.5381481895414053,1.6035116368407134,0.25612084298542714,15,0.7774349216002452,age+sex+eth+marital+PIR_level+edu+smoke+alcohol.user+PA_level+BMI_level,,X4_MDA_binary_U,AA_urine.rds,CHD,Coronary heart disease,binary_above_detection_threshold,1006,36,970,15,2,2015-2016,WTSA2YR,ok,,0.9781731105968602,Aromatic Amines,urine,4_MDA_binary_U,Aromatic Amines,0.1093359551922054,FALSE,,FALSE
survey_weighted,odds_ratio,1.2233215418796153,0.25981240235667247,5.759985209529339,0.7269068017963066,15,0.7853364760493162,age+sex+eth+marital+PIR_level+edu+smoke+alcohol.user+PA_level+BMI_level,,DPCP_binary_U,BFR_urine.rds,CHD,Coronary heart disease,binary_above_detection_threshold,1047,40,1007,15,2,2013-2014,WTSSCH2Y,ok,,0.9781731105968602,Brominated Flame Retardants,urine,DPCP_binary_U,Brominated Flame Retardants,0.10494423066553393,FALSE,,FALSE
survey_weighted,odds_ratio,0.918971978164771,0.48276697388797934,1.749310831788654,0.31519866349375014,30,0.7904695938076264,age+sex+eth+marital+PIR_level+edu+smoke+alcohol.user+PA_level+BMI_level,,MMA_binary_U,HM_urine.rds,CHD,Coronary heart disease,binary_above_detection_threshold,2228,74,2154,30,4,2013-2014|2015-2016,WTSA2YR,ok,,0.9781731105968602,Heavy Metals,urine,MMA_binary_U,Metals and metalloids,0.10211483097596774,FALSE,,FALSE
survey_weighted,odds_ratio,1.086578755573517,0.5703728213450263,2.0699678313555183,0.3155793738984486,30,0.7942598386150796,age+sex+eth+marital+PIR_level+edu+smoke+alcohol.user+PA_level+BMI_level,,AsB_binary_U,HM_urine.rds,CHD,Coronary heart disease,binary_above_detection_threshold,2228,74,2154,30,4,2013-2014|2015-2016,WTSA2YR,ok,,0.9781731105968602,Heavy Metals,urine,AsB_binary_U,Metals and metalloids,0.10003739679697574,FALSE,,FALSE
survey_weighted,odds_ratio,1.1675337192526054,0.32033429904470406,4.255351330335032,0.6067625379177339,15,0.801974945931557,age+sex+eth+marital+PIR_level+edu+smoke+alcohol.user+PA_level+BMI_level,,TBPPP_binary_U,BFR_urine.rds,CHD,Coronary heart disease,binary_above_detection_threshold,897,36,861,15,2,2015-2016,WTSSBI2Y,ok,,0.9781731105968602,Brominated Flame Retardants,urine,TBPPP_binary_U,Brominated Flame Retardants,0.09583919906450673,FALSE,,FALSE
survey_weighted,odds_ratio,1.0497010172676908,0.705663402568751,1.5614699892920585,0.19445118549940665,30,0.8047146721073375,age+sex+eth+marital+PIR_level+edu+smoke+alcohol.user+PA_level+BMI_level,,MnBP_ln_U,Phthalates_urine.rds,CHD,Coronary heart disease,natural_log_transformed,2139,70,2069,30,4,2013-2014|2015-2016,WTSB2YR,ok,,0.9781731105968602,Phthalates,urine,MnBP_ln_U,Phthalates,0.09435808024734034,FALSE,,FALSE
survey_weighted,odds_ratio,0.9549561102394192,0.6510912222019785,1.4006350283750313,0.1875438420159239,30,0.8075452257413943,age+sex+eth+marital+PIR_level+edu+smoke+alcohol.user+PA_level+BMI_level,,THg_ln_S,HM_serum.rds,CHD,Coronary heart disease,natural_log_transformed,3250,101,3149,30,4,2013-2014|2015-2016,WTSH2YR,ok,,0.9781731105968602,Heavy Metals,serum,THg_ln_S,Metals and metalloids,0.09283314609912312,FALSE,,FALSE
survey_weighted,odds_ratio,0.8429182426438722,0.1840684526778082,3.8600376840539106,0.713862666280643,15,0.8140501054631588,age+sex+eth+marital+PIR_level+edu+smoke+alcohol.user+PA_level+BMI_level,,X5OHIMI_binary_U,pesticides_urine.rds,CHD,Coronary heart disease,binary_above_detection_threshold,840,35,805,15,2,2015-2016,WTSSBI2Y,ok,,0.9781731105968602,Pesticides,urine,5OHIMI_binary_U,Pesticides,0.08934886310040556,FALSE,,FALSE
survey_weighted,odds_ratio,1.0658461116326856,0.5815283304034157,1.953521220358145,0.29666195691442965,30,0.8312570415685998,age+sex+eth+marital+PIR_level+edu+smoke+alcohol.user+PA_level+BMI_level,,PHE_Cys_binary_U,VOC_urine.rds,CHD,Coronary heart disease,binary_above_detection_threshold,2166,72,2094,30,4,2013-2014|2015-2016,WTSA2YR,ok,,0.9857256013727844,Volatile Organic Compounds (VOC),urine,PHE_Cys_binary_U,Volatile Organic Compounds (VOC),0.08026466276982043,FALSE,,FALSE
survey_weighted,odds_ratio,1.1046617796183622,0.4095444191123559,2.979597793065839,0.46552784624042304,15,0.8335666159259788,age+sex+eth+marital+PIR_level+edu+smoke+alcohol.user+PA_level+BMI_level,,NDMA_binary_U,pesticides_urine.rds,CHD,Coronary heart disease,binary_above_detection_threshold,888,36,852,15,2,2015-2016,WTSSBI2Y,ok,,0.9857256013727844,Pesticides,urine,NDMA_binary_U,Pesticides,0.07905968705013794,FALSE,,FALSE
survey_weighted,odds_ratio,0.9805976348661568,0.7994340731251118,1.2028155339266036,0.10001513163242254,30,0.846008606587431,age+sex+eth+marital+PIR_level+edu+smoke+alcohol.user+PA_level+BMI_level,,DEA_ln_U,pesticides_urine.rds,CHD,Coronary heart disease,natural_log_transformed,2177,79,2098,30,4,2013-2014|2015-2016,WTSB2YR|WTSC2YR,ok,,0.9925612785947024,Pesticides,urine,DEA_ln_U,Pesticides,0.07262521878790713,FALSE,,FALSE
survey_weighted,odds_ratio,1.0276431272300537,0.7476742221640725,1.412447247260345,0.14922046016507548,15,0.8574520430305616,age+sex+eth+marital+PIR_level+edu+smoke+alcohol.user+PA_level+BMI_level,,X4_ABP_ln_U,AA_urine.rds,CHD,Coronary heart disease,natural_log_transformed,1117,33,1084,15,2,2013-2014,WTSA2YR,ok,,0.9981277688402632,Aromatic Amines,urine,4_ABP_ln_U,Aromatic Amines,0.06679016053256297,FALSE,,FALSE
survey_weighted,odds_ratio,1.0148306148030473,0.8365986413280396,1.2310337668092184,0.09456748046498174,30,0.877332621102247,age+sex+eth+marital+PIR_level+edu+smoke+alcohol.user+PA_level+BMI_level,,X1_NP_ln_U,PAH_urine.rds,CHD,Coronary heart disease,natural_log_transformed,2153,63,2090,30,4,2013-2014|2015-2016,WTSA2YR,ok,,0.9996559737990932,Polycyclic Aromatic Hydrocarbons (PAH),urine,1_NP_ln_U,Polycyclic Aromatic Hydrocarbons (PAH),0.05683572234403202,FALSE,,FALSE
survey_weighted,odds_ratio,0.9368269359913006,0.3773517339403221,2.32580011978333,0.4266208567741974,15,0.8804670450155921,age+sex+eth+marital+PIR_level+edu+smoke+alcohol.user+PA_level+BMI_level,,PhIP_binary_U,AA_urine.rds,CHD,Coronary heart disease,binary_above_detection_threshold,1151,36,1115,15,2,2013-2014,WTSA2YR,ok,,0.9996559737990932,Aromatic Amines,urine,PhIP_binary_U,Aromatic Amines,0.055286894592469334,FALSE,,FALSE
survey_weighted,odds_ratio,1.028475041897254,0.6479201771462727,1.6325481889827935,0.22625038863805896,30,0.9020656515633844,age+sex+eth+marital+PIR_level+edu+smoke+alcohol.user+PA_level+BMI_level,,W_ln_U,HM_urine.rds,CHD,Coronary heart disease,natural_log_transformed,2225,74,2151,30,4,2013-2014|2015-2016,WTSA2YR,ok,,0.9996559737990932,Heavy Metals,urine,W_ln_U,Metals and metalloids,0.04476185372841583,FALSE,,FALSE
survey_weighted,odds_ratio,0.967550971602962,0.5594243819143393,1.6734252437234365,0.26825986905091714,30,0.9029531693009424,age+sex+eth+marital+PIR_level+edu+smoke+alcohol.user+PA_level+BMI_level,,DCVDMPCA_binary_U,pesticides_urine.rds,CHD,Coronary heart disease,binary_above_detection_threshold,2174,80,2094,30,4,2013-2014|2015-2016,WTSB2YR|WTSC2YR,ok,,0.9996559737990932,Pesticides,urine,DCVDMPCA_binary_U,Pesticides,0.04433477332058913,FALSE,,FALSE
survey_weighted,odds_ratio,0.9540938166975016,0.4186297191253035,2.174463420710792,0.4033620491998715,30,0.90802958650803,age+sex+eth+marital+PIR_level+edu+smoke+alcohol.user+PA_level+BMI_level,,BDCM_binary_S,VOC_serum.rds,CHD,Coronary heart disease,binary_above_detection_threshold,3130,98,3032,30,4,2013-2014|2015-2016,WTSVOC2Y,ok,,0.9996559737990932,Volatile Organic Compounds (VOC),serum,BDCM_binary_S,Volatile Organic Compounds (VOC),0.0419000005451715,FALSE,,FALSE
survey_weighted,odds_ratio,0.9775103166654144,0.6440365425930012,1.4836524886308564,0.20430838059755013,30,0.9120931870489994,age+sex+eth+marital+PIR_level+edu+smoke+alcohol.user+PA_level+BMI_level,,TCPY_ln_U,pesticides_urine.rds,CHD,Coronary heart disease,natural_log_transformed,2180,79,2101,30,4,2013-2014|2015-2016,WTSB2YR|WTSC2YR,ok,,0.9996559737990932,Pesticides,urine,TCPY_ln_U,Pesticides,0.039960788257453604,FALSE,,FALSE
survey_weighted,odds_ratio,0.9639171684081608,0.4792394692955046,1.938772507443644,0.34217028951819767,30,0.915184811956366,age+sex+eth+marital+PIR_level+edu+smoke+alcohol.user+PA_level+BMI_level,,MINP_binary_U,Phthalates_urine.rds,CHD,Coronary heart disease,binary_above_detection_threshold,2140,70,2070,30,4,2013-2014|2015-2016,WTSB2YR,ok,,0.9996559737990932,Phthalates,urine,MINP_binary_U,Phthalates,0.0384911958699691,FALSE,,FALSE
survey_weighted,odds_ratio,0.9863715385048272,0.7365185857489429,1.3209833815436427,0.14302627732515394,30,0.9242049301011682,age+sex+eth+marital+PIR_level+edu+smoke+alcohol.user+PA_level+BMI_level,,MCOP_ln_U,Phthalates_urine.rds,CHD,Coronary heart disease,natural_log_transformed,2139,70,2069,30,4,2013-2014|2015-2016,WTSB2YR,ok,,0.9996559737990932,Phthalates,urine,MCOP_ln_U,Phthalates,0.03423171910012949,FALSE,,FALSE
survey_weighted,odds_ratio,1.0156291263569268,0.6035298415217396,1.7091160226704034,0.2548475057953986,30,0.951879835128728,age+sex+eth+marital+PIR_level+edu+smoke+alcohol.user+PA_level+BMI_level,,Mn_binary_U,HM_urine.rds,CHD,Coronary heart disease,binary_above_detection_threshold,2227,74,2153,30,4,2013-2014|2015-2016,WTSA2YR,ok,,0.9996559737990932,Heavy Metals,urine,Mn_binary_U,Metals and metalloids,0.021417873290316723,FALSE,,FALSE
survey_weighted,odds_ratio,1.003402789516579,0.8340616410897947,1.2071255988875509,0.09050946250251413,30,0.9703093640258706,age+sex+eth+marital+PIR_level+edu+smoke+alcohol.user+PA_level+BMI_level,,MeP_ln_U,PCCP_urine.rds,CHD,Coronary heart disease,natural_log_transformed,2139,70,2069,30,4,2013-2014|2015-2016,WTSB2YR,ok,,0.9996559737990932,Personal Care Products,urine,MeP_ln_U,Personal Care Products,0.013089777415382328,FALSE,,FALSE
survey_weighted,odds_ratio,0.9742490243976624,0.2235707610849408,4.245461959934841,0.6905811951048308,15,0.9703633838054224,age+sex+eth+marital+PIR_level+edu+smoke+alcohol.user+PA_level+BMI_level,,IPPPP_binary_U,BFR_urine.rds,CHD,Coronary heart disease,binary_above_detection_threshold,896,36,860,15,2,2015-2016,WTSSBI2Y,ok,,0.9996559737990932,Brominated Flame Retardants,urine,IPPPP_binary_U,Brominated Flame Retardants,0.01306559972524344,FALSE,,FALSE
survey_weighted,odds_ratio,0.9938828106789588,0.6858216932841522,1.4403204958899374,0.18166118347547527,30,0.9732786868650328,age+sex+eth+marital+PIR_level+edu+smoke+alcohol.user+PA_level+BMI_level,,BCETP_ln_U,BFR_urine.rds,CHD,Coronary heart disease,natural_log_transformed,1939,76,1863,30,4,2013-2014|2015-2016,WTSSBI2Y|WTSSCH2Y,ok,,0.9996559737990932,Brominated Flame Retardants,urine,BCETP_ln_U,Brominated Flame Retardants,0.011762786825232708,FALSE,,FALSE
survey_weighted,odds_ratio,1.015423766451626,0.35794348708904766,2.8805816076164485,0.5105519532297187,30,0.9762820587559504,age+sex+eth+marital+PIR_level+edu+smoke+alcohol.user+PA_level+BMI_level,,DBCM_binary_S,VOC_serum.rds,CHD,Coronary heart disease,binary_above_detection_threshold,3154,99,3055,30,4,2013-2014|2015-2016,WTSVOC2Y,ok,,0.9996559737990932,Volatile Organic Compounds (VOC),serum,DBCM_binary_S,Volatile Organic Compounds (VOC),0.010424691693690126,FALSE,,FALSE
survey_weighted,odds_ratio,1.0088753343459418,0.5415023194556507,1.8796400378761375,0.30468222166318837,30,0.9770556293510024,age+sex+eth+marital+PIR_level+edu+smoke+alcohol.user+PA_level+BMI_level,,Cs_ln_U,HM_urine.rds,CHD,Coronary heart disease,natural_log_transformed,2226,74,2152,30,4,2013-2014|2015-2016,WTSA2YR,ok,,0.9996559737990932,Heavy Metals,urine,Cs_ln_U,Metals and metalloids,0.01008070871480983,FALSE,,FALSE
survey_weighted,odds_ratio,0.9920293219538042,0.5512874548214345,1.7851343559684083,0.28766793272335256,30,0.9779908063406852,age+sex+eth+marital+PIR_level+edu+smoke+alcohol.user+PA_level+BMI_level,,m_p_Xylene_binary_S,VOC_serum.rds,CHD,Coronary heart disease,binary_above_detection_threshold,3140,99,3041,30,4,2013-2014|2015-2016,WTSVOC2Y,ok,,0.9996559737990932,Volatile Organic Compounds (VOC),serum,m_p_Xylene_binary_S,Volatile Organic Compounds (VOC),0.009665227803682713,FALSE,,FALSE
survey_weighted,odds_ratio,1.0058937239471648,0.5825249186413014,1.7369594870487248,0.2674764269996713,30,0.9826174649918138,age+sex+eth+marital+PIR_level+edu+smoke+alcohol.user+PA_level+BMI_level,,CMAC_ln_U,VOC_urine.rds,CHD,Coronary heart disease,natural_log_transformed,2191,71,2120,30,4,2013-2014|2015-2016,WTSA2YR,ok,,0.9996559737990932,Volatile Organic Compounds (VOC),urine,CMAC_ln_U,Volatile Organic Compounds (VOC),0.0076155210050199715,FALSE,,FALSE
survey_weighted,odds_ratio,0.9966991959372786,0.727057881875046,1.3663414040984807,0.15445682698993288,30,0.9830637317290164,age+sex+eth+marital+PIR_level+edu+smoke+alcohol.user+PA_level+BMI_level,,NPMA_ln_U,VOC_urine.rds,CHD,Coronary heart disease,natural_log_transformed,2185,73,2112,30,4,2013-2014|2015-2016,WTSA2YR,ok,,0.9996559737990932,Volatile Organic Compounds (VOC),urine,NPMA_ln_U,Volatile Organic Compounds (VOC),0.007418326073230223,FALSE,,FALSE
survey_weighted,odds_ratio,0.9949114132628512,0.5694400451088418,1.7382843527477696,0.2732251510314918,30,0.9852266371625232,age+sex+eth+marital+PIR_level+edu+smoke+alcohol.user+PA_level+BMI_level,,PFHS_ln_S,PFC_serum.rds,CHD,Coronary heart disease,natural_log_transformed,2068,68,2000,30,4,2013-2014|2015-2016,WTSB2YR,ok,,0.9996559737990932,Polyfluoroalkyl Substances (PFAS),serum,PFHS_ln_S,Polyfluoroalkyl Substances (PFAS),0.006463854835054425,FALSE,,FALSE
survey_weighted,odds_ratio,1.0006060463899002,0.37555815177945906,2.6659319078233565,0.4597565162648737,15,0.998965921695186,age+sex+eth+marital+PIR_level+edu+smoke+alcohol.user+PA_level+BMI_level,,DMDTP_binary_U,pesticides_urine.rds,CHD,Coronary heart disease,binary_above_detection_threshold,1032,38,994,15,2,2015-2016,WTSB2YR,ok,,0.9996559737990932,Pesticides,urine,DMDTP_binary_U,Pesticides,4.4932686127622845e-4,FALSE,,FALSE
survey_weighted,odds_ratio,1.000288220516663,0.4600589452902319,2.1748876624345836,0.3643946610794938,15,0.9993794205165673,age+sex+eth+marital+PIR_level+edu+smoke+alcohol.user+PA_level+BMI_level,,n_PFOS_ln_S,PFC_serum.rds,CHD,Coronary heart disease,natural_log_transformed,994,36,958,15,2,2015-2016,WTSB2YR,ok,,0.9996559737990932,Polyfluoroalkyl Substances (PFAS),serum,n_PFOS_ln_S,Polyfluoroalkyl Substances (PFAS),2.6959790735721063e-4,FALSE,,FALSE
survey_weighted,odds_ratio,0.999813301083598,0.4159291935557428,2.403357716918015,0.429449813100931,30,0.9996559737990932,age+sex+eth+marital+PIR_level+edu+smoke+alcohol.user+PA_level+BMI_level,,X4FPBA_binary_U,pesticides_urine.rds,CHD,Coronary heart disease,binary_above_detection_threshold,2203,80,2123,30,4,2013-2014|2015-2016,WTSB2YR|WTSC2YR,ok,,0.9996559737990932,Pesticides,urine,4FPBA_binary_U,Pesticides,1.4943438683025112e-4,FALSE,,FALSE
survey_weighted,odds_ratio,6.580240880810039e-9,1.2917067272002192e-9,3.3521208133161705e-8,0.7638496382998108,15,1.485403788224472e-13,age+sex+eth+marital+PIR_level+edu+smoke+alcohol.user+PA_level+BMI_level,,MeA_a_C_binary_U,AA_urine.rds,CHF,Congestive heart failure,binary_above_detection_threshold,1154,14,1140,15,2,2013-2014,WTSA2YR,ok,,2.2132516444544633e-11,Aromatic Amines,urine,MeA_a_C_binary_U,Aromatic Amines,12.828155472838029,FALSE,,FALSE
survey_weighted,odds_ratio,0.31308198578382357,0.1459402008567255,0.6716472174693813,0.3737347260716968,30,0.00410779843187326,age+sex+eth+marital+PIR_level+edu+smoke+alcohol.user+PA_level+BMI_level,,As_III_binary_U,HM_urine.rds,CHF,Congestive heart failure,binary_above_detection_threshold,2233,41,2192,30,4,2013-2014|2015-2016,WTSA2YR,ok,,0.2571912396682119,Heavy Metals,urine,As_III_binary_U,Metals and metalloids,2.38639087521909,FALSE,,FALSE
survey_weighted,odds_ratio,9.46189646260526,2.1858005304024473,40.9586709417525,0.6874620611311182,15,0.00517834710741366,age+sex+eth+marital+PIR_level+edu+smoke+alcohol.user+PA_level+BMI_level,,TTCA_binary_U,VOC_urine.rds,CHF,Congestive heart failure,binary_above_detection_threshold,1171,15,1156,15,2,2013-2014,WTSA2YR,ok,,0.2571912396682119,Volatile Organic Compounds (VOC),urine,TTCA_binary_U,Volatile Organic Compounds (VOC),2.285808841930898,TRUE,1,TRUE
survey_weighted,odds_ratio,2.201219408408643,1.2579679522428198,3.851741115754289,0.27396628635114645,30,0.0072722495382928,age+sex+eth+marital+PIR_level+edu+smoke+alcohol.user+PA_level+BMI_level,,CEMA_CEM_ln_U,VOC_urine.rds,CHF,Congestive heart failure,natural_log_transformed,2207,41,2166,30,4,2013-2014|2015-2016,WTSA2YR,ok,,0.2708912953014068,Volatile Organic Compounds (VOC),urine,CEMA_CEM_ln_U,Volatile Organic Compounds (VOC),2.138331227249755,TRUE,2,TRUE
survey_weighted,odds_ratio,1.83706869797272,1.1707075886141236,2.8827193347796416,0.22061838927129185,30,0.00983935346188762,age+sex+eth+marital+PIR_level+edu+smoke+alcohol.user+PA_level+BMI_level,,PGA_ln_U,VOC_urine.rds,CHF,Congestive heart failure,natural_log_transformed,2183,41,2142,30,4,2013-2014|2015-2016,WTSA2YR,ok,,0.2932127331642513,Volatile Organic Compounds (VOC),urine,PGA_ln_U,Volatile Organic Compounds (VOC),2.0070334378653607,TRUE,3,TRUE
survey_weighted,odds_ratio,1.5169479299322666,1.0824962486973992,2.1257635071667083,0.16522313606359065,30,0.01720877762295613,age+sex+eth+marital+PIR_level+edu+smoke+alcohol.user+PA_level+BMI_level,,MBzP_ln_U,Phthalates_urine.rds,CHF,Congestive heart failure,natural_log_transformed,2143,51,2092,30,4,2013-2014|2015-2016,WTSB2YR,ok,,0.353350175530545,Phthalates,urine,MBzP_ln_U,Phthalates,1.7642499774620386,TRUE,4,TRUE
survey_weighted,odds_ratio,1.819203125301498,1.1087942929664916,2.984773670012705,0.23229513482672295,15,0.02108044371241947,age+sex+eth+marital+PIR_level+edu+smoke+alcohol.user+PA_level+BMI_level,,X4_ABP_ln_U,AA_urine.rds,CHF,Congestive heart failure,natural_log_transformed,1120,13,1107,15,2,2013-2014,WTSA2YR,ok,,0.353350175530545,Aromatic Amines,urine,4_ABP_ln_U,Aromatic Amines,1.676120252101461,TRUE,5,TRUE
survey_weighted,odds_ratio,4.00897789861688,1.2263140455970394,13.105862930709485,0.5557360547483917,15,0.02457585922670657,age+sex+eth+marital+PIR_level+edu+smoke+alcohol.user+PA_level+BMI_level,,CYHA_Cys_binary_U,VOC_urine.rds,CHF,Congestive heart failure,binary_above_detection_threshold,1050,26,1024,15,2,2015-2016,WTSA2YR,ok,,0.353350175530545,Volatile Organic Compounds (VOC),urine,CYHA_Cys_binary_U,Volatile Organic Compounds (VOC),1.6094912893292312,TRUE,6,TRUE
survey_weighted,odds_ratio,1.3623478151826374,1.043223744570868,1.77909252851254,0.130684753642916,30,0.02463439060631867,age+sex+eth+marital+PIR_level+edu+smoke+alcohol.user+PA_level+BMI_level,,BMA_ln_U,VOC_urine.rds,CHF,Congestive heart failure,natural_log_transformed,2210,41,2169,30,4,2013-2014|2015-2016,WTSA2YR,ok,,0.353350175530545,Volatile Organic Compounds (VOC),urine,BMA_ln_U,Volatile Organic Compounds (VOC),1.6084581766237607,TRUE,7,TRUE
survey_weighted,odds_ratio,3.985825177912554,1.2233299716946804,12.986522619791325,0.5541617153452304,15,0.0247390210976026,age+sex+eth+marital+PIR_level+edu+smoke+alcohol.user+PA_level+BMI_level,,IPM1_Cys_ln_U,VOC_urine.rds,CHF,Congestive heart failure,natural_log_transformed,1049,26,1023,15,2,2015-2016,WTSA2YR,ok,,0.353350175530545,Volatile Organic Compounds (VOC),urine,IPM1_Cys_ln_U,Volatile Organic Compounds (VOC),1.6066174890367468,TRUE,8,TRUE
survey_weighted,odds_ratio,0.29206915096635144,0.1009054896088771,0.8453889800927222,0.4986307381813022,15,0.02608625456936909,age+sex+eth+marital+PIR_level+edu+smoke+alcohol.user+PA_level+BMI_level,,X26_DMA_binary_U,AA_urine.rds,CHF,Congestive heart failure,binary_above_detection_threshold,1065,15,1050,15,2,2013-2014,WTSA2YR,ok,,0.353350175530545,Aromatic Amines,urine,26_DMA_binary_U,Aromatic Amines,1.583588271862744,FALSE,,FALSE
survey_weighted,odds_ratio,1.723086665327016,1.0615899693959157,2.7967744061459663,0.2371620390091988,30,0.02894836697840575,age+sex+eth+marital+PIR_level+edu+smoke+alcohol.user+PA_level+BMI_level,,MHNCH_binary_U,Phthalates_urine.rds,CHF,Congestive heart failure,binary_above_detection_threshold,2144,51,2093,30,4,2013-2014|2015-2016,WTSB2YR,ok,,0.3594422233152047,Phthalates,urine,MHNCH_binary_U,Phthalates,1.5383759304605764,TRUE,9,TRUE
survey_weighted,odds_ratio,2.063323072588182,1.0556696672585633,4.0327976012898015,0.3281357008952044,30,0.03507828846358613,age+sex+eth+marital+PIR_level+edu+smoke+alcohol.user+PA_level+BMI_level,,MINP_binary_U,Phthalates_urine.rds,CHF,Congestive heart failure,binary_above_detection_threshold,2144,51,2093,30,4,2013-2014|2015-2016,WTSB2YR,ok,,0.4020511523903333,Phthalates,urine,MINP_binary_U,Phthalates,1.4549616048428728,TRUE,10,TRUE
survey_weighted,odds_ratio,1.3778253421349582,1.01176007599409,1.8763368099537503,0.15121143730994585,30,0.04242651419521469,age+sex+eth+marital+PIR_level+edu+smoke+alcohol.user+PA_level+BMI_level,,BCETP_ln_U,BFR_urine.rds,CHF,Congestive heart failure,natural_log_transformed,1940,51,1889,30,4,2013-2014|2015-2016,WTSSBI2Y|WTSSCH2Y,ok,,0.4294372557981352,Brominated Flame Retardants,urine,BCETP_ln_U,Brominated Flame Retardants,1.3723626488360687,TRUE,11,FALSE
survey_weighted,odds_ratio,1.6746022494714887,1.0119295300507845,2.7712331843841285,0.24664522033700212,30,0.04516170838919804,age+sex+eth+marital+PIR_level+edu+smoke+alcohol.user+PA_level+BMI_level,,X3_HPMA_ln_U,VOC_urine.rds,CHF,Congestive heart failure,natural_log_transformed,2146,40,2106,30,4,2013-2014|2015-2016,WTSA2YR,ok,,0.4294372557981352,Volatile Organic Compounds (VOC),urine,3_HPMA_ln_U,Volatile Organic Compounds (VOC),1.3452296378283752,TRUE,12,FALSE
survey_weighted,odds_ratio,1.4367701983374817,1.0034289114772763,2.0572544594032003,0.17577215487935152,30,0.04798783389666222,age+sex+eth+marital+PIR_level+edu+smoke+alcohol.user+PA_level+BMI_level,,MnBP_ln_U,Phthalates_urine.rds,CHF,Congestive heart failure,natural_log_transformed,2143,51,2092,30,4,2013-2014|2015-2016,WTSB2YR,ok,,0.4294372557981352,Phthalates,urine,MnBP_ln_U,Phthalates,1.3188688530673296,TRUE,13,FALSE
survey_weighted,odds_ratio,3.761360031095357,0.9891496050617344,14.30302272894167,0.6266581796219557,15,0.05167062584028159,age+sex+eth+marital+PIR_level+edu+smoke+alcohol.user+PA_level+BMI_level,,PhIP_binary_U,AA_urine.rds,CHF,Congestive heart failure,binary_above_detection_threshold,1154,15,1139,15,2,2013-2014,WTSA2YR,ok,,0.4294372557981352,Aromatic Amines,urine,PhIP_binary_U,Aromatic Amines,1.2867562782001325,FALSE,,FALSE
survey_weighted,odds_ratio,0.1977567995250029,0.03852577194336499,1.0151062466928045,0.7674169794181195,15,0.05187832620380156,age+sex+eth+marital+PIR_level+edu+smoke+alcohol.user+PA_level+BMI_level,,PFHpA_binary_S,PFC_serum.rds,CHF,Congestive heart failure,binary_above_detection_threshold,1076,24,1052,15,2,2013-2014,WTSB2YR,ok,,0.4294372557981352,Polyfluoroalkyl Substances (PFAS),serum,PFHpA_binary_S,Polyfluoroalkyl Substances (PFAS),1.2850140443878675,FALSE,,FALSE
survey_weighted,odds_ratio,0.17560835945964,0.02783223697454741,1.10800637190276,0.8642293864059172,15,0.0624484689203196,age+sex+eth+marital+PIR_level+edu+smoke+alcohol.user+PA_level+BMI_level,,IPPPP_binary_U,BFR_urine.rds,CHF,Congestive heart failure,binary_above_detection_threshold,898,25,873,15,2,2015-2016,WTSSBI2Y,ok,,0.4897274667961906,Brominated Flame Retardants,urine,IPPPP_binary_U,Brominated Flame Retardants,1.2044782049697145,FALSE,,FALSE
survey_weighted,odds_ratio,0.7386718858812817,0.5291155392689667,1.031223077941101,0.16337046760920118,30,0.07358343082338507,age+sex+eth+marital+PIR_level+edu+smoke+alcohol.user+PA_level+BMI_level,,X24D_ln_U,pesticides_urine.rds,CHF,Congestive heart failure,natural_log_transformed,2201,56,2145,30,4,2013-2014|2015-2016,WTSB2YR|WTSC2YR,ok,,0.5103411281359306,Pesticides,urine,24D_ln_U,Pesticides,1.1332199670766683,FALSE,,FALSE
survey_weighted,odds_ratio,0.12468253763245744,0.01196119472155843,1.299680805500982,1.1477916004707749,30,0.07970664301475357,age+sex+eth+marital+PIR_level+edu+smoke+alcohol.user+PA_level+BMI_level,,Se_ln_S,HM_serum.rds,CHF,Congestive heart failure,natural_log_transformed,3255,68,3187,30,4,2013-2014|2015-2016,WTSH2YR,ok,,0.5103411281359306,Heavy Metals,serum,Se_ln_S,Metals and metalloids,1.0985054815596769,FALSE,,FALSE
survey_weighted,odds_ratio,1.2198581352418432,0.9749436500685968,1.5262973096045167,0.10973568837968208,30,0.0801611016782056,age+sex+eth+marital+PIR_level+edu+smoke+alcohol.user+PA_level+BMI_level,,CEMA_CYM_ln_U,VOC_urine.rds,CHF,Congestive heart failure,natural_log_transformed,2189,41,2148,30,4,2013-2014|2015-2016,WTSA2YR,ok,,0.5103411281359306,Volatile Organic Compounds (VOC),urine,CEMA_CYM_ln_U,Volatile Organic Compounds (VOC),1.09603632279572,FALSE,,FALSE
survey_weighted,odds_ratio,1.6913609707779995,0.9219430982097646,3.1029050914595793,0.28469136752627794,15,0.08472398676552209,age+sex+eth+marital+PIR_level+edu+smoke+alcohol.user+PA_level+BMI_level,,Harman_ln_U,AA_urine.rds,CHF,Congestive heart failure,natural_log_transformed,1155,15,1140,15,2,2013-2014,WTSA2YR,ok,,0.5103411281359306,Aromatic Amines,urine,Harman_ln_U,Aromatic Amines,1.0719936162913974,FALSE,,FALSE
survey_weighted,odds_ratio,0.4895258448184675,0.2140462573406746,1.1195503052586997,0.4050610921019382,30,0.08800314211450605,age+sex+eth+marital+PIR_level+edu+smoke+alcohol.user+PA_level+BMI_level,,EtP_binary_U,PCCP_urine.rds,CHF,Congestive heart failure,binary_above_detection_threshold,2145,51,2094,30,4,2013-2014|2015-2016,WTSB2YR,ok,,0.5103411281359306,Personal Care Products,urine,EtP_binary_U,Personal Care Products,1.0555018212744915,FALSE,,FALSE
survey_weighted,odds_ratio,0.7518718616815814,0.5402297970923506,1.046427463703726,0.16186445275808126,30,0.08827449063792739,age+sex+eth+marital+PIR_level+edu+smoke+alcohol.user+PA_level+BMI_level,,PFHS_ln_S,PFC_serum.rds,CHF,Congestive heart failure,natural_log_transformed,2073,50,2023,30,4,2013-2014|2015-2016,WTSB2YR,ok,,0.5103411281359306,Polyfluoroalkyl Substances (PFAS),serum,PFHS_ln_S,Polyfluoroalkyl Substances (PFAS),1.0541647797266398,FALSE,,FALSE
survey_weighted,odds_ratio,0.35233843941444426,0.10320387180744578,1.202884869674527,0.5760801713490795,15,0.09024516493910584,age+sex+eth+marital+PIR_level+edu+smoke+alcohol.user+PA_level+BMI_level,,PFHxA_binary_U,PFC_urine.rds,CHF,Congestive heart failure,binary_above_detection_threshold,1012,23,989,15,2,2013-2014,WTSSBH2Y,ok,,0.5103411281359306,Polyfluoroalkyl Substances (PFAS),urine,PFHxA_binary_U,Polyfluoroalkyl Substances (PFAS),1.0445760569737341,FALSE,,FALSE
survey_weighted,odds_ratio,1.5610889455179686,0.9189869641037528,2.6518316265727435,0.259449692769996,30,0.0963535194209972,age+sex+eth+marital+PIR_level+edu+smoke+alcohol.user+PA_level+BMI_level,,Co_ln_U,HM_urine.rds,CHF,Congestive heart failure,natural_log_transformed,2231,41,2190,30,4,2013-2014|2015-2016,WTSA2YR,ok,,0.5103411281359306,Heavy Metals,urine,Co_ln_U,Metals and metalloids,1.0161324176229156,FALSE,,FALSE
survey_weighted,odds_ratio,0.3592975652250346,0.10461580607871938,1.2339888704723945,0.5788812924390281,15,0.09734692292269324,age+sex+eth+marital+PIR_level+edu+smoke+alcohol.user+PA_level+BMI_level,,X5OHIMI_binary_U,pesticides_urine.rds,CHF,Congestive heart failure,binary_above_detection_threshold,842,24,818,15,2,2015-2016,WTSSBI2Y,ok,,0.5103411281359306,Pesticides,urine,5OHIMI_binary_U,Pesticides,1.0116777717126728,FALSE,,FALSE
survey_weighted,odds_ratio,1.9346929157837192,0.8654261575329175,4.3250792061266505,0.37743414635975,15,0.1008043877353185,age+sex+eth+marital+PIR_level+edu+smoke+alcohol.user+PA_level+BMI_level,,IPM3_Cys_ln_U,VOC_urine.rds,CHF,Congestive heart failure,natural_log_transformed,1049,26,1023,15,2,2015-2016,WTSA2YR,ok,,0.5103411281359306,Volatile Organic Compounds (VOC),urine,IPM3_Cys_ln_U,Volatile Organic Compounds (VOC),0.9965205638452137,FALSE,,FALSE
survey_weighted,odds_ratio,2.5780874414370127,0.8169646375272794,8.135645718782177,0.562710076757077,30,0.10275324727569073,age+sex+eth+marital+PIR_level+edu+smoke+alcohol.user+PA_level+BMI_level,,DHB_Cys_ln_U,VOC_urine.rds,CHF,Congestive heart failure,natural_log_transformed,2097,37,2060,30,4,2013-2014|2015-2016,WTSA2YR,ok,,0.5103411281359306,Volatile Organic Compounds (VOC),urine,DHB_Cys_ln_U,Volatile Organic Compounds (VOC),0.9882044443752094,FALSE,,FALSE
survey_weighted,odds_ratio,1.816490039150883,0.8509605459551239,3.877542946049093,0.3712999214421848,30,0.11839558249891352,age+sex+eth+marital+PIR_level+edu+smoke+alcohol.user+PA_level+BMI_level,,m_p_Xylene_binary_S,VOC_serum.rds,CHF,Congestive heart failure,binary_above_detection_threshold,3146,65,3081,30,4,2013-2014|2015-2016,WTSVOC2Y,ok,,0.5690626384625198,Volatile Organic Compounds (VOC),serum,m_p_Xylene_binary_S,Volatile Organic Compounds (VOC),0.9266645014318159,FALSE,,FALSE
survey_weighted,odds_ratio,1.6859577034073372,0.8434531730075135,3.3700191885498096,0.3391245197597809,30,0.1339842171346725,age+sex+eth+marital+PIR_level+edu+smoke+alcohol.user+PA_level+BMI_level,,X14_DCB_binary_S,VOC_serum.rds,CHF,Congestive heart failure,binary_above_detection_threshold,3130,65,3065,30,4,2013-2014|2015-2016,WTSVOC2Y,ok,,0.5983083333361627,Volatile Organic Compounds (VOC),serum,14_DCB_binary_S,Volatile Organic Compounds (VOC),0.8729463569711413,FALSE,,FALSE
survey_weighted,odds_ratio,1.4075114077507973,0.8872271888945659,2.232898616888594,0.22596269279900097,30,0.1408096280978531,age+sex+eth+marital+PIR_level+edu+smoke+alcohol.user+PA_level+BMI_level,,Sn_ln_U,HM_urine.rds,CHF,Congestive heart failure,natural_log_transformed,2230,41,2189,30,4,2013-2014|2015-2016,WTSA2YR,ok,,0.5983083333361627,Heavy Metals,urine,Sn_ln_U,Metals and metalloids,0.8513676485546354,FALSE,,FALSE
survey_weighted,odds_ratio,1.4437095880530064,0.8792168729387232,2.370629407588093,0.2428371333331996,30,0.14094935813456216,age+sex+eth+marital+PIR_level+edu+smoke+alcohol.user+PA_level+BMI_level,,MA_ln_U,VOC_urine.rds,CHF,Congestive heart failure,natural_log_transformed,2181,41,2140,30,4,2013-2014|2015-2016,WTSA2YR,ok,,0.5983083333361627,Volatile Organic Compounds (VOC),urine,MA_ln_U,Volatile Organic Compounds (VOC),0.8509368975096722,FALSE,,FALSE
survey_weighted,odds_ratio,1.5423903071963827,0.8535449773090371,2.787161687991534,0.28972157923328984,30,0.14518131267044418,age+sex+eth+marital+PIR_level+edu+smoke+alcohol.user+PA_level+BMI_level,,MEOHP_ln_U,Phthalates_urine.rds,CHF,Congestive heart failure,natural_log_transformed,2143,51,2092,30,4,2013-2014|2015-2016,WTSB2YR,ok,,0.5983083333361627,Phthalates,urine,MEOHP_ln_U,Phthalates,0.838089281200711,FALSE,,FALSE
survey_weighted,odds_ratio,1.6363310797390314,0.8276266250874089,3.2352504394564576,0.3337702319127306,30,0.15051456750889744,age+sex+eth+marital+PIR_level+edu+smoke+alcohol.user+PA_level+BMI_level,,MECPP_ln_U,Phthalates_urine.rds,CHF,Congestive heart failure,natural_log_transformed,2143,51,2092,30,4,2013-2014|2015-2016,WTSB2YR,ok,,0.5983083333361627,Phthalates,urine,MECPP_ln_U,Phthalates,0.8224214649700659,FALSE,,FALSE
survey_weighted,odds_ratio,0.634604314254241,0.3326415040869171,1.2106806598760045,0.3030502566152291,15,0.15421586774584978,age+sex+eth+marital+PIR_level+edu+smoke+alcohol.user+PA_level+BMI_level,,X1_AN_ln_U,AA_urine.rds,CHF,Congestive heart failure,natural_log_transformed,1109,14,1095,15,2,2013-2014,WTSA2YR,ok,,0.5983083333361627,Aromatic Amines,urine,1_AN_ln_U,Aromatic Amines,0.8118709380884443,FALSE,,FALSE
survey_weighted,odds_ratio,1.360762934458283,0.8841255056597418,2.094358495419473,0.2111382220523266,30,0.15496369571791618,age+sex+eth+marital+PIR_level+edu+smoke+alcohol.user+PA_level+BMI_level,,X2_NP_ln_U,PAH_urine.rds,CHF,Congestive heart failure,natural_log_transformed,2192,40,2152,30,4,2013-2014|2015-2016,WTSA2YR,ok,,0.5983083333361627,Polycyclic Aromatic Hydrocarbons (PAH),urine,2_NP_ln_U,Polycyclic Aromatic Hydrocarbons (PAH),0.8097700347079028,FALSE,,FALSE
survey_weighted,odds_ratio,0.4264349018738572,0.12870359910443052,1.412910958213493,0.5865758209439277,30,0.15660419463161307,age+sex+eth+marital+PIR_level+edu+smoke+alcohol.user+PA_level+BMI_level,,Furan_binary_S,VOC_serum.rds,CHF,Congestive heart failure,binary_above_detection_threshold,3162,66,3096,30,4,2013-2014|2015-2016,WTSVOC2Y,ok,,0.5983083333361627,Volatile Organic Compounds (VOC),serum,Furan_binary_S,Volatile Organic Compounds (VOC),0.8051966095771441,FALSE,,FALSE
survey_weighted,odds_ratio,1.4733591384386633,0.842990246662499,2.575103519186765,0.2733938907932463,30,0.1666303196945007,age+sex+eth+marital+PIR_level+edu+smoke+alcohol.user+PA_level+BMI_level,,OXY_binary_U,pesticides_urine.rds,CHF,Congestive heart failure,binary_above_detection_threshold,2194,56,2138,30,4,2013-2014|2015-2016,WTSB2YR|WTSC2YR,ok,,0.608967643941853,Pesticides,urine,OXY_binary_U,Pesticides,0.7782459724492733,FALSE,,FALSE
survey_weighted,odds_ratio,1.3665067241827833,0.870535459756727,2.1450483220506533,0.2207856407159786,30,0.16756827786319445,age+sex+eth+marital+PIR_level+edu+smoke+alcohol.user+PA_level+BMI_level,,W_ln_U,HM_urine.rds,CHF,Congestive heart failure,natural_log_transformed,2230,41,2189,30,4,2013-2014|2015-2016,WTSA2YR,ok,,0.608967643941853,Heavy Metals,urine,W_ln_U,Metals and metalloids,0.7758081936587014,FALSE,,FALSE
survey_weighted,odds_ratio,1.6999332040372868,0.777199478993309,3.718186870031798,0.38322369181226545,30,0.17640525366554874,age+sex+eth+marital+PIR_level+edu+smoke+alcohol.user+PA_level+BMI_level,,Tl_ln_U,HM_urine.rds,CHF,Congestive heart failure,natural_log_transformed,2231,41,2190,30,4,2013-2014|2015-2016,WTSA2YR,ok,,0.6114282369391374,Heavy Metals,urine,Tl_ln_U,Metals and metalloids,0.7534884849412647,FALSE,,FALSE
survey_weighted,odds_ratio,0.8904046076946864,0.7478955223041873,1.0600683407775091,0.08540128037967046,30,0.18420697949946785,age+sex+eth+marital+PIR_level+edu+smoke+alcohol.user+PA_level+BMI_level,,PrP_ln_U,PCCP_urine.rds,CHF,Congestive heart failure,natural_log_transformed,2143,51,2092,30,4,2013-2014|2015-2016,WTSB2YR,ok,,0.6114282369391374,Personal Care Products,urine,PrP_ln_U,Personal Care Products,0.7346939186523069,FALSE,,FALSE
survey_weighted,odds_ratio,0.5100703221936669,0.18084426442748935,1.438650733029294,0.4864822447524985,15,0.18665879517983883,age+sex+eth+marital+PIR_level+edu+smoke+alcohol.user+PA_level+BMI_level,,X2_AN_ln_U,AA_urine.rds,CHF,Congestive heart failure,natural_log_transformed,1116,13,1103,15,2,2013-2014,WTSA2YR,ok,,0.6114282369391374,Aromatic Amines,urine,2_AN_ln_U,Aromatic Amines,0.7289515417243912,FALSE,,FALSE
survey_weighted,odds_ratio,0.8113096137829371,0.5905121311586822,1.1146651435002293,0.15554220931591003,30,0.18890836234873648,age+sex+eth+marital+PIR_level+edu+smoke+alcohol.user+PA_level+BMI_level,,NPMA_ln_U,VOC_urine.rds,CHF,Congestive heart failure,natural_log_transformed,2190,40,2150,30,4,2013-2014|2015-2016,WTSA2YR,ok,,0.6114282369391374,Volatile Organic Compounds (VOC),urine,NPMA_ln_U,Volatile Organic Compounds (VOC),0.7237488168715562,FALSE,,FALSE
survey_weighted,odds_ratio,2.2875505323599947,0.6316613352828722,8.284324440654723,0.6037597754112064,15,0.1906782797258712,age+sex+eth+marital+PIR_level+edu+smoke+alcohol.user+PA_level+BMI_level,,TBPPP_binary_U,BFR_urine.rds,CHF,Congestive heart failure,binary_above_detection_threshold,899,25,874,15,2,2015-2016,WTSSBI2Y,ok,,0.6114282369391374,Brominated Flame Retardants,urine,TBPPP_binary_U,Brominated Flame Retardants,0.7196987748744881,FALSE,,FALSE
survey_weighted,odds_ratio,0.7440633850896065,0.4716524224915392,1.1738099808889149,0.22322384240256496,30,0.1953845768523678,age+sex+eth+marital+PIR_level+edu+smoke+alcohol.user+PA_level+BMI_level,,HIBP_ln_U,Phthalates_urine.rds,CHF,Congestive heart failure,natural_log_transformed,2042,51,1991,30,4,2013-2014|2015-2016,WTSB2YR|WTSSBH2Y,ok,,0.6114282369391374,Phthalates,urine,HIBP_ln_U,Phthalates,0.7091097213351168,FALSE,,FALSE
survey_weighted,odds_ratio,0.9064655425124588,0.7778669578395271,1.056324312893514,0.0749153293545444,30,0.19985701693237465,age+sex+eth+marital+PIR_level+edu+smoke+alcohol.user+PA_level+BMI_level,,DEA_ln_U,pesticides_urine.rds,CHF,Congestive heart failure,natural_log_transformed,2178,55,2123,30,4,2013-2014|2015-2016,WTSB2YR|WTSC2YR,ok,,0.6114282369391374,Pesticides,urine,DEA_ln_U,Pesticides,0.6992805991601306,FALSE,,FALSE
survey_weighted,odds_ratio,1.2170625535526856,0.8954203557661331,1.6542412172356913,0.15027486232581483,30,0.2010737155034747,age+sex+eth+marital+PIR_level+edu+smoke+alcohol.user+PA_level+BMI_level,,X2_HPMA_ln_U,VOC_urine.rds,CHF,Congestive heart failure,natural_log_transformed,2198,41,2157,30,4,2013-2014|2015-2016,WTSA2YR,ok,,0.6114282369391374,Volatile Organic Compounds (VOC),urine,2_HPMA_ln_U,Volatile Organic Compounds (VOC),0.6966446969709869,FALSE,,FALSE
survey_weighted,odds_ratio,1.702655862377636,0.7020978510047375,4.129106764164372,0.41561940867496394,15,0.21982573572121072,age+sex+eth+marital+PIR_level+edu+smoke+alcohol.user+PA_level+BMI_level,,MCOCH_binary_U,Phthalates_urine.rds,CHF,Congestive heart failure,binary_above_detection_threshold,1032,28,1004,15,2,2015-2016,WTSB2YR,ok,,0.6522791874066266,Phthalates,urine,MCOCH_binary_U,Phthalates,0.6579214646539889,FALSE,,FALSE
survey_weighted,odds_ratio,0.6249827390957102,0.28405587240075225,1.3750936421990416,0.3699609408694495,15,0.22326334602508696,age+sex+eth+marital+PIR_level+edu+smoke+alcohol.user+PA_level+BMI_level,,o_ANS_ln_U,AA_urine.rds,CHF,Congestive heart failure,natural_log_transformed,1048,12,1036,15,2,2013-2014,WTSA2YR,ok,,0.6522791874066266,Aromatic Amines,urine,o_ANS_ln_U,Aromatic Amines,0.651182570818766,FALSE,,FALSE
survey_weighted,odds_ratio,1.3230271815880037,0.8199126064773377,2.1348628004893073,0.23428801124636117,30,0.2415339160376795,age+sex+eth+marital+PIR_level+edu+smoke+alcohol.user+PA_level+BMI_level,,PMM_Cys_ln_U,VOC_urine.rds,CHF,Congestive heart failure,natural_log_transformed,2190,41,2149,30,4,2013-2014|2015-2016,WTSA2YR,ok,,0.6920875671079664,Volatile Organic Compounds (VOC),urine,PMM_Cys_ln_U,Volatile Organic Compounds (VOC),0.6170218772776576,FALSE,,FALSE
survey_weighted,odds_ratio,0.8571140461903693,0.6511456356712172,1.128233758980104,0.13457443303734218,30,0.26096950745386976,age+sex+eth+marital+PIR_level+edu+smoke+alcohol.user+PA_level+BMI_level,,BPS_ln_U,PCCP_urine.rds,CHF,Congestive heart failure,natural_log_transformed,2142,51,2091,30,4,2013-2014|2015-2016,WTSB2YR,ok,,0.733668992653332,Personal Care Products,urine,BPS_ln_U,Personal Care Products,0.5834102341105949,FALSE,,FALSE
survey_weighted,odds_ratio,0.7438237372791573,0.4357640533429463,1.269663589494167,0.2618177403536144,30,0.2672764771440943,age+sex+eth+marital+PIR_level+edu+smoke+alcohol.user+PA_level+BMI_level,,Sb_ln_U,HM_urine.rds,CHF,Congestive heart failure,natural_log_transformed,2231,41,2190,30,4,2013-2014|2015-2016,WTSA2YR,ok,,0.7374850943420379,Heavy Metals,urine,Sb_ln_U,Metals and metalloids,0.5730392615803531,FALSE,,FALSE
survey_weighted,odds_ratio,0.6444785477553667,0.28145029136131966,1.4757582822454645,0.3886958953966644,15,0.27613071560756736,age+sex+eth+marital+PIR_level+edu+smoke+alcohol.user+PA_level+BMI_level,,n_PFOA_ln_S,PFC_serum.rds,CHF,Congestive heart failure,natural_log_transformed,997,26,971,15,2,2015-2016,WTSB2YR,ok,,0.748063211373228,Polyfluoroalkyl Substances (PFAS),serum,n_PFOA_ln_S,Polyfluoroalkyl Substances (PFAS),0.5588852816007729,FALSE,,FALSE
survey_weighted,odds_ratio,0.3579283783269365,0.04982071068984505,2.5714752406746326,0.9655431256876555,30,0.29577930353400683,age+sex+eth+marital+PIR_level+edu+smoke+alcohol.user+PA_level+BMI_level,,FA_ln_S,gas_serum.rds,CHF,Congestive heart failure,natural_log_transformed,1966,39,1927,30,4,2013-2014|2015-2016,WTSA2YR,ok,,0.7760394541600887,Gaseous Pollutants,serum,FA_ln_S,Gaseous Pollutants,0.5290322180180925,FALSE,,FALSE
survey_weighted,odds_ratio,0.6388782383895028,0.26983343344436667,1.5126568945794792,0.42203430196097785,30,0.29687880905710506,age+sex+eth+marital+PIR_level+edu+smoke+alcohol.user+PA_level+BMI_level,,PFUnDA_binary_S,PFC_serum.rds,CHF,Congestive heart failure,binary_above_detection_threshold,2073,50,2023,30,4,2013-2014|2015-2016,WTSB2YR,ok,,0.7760394541600887,Polyfluoroalkyl Substances (PFAS),serum,PFUnDA_binary_S,Polyfluoroalkyl Substances (PFAS),0.5274208008479184,FALSE,,FALSE
survey_weighted,odds_ratio,1.391322137162484,0.7319308356391567,2.6447543881218905,0.3145142202791221,30,0.302082472089162,age+sex+eth+marital+PIR_level+edu+smoke+alcohol.user+PA_level+BMI_level,,MEHP_binary_U,Phthalates_urine.rds,CHF,Congestive heart failure,binary_above_detection_threshold,2144,51,2093,30,4,2013-2014|2015-2016,WTSB2YR,ok,,0.7760394541600887,Phthalates,urine,MEHP_binary_U,Phthalates,0.5198744733225412,FALSE,,FALSE
survey_weighted,odds_ratio,1.2127820141589427,0.8217884775142377,1.7898038900672455,0.1905667131955302,30,0.3194746251220033,age+sex+eth+marital+PIR_level+edu+smoke+alcohol.user+PA_level+BMI_level,,X34_MHA_ln_U,VOC_urine.rds,CHF,Congestive heart failure,natural_log_transformed,2216,41,2175,30,4,2013-2014|2015-2016,WTSA2YR,ok,,0.798794970457869,Volatile Organic Compounds (VOC),urine,34_MHA_ln_U,Volatile Organic Compounds (VOC),0.4955636307986335,FALSE,,FALSE
survey_weighted,odds_ratio,0.7681352767688335,0.44379563183822174,1.329512417625189,0.25738431978896964,15,0.3216624042112224,age+sex+eth+marital+PIR_level+edu+smoke+alcohol.user+PA_level+BMI_level,,Sm_PFOS_ln_S,PFC_serum.rds,CHF,Congestive heart failure,natural_log_transformed,997,26,971,15,2,2015-2016,WTSB2YR,ok,,0.798794970457869,Polyfluoroalkyl Substances (PFAS),serum,Sm_PFOS_ln_S,Polyfluoroalkyl Substances (PFAS),0.4925996963182862,FALSE,,FALSE
survey_weighted,odds_ratio,1.3188621451326277,0.7470702535003968,2.3282915491734437,0.2783004797345609,30,0.32793455661485404,age+sex+eth+marital+PIR_level+edu+smoke+alcohol.user+PA_level+BMI_level,,Perchlorate_ln_U,PERNT_urine.rds,CHF,Congestive heart failure,natural_log_transformed,2221,41,2180,30,4,2013-2014|2015-2016,WTSA2YR,ok,,0.8010204743543156,Inorganic Anions,urine,Perchlorate_ln_U,Inorganic Anions,0.4842128164615155,FALSE,,FALSE
survey_weighted,odds_ratio,1.2584668831997388,0.77050929667478,2.0554442405111386,0.2402215129317206,30,0.34621174826821,age+sex+eth+marital+PIR_level+edu+smoke+alcohol.user+PA_level+BMI_level,,X2_FL_ln_U,PAH_urine.rds,CHF,Congestive heart failure,natural_log_transformed,2225,40,2185,30,4,2013-2014|2015-2016,WTSA2YR,ok,,0.8078918361403405,Polycyclic Aromatic Hydrocarbons (PAH),urine,2_FL_ln_U,Polycyclic Aromatic Hydrocarbons (PAH),0.460658198963554,FALSE,,FALSE
survey_weighted,odds_ratio,1.1840253498621136,0.8130491101002797,1.7242698032634112,0.1763512125367745,15,0.3533180511080666,age+sex+eth+marital+PIR_level+edu+smoke+alcohol.user+PA_level+BMI_level,,DMP_ln_U,pesticides_urine.rds,CHF,Congestive heart failure,natural_log_transformed,1030,28,1002,15,2,2015-2016,WTSB2YR,ok,,0.8078918361403405,Pesticides,urine,DMP_ln_U,Pesticides,0.4518341737840585,FALSE,,FALSE
survey_weighted,odds_ratio,0.3697410362855179,0.04003509870043319,3.414714546763673,1.0429739359382777,15,0.3552267988601491,age+sex+eth+marital+PIR_level+edu+smoke+alcohol.user+PA_level+BMI_level,,NDMA_binary_U,pesticides_urine.rds,CHF,Congestive heart failure,binary_above_detection_threshold,890,24,866,15,2,2015-2016,WTSSBI2Y,ok,,0.8078918361403405,Pesticides,urine,NDMA_binary_U,Pesticides,0.4494942778088192,FALSE,,FALSE
survey_weighted,odds_ratio,1.6534750542701824,0.5368544149997492,5.092590614338266,0.5277664199392894,15,0.3557722692335842,age+sex+eth+marital+PIR_level+edu+smoke+alcohol.user+PA_level+BMI_level,,X4_MDA_binary_U,AA_urine.rds,CHF,Congestive heart failure,binary_above_detection_threshold,1008,25,983,15,2,2015-2016,WTSA2YR,ok,,0.8078918361403405,Aromatic Amines,urine,4_MDA_binary_U,Aromatic Amines,0.4488279061345587,FALSE,,FALSE
survey_weighted,odds_ratio,1.2094888592371855,0.7913110932934515,1.8486576430142097,0.20774012598529568,30,0.3672006449842576,age+sex+eth+marital+PIR_level+edu+smoke+alcohol.user+PA_level+BMI_level,,MCNP_ln_U,Phthalates_urine.rds,CHF,Congestive heart failure,natural_log_transformed,2143,51,2092,30,4,2013-2014|2015-2016,WTSB2YR,ok,,0.8078918361403405,Phthalates,urine,MCNP_ln_U,Phthalates,0.43509656463621466,FALSE,,FALSE
survey_weighted,odds_ratio,0.7548965893433605,0.3992208528329198,1.427452640708469,0.3119397661741468,30,0.3745691530383065,age+sex+eth+marital+PIR_level+edu+smoke+alcohol.user+PA_level+BMI_level,,DCVDMPCA_binary_U,pesticides_urine.rds,CHF,Congestive heart failure,binary_above_detection_threshold,2175,56,2119,30,4,2013-2014|2015-2016,WTSB2YR|WTSC2YR,ok,,0.8078918361403405,Pesticides,urine,DCVDMPCA_binary_U,Pesticides,0.42646799102074096,FALSE,,FALSE
survey_weighted,odds_ratio,0.32792840536230133,0.02431902293067263,4.42193090363962,1.220547975390997,15,0.3754340285824728,age+sex+eth+marital+PIR_level+edu+smoke+alcohol.user+PA_level+BMI_level,,PFBA_binary_U,PFC_urine.rds,CHF,Congestive heart failure,binary_above_detection_threshold,1012,23,989,15,2,2013-2014,WTSSBH2Y,ok,,0.8078918361403405,Polyfluoroalkyl Substances (PFAS),urine,PFBA_binary_U,Polyfluoroalkyl Substances (PFAS),0.4254663663555053,FALSE,,FALSE
survey_weighted,odds_ratio,0.6320996908709857,0.21519810730686545,1.856661400044056,0.5055189269975636,15,0.3785421604471023,age+sex+eth+marital+PIR_level+edu+smoke+alcohol.user+PA_level+BMI_level,,DETP_binary_U,pesticides_urine.rds,CHF,Congestive heart failure,binary_above_detection_threshold,1034,28,1006,15,2,2015-2016,WTSB2YR,ok,,0.8078918361403405,Pesticides,urine,DETP_binary_U,Pesticides,0.42188574356194075,FALSE,,FALSE
survey_weighted,odds_ratio,0.7317511748814409,0.3579164909288433,1.4960466910892434,0.3501691634305128,30,0.37954650020016,age+sex+eth+marital+PIR_level+edu+smoke+alcohol.user+PA_level+BMI_level,,Pb_ln_U,HM_urine.rds,CHF,Congestive heart failure,natural_log_transformed,2231,41,2190,30,4,2013-2014|2015-2016,WTSA2YR,ok,,0.8078918361403405,Heavy Metals,urine,Pb_ln_U,Metals and metalloids,0.42073500885096987,FALSE,,FALSE
survey_weighted,odds_ratio,1.23906248418464,0.753065895972557,2.0387005279678196,0.2438252421904583,30,0.3863163853127099,age+sex+eth+marital+PIR_level+edu+smoke+alcohol.user+PA_level+BMI_level,,CEMA_AAM_ln_U,VOC_urine.rds,CHF,Congestive heart failure,natural_log_transformed,2156,41,2115,30,4,2013-2014|2015-2016,WTSA2YR,ok,,0.8107203015717434,Volatile Organic Compounds (VOC),urine,CEMA_AAM_ln_U,Volatile Organic Compounds (VOC),0.4130568711977085,FALSE,,FALSE
survey_weighted,odds_ratio,0.642858106767388,0.22436515229322093,1.8419373116216184,0.5154303257098022,30,0.39812592085775145,age+sex+eth+marital+PIR_level+edu+smoke+alcohol.user+PA_level+BMI_level,,Hg_binary_U,HM_urine.rds,CHF,Congestive heart failure,binary_above_detection_threshold,2235,41,2194,30,4,2013-2014|2015-2016,WTSA2YR,ok,,0.8238994751084023,Heavy Metals,urine,Hg_binary_U,Metals and metalloids,0.39997954580446116,FALSE,,FALSE
survey_weighted,odds_ratio,0.7766792069978063,0.4122963788639192,1.4630994146612213,0.3100883749629929,30,0.42148492198015464,age+sex+eth+marital+PIR_level+edu+smoke+alcohol.user+PA_level+BMI_level,,PFDA_ln_S,PFC_serum.rds,CHF,Congestive heart failure,natural_log_transformed,2073,50,2023,30,4,2013-2014|2015-2016,WTSB2YR,ok,,0.8251792341832994,Polyfluoroalkyl Substances (PFAS),serum,PFDA_ln_S,Polyfluoroalkyl Substances (PFAS),0.37521795702487,FALSE,,FALSE
survey_weighted,odds_ratio,0.6913382673091215,0.27121316553592123,1.7622617947087666,0.4581779153574077,30,0.4267908767152273,age+sex+eth+marital+PIR_level+edu+smoke+alcohol.user+PA_level+BMI_level,,BuP_binary_U,PCCP_urine.rds,CHF,Congestive heart failure,binary_above_detection_threshold,2145,51,2094,30,4,2013-2014|2015-2016,WTSB2YR,ok,,0.8251792341832994,Personal Care Products,urine,BuP_binary_U,Personal Care Products,0.369784872833749,FALSE,,FALSE
survey_weighted,odds_ratio,1.0938054120136436,0.8707572563852868,1.3739882964822023,0.1116672045383912,30,0.428321407616319,age+sex+eth+marital+PIR_level+edu+smoke+alcohol.user+PA_level+BMI_level,,MCOP_ln_U,Phthalates_urine.rds,CHF,Congestive heart failure,natural_log_transformed,2143,51,2092,30,4,2013-2014|2015-2016,WTSB2YR,ok,,0.8251792341832994,Phthalates,urine,MCOP_ln_U,Phthalates,0.3682302189088342,FALSE,,FALSE
survey_weighted,odds_ratio,1.1134303398741143,0.8442758275817395,1.4683911125385862,0.13549694270240975,30,0.4340194525418767,age+sex+eth+marital+PIR_level+edu+smoke+alcohol.user+PA_level+BMI_level,,Toluene_ln_S,VOC_serum.rds,CHF,Congestive heart failure,natural_log_transformed,3097,64,3033,30,4,2013-2014|2015-2016,WTSVOC2Y,ok,,0.8251792341832994,Volatile Organic Compounds (VOC),serum,Toluene_ln_S,Volatile Organic Compounds (VOC),0.36249080518271365,FALSE,,FALSE
survey_weighted,odds_ratio,1.3784988517726888,0.5950082532705356,3.1936684472755053,0.4113922794310418,30,0.44134794646012,age+sex+eth+marital+PIR_level+edu+smoke+alcohol.user+PA_level+BMI_level,,GAM_Cys_binary_U,VOC_urine.rds,CHF,Congestive heart failure,binary_above_detection_threshold,2219,41,2178,30,4,2013-2014|2015-2016,WTSA2YR,ok,,0.8251792341832994,Volatile Organic Compounds (VOC),urine,GAM_Cys_binary_U,Volatile Organic Compounds (VOC),0.35521888979288396,FALSE,,FALSE
survey_weighted,odds_ratio,1.3611164805092046,0.6066090521173256,3.054089066174108,0.39572392172440857,30,0.44202828288139207,age+sex+eth+marital+PIR_level+edu+smoke+alcohol.user+PA_level+BMI_level,,DBCM_binary_S,VOC_serum.rds,CHF,Congestive heart failure,binary_above_detection_threshold,3160,66,3094,30,4,2013-2014|2015-2016,WTSVOC2Y,ok,,0.8251792341832994,Volatile Organic Compounds (VOC),serum,DBCM_binary_S,Volatile Organic Compounds (VOC),0.35454994172251536,FALSE,,FALSE
survey_weighted,odds_ratio,0.9101415120991592,0.7109201604585234,1.165190717776067,0.12096327444589672,30,0.442442363145349,age+sex+eth+marital+PIR_level+edu+smoke+alcohol.user+PA_level+BMI_level,,MeP_ln_U,PCCP_urine.rds,CHF,Congestive heart failure,natural_log_transformed,2143,51,2092,30,4,2013-2014|2015-2016,WTSB2YR,ok,,0.8251792341832994,Personal Care Products,urine,MeP_ln_U,Personal Care Products,0.3541432967136662,FALSE,,FALSE
survey_weighted,odds_ratio,0.6700802153930542,0.23405235081907344,1.9184062603510976,0.5150402996699297,30,0.4430492532527782,age+sex+eth+marital+PIR_level+edu+smoke+alcohol.user+PA_level+BMI_level,,Benzene_binary_S,VOC_serum.rds,CHF,Congestive heart failure,binary_above_detection_threshold,3079,66,3013,30,4,2013-2014|2015-2016,WTSVOC2Y,ok,,0.8251792341832994,Volatile Organic Compounds (VOC),serum,Benzene_binary_S,Volatile Organic Compounds (VOC),0.3535479910977433,FALSE,,FALSE
survey_weighted,odds_ratio,1.9013139671427977,0.31961839863220987,11.31034639157966,0.8366009467990158,15,0.4543838747526264,age+sex+eth+marital+PIR_level+edu+smoke+alcohol.user+PA_level+BMI_level,,DPCP_binary_U,BFR_urine.rds,CHF,Congestive heart failure,binary_above_detection_threshold,1046,26,1020,15,2,2013-2014,WTSSCH2Y,ok,,0.8358419424461894,Brominated Flame Retardants,urine,DPCP_binary_U,Brominated Flame Retardants,0.34257708933536474,FALSE,,FALSE
survey_weighted,odds_ratio,0.516763617492649,0.07752111377231984,3.444798756999302,0.8900211686109613,15,0.46969661002597063,age+sex+eth+marital+PIR_level+edu+smoke+alcohol.user+PA_level+BMI_level,,A_a_C_binary_U,AA_urine.rds,CHF,Congestive heart failure,binary_above_detection_threshold,1155,15,1140,15,2,2013-2014,WTSA2YR,ok,,0.8476159625543219,Aromatic Amines,urine,A_a_C_binary_U,Aromatic Amines,0.3281825742692263,FALSE,,FALSE
survey_weighted,odds_ratio,0.7889149364602358,0.4057234357829631,1.5340173183956676,0.32561119174512493,30,0.47216191202690416,age+sex+eth+marital+PIR_level+edu+smoke+alcohol.user+PA_level+BMI_level,,PHE_Cys_binary_U,VOC_urine.rds,CHF,Congestive heart failure,binary_above_detection_threshold,2171,41,2130,30,4,2013-2014|2015-2016,WTSA2YR,ok,,0.8476159625543219,Volatile Organic Compounds (VOC),urine,PHE_Cys_binary_U,Volatile Organic Compounds (VOC),0.3259090491583897,FALSE,,FALSE
survey_weighted,odds_ratio,1.1998423380478502,0.7092139306591674,2.029883472303059,0.25745253713596217,30,0.48461513748579055,age+sex+eth+marital+PIR_level+edu+smoke+alcohol.user+PA_level+BMI_level,,Cd_ln_U,HM_urine.rds,CHF,Congestive heart failure,natural_log_transformed,2231,41,2190,30,4,2013-2014|2015-2016,WTSA2YR,ok,,0.8481786637489779,Heavy Metals,urine,Cd_ln_U,Metals and metalloids,0.31460302432176346,FALSE,,FALSE
survey_weighted,odds_ratio,1.0982272572415424,0.8321220589990449,1.449430519843562,0.13586504485082654,30,0.4957240381836405,age+sex+eth+marital+PIR_level+edu+smoke+alcohol.user+PA_level+BMI_level,,X1_NP_ln_U,PAH_urine.rds,CHF,Congestive heart failure,natural_log_transformed,2158,40,2118,30,4,2013-2014|2015-2016,WTSA2YR,ok,,0.8481786637489779,Polycyclic Aromatic Hydrocarbons (PAH),urine,1_NP_ln_U,Polycyclic Aromatic Hydrocarbons (PAH),0.3047600211848408,FALSE,,FALSE
survey_weighted,odds_ratio,0.7569574113149156,0.33094588403616887,1.7313541282234444,0.4051134900279529,30,0.4971519801192006,age+sex+eth+marital+PIR_level+edu+smoke+alcohol.user+PA_level+BMI_level,,PMA_binary_U,VOC_urine.rds,CHF,Congestive heart failure,binary_above_detection_threshold,2183,41,2142,30,4,2013-2014|2015-2016,WTSA2YR,ok,,0.8481786637489779,Volatile Organic Compounds (VOC),urine,PMA_binary_U,Volatile Organic Compounds (VOC),0.30351082648333105,FALSE,,FALSE
survey_weighted,odds_ratio,1.3349566907964423,0.5649663905094134,3.1543635094741003,0.42104464698184313,30,0.4978890302743535,age+sex+eth+marital+PIR_level+edu+smoke+alcohol.user+PA_level+BMI_level,,Mn_binary_U,HM_urine.rds,CHF,Congestive heart failure,binary_above_detection_threshold,2232,41,2191,30,4,2013-2014|2015-2016,WTSA2YR,ok,,0.8481786637489779,Heavy Metals,urine,Mn_binary_U,Metals and metalloids,0.3028674421997328,FALSE,,FALSE
survey_weighted,odds_ratio,0.7263598396953519,0.2785539430364849,1.894062639971866,0.4692977198478485,30,0.5009377342946983,age+sex+eth+marital+PIR_level+edu+smoke+alcohol.user+PA_level+BMI_level,,IHg_binary_S,HM_serum.rds,CHF,Congestive heart failure,binary_above_detection_threshold,3251,68,3183,30,4,2013-2014|2015-2016,WTSH2YR,ok,,0.8481786637489779,Heavy Metals,serum,IHg_binary_S,Metals and metalloids,0.30021625284087866,FALSE,,FALSE
survey_weighted,odds_ratio,0.7887003645201586,0.37974154655189313,1.638083245413933,0.35788349378177386,30,0.5122305650234782,age+sex+eth+marital+PIR_level+edu+smoke+alcohol.user+PA_level+BMI_level,,Ethylbenzene_binary_S,VOC_serum.rds,CHF,Congestive heart failure,binary_above_detection_threshold,3094,66,3028,30,4,2013-2014|2015-2016,WTSVOC2Y,ok,,0.8575545414438006,Volatile Organic Compounds (VOC),serum,Ethylbenzene_binary_S,Volatile Organic Compounds (VOC),0.2905345105513286,FALSE,,FALSE
survey_weighted,odds_ratio,0.9517231773485454,0.8153593917500466,1.1108929577156108,0.07572213218635962,30,0.5184399347563284,age+sex+eth+marital+PIR_level+edu+smoke+alcohol.user+PA_level+BMI_level,,BP3_ln_U,PCCP_urine.rds,CHF,Congestive heart failure,natural_log_transformed,2143,51,2092,30,4,2013-2014|2015-2016,WTSB2YR,ok,,0.8576042739752543,Personal Care Products,urine,BP3_ln_U,Personal Care Products,0.2853015527078317,FALSE,,FALSE
survey_weighted,odds_ratio,0.9091736756935258,0.6684680866567113,1.236553829679787,0.1505908189079001,30,0.5319782653627431,age+sex+eth+marital+PIR_level+edu+smoke+alcohol.user+PA_level+BMI_level,,BPA_ln_U,PCCP_urine.rds,CHF,Congestive heart failure,natural_log_transformed,2143,51,2092,30,4,2013-2014|2015-2016,WTSB2YR,ok,,0.8576042739752543,Personal Care Products,urine,BPA_ln_U,Personal Care Products,0.27410611098662485,FALSE,,FALSE
survey_weighted,odds_ratio,1.2902211003607076,0.5485177956096319,3.0348522894610053,0.41882225475432927,30,0.5474980459989942,age+sex+eth+marital+PIR_level+edu+smoke+alcohol.user+PA_level+BMI_level,,MEHHP_ln_U,Phthalates_urine.rds,CHF,Congestive heart failure,natural_log_transformed,2143,51,2092,30,4,2013-2014|2015-2016,WTSB2YR,ok,,0.8576042739752543,Phthalates,urine,MEHHP_ln_U,Phthalates,0.2616174264665998,FALSE,,FALSE
survey_weighted,odds_ratio,0.8887046131721893,0.5912835629919273,1.335731176894416,0.19951755508469005,30,0.5586970800876228,age+sex+eth+marital+PIR_level+edu+smoke+alcohol.user+PA_level+BMI_level,,THg_ln_S,HM_serum.rds,CHF,Congestive heart failure,natural_log_transformed,3256,68,3188,30,4,2013-2014|2015-2016,WTSH2YR,ok,,0.8576042739752543,Heavy Metals,serum,THg_ln_S,Metals and metalloids,0.25282359838235713,FALSE,,FALSE
survey_weighted,odds_ratio,1.1658313164517289,0.6827015555296733,1.9908591791109465,0.2620276659508669,30,0.5625468880380595,age+sex+eth+marital+PIR_level+edu+smoke+alcohol.user+PA_level+BMI_level,,EO_ln_S,gas_serum.rds,CHF,Congestive heart failure,natural_log_transformed,2136,38,2098,30,4,2013-2014|2015-2016,WTSA2YR,ok,,0.8576042739752543,Gaseous Pollutants,serum,EO_ln_S,Gaseous Pollutants,0.24984127345208373,FALSE,,FALSE
survey_weighted,odds_ratio,1.260026143491093,0.54644705330597,2.905434062963207,0.39196345538471183,15,0.5641835160645836,age+sex+eth+marital+PIR_level+edu+smoke+alcohol.user+PA_level+BMI_level,,Norharman_ln_U,AA_urine.rds,CHF,Congestive heart failure,natural_log_transformed,1139,14,1125,15,2,2013-2014,WTSA2YR,ok,,0.8576042739752543,Aromatic Amines,urine,Norharman_ln_U,Aromatic Amines,0.24857960692005712,FALSE,,FALSE
survey_weighted,odds_ratio,1.2000788775008666,0.6288225681480382,2.290295204361509,0.31645798854159973,30,0.568684889952634,age+sex+eth+marital+PIR_level+edu+smoke+alcohol.user+PA_level+BMI_level,,Cd_ln_S,HM_serum.rds,CHF,Congestive heart failure,natural_log_transformed,3256,68,3188,30,4,2013-2014|2015-2016,WTSH2YR,ok,,0.8576042739752543,Heavy Metals,serum,Cd_ln_S,Metals and metalloids,0.24512831086752834,FALSE,,FALSE
survey_weighted,odds_ratio,1.1400619711020852,0.7146758500162524,1.8186444916581612,0.22867116275784388,30,0.570757025801435,age+sex+eth+marital+PIR_level+edu+smoke+alcohol.user+PA_level+BMI_level,,MB3_Cys_ln_U,VOC_urine.rds,CHF,Congestive heart failure,natural_log_transformed,2160,41,2119,30,4,2013-2014|2015-2016,WTSA2YR,ok,,0.8576042739752543,Volatile Organic Compounds (VOC),urine,MB3_Cys_ln_U,Volatile Organic Compounds (VOC),0.24354873380528894,FALSE,,FALSE
survey_weighted,odds_ratio,0.8063373161163133,0.37404243300995543,1.7382516259708811,0.3761167667469828,30,0.5713803299508992,age+sex+eth+marital+PIR_level+edu+smoke+alcohol.user+PA_level+BMI_level,,Cs_ln_U,HM_urine.rds,CHF,Congestive heart failure,natural_log_transformed,2231,41,2190,30,4,2013-2014|2015-2016,WTSA2YR,ok,,0.8576042739752543,Heavy Metals,urine,Cs_ln_U,Metals and metalloids,0.24307471449724338,FALSE,,FALSE
survey_weighted,odds_ratio,1.3283349436249212,0.4817288022795729,3.6627947386691737,0.49665273938336846,30,0.5717979205786723,age+sex+eth+marital+PIR_level+edu+smoke+alcohol.user+PA_level+BMI_level,,HEMA_binary_U,VOC_urine.rds,CHF,Congestive heart failure,binary_above_detection_threshold,2202,41,2161,30,4,2013-2014|2015-2016,WTSA2YR,ok,,0.8576042739752543,Volatile Organic Compounds (VOC),urine,HEMA_binary_U,Volatile Organic Compounds (VOC),0.24275742834642847,FALSE,,FALSE
survey_weighted,odds_ratio,1.186470397831208,0.6313127379420165,2.2298172052074734,0.3089385855330281,30,0.5840551452744924,age+sex+eth+marital+PIR_level+edu+smoke+alcohol.user+PA_level+BMI_level,,CMAC_ln_U,VOC_urine.rds,CHF,Congestive heart failure,natural_log_transformed,2196,41,2155,30,4,2013-2014|2015-2016,WTSA2YR,ok,,0.8576042739752543,Volatile Organic Compounds (VOC),urine,CMAC_ln_U,Volatile Organic Compounds (VOC),0.23354614576815108,FALSE,,FALSE
survey_weighted,odds_ratio,0.9000532168550529,0.6092976088016789,1.3295568232482724,0.1910357540520228,30,0.5855700232998917,age+sex+eth+marital+PIR_level+edu+smoke+alcohol.user+PA_level+BMI_level,,Ba_ln_U,HM_urine.rds,CHF,Congestive heart failure,natural_log_transformed,2231,41,2190,30,4,2013-2014|2015-2016,WTSA2YR,ok,,0.8576042739752543,Heavy Metals,urine,Ba_ln_U,Metals and metalloids,0.2324211639316766,FALSE,,FALSE
survey_weighted,odds_ratio,1.141142212023973,0.6949499678115982,1.8738119409712608,0.2428398446102724,30,0.5906723738487939,age+sex+eth+marital+PIR_level+edu+smoke+alcohol.user+PA_level+BMI_level,,Mo_ln_U,HM_urine.rds,CHF,Congestive heart failure,natural_log_transformed,2230,41,2189,30,4,2013-2014|2015-2016,WTSA2YR,ok,,0.8576042739752543,Heavy Metals,urine,Mo_ln_U,Metals and metalloids,0.2286533409173934,FALSE,,FALSE
survey_weighted,odds_ratio,1.2446083504889929,0.5444463037029785,2.8451840623607443,0.4048465018543197,30,0.5928405383855785,age+sex+eth+marital+PIR_level+edu+smoke+alcohol.user+PA_level+BMI_level,,BPF_binary_U,PCCP_urine.rds,CHF,Congestive heart failure,binary_above_detection_threshold,2144,51,2093,30,4,2013-2014|2015-2016,WTSB2YR,ok,,0.8576042739752543,Personal Care Products,urine,BPF_binary_U,Personal Care Products,0.22706210699361748,FALSE,,FALSE
survey_weighted,odds_ratio,1.3062549140334012,0.460602759435331,3.704497781403272,0.5104037397667051,30,0.6045155610634485,age+sex+eth+marital+PIR_level+edu+smoke+alcohol.user+PA_level+BMI_level,,AsB_binary_U,HM_urine.rds,CHF,Congestive heart failure,binary_above_detection_threshold,2233,41,2192,30,4,2013-2014|2015-2016,WTSA2YR,ok,,0.8660847942159022,Heavy Metals,urine,AsB_binary_U,Metals and metalloids,0.2185925153209822,FALSE,,FALSE
survey_weighted,odds_ratio,1.4407149433151074,0.2836119527005133,7.318660331933524,0.7625269953281327,15,0.6389476627332491,age+sex+eth+marital+PIR_level+edu+smoke+alcohol.user+PA_level+BMI_level,,PPDA_binary_U,AA_urine.rds,CHF,Congestive heart failure,binary_above_detection_threshold,936,24,912,15,2,2015-2016,WTSA2YR,ok,,0.9066971594976584,Aromatic Amines,urine,PPDA_binary_U,Aromatic Amines,0.19453471416873552,FALSE,,FALSE
survey_weighted,odds_ratio,0.8684830043423657,0.4556396490585232,1.6553930949381943,0.31584706570679744,30,0.6584843414071089,age+sex+eth+marital+PIR_level+edu+smoke+alcohol.user+PA_level+BMI_level,,X1_PH_ln_U,PAH_urine.rds,CHF,Congestive heart failure,natural_log_transformed,2226,41,2185,30,4,2013-2014|2015-2016,WTSA2YR,ok,,0.9256053478269738,Polycyclic Aromatic Hydrocarbons (PAH),urine,1_PH_ln_U,Polycyclic Aromatic Hydrocarbons (PAH),0.1814545479935303,FALSE,,FALSE
survey_weighted,odds_ratio,1.1325058528079817,0.6053277566371639,2.118801744313721,0.3067259540256547,30,0.6878562880594392,age+sex+eth+marital+PIR_level+edu+smoke+alcohol.user+PA_level+BMI_level,,BCPP_binary_U,BFR_urine.rds,CHF,Congestive heart failure,binary_above_detection_threshold,1945,51,1894,30,4,2013-2014|2015-2016,WTSSBI2Y|WTSSCH2Y,ok,,0.9578559525313688,Brominated Flame Retardants,urine,BCPP_binary_U,Brominated Flame Retardants,0.16250228825029656,FALSE,,FALSE
survey_weighted,odds_ratio,0.9399137514082744,0.6784532953960797,1.3021351153886376,0.15961262876808735,30,0.700583792836724,age+sex+eth+marital+PIR_level+edu+smoke+alcohol.user+PA_level+BMI_level,,MEP_ln_U,Phthalates_urine.rds,CHF,Congestive heart failure,natural_log_transformed,2143,51,2092,30,4,2013-2014|2015-2016,WTSB2YR,ok,,0.9589505302950028,Phthalates,urine,MEP_ln_U,Phthalates,0.15453991378251875,FALSE,,FALSE
survey_weighted,odds_ratio,1.0391281296184796,0.8485842492702171,1.2724573555224683,0.09918751596994918,30,0.70151414632319,age+sex+eth+marital+PIR_level+edu+smoke+alcohol.user+PA_level+BMI_level,,X25_DCP_ln_U,PCCP_urine.rds,CHF,Congestive heart failure,natural_log_transformed,2143,51,2092,30,4,2013-2014|2015-2016,WTSB2YR,ok,,0.9589505302950028,Personal Care Products,urine,25_DCP_ln_U,Personal Care Products,0.15396356681929144,FALSE,,FALSE
survey_weighted,odds_ratio,0.9362796964005156,0.6395590011796083,1.3706627039491222,0.1866231772449477,30,0.7267037273737796,age+sex+eth+marital+PIR_level+edu+smoke+alcohol.user+PA_level+BMI_level,,Total_As_ln_U,HM_urine.rds,CHF,Congestive heart failure,natural_log_transformed,2230,41,2189,30,4,2013-2014|2015-2016,WTSA2YR,ok,,0.9645366288407502,Heavy Metals,urine,Total_As_ln_U,Metals and metalloids,0.13864261223867472,FALSE,,FALSE
survey_weighted,odds_ratio,1.095659055873681,0.6368494135285839,1.8850119686325577,0.2656737150275343,30,0.7333458844490067,age+sex+eth+marital+PIR_level+edu+smoke+alcohol.user+PA_level+BMI_level,,GLYP_ln_U,GYLP_urine.rds,CHF,Congestive heart failure,natural_log_transformed,1939,52,1887,30,4,2013-2014|2015-2016,WTSSCH2Y|WTSSGL2Y,ok,,0.9645366288407502,Herbicides,urine,GLYP_ln_U,Herbicides,0.13469114094250229,FALSE,,FALSE
survey_weighted,odds_ratio,1.050957975688372,0.7823049797835729,1.411869661073316,0.14455109545023778,30,0.7333667306338012,age+sex+eth+marital+PIR_level+edu+smoke+alcohol.user+PA_level+BMI_level,,MCPP_ln_U,Phthalates_urine.rds,CHF,Congestive heart failure,natural_log_transformed,2143,51,2092,30,4,2013-2014|2015-2016,WTSB2YR,ok,,0.9645366288407502,Phthalates,urine,MCPP_ln_U,Phthalates,0.1346787958069488,FALSE,,FALSE
survey_weighted,odds_ratio,0.8825620777560059,0.4014242455470231,1.940380606636167,0.3857518079784321,30,0.7482977843342287,age+sex+eth+marital+PIR_level+edu+smoke+alcohol.user+PA_level+BMI_level,,o_Xylene_binary_S,VOC_serum.rds,CHF,Congestive heart failure,binary_above_detection_threshold,3152,66,3086,30,4,2013-2014|2015-2016,WTSVOC2Y,ok,,0.9645366288407502,Volatile Organic Compounds (VOC),serum,o_Xylene_binary_S,Volatile Organic Compounds (VOC),0.12592554069550427,FALSE,,FALSE
survey_weighted,odds_ratio,1.0927165548753228,0.6222010393625035,1.9190412644150785,0.2757510978659866,30,0.7500258485331044,age+sex+eth+marital+PIR_level+edu+smoke+alcohol.user+PA_level+BMI_level,,Pb_ln_S,HM_serum.rds,CHF,Congestive heart failure,natural_log_transformed,3256,68,3188,30,4,2013-2014|2015-2016,WTSH2YR,ok,,0.9645366288407502,Heavy Metals,serum,Pb_ln_S,Metals and metalloids,0.12492376903250169,FALSE,,FALSE
survey_weighted,odds_ratio,0.9565941484032386,0.7180512584647002,1.274383066629362,0.14045053398489316,30,0.7542243492359765,age+sex+eth+marital+PIR_level+edu+smoke+alcohol.user+PA_level+BMI_level,,X3PBA_ln_U,pesticides_urine.rds,CHF,Congestive heart failure,natural_log_transformed,2183,56,2127,30,4,2013-2014|2015-2016,WTSB2YR|WTSC2YR,ok,,0.9645366288407502,Pesticides,urine,3PBA_ln_U,Pesticides,0.1224994510233118,FALSE,,FALSE
survey_weighted,odds_ratio,1.109153398759461,0.5655088116279041,2.1754236833875016,0.32984160362842,30,0.7556331829194335,age+sex+eth+marital+PIR_level+edu+smoke+alcohol.user+PA_level+BMI_level,,Nitrate_ln_U,PERNT_urine.rds,CHF,Congestive heart failure,natural_log_transformed,2222,41,2181,30,4,2013-2014|2015-2016,WTSA2YR,ok,,0.9645366288407502,Inorganic Anions,urine,Nitrate_ln_U,Inorganic Anions,0.12168897869836107,FALSE,,FALSE
survey_weighted,odds_ratio,1.1008412377515266,0.5787840484097815,2.093788579806051,0.3147966332789795,30,0.7623244519744814,age+sex+eth+marital+PIR_level+edu+smoke+alcohol.user+PA_level+BMI_level,,TCPY_ln_U,pesticides_urine.rds,CHF,Congestive heart failure,natural_log_transformed,2181,56,2125,30,4,2013-2014|2015-2016,WTSB2YR|WTSC2YR,ok,,0.9645366288407502,Pesticides,urine,TCPY_ln_U,Pesticides,0.11786014977309266,FALSE,,FALSE
survey_weighted,odds_ratio,0.9369066556228768,0.5990732985864623,1.465253222638423,0.21897161494918885,30,0.768040081121883,age+sex+eth+marital+PIR_level+edu+smoke+alcohol.user+PA_level+BMI_level,,Sr_ln_U,HM_urine.rds,CHF,Congestive heart failure,natural_log_transformed,2231,41,2190,30,4,2013-2014|2015-2016,WTSA2YR,ok,,0.9645366288407502,Heavy Metals,urine,Sr_ln_U,Metals and metalloids,0.1146161151822234,FALSE,,FALSE
survey_weighted,odds_ratio,0.9533404310516592,0.6831712073972438,1.3303517004768752,0.16316459706545378,30,0.7716507292845052,age+sex+eth+marital+PIR_level+edu+smoke+alcohol.user+PA_level+BMI_level,,PNP_ln_U,pesticides_urine.rds,CHF,Congestive heart failure,natural_log_transformed,2162,55,2107,30,4,2013-2014|2015-2016,WTSB2YR|WTSC2YR,ok,,0.9645366288407502,Pesticides,urine,PNP_ln_U,Pesticides,0.11257922902695022,FALSE,,FALSE
survey_weighted,odds_ratio,1.1158967044660129,0.4965302264732115,2.507854282875747,0.37991479596119737,15,0.7768080232274498,age+sex+eth+marital+PIR_level+edu+smoke+alcohol.user+PA_level+BMI_level,,DMDTP_binary_U,pesticides_urine.rds,CHF,Congestive heart failure,binary_above_detection_threshold,1034,28,1006,15,2,2015-2016,WTSB2YR,ok,,0.9645366288407502,Pesticides,urine,DMDTP_binary_U,Pesticides,0.10968629748546095,FALSE,,FALSE
survey_weighted,odds_ratio,0.9629750430657216,0.7060245118313442,1.3134401398643611,0.15197655850798297,30,0.8056344719394958,age+sex+eth+marital+PIR_level+edu+smoke+alcohol.user+PA_level+BMI_level,,BDCPP_ln_U,BFR_urine.rds,CHF,Congestive heart failure,natural_log_transformed,1935,50,1885,30,4,2013-2014|2015-2016,WTSSBI2Y|WTSSCH2Y,ok,,0.974163781686836,Brominated Flame Retardants,urine,BDCPP_ln_U,Brominated Flame Retardants,0.09386195922106483,FALSE,,FALSE
survey_weighted,odds_ratio,1.0433904823615343,0.7355263818412973,1.4801150924828874,0.17120358209532213,30,0.8057479764242709,age+sex+eth+marital+PIR_level+edu+smoke+alcohol.user+PA_level+BMI_level,,DPHP_ln_U,BFR_urine.rds,CHF,Congestive heart failure,natural_log_transformed,1942,51,1891,30,4,2013-2014|2015-2016,WTSSBI2Y|WTSSCH2Y,ok,,0.974163781686836,Brominated Flame Retardants,urine,DPHP_ln_U,Brominated Flame Retardants,0.0938007765123408,FALSE,,FALSE
survey_weighted,odds_ratio,0.9107079108154776,0.4021831364216736,2.0622169944796225,0.3834548533606928,15,0.8105960095143488,age+sex+eth+marital+PIR_level+edu+smoke+alcohol.user+PA_level+BMI_level,,o_TLD_ln_U,AA_urine.rds,CHF,Congestive heart failure,natural_log_transformed,1078,14,1064,15,2,2013-2014,WTSA2YR,ok,,0.974163781686836,Aromatic Amines,urine,o_TLD_ln_U,Aromatic Amines,0.09119553857873758,FALSE,,FALSE
survey_weighted,odds_ratio,1.1058991120067896,0.4432461533486838,2.759218183164494,0.44768203658232336,30,0.8236250309558235,age+sex+eth+marital+PIR_level+edu+smoke+alcohol.user+PA_level+BMI_level,,AsC_binary_U,HM_urine.rds,CHF,Congestive heart failure,binary_above_detection_threshold,2233,41,2192,30,4,2013-2014|2015-2016,WTSA2YR,ok,,0.974163781686836,Heavy Metals,urine,AsC_binary_U,Metals and metalloids,0.08427046312151376,FALSE,,FALSE
survey_weighted,odds_ratio,0.975561907762508,0.752536585969208,1.2646840746639345,0.12709567970493618,30,0.8469639919404548,age+sex+eth+marital+PIR_level+edu+smoke+alcohol.user+PA_level+BMI_level,,U_ln_U,HM_urine.rds,CHF,Congestive heart failure,natural_log_transformed,2231,41,2190,30,4,2013-2014|2015-2016,WTSA2YR,ok,,0.974163781686836,Heavy Metals,urine,U_ln_U,Metals and metalloids,0.0721350529915848,FALSE,,FALSE
survey_weighted,odds_ratio,1.0611244440789662,0.5609389234481533,2.007322078668281,0.312138760162203,30,0.8505322543281832,age+sex+eth+marital+PIR_level+edu+smoke+alcohol.user+PA_level+BMI_level,,X1_PY_ln_U,PAH_urine.rds,CHF,Congestive heart failure,natural_log_transformed,2225,41,2184,30,4,2013-2014|2015-2016,WTSA2YR,ok,,0.974163781686836,Polycyclic Aromatic Hydrocarbons (PAH),urine,1_PY_ln_U,Polycyclic Aromatic Hydrocarbons (PAH),0.07030921219704755,FALSE,,FALSE
survey_weighted,odds_ratio,0.9494381824076,0.5328374356603592,1.6917596285183647,0.28284866793922653,30,0.8556894866114396,age+sex+eth+marital+PIR_level+edu+smoke+alcohol.user+PA_level+BMI_level,,Mn_ln_S,HM_serum.rds,CHF,Congestive heart failure,natural_log_transformed,3255,68,3187,30,4,2013-2014|2015-2016,WTSH2YR,ok,,0.974163781686836,Heavy Metals,serum,Mn_ln_S,Metals and metalloids,0.0676838039166168,FALSE,,FALSE
survey_weighted,odds_ratio,1.0567299754043429,0.5533041147776667,2.0181997767480473,0.3168170345608911,30,0.8629038894319692,age+sex+eth+marital+PIR_level+edu+smoke+alcohol.user+PA_level+BMI_level,,Chloroform_binary_S,VOC_serum.rds,CHF,Congestive heart failure,binary_above_detection_threshold,3075,65,3010,30,4,2013-2014|2015-2016,WTSVOC2Y,ok,,0.974163781686836,Volatile Organic Compounds (VOC),serum,Chloroform_binary_S,Volatile Organic Compounds (VOC),0.06403757347805443,FALSE,,FALSE
survey_weighted,odds_ratio,0.9699282668517956,0.6658729117335077,1.4128234175932874,0.17646361310257846,15,0.8649425480880567,age+sex+eth+marital+PIR_level+edu+smoke+alcohol.user+PA_level+BMI_level,,DEP_ln_U,pesticides_urine.rds,CHF,Congestive heart failure,natural_log_transformed,1038,28,1010,15,2,2015-2016,WTSB2YR,ok,,0.974163781686836,Pesticides,urine,DEP_ln_U,Pesticides,0.06301273863573231,FALSE,,FALSE
survey_weighted,odds_ratio,1.0354411094849192,0.6799924387080851,1.5766914897587854,0.20589864382951464,30,0.8668149082105063,age+sex+eth+marital+PIR_level+edu+smoke+alcohol.user+PA_level+BMI_level,,Thiocyanate_ln_U,PERNT_urine.rds,CHF,Congestive heart failure,natural_log_transformed,2217,41,2176,30,4,2013-2014|2015-2016,WTSA2YR,ok,,0.974163781686836,Inorganic Anions,urine,Thiocyanate_ln_U,Inorganic Anions,0.06207362792688481,FALSE,,FALSE
survey_weighted,odds_ratio,1.0829854475499985,0.3833843475061536,3.059221085144185,0.5084722179236271,30,0.8764635951815725,age+sex+eth+marital+PIR_level+edu+smoke+alcohol.user+PA_level+BMI_level,,X4FPBA_binary_U,pesticides_urine.rds,CHF,Congestive heart failure,binary_above_detection_threshold,2204,56,2148,30,4,2013-2014|2015-2016,WTSB2YR|WTSC2YR,ok,,0.974163781686836,Pesticides,urine,4FPBA_binary_U,Pesticides,0.057266118064315294,FALSE,,FALSE
survey_weighted,odds_ratio,1.0377356065885548,0.636205909558854,1.6926834111434714,0.23957334751870757,30,0.8781623133419807,age+sex+eth+marital+PIR_level+edu+smoke+alcohol.user+PA_level+BMI_level,,MiBP_ln_U,Phthalates_urine.rds,CHF,Congestive heart failure,natural_log_transformed,2143,51,2092,30,4,2013-2014|2015-2016,WTSB2YR,ok,,0.974163781686836,Phthalates,urine,MiBP_ln_U,Phthalates,0.056425204738821115,FALSE,,FALSE
survey_weighted,odds_ratio,0.9513045097505908,0.4242009045246991,2.1333765690240747,0.3954550892034839,30,0.9003865714324116,age+sex+eth+marital+PIR_level+edu+smoke+alcohol.user+PA_level+BMI_level,,TCC_binary_U,PCCP_urine.rds,CHF,Congestive heart failure,binary_above_detection_threshold,2145,51,2094,30,4,2013-2014|2015-2016,WTSB2YR,ok,,0.974163781686836,Personal Care Products,urine,TCC_binary_U,Personal Care Products,0.04557099078867978,FALSE,,FALSE
survey_weighted,odds_ratio,1.0221272326281772,0.685890965091136,1.5231926543037613,0.1953326959251579,30,0.9115343706627258,age+sex+eth+marital+PIR_level+edu+smoke+alcohol.user+PA_level+BMI_level,,X2_MHA_ln_U,VOC_urine.rds,CHF,Congestive heart failure,natural_log_transformed,2092,40,2052,30,4,2013-2014|2015-2016,WTSA2YR,ok,,0.974163781686836,Volatile Organic Compounds (VOC),urine,2_MHA_ln_U,Volatile Organic Compounds (VOC),0.04022695102684772,FALSE,,FALSE
survey_weighted,odds_ratio,0.950605819698116,0.3610830347238865,2.5026139074491067,0.473977670479982,30,0.9156006110875908,age+sex+eth+marital+PIR_level+edu+smoke+alcohol.user+PA_level+BMI_level,,X25_DMF_binary_S,VOC_serum.rds,CHF,Congestive heart failure,binary_above_detection_threshold,3158,66,3092,30,4,2013-2014|2015-2016,WTSVOC2Y,ok,,0.974163781686836,Volatile Organic Compounds (VOC),serum,25_DMF_binary_S,Volatile Organic Compounds (VOC),0.03829392614179342,FALSE,,FALSE
survey_weighted,odds_ratio,0.94018749106795,0.2594790332887345,3.4066433312823055,0.6040036996761894,15,0.920020398133659,age+sex+eth+marital+PIR_level+edu+smoke+alcohol.user+PA_level+BMI_level,,MDA_binary_U,pesticides_urine.rds,CHF,Congestive heart failure,binary_above_detection_threshold,1035,28,1007,15,2,2015-2016,WTSB2YR,ok,,0.974163781686836,Pesticides,urine,MDA_binary_U,Pesticides,0.03620254363413759,FALSE,,FALSE
survey_weighted,odds_ratio,1.012543997557067,0.7660037773297796,1.3384338006305383,0.1309128578843721,15,0.9253978160216793,age+sex+eth+marital+PIR_level+edu+smoke+alcohol.user+PA_level+BMI_level,,DMTP_ln_U,pesticides_urine.rds,CHF,Congestive heart failure,natural_log_transformed,1038,27,1011,15,2,2015-2016,WTSB2YR,ok,,0.974163781686836,Pesticides,urine,DMTP_ln_U,Pesticides,0.03367152978841537,FALSE,,FALSE
survey_weighted,odds_ratio,0.9794166202386888,0.6212780775047252,1.5440057370968154,0.22287836080271248,30,0.9262727616395452,age+sex+eth+marital+PIR_level+edu+smoke+alcohol.user+PA_level+BMI_level,,X3_FL_ln_U,PAH_urine.rds,CHF,Congestive heart failure,natural_log_transformed,2224,41,2183,30,4,2013-2014|2015-2016,WTSA2YR,ok,,0.974163781686836,Polycyclic Aromatic Hydrocarbons (PAH),urine,3_FL_ln_U,Polycyclic Aromatic Hydrocarbons (PAH),0.033261106804253135,FALSE,,FALSE
survey_weighted,odds_ratio,1.0241323440784051,0.6039970194727622,1.7365103210328463,0.2585510932238115,30,0.9271296890302552,age+sex+eth+marital+PIR_level+edu+smoke+alcohol.user+PA_level+BMI_level,,ATCA_ln_U,VOC_urine.rds,CHF,Congestive heart failure,natural_log_transformed,2165,40,2125,30,4,2013-2014|2015-2016,WTSA2YR,ok,,0.974163781686836,Volatile Organic Compounds (VOC),urine,ATCA_ln_U,Volatile Organic Compounds (VOC),0.032859511496594496,FALSE,,FALSE
survey_weighted,odds_ratio,0.9791340708245748,0.5950653712508515,1.611089428098076,0.23364255266462597,15,0.9292811176820877,age+sex+eth+marital+PIR_level+edu+smoke+alcohol.user+PA_level+BMI_level,,n_PFOS_ln_S,PFC_serum.rds,CHF,Congestive heart failure,natural_log_transformed,997,26,971,15,2,2015-2016,WTSB2YR,ok,,0.974163781686836,Polyfluoroalkyl Substances (PFAS),serum,n_PFOS_ln_S,Polyfluoroalkyl Substances (PFAS),0.03185288730907209,FALSE,,FALSE
survey_weighted,odds_ratio,1.0361635078803848,0.4313446140143008,2.4890418940698513,0.42911654353648027,30,0.9345714067426985,age+sex+eth+marital+PIR_level+edu+smoke+alcohol.user+PA_level+BMI_level,,DBUP_binary_U,BFR_urine.rds,CHF,Congestive heart failure,binary_above_detection_threshold,1943,51,1892,30,4,2013-2014|2015-2016,WTSSBI2Y|WTSSCH2Y,ok,,0.974163781686836,Brominated Flame Retardants,urine,DBUP_binary_U,Brominated Flame Retardants,0.029387510369084904,FALSE,,FALSE
survey_weighted,odds_ratio,1.033867407306314,0.43102540436504005,2.4798580433208812,0.42839278381209295,30,0.938545028760538,age+sex+eth+marital+PIR_level+edu+smoke+alcohol.user+PA_level+BMI_level,,BDCM_binary_S,VOC_serum.rds,CHF,Congestive heart failure,binary_above_detection_threshold,3136,66,3070,30,4,2013-2014|2015-2016,WTSVOC2Y,ok,,0.974163781686836,Volatile Organic Compounds (VOC),serum,BDCM_binary_S,Volatile Organic Compounds (VOC),0.02754488631050249,FALSE,,FALSE
survey_weighted,odds_ratio,1.023109450484221,0.5165117202129651,2.0265812114360804,0.3346780533298198,30,0.946028425783184,age+sex+eth+marital+PIR_level+edu+smoke+alcohol.user+PA_level+BMI_level,,MeFOSAA_binary_S,PFC_serum.rds,CHF,Congestive heart failure,binary_above_detection_threshold,2073,50,2023,30,4,2013-2014|2015-2016,WTSB2YR,ok,,0.974163781686836,Polyfluoroalkyl Substances (PFAS),serum,MeFOSAA_binary_S,Polyfluoroalkyl Substances (PFAS),0.024095813941433272,FALSE,,FALSE
survey_weighted,odds_ratio,1.0179014300288511,0.5985426172772018,1.7310769381270683,0.2600047973154207,30,0.9460463002671612,age+sex+eth+marital+PIR_level+edu+smoke+alcohol.user+PA_level+BMI_level,,MHBP_ln_U,Phthalates_urine.rds,CHF,Congestive heart failure,natural_log_transformed,2042,51,1991,30,4,2013-2014|2015-2016,WTSB2YR|WTSSBH2Y,ok,,0.974163781686836,Phthalates,urine,MHBP_ln_U,Phthalates,0.024087608356683894,FALSE,,FALSE
survey_weighted,odds_ratio,1.0178675783935556,0.55522838578341,1.8659968288237283,0.2967701844083727,30,0.9528100580612257,age+sex+eth+marital+PIR_level+edu+smoke+alcohol.user+PA_level+BMI_level,,DMA_ln_U,HM_urine.rds,CHF,Congestive heart failure,natural_log_transformed,2232,41,2191,30,4,2013-2014|2015-2016,WTSA2YR,ok,,0.974163781686836,Heavy Metals,urine,DMA_ln_U,Metals and metalloids,0.02099366699816592,FALSE,,FALSE
survey_weighted,odds_ratio,1.0122555578234445,0.5979054782591655,1.71375133963952,0.2578028536257134,30,0.9626274913540236,age+sex+eth+marital+PIR_level+edu+smoke+alcohol.user+PA_level+BMI_level,,PFNA_ln_S,PFC_serum.rds,CHF,Congestive heart failure,natural_log_transformed,2073,50,2023,30,4,2013-2014|2015-2016,WTSB2YR,ok,,0.974163781686836,Polyfluoroalkyl Substances (PFAS),serum,PFNA_ln_S,Polyfluoroalkyl Substances (PFAS),0.016541739611844367,FALSE,,FALSE
survey_weighted,odds_ratio,0.9865622329837858,0.5217402797394782,1.8654972164233825,0.31193511446576094,30,0.9656933568229712,age+sex+eth+marital+PIR_level+edu+smoke+alcohol.user+PA_level+BMI_level,,X23_OH_PH_ln_U,PAH_urine.rds,CHF,Congestive heart failure,natural_log_transformed,2226,41,2185,30,4,2013-2014|2015-2016,WTSA2YR,ok,,0.974163781686836,Polycyclic Aromatic Hydrocarbons (PAH),urine,23_OH_PH_ln_U,Polycyclic Aromatic Hydrocarbons (PAH),0.015160756173733502,FALSE,,FALSE
survey_weighted,odds_ratio,0.983610017885264,0.4312007845600072,2.2437080402612546,0.40379316363496176,30,0.9676257697292064,age+sex+eth+marital+PIR_level+edu+smoke+alcohol.user+PA_level+BMI_level,,MMA_binary_U,HM_urine.rds,CHF,Congestive heart failure,binary_above_detection_threshold,2233,41,2192,30,4,2013-2014|2015-2016,WTSA2YR,ok,,0.974163781686836,Heavy Metals,urine,MMA_binary_U,Metals and metalloids,0.014292574061536993,FALSE,,FALSE
survey_weighted,odds_ratio,1.0021499052962517,0.7292239964842193,1.3772235109202404,0.15567067231178677,30,0.9890842526480496,age+sex+eth+marital+PIR_level+edu+smoke+alcohol.user+PA_level+BMI_level,,X24_DCP_ln_U,PCCP_urine.rds,CHF,Congestive heart failure,natural_log_transformed,2143,51,2092,30,4,2013-2014|2015-2016,WTSB2YR,ok,,0.9890842526480496,Personal Care Products,urine,24_DCP_ln_U,Personal Care Products,0.0047667125467474245,FALSE,,FALSE
survey_weighted,odds_ratio,5.30545802142138,2.0522182688293835,13.71583385870571,0.4650774252068895,30,0.00116783339250587,age+sex+eth+marital+PIR_level+edu+smoke+alcohol.user+PA_level+BMI_level,,Mn_ln_S,HM_serum.rds,angina,Angina,natural_log_transformed,3253,63,3190,30,4,2013-2014|2015-2016,WTSH2YR,ok,,0.10229450199162844,Heavy Metals,serum,Mn_ln_S,Metals and metalloids,2.9326191108849544,TRUE,1,TRUE
survey_weighted,odds_ratio,1.8211351171041976,1.2430661256425046,2.6680262991125265,0.18698728794684025,30,0.00318982621470601,age+sex+eth+marital+PIR_level+edu+smoke+alcohol.user+PA_level+BMI_level,,X3_HPMA_ln_U,VOC_urine.rds,angina,Angina,natural_log_transformed,2144,44,2100,30,4,2013-2014|2015-2016,WTSA2YR,ok,,0.10229450199162844,Volatile Organic Compounds (VOC),urine,3_HPMA_ln_U,Volatile Organic Compounds (VOC),2.496232977146622,TRUE,2,TRUE
survey_weighted,odds_ratio,1.889652543744904,1.2461442831435998,2.8654681358997225,0.20386053823096192,30,0.00395909393494385,age+sex+eth+marital+PIR_level+edu+smoke+alcohol.user+PA_level+BMI_level,,EO_ln_S,gas_serum.rds,angina,Angina,natural_log_transformed,2134,45,2089,30,4,2013-2014|2015-2016,WTSA2YR,ok,,0.10229450199162844,Gaseous Pollutants,serum,EO_ln_S,Gaseous Pollutants,2.4024041938921994,TRUE,3,TRUE
survey_weighted,odds_ratio,2.5383592691028776,1.3777382160179907,4.676699611093866,0.299213130303334,30,0.00404575159603026,age+sex+eth+marital+PIR_level+edu+smoke+alcohol.user+PA_level+BMI_level,,Cd_ln_S,HM_serum.rds,angina,Angina,natural_log_transformed,3254,64,3190,30,4,2013-2014|2015-2016,WTSH2YR,ok,,0.10229450199162844,Heavy Metals,serum,Cd_ln_S,Metals and metalloids,2.39300078587197,TRUE,4,TRUE
survey_weighted,odds_ratio,0.6824958750638267,0.5311755317053702,0.8769240894505406,0.12273776087281564,30,0.00405514066205221,age+sex+eth+marital+PIR_level+edu+smoke+alcohol.user+PA_level+BMI_level,,ATCA_ln_U,VOC_urine.rds,angina,Angina,natural_log_transformed,2163,44,2119,30,4,2013-2014|2015-2016,WTSA2YR,ok,,0.10229450199162844,Volatile Organic Compounds (VOC),urine,ATCA_ln_U,Volatile Organic Compounds (VOC),2.3919940766701933,FALSE,,FALSE
survey_weighted,odds_ratio,1.4434488605058584,1.1322736704048113,1.840142244189738,0.11889088669073794,30,0.00432349251095859,age+sex+eth+marital+PIR_level+edu+smoke+alcohol.user+PA_level+BMI_level,,CEMA_CYM_ln_U,VOC_urine.rds,angina,Angina,natural_log_transformed,2187,45,2142,30,4,2013-2014|2015-2016,WTSA2YR,ok,,0.10229450199162844,Volatile Organic Compounds (VOC),urine,CEMA_CYM_ln_U,Volatile Organic Compounds (VOC),2.3641652889613263,TRUE,5,TRUE
survey_weighted,odds_ratio,0.5484610719602397,0.36662222558778435,0.8204891205750133,0.1972236095678796,30,0.00480578197276106,age+sex+eth+marital+PIR_level+edu+smoke+alcohol.user+PA_level+BMI_level,,Mo_ln_U,HM_urine.rds,angina,Angina,natural_log_transformed,2228,46,2182,30,4,2013-2014|2015-2016,WTSA2YR,ok,,0.10229450199162844,Heavy Metals,urine,Mo_ln_U,Metals and metalloids,2.3182359360237195,FALSE,,FALSE
survey_weighted,odds_ratio,1.6094994972315553,1.1267562802548778,2.2990673999195703,0.17459977092154808,30,0.0106036563729558,age+sex+eth+marital+PIR_level+edu+smoke+alcohol.user+PA_level+BMI_level,,MB3_Cys_ln_U,VOC_urine.rds,angina,Angina,natural_log_transformed,2158,44,2114,30,4,2013-2014|2015-2016,WTSA2YR,ok,,0.1607691367414915,Volatile Organic Compounds (VOC),urine,MB3_Cys_ln_U,Volatile Organic Compounds (VOC),1.9745443546608603,TRUE,6,TRUE
survey_weighted,odds_ratio,1.5772852775161983,1.1159926273176888,2.229252045014759,0.16939998961988062,30,0.01155604034082011,age+sex+eth+marital+PIR_level+edu+smoke+alcohol.user+PA_level+BMI_level,,PMM_Cys_ln_U,VOC_urine.rds,angina,Angina,natural_log_transformed,2188,45,2143,30,4,2013-2014|2015-2016,WTSA2YR,ok,,0.1607691367414915,Volatile Organic Compounds (VOC),urine,PMM_Cys_ln_U,Volatile Organic Compounds (VOC),1.9371909507526426,TRUE,7,TRUE
survey_weighted,odds_ratio,0.5216847639454544,0.31606892797480995,0.8610621571586898,0.24536549328871493,30,0.01266313207337495,age+sex+eth+marital+PIR_level+edu+smoke+alcohol.user+PA_level+BMI_level,,PFDA_ln_S,PFC_serum.rds,angina,Angina,natural_log_transformed,2072,45,2027,30,4,2013-2014|2015-2016,WTSB2YR,ok,,0.1607691367414915,Polyfluoroalkyl Substances (PFAS),serum,PFDA_ln_S,Polyfluoroalkyl Substances (PFAS),1.8974588635169247,FALSE,,FALSE
survey_weighted,odds_ratio,0.15362303977471034,0.03739979455091401,0.6310205345511845,0.6628524704359398,15,0.01277012372025658,age+sex+eth+marital+PIR_level+edu+smoke+alcohol.user+PA_level+BMI_level,,PFHxA_binary_U,PFC_urine.rds,angina,Angina,binary_above_detection_threshold,1011,21,990,15,2,2013-2014,WTSSBH2Y,ok,,0.1607691367414915,Polyfluoroalkyl Substances (PFAS),urine,PFHxA_binary_U,Polyfluoroalkyl Substances (PFAS),1.8938048951591022,FALSE,,FALSE
survey_weighted,odds_ratio,0.38276981740023786,0.1837574342518425,0.797315949197535,0.34428082770906865,15,0.01375183991873372,age+sex+eth+marital+PIR_level+edu+smoke+alcohol.user+PA_level+BMI_level,,n_PFOA_ln_S,PFC_serum.rds,angina,Angina,natural_log_transformed,997,22,975,15,2,2015-2016,WTSB2YR,ok,,0.1607691367414915,Polyfluoroalkyl Substances (PFAS),serum,n_PFOA_ln_S,Polyfluoroalkyl Substances (PFAS),1.861639191790408,FALSE,,FALSE
survey_weighted,odds_ratio,0.27513948323173887,0.10019298719882525,0.7555592197566092,0.49463526746753206,30,0.0140268374338214,age+sex+eth+marital+PIR_level+edu+smoke+alcohol.user+PA_level+BMI_level,,MHNCH_binary_U,Phthalates_urine.rds,angina,Angina,binary_above_detection_threshold,2144,45,2099,30,4,2013-2014|2015-2016,WTSB2YR,ok,,0.1607691367414915,Phthalates,urine,MHNCH_binary_U,Phthalates,1.8530402363034324,FALSE,,FALSE
survey_weighted,odds_ratio,1.716718647701344,1.1143137755595194,2.64478729421228,0.21161522152073983,30,0.01597738151891042,age+sex+eth+marital+PIR_level+edu+smoke+alcohol.user+PA_level+BMI_level,,X23_OH_PH_ln_U,PAH_urine.rds,angina,Angina,natural_log_transformed,2224,46,2178,30,4,2013-2014|2015-2016,WTSA2YR,ok,,0.1679696915728611,Polycyclic Aromatic Hydrocarbons (PAH),urine,23_OH_PH_ln_U,Polycyclic Aromatic Hydrocarbons (PAH),1.7964943943004017,TRUE,8,TRUE
survey_weighted,odds_ratio,2.058034256374546,1.147137288573751,3.6922389696504263,0.28619186257026136,30,0.01721408458859324,age+sex+eth+marital+PIR_level+edu+smoke+alcohol.user+PA_level+BMI_level,,Cd_ln_U,HM_urine.rds,angina,Angina,natural_log_transformed,2229,46,2183,30,4,2013-2014|2015-2016,WTSA2YR,ok,,0.1679696915728611,Heavy Metals,urine,Cd_ln_U,Metals and metalloids,1.764116067277816,TRUE,9,TRUE
survey_weighted,odds_ratio,1.6711136873840733,1.0989213936878086,2.5412381378715314,0.20524251501659177,30,0.018037013860173,age+sex+eth+marital+PIR_level+edu+smoke+alcohol.user+PA_level+BMI_level,,X1_PH_ln_U,PAH_urine.rds,angina,Angina,natural_log_transformed,2224,46,2178,30,4,2013-2014|2015-2016,WTSA2YR,ok,,0.1679696915728611,Polycyclic Aromatic Hydrocarbons (PAH),urine,1_PH_ln_U,Polycyclic Aromatic Hydrocarbons (PAH),1.7438353609955786,TRUE,10,TRUE
survey_weighted,odds_ratio,1.683355573990655,1.0823696977317814,2.6180389144519585,0.21624752534953215,30,0.02237844985055323,age+sex+eth+marital+PIR_level+edu+smoke+alcohol.user+PA_level+BMI_level,,X2_HPMA_ln_U,VOC_urine.rds,angina,Angina,natural_log_transformed,2196,45,2151,30,4,2013-2014|2015-2016,WTSA2YR,ok,,0.1961405310430842,Volatile Organic Compounds (VOC),urine,2_HPMA_ln_U,Volatile Organic Compounds (VOC),1.650170000232479,TRUE,11,FALSE
survey_weighted,odds_ratio,1.6820834827879647,1.077168304421665,2.6267063665479893,0.2182360803586765,30,0.02371207916746572,age+sex+eth+marital+PIR_level+edu+smoke+alcohol.user+PA_level+BMI_level,,X2_FL_ln_U,PAH_urine.rds,angina,Angina,natural_log_transformed,2223,46,2177,30,4,2013-2014|2015-2016,WTSA2YR,ok,,0.19628332199735515,Polycyclic Aromatic Hydrocarbons (PAH),urine,2_FL_ln_U,Polycyclic Aromatic Hydrocarbons (PAH),1.6250303637203292,TRUE,12,FALSE
survey_weighted,odds_ratio,1.5650365459023932,1.0570443867953143,2.317158504039606,0.1921548103597591,30,0.02666435217677812,age+sex+eth+marital+PIR_level+edu+smoke+alcohol.user+PA_level+BMI_level,,CEMA_CEM_ln_U,VOC_urine.rds,angina,Angina,natural_log_transformed,2205,45,2160,30,4,2013-2014|2015-2016,WTSA2YR,ok,,0.1963642989804062,Volatile Organic Compounds (VOC),urine,CEMA_CEM_ln_U,Volatile Organic Compounds (VOC),1.5740689632456162,TRUE,13,FALSE
survey_weighted,odds_ratio,1.6115952574066243,1.0551645811198809,2.461454184653344,0.20738064327101835,30,0.02850481081273151,age+sex+eth+marital+PIR_level+edu+smoke+alcohol.user+PA_level+BMI_level,,X3_FL_ln_U,PAH_urine.rds,angina,Angina,natural_log_transformed,2222,46,2176,30,4,2013-2014|2015-2016,WTSA2YR,ok,,0.1963642989804062,Polycyclic Aromatic Hydrocarbons (PAH),urine,3_FL_ln_U,Polycyclic Aromatic Hydrocarbons (PAH),1.545081837075545,TRUE,14,FALSE
survey_weighted,odds_ratio,6.798803616946699,1.230272983802926,37.571930157260105,0.8020413050682295,15,0.03042306233943208,age+sex+eth+marital+PIR_level+edu+smoke+alcohol.user+PA_level+BMI_level,,IPM1_Cys_ln_U,VOC_urine.rds,angina,Angina,natural_log_transformed,1047,19,1028,15,2,2015-2016,WTSA2YR,ok,,0.1963642989804062,Volatile Organic Compounds (VOC),urine,IPM1_Cys_ln_U,Volatile Organic Compounds (VOC),1.5167970726571465,TRUE,15,FALSE
survey_weighted,odds_ratio,2.038507293648308,1.0791683451202407,3.850661488587624,0.2984012119190291,15,0.03060510290166167,age+sex+eth+marital+PIR_level+edu+smoke+alcohol.user+PA_level+BMI_level,,TTCA_binary_U,VOC_urine.rds,angina,Angina,binary_above_detection_threshold,1171,26,1145,15,2,2013-2014,WTSA2YR,ok,,0.1963642989804062,Volatile Organic Compounds (VOC),urine,TTCA_binary_U,Volatile Organic Compounds (VOC),1.5142061559606208,TRUE,16,FALSE
survey_weighted,odds_ratio,2.435073575330953,1.089121779571669,5.444371261776679,0.39397549757247846,30,0.03131226487751386,age+sex+eth+marital+PIR_level+edu+smoke+alcohol.user+PA_level+BMI_level,,DHB_Cys_ln_U,VOC_urine.rds,angina,Angina,natural_log_transformed,2096,42,2054,30,4,2013-2014|2015-2016,WTSA2YR,ok,,0.1963642989804062,Volatile Organic Compounds (VOC),urine,DHB_Cys_ln_U,Volatile Organic Compounds (VOC),1.5042855178755192,TRUE,17,FALSE
survey_weighted,odds_ratio,2.046894069269028,1.0643014131432402,3.9366435852367263,0.320233923849174,30,0.03287773467446586,age+sex+eth+marital+PIR_level+edu+smoke+alcohol.user+PA_level+BMI_level,,MA_ln_U,VOC_urine.rds,angina,Angina,natural_log_transformed,2179,45,2134,30,4,2013-2014|2015-2016,WTSA2YR,ok,,0.1963642989804062,Volatile Organic Compounds (VOC),urine,MA_ln_U,Volatile Organic Compounds (VOC),1.4830981136463333,TRUE,18,FALSE
survey_weighted,odds_ratio,1.7389206506717192,1.049083505917755,2.8823682883921116,0.24744380798952384,30,0.0329470300302695,age+sex+eth+marital+PIR_level+edu+smoke+alcohol.user+PA_level+BMI_level,,CMAC_ln_U,VOC_urine.rds,angina,Angina,natural_log_transformed,2194,45,2149,30,4,2013-2014|2015-2016,WTSA2YR,ok,,0.1963642989804062,Volatile Organic Compounds (VOC),urine,CMAC_ln_U,Volatile Organic Compounds (VOC),1.4821837282505244,TRUE,19,FALSE
survey_weighted,odds_ratio,2.248043115696645,1.0595014469927058,4.769882914625102,0.35293429700835716,15,0.0365607649174368,age+sex+eth+marital+PIR_level+edu+smoke+alcohol.user+PA_level+BMI_level,,IPM3_Cys_ln_U,VOC_urine.rds,angina,Angina,natural_log_transformed,1047,19,1028,15,2,2015-2016,WTSA2YR,ok,,0.209521306642234,Volatile Organic Compounds (VOC),urine,IPM3_Cys_ln_U,Volatile Organic Compounds (VOC),1.4369847266158107,TRUE,20,FALSE
survey_weighted,odds_ratio,1.5671401829193696,1.02659132837244,2.3923135575421126,0.2071263769549064,30,0.03813945716718483,age+sex+eth+marital+PIR_level+edu+smoke+alcohol.user+PA_level+BMI_level,,X1_PY_ln_U,PAH_urine.rds,angina,Angina,natural_log_transformed,2223,45,2178,30,4,2013-2014|2015-2016,WTSA2YR,ok,,0.21047330066335332,Polycyclic Aromatic Hydrocarbons (PAH),urine,1_PY_ln_U,Polycyclic Aromatic Hydrocarbons (PAH),1.418625492490168,TRUE,21,FALSE
survey_weighted,odds_ratio,0.3318092244223148,0.11470459338808692,0.9598339365472404,0.49834635327210663,15,0.04276078787702663,age+sex+eth+marital+PIR_level+edu+smoke+alcohol.user+PA_level+BMI_level,,MCOCH_binary_U,Phthalates_urine.rds,angina,Angina,binary_above_detection_threshold,1033,22,1011,15,2,2015-2016,WTSB2YR,ok,,0.227548478345606,Phthalates,urine,MCOCH_binary_U,Phthalates,1.3689543014171235,FALSE,,FALSE
survey_weighted,odds_ratio,3.266252020771871,1.0199268809970323,10.459967730988131,0.5460660420182399,15,0.04669070108469075,age+sex+eth+marital+PIR_level+edu+smoke+alcohol.user+PA_level+BMI_level,,CYHA_Cys_binary_U,VOC_urine.rds,angina,Angina,binary_above_detection_threshold,1048,19,1029,15,2,2015-2016,WTSA2YR,ok,,0.2398936021247904,Volatile Organic Compounds (VOC),urine,CYHA_Cys_binary_U,Volatile Organic Compounds (VOC),1.3307696048670827,TRUE,22,FALSE
survey_weighted,odds_ratio,1.7109534891706726,1.0009717885064484,2.9245198273501996,0.2624916635594888,30,0.0496120391520535,age+sex+eth+marital+PIR_level+edu+smoke+alcohol.user+PA_level+BMI_level,,Nitrate_ln_U,PERNT_urine.rds,angina,Angina,natural_log_transformed,2220,45,2175,30,4,2013-2014|2015-2016,WTSA2YR,ok,,0.24640646112186576,Inorganic Anions,urine,Nitrate_ln_U,Inorganic Anions,1.3044129222424972,TRUE,23,FALSE
survey_weighted,odds_ratio,1.721538136208173,0.9727342674670146,3.0467658573769825,0.27952318271091625,30,0.06140520820338516,age+sex+eth+marital+PIR_level+edu+smoke+alcohol.user+PA_level+BMI_level,,o_Xylene_binary_S,VOC_serum.rds,angina,Angina,binary_above_detection_threshold,3150,62,3088,30,4,2013-2014|2015-2016,WTSVOC2Y,ok,,0.295141162009819,Volatile Organic Compounds (VOC),serum,o_Xylene_binary_S,Volatile Organic Compounds (VOC),1.211794791756803,FALSE,,FALSE
survey_weighted,odds_ratio,0.4962706138370085,0.23340874571961512,1.0551640702187453,0.3693582498894625,30,0.06750622344089248,age+sex+eth+marital+PIR_level+edu+smoke+alcohol.user+PA_level+BMI_level,,GAM_Cys_binary_U,VOC_urine.rds,angina,Angina,binary_above_detection_threshold,2217,45,2172,30,4,2013-2014|2015-2016,WTSA2YR,ok,,0.2992146080091805,Volatile Organic Compounds (VOC),urine,GAM_Cys_binary_U,Volatile Organic Compounds (VOC),1.1706561874438264,FALSE,,FALSE
survey_weighted,odds_ratio,0.7073286568231383,0.4858419984017575,1.0297871127014018,0.18391863092819496,30,0.06947397145307048,age+sex+eth+marital+PIR_level+edu+smoke+alcohol.user+PA_level+BMI_level,,W_ln_U,HM_urine.rds,angina,Angina,natural_log_transformed,2228,46,2182,30,4,2013-2014|2015-2016,WTSA2YR,ok,,0.2992146080091805,Heavy Metals,urine,W_ln_U,Metals and metalloids,1.1581778741376714,FALSE,,FALSE
survey_weighted,odds_ratio,1.3429312467464216,0.9747759615592672,1.850132137648376,0.1568852083674881,30,0.06993071652903739,age+sex+eth+marital+PIR_level+edu+smoke+alcohol.user+PA_level+BMI_level,,MECPP_ln_U,Phthalates_urine.rds,angina,Angina,natural_log_transformed,2143,45,2098,30,4,2013-2014|2015-2016,WTSB2YR,ok,,0.2992146080091805,Phthalates,urine,MECPP_ln_U,Phthalates,1.1553320218382277,FALSE,,FALSE
survey_weighted,odds_ratio,1.631601148329942,0.9577873301191938,2.7794503263060406,0.26083265721551147,30,0.07028531060618333,age+sex+eth+marital+PIR_level+edu+smoke+alcohol.user+PA_level+BMI_level,,GLYP_ln_U,GYLP_urine.rds,angina,Angina,natural_log_transformed,1940,40,1900,30,4,2013-2014|2015-2016,WTSSCH2Y|WTSSGL2Y,ok,,0.2992146080091805,Herbicides,urine,GLYP_ln_U,Herbicides,1.1531354315844442,FALSE,,FALSE
survey_weighted,odds_ratio,0.767854772520698,0.5735821826169224,1.0279275918104815,0.1428307910956496,30,0.07427138988654416,age+sex+eth+marital+PIR_level+edu+smoke+alcohol.user+PA_level+BMI_level,,BPS_ln_U,PCCP_urine.rds,angina,Angina,natural_log_transformed,2142,45,2097,30,4,2013-2014|2015-2016,WTSB2YR,ok,,0.30740103036375227,Personal Care Products,urine,BPS_ln_U,Personal Care Products,1.129178448786589,FALSE,,FALSE
survey_weighted,odds_ratio,1.3020389686506988,0.9682926350171844,1.7508193438390542,0.13894412949361962,15,0.07689379987956078,age+sex+eth+marital+PIR_level+edu+smoke+alcohol.user+PA_level+BMI_level,,o_ANS_ln_U,AA_urine.rds,angina,Angina,natural_log_transformed,1048,23,1025,15,2,2013-2014,WTSA2YR,ok,,0.30965341032579885,Aromatic Amines,urine,o_ANS_ln_U,Aromatic Amines,1.1141086769300297,FALSE,,FALSE
survey_weighted,odds_ratio,0.6224498115047926,0.3619399024029717,1.0704643651337042,0.26548113927930883,30,0.08424715462725045,age+sex+eth+marital+PIR_level+edu+smoke+alcohol.user+PA_level+BMI_level,,PFHS_ln_S,PFC_serum.rds,angina,Angina,natural_log_transformed,2072,45,2027,30,4,2013-2014|2015-2016,WTSB2YR,ok,,0.3303375273542189,Polyfluoroalkyl Substances (PFAS),serum,PFHS_ln_S,Polyfluoroalkyl Substances (PFAS),1.0744447581189582,FALSE,,FALSE
survey_weighted,odds_ratio,1.2293691587336015,0.9680554447144616,1.5612210402795184,0.1170103791731882,30,0.08777551650849146,age+sex+eth+marital+PIR_level+edu+smoke+alcohol.user+PA_level+BMI_level,,MCNP_ln_U,Phthalates_urine.rds,angina,Angina,natural_log_transformed,2143,45,2098,30,4,2013-2014|2015-2016,WTSB2YR,ok,,0.3348311536225111,Phthalates,urine,MCNP_ln_U,Phthalates,1.0566266062815493,FALSE,,FALSE
survey_weighted,odds_ratio,1.2745970743402384,0.959387096380424,1.693370390373164,0.13910521455877706,30,0.09136026969682616,age+sex+eth+marital+PIR_level+edu+smoke+alcohol.user+PA_level+BMI_level,,U_ln_U,HM_urine.rds,angina,Angina,natural_log_transformed,2229,46,2183,30,4,2013-2014|2015-2016,WTSA2YR,ok,,0.3348311536225111,Heavy Metals,urine,U_ln_U,Metals and metalloids,1.039242627052797,FALSE,,FALSE
survey_weighted,odds_ratio,1.2308714943041652,0.9645390920877432,1.5707446674983976,0.1193902244620212,30,0.09213474696995272,age+sex+eth+marital+PIR_level+edu+smoke+alcohol.user+PA_level+BMI_level,,BMA_ln_U,VOC_urine.rds,angina,Angina,natural_log_transformed,2208,45,2163,30,4,2013-2014|2015-2016,WTSA2YR,ok,,0.3348311536225111,Volatile Organic Compounds (VOC),urine,BMA_ln_U,Volatile Organic Compounds (VOC),1.0355765525239413,FALSE,,FALSE
survey_weighted,odds_ratio,0.6992489674425315,0.4527380944553108,1.0799822777398511,0.21284772936419205,30,0.10319186026493588,age+sex+eth+marital+PIR_level+edu+smoke+alcohol.user+PA_level+BMI_level,,X3PBA_ln_U,pesticides_urine.rds,angina,Angina,natural_log_transformed,2185,40,2145,30,4,2013-2014|2015-2016,WTSB2YR|WTSC2YR,ok,,0.3655366092905335,Pesticides,urine,3PBA_ln_U,Pesticides,0.9863545583429182,FALSE,,FALSE
survey_weighted,odds_ratio,0.5847787935292562,0.303215224472155,1.1278003535503085,0.32159802078811045,30,0.10566237048321912,age+sex+eth+marital+PIR_level+edu+smoke+alcohol.user+PA_level+BMI_level,,PFNA_ln_S,PFC_serum.rds,angina,Angina,natural_log_transformed,2072,45,2027,30,4,2013-2014|2015-2016,WTSB2YR,ok,,0.3655366092905335,Polyfluoroalkyl Substances (PFAS),serum,PFNA_ln_S,Polyfluoroalkyl Substances (PFAS),0.976079650357073,FALSE,,FALSE
survey_weighted,odds_ratio,0.4437349789687951,0.1597814109159632,1.232313136000512,0.4792141539319637,15,0.11062355139320929,age+sex+eth+marital+PIR_level+edu+smoke+alcohol.user+PA_level+BMI_level,,X4_MDA_binary_U,AA_urine.rds,angina,Angina,binary_above_detection_threshold,1006,19,987,15,2,2015-2016,WTSA2YR,ok,,0.3655366092905335,Aromatic Amines,urine,4_MDA_binary_U,Aromatic Amines,0.9561524033093027,FALSE,,FALSE
survey_weighted,odds_ratio,0.2799548478045852,0.05618381807099379,1.3949695748739304,0.7534776297717102,15,0.11176218562695932,age+sex+eth+marital+PIR_level+edu+smoke+alcohol.user+PA_level+BMI_level,,PFBA_binary_U,PFC_urine.rds,angina,Angina,binary_above_detection_threshold,1011,21,990,15,2,2013-2014,WTSSBH2Y,ok,,0.3655366092905335,Polyfluoroalkyl Substances (PFAS),urine,PFBA_binary_U,Polyfluoroalkyl Substances (PFAS),0.9517051137259566,FALSE,,FALSE
survey_weighted,odds_ratio,0.22145697245910265,0.03286007991217932,1.49248543466184,0.8951512715005242,15,0.11285022837157407,age+sex+eth+marital+PIR_level+edu+smoke+alcohol.user+PA_level+BMI_level,,X5OHIMI_binary_U,pesticides_urine.rds,angina,Angina,binary_above_detection_threshold,843,21,822,15,2,2015-2016,WTSSBI2Y,ok,,0.3655366092905335,Pesticides,urine,5OHIMI_binary_U,Pesticides,0.9474975577167988,FALSE,,FALSE
survey_weighted,odds_ratio,1.5864809073785595,0.8692523639232579,2.895501667797482,0.29459344872609966,30,0.1276904453978335,age+sex+eth+marital+PIR_level+edu+smoke+alcohol.user+PA_level+BMI_level,,PGA_ln_U,VOC_urine.rds,angina,Angina,natural_log_transformed,2181,44,2137,30,4,2013-2014|2015-2016,WTSA2YR,ok,,0.404805880091004,Volatile Organic Compounds (VOC),urine,PGA_ln_U,Volatile Organic Compounds (VOC),0.8938415981652462,FALSE,,FALSE
survey_weighted,odds_ratio,1.4477140092599317,0.8887720489755296,2.3581703036491093,0.23890066907202948,30,0.13193950743563887,age+sex+eth+marital+PIR_level+edu+smoke+alcohol.user+PA_level+BMI_level,,BCETP_ln_U,BFR_urine.rds,angina,Angina,natural_log_transformed,1942,40,1902,30,4,2013-2014|2015-2016,WTSSBI2Y|WTSSCH2Y,ok,,0.40956222099812895,Brominated Flame Retardants,urine,BCETP_ln_U,Brominated Flame Retardants,0.8796251415863476,FALSE,,FALSE
survey_weighted,odds_ratio,1.2093068426072364,0.9367285449587326,1.5612025996721497,0.12506121922993269,30,0.13907302206145383,age+sex+eth+marital+PIR_level+edu+smoke+alcohol.user+PA_level+BMI_level,,MCOP_ln_U,Phthalates_urine.rds,angina,Angina,natural_log_transformed,2143,45,2098,30,4,2013-2014|2015-2016,WTSB2YR,ok,,0.4228955160644208,Phthalates,urine,MCOP_ln_U,Phthalates,0.8567571080105725,FALSE,,FALSE
survey_weighted,odds_ratio,0.4706141315924446,0.16511773433188737,1.3413317579160802,0.5128501540711247,30,0.15206323506536437,age+sex+eth+marital+PIR_level+edu+smoke+alcohol.user+PA_level+BMI_level,,Hg_binary_U,HM_urine.rds,angina,Angina,binary_above_detection_threshold,2233,46,2187,30,4,2013-2014|2015-2016,WTSA2YR,ok,,0.4531484404947858,Heavy Metals,urine,Hg_binary_U,Metals and metalloids,0.8179757743642514,FALSE,,FALSE
survey_weighted,odds_ratio,1.3795971338624635,0.856108220140826,2.22318651659301,0.2336368042011263,30,0.17860498448369677,age+sex+eth+marital+PIR_level+edu+smoke+alcohol.user+PA_level+BMI_level,,DMA_ln_U,HM_urine.rds,angina,Angina,natural_log_transformed,2230,46,2184,30,4,2013-2014|2015-2016,WTSA2YR,ok,,0.5218067193739376,Heavy Metals,urine,DMA_ln_U,Metals and metalloids,0.7481064250468127,FALSE,,FALSE
survey_weighted,odds_ratio,1.4517349366263286,0.8310506377395712,2.5359878574353423,0.27313882511584653,30,0.1824889143638418,age+sex+eth+marital+PIR_level+edu+smoke+alcohol.user+PA_level+BMI_level,,Tl_ln_U,HM_urine.rds,angina,Angina,natural_log_transformed,2229,46,2183,30,4,2013-2014|2015-2016,WTSA2YR,ok,,0.5229009276963928,Heavy Metals,urine,Tl_ln_U,Metals and metalloids,0.7387635124504643,FALSE,,FALSE
survey_weighted,odds_ratio,1.3275649296261909,0.8632127650519477,2.0417082713869865,0.21076544410377637,30,0.18890736093107824,age+sex+eth+marital+PIR_level+edu+smoke+alcohol.user+PA_level+BMI_level,,CEMA_AAM_ln_U,VOC_urine.rds,angina,Angina,natural_log_transformed,2154,44,2110,30,4,2013-2014|2015-2016,WTSA2YR,ok,,0.531079184504352,Volatile Organic Compounds (VOC),urine,CEMA_AAM_ln_U,Volatile Organic Compounds (VOC),0.7237511191058799,FALSE,,FALSE
survey_weighted,odds_ratio,1.2841563585656326,0.8713298636900377,1.8925755009255285,0.1899044501668315,30,0.1978142652906607,age+sex+eth+marital+PIR_level+edu+smoke+alcohol.user+PA_level+BMI_level,,X34_MHA_ln_U,VOC_urine.rds,angina,Angina,natural_log_transformed,2214,45,2169,30,4,2013-2014|2015-2016,WTSA2YR,ok,,0.5445715709845126,Volatile Organic Compounds (VOC),urine,34_MHA_ln_U,Volatile Organic Compounds (VOC),0.7037423926497378,FALSE,,FALSE
survey_weighted,odds_ratio,0.5971898504677725,0.26691590121047487,1.336135149252489,0.3943163586195865,30,0.20101635170569257,age+sex+eth+marital+PIR_level+edu+smoke+alcohol.user+PA_level+BMI_level,,AsB_binary_U,HM_urine.rds,angina,Angina,binary_above_detection_threshold,2231,46,2185,30,4,2013-2014|2015-2016,WTSA2YR,ok,,0.5445715709845126,Heavy Metals,urine,AsB_binary_U,Metals and metalloids,0.6967686133919009,FALSE,,FALSE
survey_weighted,odds_ratio,1.5761012516175714,0.7495246726877216,3.314227330826555,0.3639427619695787,30,0.22093750756941383,age+sex+eth+marital+PIR_level+edu+smoke+alcohol.user+PA_level+BMI_level,,MINP_binary_U,Phthalates_urine.rds,angina,Angina,binary_above_detection_threshold,2144,45,2099,30,4,2013-2014|2015-2016,WTSB2YR,ok,,0.5767757702873074,Phthalates,urine,MINP_binary_U,Phthalates,0.655730549643891,FALSE,,FALSE
survey_weighted,odds_ratio,0.652183586386369,0.32339437105551067,1.3152468577716094,0.3434671769020832,30,0.2229674193021572,age+sex+eth+marital+PIR_level+edu+smoke+alcohol.user+PA_level+BMI_level,,PFUnDA_binary_S,PFC_serum.rds,angina,Angina,binary_above_detection_threshold,2072,45,2027,30,4,2013-2014|2015-2016,WTSB2YR,ok,,0.5767757702873074,Polyfluoroalkyl Substances (PFAS),serum,PFUnDA_binary_S,Polyfluoroalkyl Substances (PFAS),0.651758592786066,FALSE,,FALSE
survey_weighted,odds_ratio,1.694967276654794,0.7108743025433212,4.041381238078292,0.42546874029298415,30,0.22451674279640155,age+sex+eth+marital+PIR_level+edu+smoke+alcohol.user+PA_level+BMI_level,,Cs_ln_U,HM_urine.rds,angina,Angina,natural_log_transformed,2229,46,2183,30,4,2013-2014|2015-2016,WTSA2YR,ok,,0.5767757702873074,Heavy Metals,urine,Cs_ln_U,Metals and metalloids,0.6487512669859941,FALSE,,FALSE
survey_weighted,odds_ratio,1.4406631006835258,0.7766992227498355,2.6722186772930057,0.3025089020524524,30,0.2368944179492029,age+sex+eth+marital+PIR_level+edu+smoke+alcohol.user+PA_level+BMI_level,,Pb_ln_S,HM_serum.rds,angina,Angina,natural_log_transformed,3254,64,3190,30,4,2013-2014|2015-2016,WTSH2YR,ok,,0.5982587843123938,Heavy Metals,serum,Pb_ln_S,Metals and metalloids,0.6254451726348565,FALSE,,FALSE
survey_weighted,odds_ratio,1.7870587960176658,0.6522137621416358,4.896522161595521,0.49354533933489503,30,0.24871407246851068,age+sex+eth+marital+PIR_level+edu+smoke+alcohol.user+PA_level+BMI_level,,BCPP_binary_U,BFR_urine.rds,angina,Angina,binary_above_detection_threshold,1947,40,1907,30,4,2013-2014|2015-2016,WTSSBI2Y|WTSSCH2Y,ok,,0.5987255739370722,Brominated Flame Retardants,urine,BCPP_binary_U,Brominated Flame Retardants,0.6042996412579374,FALSE,,FALSE
survey_weighted,odds_ratio,0.5705951323404017,0.210517554125888,1.5465636887262455,0.4678088054576582,15,0.24898770365038075,age+sex+eth+marital+PIR_level+edu+smoke+alcohol.user+PA_level+BMI_level,,n_PFOS_ln_S,PFC_serum.rds,angina,Angina,natural_log_transformed,997,22,975,15,2,2015-2016,WTSB2YR,ok,,0.5987255739370722,Polyfluoroalkyl Substances (PFAS),serum,n_PFOS_ln_S,Polyfluoroalkyl Substances (PFAS),0.6038221001679175,FALSE,,FALSE
survey_weighted,odds_ratio,1.30745472589954,0.8205591019974897,2.083259884773384,0.22810454492408025,30,0.2491341314369025,age+sex+eth+marital+PIR_level+edu+smoke+alcohol.user+PA_level+BMI_level,,Co_ln_U,HM_urine.rds,angina,Angina,natural_log_transformed,2229,46,2183,30,4,2013-2014|2015-2016,WTSA2YR,ok,,0.5987255739370722,Heavy Metals,urine,Co_ln_U,Metals and metalloids,0.6035667699372951,FALSE,,FALSE
survey_weighted,odds_ratio,0.6893850155869407,0.34982970249758055,1.3585230079744108,0.3182592091089486,15,0.2607561874528538,age+sex+eth+marital+PIR_level+edu+smoke+alcohol.user+PA_level+BMI_level,,DMP_ln_U,pesticides_urine.rds,angina,Angina,natural_log_transformed,1031,22,1009,15,2,2015-2016,WTSB2YR,ok,,0.6167090782615113,Pesticides,urine,DMP_ln_U,Pesticides,0.5837653774565635,FALSE,,FALSE
survey_weighted,odds_ratio,1.5202036896140818,0.7156643680134017,3.229194244127844,0.3688970644255606,30,0.2651992526281576,age+sex+eth+marital+PIR_level+edu+smoke+alcohol.user+PA_level+BMI_level,,As_III_binary_U,HM_urine.rds,angina,Angina,binary_above_detection_threshold,2231,46,2185,30,4,2013-2014|2015-2016,WTSA2YR,ok,,0.6174170100249293,Heavy Metals,urine,As_III_binary_U,Metals and metalloids,0.5764277041734652,FALSE,,FALSE
survey_weighted,odds_ratio,1.6225269132787976,0.6505980657444471,4.046420859400614,0.4287448402801792,15,0.2766958628162056,age+sex+eth+marital+PIR_level+edu+smoke+alcohol.user+PA_level+BMI_level,,PPDA_binary_U,AA_urine.rds,angina,Angina,binary_above_detection_threshold,935,18,917,15,2,2015-2016,WTSA2YR,ok,,0.6326554380527506,Aromatic Amines,urine,PPDA_binary_U,Aromatic Amines,0.5579973344243718,FALSE,,FALSE
survey_weighted,odds_ratio,0.6260023503581628,0.25675534575677167,1.5262737431966729,0.4181334988950269,15,0.28023663698980894,age+sex+eth+marital+PIR_level+edu+smoke+alcohol.user+PA_level+BMI_level,,Sm_PFOS_ln_S,PFC_serum.rds,angina,Angina,natural_log_transformed,997,22,975,15,2,2015-2016,WTSB2YR,ok,,0.6326554380527506,Polyfluoroalkyl Substances (PFAS),serum,Sm_PFOS_ln_S,Polyfluoroalkyl Substances (PFAS),0.5524750874571789,FALSE,,FALSE
survey_weighted,odds_ratio,0.8248340304604719,0.5748537176951176,1.1835205320295088,0.17679648244782495,30,0.2847225547809604,age+sex+eth+marital+PIR_level+edu+smoke+alcohol.user+PA_level+BMI_level,,Total_As_ln_U,HM_urine.rds,angina,Angina,natural_log_transformed,2228,46,2182,30,4,2013-2014|2015-2016,WTSA2YR,ok,,0.6331889651098971,Heavy Metals,urine,Total_As_ln_U,Metals and metalloids,0.545578128115001,FALSE,,FALSE
survey_weighted,odds_ratio,1.1880093460480372,0.8477578274453805,1.6648223827675794,0.1652273925210582,30,0.3054270790201149,age+sex+eth+marital+PIR_level+edu+smoke+alcohol.user+PA_level+BMI_level,,X1_NP_ln_U,PAH_urine.rds,angina,Angina,natural_log_transformed,2156,42,2114,30,4,2013-2014|2015-2016,WTSA2YR,ok,,0.6656969586614453,Polycyclic Aromatic Hydrocarbons (PAH),urine,1_NP_ln_U,Polycyclic Aromatic Hydrocarbons (PAH),0.515092461229611,FALSE,,FALSE
survey_weighted,odds_ratio,0.6764358023732775,0.31310927897780605,1.461360060060095,0.3771706758793358,30,0.3082757728029512,age+sex+eth+marital+PIR_level+edu+smoke+alcohol.user+PA_level+BMI_level,,PMA_binary_U,VOC_urine.rds,angina,Angina,binary_above_detection_threshold,2181,45,2136,30,4,2013-2014|2015-2016,WTSA2YR,ok,,0.6656969586614453,Volatile Organic Compounds (VOC),urine,PMA_binary_U,Volatile Organic Compounds (VOC),0.5110606048596993,FALSE,,FALSE
survey_weighted,odds_ratio,2.6697709434060166,0.37122433266053206,19.200457144529345,0.9660520086476756,30,0.31751920896168734,age+sex+eth+marital+PIR_level+edu+smoke+alcohol.user+PA_level+BMI_level,,FA_ln_S,gas_serum.rds,angina,Angina,natural_log_transformed,1964,43,1921,30,4,2013-2014|2015-2016,WTSA2YR,ok,,0.6758623162184487,Gaseous Pollutants,serum,FA_ln_S,Gaseous Pollutants,0.4982299960610911,FALSE,,FALSE
survey_weighted,odds_ratio,1.866071652193468,0.5026912435247852,6.9271614653625235,0.6153627377957609,15,0.32676729290765016,age+sex+eth+marital+PIR_level+edu+smoke+alcohol.user+PA_level+BMI_level,,MDA_binary_U,pesticides_urine.rds,angina,Angina,binary_above_detection_threshold,1036,22,1014,15,2,2015-2016,WTSB2YR,ok,,0.6857510794822517,Pesticides,urine,MDA_binary_U,Pesticides,0.4857614197668814,FALSE,,FALSE
survey_weighted,odds_ratio,1.2751751845074977,0.7609190451512692,2.136983903275112,0.25281243623321176,30,0.34397844738779537,age+sex+eth+marital+PIR_level+edu+smoke+alcohol.user+PA_level+BMI_level,,Pb_ln_U,HM_urine.rds,angina,Angina,natural_log_transformed,2229,46,2183,30,4,2013-2014|2015-2016,WTSA2YR,ok,,0.7083251786012442,Heavy Metals,urine,Pb_ln_U,Metals and metalloids,0.4634687681080767,FALSE,,FALSE
survey_weighted,odds_ratio,1.1502387892360304,0.8524208307222281,1.5521080956482411,0.14672112138352544,30,0.3477160136037568,age+sex+eth+marital+PIR_level+edu+smoke+alcohol.user+PA_level+BMI_level,,MBzP_ln_U,Phthalates_urine.rds,angina,Angina,natural_log_transformed,2143,45,2098,30,4,2013-2014|2015-2016,WTSB2YR,ok,,0.7083251786012442,Phthalates,urine,MBzP_ln_U,Phthalates,0.45877530799490784,FALSE,,FALSE
survey_weighted,odds_ratio,1.314574749597159,0.716235985342102,2.4127617260853245,0.2849041433400245,15,0.3522662654830607,age+sex+eth+marital+PIR_level+edu+smoke+alcohol.user+PA_level+BMI_level,,X4_ABP_ln_U,AA_urine.rds,angina,Angina,natural_log_transformed,1120,23,1097,15,2,2013-2014,WTSA2YR,ok,,0.7083251786012442,Aromatic Amines,urine,4_ABP_ln_U,Aromatic Amines,0.453128944715554,FALSE,,FALSE
survey_weighted,odds_ratio,1.190157340815306,0.8138836985219361,1.740389319099236,0.1860786576635988,30,0.35697622130066164,age+sex+eth+marital+PIR_level+edu+smoke+alcohol.user+PA_level+BMI_level,,DPHP_ln_U,BFR_urine.rds,angina,Angina,natural_log_transformed,1944,40,1904,30,4,2013-2014|2015-2016,WTSSBI2Y|WTSSCH2Y,ok,,0.7083251786012442,Brominated Flame Retardants,urine,DPHP_ln_U,Brominated Flame Retardants,0.44736071190418947,FALSE,,FALSE
survey_weighted,odds_ratio,2.1992650604060726,0.3694192440626055,13.092893463620532,0.8369639159096911,15,0.36129337968922526,age+sex+eth+marital+PIR_level+edu+smoke+alcohol.user+PA_level+BMI_level,,PFHpA_binary_S,PFC_serum.rds,angina,Angina,binary_above_detection_threshold,1075,23,1052,15,2,2013-2014,WTSB2YR,ok,,0.7083251786012442,Polyfluoroalkyl Substances (PFAS),serum,PFHpA_binary_S,Polyfluoroalkyl Substances (PFAS),0.4421399963361569,FALSE,,FALSE
survey_weighted,odds_ratio,0.6285667580306716,0.21038032601077655,1.8780091123204663,0.5135121653523002,15,0.38018705976966416,age+sex+eth+marital+PIR_level+edu+smoke+alcohol.user+PA_level+BMI_level,,DETP_binary_U,pesticides_urine.rds,angina,Angina,binary_above_detection_threshold,1035,22,1013,15,2,2015-2016,WTSB2YR,ok,,0.7331052457032401,Pesticides,urine,DETP_binary_U,Pesticides,0.420002669075701,FALSE,,FALSE
survey_weighted,odds_ratio,1.253758689035977,0.7430164006309843,2.115580287323826,0.25617696114622485,30,0.3843784563335755,age+sex+eth+marital+PIR_level+edu+smoke+alcohol.user+PA_level+BMI_level,,MiBP_ln_U,Phthalates_urine.rds,angina,Angina,natural_log_transformed,2143,45,2098,30,4,2013-2014|2015-2016,WTSB2YR,ok,,0.7331052457032401,Phthalates,urine,MiBP_ln_U,Phthalates,0.4152409616841487,FALSE,,FALSE
survey_weighted,odds_ratio,0.5548175670702733,0.13485266282686295,2.282658171348013,0.6636124972793127,15,0.3886933853057447,age+sex+eth+marital+PIR_level+edu+smoke+alcohol.user+PA_level+BMI_level,,NDMA_binary_U,pesticides_urine.rds,angina,Angina,binary_above_detection_threshold,891,21,870,15,2,2015-2016,WTSSBI2Y,ok,,0.7331052457032401,Pesticides,urine,NDMA_binary_U,Pesticides,0.41039285002903225,FALSE,,FALSE
survey_weighted,odds_ratio,1.586247670733153,0.5208489219226146,4.830924221976591,0.5453075198632291,30,0.4042090652907851,age+sex+eth+marital+PIR_level+edu+smoke+alcohol.user+PA_level+BMI_level,,AsC_binary_U,HM_urine.rds,angina,Angina,binary_above_detection_threshold,2231,46,2185,30,4,2013-2014|2015-2016,WTSA2YR,ok,,0.7388039552852826,Heavy Metals,urine,AsC_binary_U,Metals and metalloids,0.3933939506880666,FALSE,,FALSE
survey_weighted,odds_ratio,1.1886448345975045,0.782355846037099,1.8059257177817911,0.2048010089513766,30,0.405452051449973,age+sex+eth+marital+PIR_level+edu+smoke+alcohol.user+PA_level+BMI_level,,THg_ln_S,HM_serum.rds,angina,Angina,natural_log_transformed,3254,64,3190,30,4,2013-2014|2015-2016,WTSH2YR,ok,,0.7388039552852826,Heavy Metals,serum,THg_ln_S,Metals and metalloids,0.3920604978571379,FALSE,,FALSE
survey_weighted,odds_ratio,0.7618950020625992,0.39386306915609787,1.4738218422248357,0.32307415345536056,30,0.4065900961972696,age+sex+eth+marital+PIR_level+edu+smoke+alcohol.user+PA_level+BMI_level,,MEHP_binary_U,Phthalates_urine.rds,angina,Angina,binary_above_detection_threshold,2144,45,2099,30,4,2013-2014|2015-2016,WTSB2YR,ok,,0.7388039552852826,Phthalates,urine,MEHP_binary_U,Phthalates,0.39084320420083213,FALSE,,FALSE
survey_weighted,odds_ratio,0.7055208843499251,0.2912807831044514,1.708865627690266,0.4331687860573471,30,0.4269990882018666,age+sex+eth+marital+PIR_level+edu+smoke+alcohol.user+PA_level+BMI_level,,TCC_binary_U,PCCP_urine.rds,angina,Angina,binary_above_detection_threshold,2145,45,2100,30,4,2013-2014|2015-2016,WTSB2YR,ok,,0.760178102398301,Personal Care Products,urine,TCC_binary_U,Personal Care Products,0.36957305235043453,FALSE,,FALSE
survey_weighted,odds_ratio,1.15621382931641,0.7960283266225399,1.6793754372718617,0.1827724959085755,30,0.4333393842429773,age+sex+eth+marital+PIR_level+edu+smoke+alcohol.user+PA_level+BMI_level,,Toluene_ln_S,VOC_serum.rds,angina,Angina,natural_log_transformed,3095,61,3034,30,4,2013-2014|2015-2016,WTSVOC2Y,ok,,0.760178102398301,Volatile Organic Compounds (VOC),serum,Toluene_ln_S,Volatile Organic Compounds (VOC),0.363171838124391,FALSE,,FALSE
survey_weighted,odds_ratio,0.616711225131898,0.17777683695470745,2.1393829574129763,0.6090626356825062,30,0.43365864901916495,age+sex+eth+marital+PIR_level+edu+smoke+alcohol.user+PA_level+BMI_level,,BDCM_binary_S,VOC_serum.rds,angina,Angina,binary_above_detection_threshold,3134,62,3072,30,4,2013-2014|2015-2016,WTSVOC2Y,ok,,0.760178102398301,Volatile Organic Compounds (VOC),serum,BDCM_binary_S,Volatile Organic Compounds (VOC),0.3628519874868758,FALSE,,FALSE
survey_weighted,odds_ratio,1.2912091919735358,0.6349815995713028,2.6256212440841553,0.3475238540378606,30,0.4677892625478769,age+sex+eth+marital+PIR_level+edu+smoke+alcohol.user+PA_level+BMI_level,,X14_DCB_binary_S,VOC_serum.rds,angina,Angina,binary_above_detection_threshold,3128,61,3067,30,4,2013-2014|2015-2016,WTSVOC2Y,ok,,0.8037305117298568,Volatile Organic Compounds (VOC),serum,14_DCB_binary_S,Volatile Organic Compounds (VOC),0.32994975103846297,FALSE,,FALSE
survey_weighted,odds_ratio,0.8173452026357427,0.45806897315487216,1.4584117663996332,0.2716657132654664,15,0.4692923122181043,age+sex+eth+marital+PIR_level+edu+smoke+alcohol.user+PA_level+BMI_level,,A_a_C_binary_U,AA_urine.rds,angina,Angina,binary_above_detection_threshold,1155,26,1129,15,2,2013-2014,WTSA2YR,ok,,0.8037305117298568,Aromatic Amines,urine,A_a_C_binary_U,Aromatic Amines,0.32855656018895946,FALSE,,FALSE
survey_weighted,odds_ratio,0.7813127392805258,0.36773027425369725,1.6600471576645048,0.36901334234233224,30,0.5087650630805931,age+sex+eth+marital+PIR_level+edu+smoke+alcohol.user+PA_level+BMI_level,,HEMA_binary_U,VOC_urine.rds,angina,Angina,binary_above_detection_threshold,2200,45,2155,30,4,2013-2014|2015-2016,WTSA2YR,ok,,0.8524836300624886,Volatile Organic Compounds (VOC),urine,HEMA_binary_U,Volatile Organic Compounds (VOC),0.29348271935701564,FALSE,,FALSE
survey_weighted,odds_ratio,0.3310999750152889,0.01059120468622572,10.350776583300236,1.6855716035179291,30,0.5169748266347071,age+sex+eth+marital+PIR_level+edu+smoke+alcohol.user+PA_level+BMI_level,,Se_ln_S,HM_serum.rds,angina,Angina,natural_log_transformed,3253,63,3190,30,4,2013-2014|2015-2016,WTSH2YR,ok,,0.8524836300624886,Heavy Metals,serum,Se_ln_S,Metals and metalloids,0.28653060375288236,FALSE,,FALSE
survey_weighted,odds_ratio,0.445682066277597,0.03087971818446049,6.432458451043302,1.2524369852125898,15,0.5285048108848185,age+sex+eth+marital+PIR_level+edu+smoke+alcohol.user+PA_level+BMI_level,,DPCP_binary_U,BFR_urine.rds,angina,Angina,binary_above_detection_threshold,1047,19,1028,15,2,2013-2014,WTSSCH2Y,ok,,0.8524836300624886,Brominated Flame Retardants,urine,DPCP_binary_U,Brominated Flame Retardants,0.276951055033527,FALSE,,FALSE
survey_weighted,odds_ratio,0.94059571090886,0.7722860453322922,1.1455862717284688,0.09653873678841272,30,0.5306435809371716,age+sex+eth+marital+PIR_level+edu+smoke+alcohol.user+PA_level+BMI_level,,X25_DCP_ln_U,PCCP_urine.rds,angina,Angina,natural_log_transformed,2143,45,2098,30,4,2013-2014|2015-2016,WTSB2YR,ok,,0.8524836300624886,Personal Care Products,urine,25_DCP_ln_U,Personal Care Products,0.27519708495435397,FALSE,,FALSE
survey_weighted,odds_ratio,0.7276210443589318,0.2506891559015048,2.111907801875544,0.49992580048360413,15,0.5343328561725342,age+sex+eth+marital+PIR_level+edu+smoke+alcohol.user+PA_level+BMI_level,,X2_AN_ln_U,AA_urine.rds,angina,Angina,natural_log_transformed,1116,21,1095,15,2,2013-2014,WTSA2YR,ok,,0.8524836300624886,Aromatic Amines,urine,2_AN_ln_U,Aromatic Amines,0.27218812019158356,FALSE,,FALSE
survey_weighted,odds_ratio,0.8032883926563003,0.3837121409327905,1.6816570885865345,0.3466284982229373,15,0.5369520896456296,age+sex+eth+marital+PIR_level+edu+smoke+alcohol.user+PA_level+BMI_level,,Harman_ln_U,AA_urine.rds,angina,Angina,natural_log_transformed,1155,26,1129,15,2,2013-2014,WTSA2YR,ok,,0.8524836300624886,Aromatic Amines,urine,Harman_ln_U,Aromatic Amines,0.27006446314733157,FALSE,,FALSE
survey_weighted,odds_ratio,0.798003985885141,0.38098807674533414,1.6714705796796858,0.3620209977343348,30,0.5378084646031808,age+sex+eth+marital+PIR_level+edu+smoke+alcohol.user+PA_level+BMI_level,,DCVDMPCA_binary_U,pesticides_urine.rds,angina,Angina,binary_above_detection_threshold,2177,42,2135,30,4,2013-2014|2015-2016,WTSB2YR|WTSC2YR,ok,,0.8524836300624886,Pesticides,urine,DCVDMPCA_binary_U,Pesticides,0.2693723666692004,FALSE,,FALSE
survey_weighted,odds_ratio,1.183129527312101,0.671808050365601,2.0836241507317164,0.2771156641699671,30,0.5485268366501379,age+sex+eth+marital+PIR_level+edu+smoke+alcohol.user+PA_level+BMI_level,,Sr_ln_U,HM_urine.rds,angina,Angina,natural_log_transformed,2229,46,2183,30,4,2013-2014|2015-2016,WTSA2YR,ok,,0.8594958116285234,Heavy Metals,urine,Sr_ln_U,Metals and metalloids,0.2608021197320182,FALSE,,FALSE
survey_weighted,odds_ratio,0.7173198061999918,0.21686918652530932,2.3726178560029982,0.5612271858393201,15,0.5626832329129019,age+sex+eth+marital+PIR_level+edu+smoke+alcohol.user+PA_level+BMI_level,,PhIP_binary_U,AA_urine.rds,angina,Angina,binary_above_detection_threshold,1154,26,1128,15,2,2013-2014,WTSA2YR,ok,,0.8594958116285234,Aromatic Amines,urine,PhIP_binary_U,Aromatic Amines,0.24973602595476366,FALSE,,FALSE
survey_weighted,odds_ratio,0.6618909723052223,0.14744176409091675,2.9713403249096224,0.7045287902794726,15,0.566774685681027,age+sex+eth+marital+PIR_level+edu+smoke+alcohol.user+PA_level+BMI_level,,DMDTP_binary_U,pesticides_urine.rds,angina,Angina,binary_above_detection_threshold,1035,22,1013,15,2,2015-2016,WTSB2YR,ok,,0.8594958116285234,Pesticides,urine,DMDTP_binary_U,Pesticides,0.2465895552392447,FALSE,,FALSE
survey_weighted,odds_ratio,0.8411621550408266,0.455845864771836,1.5521776673943914,0.2999745284479098,30,0.568498963263764,age+sex+eth+marital+PIR_level+edu+smoke+alcohol.user+PA_level+BMI_level,,PHE_Cys_binary_U,VOC_urine.rds,angina,Angina,binary_above_detection_threshold,2169,45,2124,30,4,2013-2014|2015-2016,WTSA2YR,ok,,0.8594958116285234,Volatile Organic Compounds (VOC),urine,PHE_Cys_binary_U,Volatile Organic Compounds (VOC),0.2452703229713863,FALSE,,FALSE
survey_weighted,odds_ratio,0.816920494167146,0.397230744092391,1.6800288087345887,0.3530500753306318,30,0.5710743983303612,age+sex+eth+marital+PIR_level+edu+smoke+alcohol.user+PA_level+BMI_level,,Benzene_binary_S,VOC_serum.rds,angina,Angina,binary_above_detection_threshold,3077,61,3016,30,4,2013-2014|2015-2016,WTSVOC2Y,ok,,0.8594958116285234,Volatile Organic Compounds (VOC),serum,Benzene_binary_S,Volatile Organic Compounds (VOC),0.2433073091279559,FALSE,,FALSE
survey_weighted,odds_ratio,0.746319505522059,0.23898233441849484,2.3306860972715686,0.5575965939076115,30,0.60361021537616,age+sex+eth+marital+PIR_level+edu+smoke+alcohol.user+PA_level+BMI_level,,Mn_binary_U,HM_urine.rds,angina,Angina,binary_above_detection_threshold,2230,46,2184,30,4,2013-2014|2015-2016,WTSA2YR,ok,,0.8985273010555264,Heavy Metals,urine,Mn_binary_U,Metals and metalloids,0.21924341892302898,FALSE,,FALSE
survey_weighted,odds_ratio,0.8099753678015571,0.3513727053747188,1.867134488279667,0.40893482929635905,30,0.6100738343631253,age+sex+eth+marital+PIR_level+edu+smoke+alcohol.user+PA_level+BMI_level,,Perchlorate_ln_U,PERNT_urine.rds,angina,Angina,natural_log_transformed,2219,45,2174,30,4,2013-2014|2015-2016,WTSA2YR,ok,,0.8985273010555264,Inorganic Anions,urine,Perchlorate_ln_U,Inorganic Anions,0.21461760119249182,FALSE,,FALSE
survey_weighted,odds_ratio,0.944020315734874,0.7447081781024906,1.1966759365942177,0.11612321935329362,30,0.62344598960667,age+sex+eth+marital+PIR_level+edu+smoke+alcohol.user+PA_level+BMI_level,,X24_DCP_ln_U,PCCP_urine.rds,angina,Angina,natural_log_transformed,2143,45,2098,30,4,2013-2014|2015-2016,WTSB2YR,ok,,0.8985273010555264,Personal Care Products,urine,24_DCP_ln_U,Personal Care Products,0.20520116436955696,FALSE,,FALSE
survey_weighted,odds_ratio,1.283007415142665,0.4591819378466415,3.5848710317974946,0.5031236800403208,30,0.6239835371985192,age+sex+eth+marital+PIR_level+edu+smoke+alcohol.user+PA_level+BMI_level,,DBUP_binary_U,BFR_urine.rds,angina,Angina,binary_above_detection_threshold,1945,40,1905,30,4,2013-2014|2015-2016,WTSSBI2Y|WTSSCH2Y,ok,,0.8985273010555264,Brominated Flame Retardants,urine,DBUP_binary_U,Brominated Flame Retardants,0.20482686832744088,FALSE,,FALSE
survey_weighted,odds_ratio,1.2827548778372746,0.4532279586905313,3.63053524184473,0.5094178645301911,30,0.6285287105561173,age+sex+eth+marital+PIR_level+edu+smoke+alcohol.user+PA_level+BMI_level,,Furan_binary_S,VOC_serum.rds,angina,Angina,binary_above_detection_threshold,3160,62,3098,30,4,2013-2014|2015-2016,WTSVOC2Y,ok,,0.8985273010555264,Volatile Organic Compounds (VOC),serum,Furan_binary_S,Volatile Organic Compounds (VOC),0.20167487939201256,FALSE,,FALSE
survey_weighted,odds_ratio,0.8298870370040843,0.3767133302805916,1.8282137605123687,0.38672856211250783,30,0.6331903799384582,age+sex+eth+marital+PIR_level+edu+smoke+alcohol.user+PA_level+BMI_level,,IHg_binary_S,HM_serum.rds,angina,Angina,binary_above_detection_threshold,3249,64,3185,30,4,2013-2014|2015-2016,WTSH2YR,ok,,0.8985273010555264,Heavy Metals,serum,IHg_binary_S,Metals and metalloids,0.19846569199569045,FALSE,,FALSE
survey_weighted,odds_ratio,0.9084724140058618,0.5822248093286017,1.4175317055990215,0.20873488678132857,15,0.6522051892678742,age+sex+eth+marital+PIR_level+edu+smoke+alcohol.user+PA_level+BMI_level,,DMTP_ln_U,pesticides_urine.rds,angina,Angina,natural_log_transformed,1039,22,1017,15,2,2015-2016,WTSB2YR,ok,,0.9081762953102503,Pesticides,urine,DMTP_ln_U,Pesticides,0.18561575005407718,FALSE,,FALSE
survey_weighted,odds_ratio,1.0737928052515948,0.7769001743342219,1.4841430426994036,0.15847076150161973,30,0.6564618826048215,age+sex+eth+marital+PIR_level+edu+smoke+alcohol.user+PA_level+BMI_level,,BPA_ln_U,PCCP_urine.rds,angina,Angina,natural_log_transformed,2143,45,2098,30,4,2013-2014|2015-2016,WTSB2YR,ok,,0.9081762953102503,Personal Care Products,urine,BPA_ln_U,Personal Care Products,0.1827904861091393,FALSE,,FALSE
survey_weighted,odds_ratio,1.0677845299633335,0.7880246135214433,1.446863185318503,0.14876170045493414,30,0.6624612306602742,age+sex+eth+marital+PIR_level+edu+smoke+alcohol.user+PA_level+BMI_level,,MEP_ln_U,Phthalates_urine.rds,angina,Angina,natural_log_transformed,2143,45,2098,30,4,2013-2014|2015-2016,WTSB2YR,ok,,0.9081762953102503,Phthalates,urine,MEP_ln_U,Phthalates,0.17883953294283278,FALSE,,FALSE
survey_weighted,odds_ratio,0.9504874220808904,0.7501819898485967,1.2042762313132953,0.1158802773519703,30,0.6643705784484383,age+sex+eth+marital+PIR_level+edu+smoke+alcohol.user+PA_level+BMI_level,,DEA_ln_U,pesticides_urine.rds,angina,Angina,natural_log_transformed,2180,42,2138,30,4,2013-2014|2015-2016,WTSB2YR|WTSC2YR,ok,,0.9081762953102503,Pesticides,urine,DEA_ln_U,Pesticides,0.17758960846088329,FALSE,,FALSE
survey_weighted,odds_ratio,1.056811268890977,0.8042943806037112,1.3886085555100338,0.13369718047910728,30,0.68233120700679,age+sex+eth+marital+PIR_level+edu+smoke+alcohol.user+PA_level+BMI_level,,X24D_ln_U,pesticides_urine.rds,angina,Angina,natural_log_transformed,2203,42,2161,30,4,2013-2014|2015-2016,WTSB2YR|WTSC2YR,ok,,0.9180576020385748,Pesticides,urine,24D_ln_U,Pesticides,0.1660047654328139,FALSE,,FALSE
survey_weighted,odds_ratio,1.0858340965713755,0.7044242965221967,1.673757834728268,0.21188301950911437,30,0.7002793939519514,age+sex+eth+marital+PIR_level+edu+smoke+alcohol.user+PA_level+BMI_level,,Ba_ln_U,HM_urine.rds,angina,Angina,natural_log_transformed,2229,46,2183,30,4,2013-2014|2015-2016,WTSA2YR,ok,,0.9180576020385748,Heavy Metals,urine,Ba_ln_U,Metals and metalloids,0.15472865278184667,FALSE,,FALSE
survey_weighted,odds_ratio,1.0982657000093885,0.6687632700905725,1.803609142071685,0.2428948378373083,30,0.7022963544687857,age+sex+eth+marital+PIR_level+edu+smoke+alcohol.user+PA_level+BMI_level,,Sb_ln_U,HM_urine.rds,angina,Angina,natural_log_transformed,2229,46,2183,30,4,2013-2014|2015-2016,WTSA2YR,ok,,0.9180576020385748,Heavy Metals,urine,Sb_ln_U,Metals and metalloids,0.15347958594538083,FALSE,,FALSE
survey_weighted,odds_ratio,0.9357532589924628,0.6522664244771182,1.3424486204651065,0.1767142887642165,30,0.7097340130071721,age+sex+eth+marital+PIR_level+edu+smoke+alcohol.user+PA_level+BMI_level,,X2_MHA_ln_U,VOC_urine.rds,angina,Angina,natural_log_transformed,2090,44,2046,30,4,2013-2014|2015-2016,WTSA2YR,ok,,0.9180576020385748,Volatile Organic Compounds (VOC),urine,2_MHA_ln_U,Volatile Organic Compounds (VOC),0.14890438131843373,FALSE,,FALSE
survey_weighted,odds_ratio,1.392837656383448,0.2161368261889184,8.975780625852469,0.8741406836096414,15,0.7099624291800885,age+sex+eth+marital+PIR_level+edu+smoke+alcohol.user+PA_level+BMI_level,,MeA_a_C_binary_U,AA_urine.rds,angina,Angina,binary_above_detection_threshold,1154,26,1128,15,2,2013-2014,WTSA2YR,ok,,0.9180576020385748,Aromatic Amines,urine,MeA_a_C_binary_U,Aromatic Amines,0.1487646332971199,FALSE,,FALSE
survey_weighted,odds_ratio,1.0770544577840224,0.7072527485230286,1.6402146297133309,0.2059456575078238,30,0.7210475399561194,age+sex+eth+marital+PIR_level+edu+smoke+alcohol.user+PA_level+BMI_level,,Sn_ln_U,HM_urine.rds,angina,Angina,natural_log_transformed,2228,46,2182,30,4,2013-2014|2015-2016,WTSA2YR,ok,,0.9180576020385748,Heavy Metals,urine,Sn_ln_U,Metals and metalloids,0.14203610052332757,FALSE,,FALSE
survey_weighted,odds_ratio,1.1473600583494143,0.5108546958419511,2.5769266960068276,0.379616672356682,15,0.7223192679377717,age+sex+eth+marital+PIR_level+edu+smoke+alcohol.user+PA_level+BMI_level,,o_TLD_ln_U,AA_urine.rds,angina,Angina,natural_log_transformed,1078,22,1056,15,2,2013-2014,WTSA2YR,ok,,0.9180576020385748,Aromatic Amines,urine,o_TLD_ln_U,Aromatic Amines,0.14127080013701857,FALSE,,FALSE
survey_weighted,odds_ratio,1.0628560844446755,0.7422531728782475,1.5219376588995293,0.1757966198558356,30,0.7311902676669889,age+sex+eth+marital+PIR_level+edu+smoke+alcohol.user+PA_level+BMI_level,,NPMA_ln_U,VOC_urine.rds,angina,Angina,natural_log_transformed,2188,45,2143,30,4,2013-2014|2015-2016,WTSA2YR,ok,,0.9180576020385748,Volatile Organic Compounds (VOC),urine,NPMA_ln_U,Volatile Organic Compounds (VOC),0.1359695978084863,FALSE,,FALSE
survey_weighted,odds_ratio,1.2361114082374864,0.33806407881640194,4.519768615832984,0.6082669481711733,15,0.7323205901313876,age+sex+eth+marital+PIR_level+edu+smoke+alcohol.user+PA_level+BMI_level,,TBPPP_binary_U,BFR_urine.rds,angina,Angina,binary_above_detection_threshold,900,21,879,15,2,2015-2016,WTSSBI2Y,ok,,0.9180576020385748,Brominated Flame Retardants,urine,TBPPP_binary_U,Brominated Flame Retardants,0.13529875494585863,FALSE,,FALSE
survey_weighted,odds_ratio,1.0765095346892548,0.6846996583431816,1.6925271747339354,0.21229631622674913,15,0.7332137895475865,age+sex+eth+marital+PIR_level+edu+smoke+alcohol.user+PA_level+BMI_level,,X1_AN_ln_U,AA_urine.rds,angina,Angina,natural_log_transformed,1109,23,1086,15,2,2013-2014,WTSA2YR,ok,,0.9180576020385748,Aromatic Amines,urine,1_AN_ln_U,Aromatic Amines,0.13476937585915336,FALSE,,FALSE
survey_weighted,odds_ratio,0.960560297148958,0.7385707963788498,1.2492723635739418,0.12868008564735192,30,0.7566705146067836,age+sex+eth+marital+PIR_level+edu+smoke+alcohol.user+PA_level+BMI_level,,MeP_ln_U,PCCP_urine.rds,angina,Angina,natural_log_transformed,2143,45,2098,30,4,2013-2014|2015-2016,WTSB2YR,ok,,0.933319099428778,Personal Care Products,urine,MeP_ln_U,Personal Care Products,0.12109318897820012,FALSE,,FALSE
survey_weighted,odds_ratio,0.9445017220498616,0.6406182149848195,1.3925353386592256,0.19009404839900793,30,0.7659697371675351,age+sex+eth+marital+PIR_level+edu+smoke+alcohol.user+PA_level+BMI_level,,BDCPP_ln_U,BFR_urine.rds,angina,Angina,natural_log_transformed,1936,38,1898,30,4,2013-2014|2015-2016,WTSSBI2Y|WTSSCH2Y,ok,,0.933319099428778,Brominated Flame Retardants,urine,BDCPP_ln_U,Brominated Flame Retardants,0.11578838864517284,FALSE,,FALSE
survey_weighted,odds_ratio,0.8891089624260398,0.3972864861480331,1.9897851415256924,0.394444015003925,30,0.7677742278890284,age+sex+eth+marital+PIR_level+edu+smoke+alcohol.user+PA_level+BMI_level,,m_p_Xylene_binary_S,VOC_serum.rds,angina,Angina,binary_above_detection_threshold,3144,61,3083,30,4,2013-2014|2015-2016,WTSVOC2Y,ok,,0.933319099428778,Volatile Organic Compounds (VOC),serum,m_p_Xylene_binary_S,Volatile Organic Compounds (VOC),0.11476647006887958,FALSE,,FALSE
survey_weighted,odds_ratio,0.7237044977415998,0.06783178315561578,7.721280138690566,1.1106771438710807,15,0.7749249337771744,age+sex+eth+marital+PIR_level+edu+smoke+alcohol.user+PA_level+BMI_level,,IPPPP_binary_U,BFR_urine.rds,angina,Angina,binary_above_detection_threshold,899,21,878,15,2,2015-2016,WTSSBI2Y,ok,,0.933319099428778,Brominated Flame Retardants,urine,IPPPP_binary_U,Brominated Flame Retardants,0.1107403651392453,FALSE,,FALSE
survey_weighted,odds_ratio,0.8463319747395585,0.25153650372763187,2.847609793615318,0.5941046509087007,30,0.7807670202649707,age+sex+eth+marital+PIR_level+edu+smoke+alcohol.user+PA_level+BMI_level,,DBCM_binary_S,VOC_serum.rds,angina,Angina,binary_above_detection_threshold,3158,62,3096,30,4,2013-2014|2015-2016,WTSVOC2Y,ok,,0.933319099428778,Volatile Organic Compounds (VOC),serum,DBCM_binary_S,Volatile Organic Compounds (VOC),0.10747853962855064,FALSE,,FALSE
survey_weighted,odds_ratio,1.055064610921578,0.7080361085132316,1.572181587682824,0.19530312533268007,30,0.7856157839029512,age+sex+eth+marital+PIR_level+edu+smoke+alcohol.user+PA_level+BMI_level,,X2_NP_ln_U,PAH_urine.rds,angina,Angina,natural_log_transformed,2191,43,2148,30,4,2013-2014|2015-2016,WTSA2YR,ok,,0.933319099428778,Polycyclic Aromatic Hydrocarbons (PAH),urine,2_NP_ln_U,Polycyclic Aromatic Hydrocarbons (PAH),0.10478979966981704,FALSE,,FALSE
survey_weighted,odds_ratio,1.041151647361466,0.7669817310227481,1.4133279959067817,0.1496469040761414,30,0.78940215632719,age+sex+eth+marital+PIR_level+edu+smoke+alcohol.user+PA_level+BMI_level,,MCPP_ln_U,Phthalates_urine.rds,angina,Angina,natural_log_transformed,2143,45,2098,30,4,2013-2014|2015-2016,WTSB2YR,ok,,0.933319099428778,Phthalates,urine,MCPP_ln_U,Phthalates,0.10270169162213413,FALSE,,FALSE
survey_weighted,odds_ratio,0.9477004537820058,0.6174705968097929,1.4545407582788656,0.2097697704890859,30,0.79964070273964,age+sex+eth+marital+PIR_level+edu+smoke+alcohol.user+PA_level+BMI_level,,MnBP_ln_U,Phthalates_urine.rds,angina,Angina,natural_log_transformed,2143,45,2098,30,4,2013-2014|2015-2016,WTSB2YR,ok,,0.933319099428778,Phthalates,urine,MnBP_ln_U,Phthalates,0.09710510784390816,FALSE,,FALSE
survey_weighted,odds_ratio,1.0906560065160429,0.4803419081781325,2.4764246140030544,0.4015313791580273,30,0.8303562636871351,age+sex+eth+marital+PIR_level+edu+smoke+alcohol.user+PA_level+BMI_level,,MMA_binary_U,HM_urine.rds,angina,Angina,binary_above_detection_threshold,2231,46,2185,30,4,2013-2014|2015-2016,WTSA2YR,ok,,0.933319099428778,Heavy Metals,urine,MMA_binary_U,Metals and metalloids,0.08073553394114044,FALSE,,FALSE
survey_weighted,odds_ratio,0.983272908168001,0.837815809883188,1.1539834896072887,0.07838740120857261,30,0.8310716490653081,age+sex+eth+marital+PIR_level+edu+smoke+alcohol.user+PA_level+BMI_level,,BP3_ln_U,PCCP_urine.rds,angina,Angina,natural_log_transformed,2143,45,2098,30,4,2013-2014|2015-2016,WTSB2YR,ok,,0.933319099428778,Personal Care Products,urine,BP3_ln_U,Personal Care Products,0.08036153283162385,FALSE,,FALSE
survey_weighted,odds_ratio,1.0985656851201764,0.44728020200486296,2.698189097380262,0.4399880310784857,30,0.8322619554078062,age+sex+eth+marital+PIR_level+edu+smoke+alcohol.user+PA_level+BMI_level,,BPF_binary_U,PCCP_urine.rds,angina,Angina,binary_above_detection_threshold,2144,45,2099,30,4,2013-2014|2015-2016,WTSB2YR,ok,,0.933319099428778,Personal Care Products,urine,BPF_binary_U,Personal Care Products,0.07973995750461271,FALSE,,FALSE
survey_weighted,odds_ratio,0.9468295486419712,0.548644859540384,1.6340008998399655,0.2671865540380949,30,0.839353903465252,age+sex+eth+marital+PIR_level+edu+smoke+alcohol.user+PA_level+BMI_level,,Thiocyanate_ln_U,PERNT_urine.rds,angina,Angina,natural_log_transformed,2215,45,2170,30,4,2013-2014|2015-2016,WTSA2YR,ok,,0.933319099428778,Inorganic Anions,urine,Thiocyanate_ln_U,Inorganic Anions,0.07605488551813276,FALSE,,FALSE
survey_weighted,odds_ratio,0.9074599988739372,0.3000332566418346,2.7446412400186744,0.5192504627249181,15,0.8541576132429034,age+sex+eth+marital+PIR_level+edu+smoke+alcohol.user+PA_level+BMI_level,,X26_DMA_binary_U,AA_urine.rds,angina,Angina,binary_above_detection_threshold,1065,24,1041,15,2,2013-2014,WTSA2YR,ok,,0.933319099428778,Aromatic Amines,urine,26_DMA_binary_U,Aromatic Amines,0.0684619838240312,FALSE,,FALSE
survey_weighted,odds_ratio,1.1069221535280036,0.35761128368849804,3.426280740734027,0.5532523380968096,30,0.8555538692032345,age+sex+eth+marital+PIR_level+edu+smoke+alcohol.user+PA_level+BMI_level,,X25_DMF_binary_S,VOC_serum.rds,angina,Angina,binary_above_detection_threshold,3156,62,3094,30,4,2013-2014|2015-2016,WTSVOC2Y,ok,,0.933319099428778,Volatile Organic Compounds (VOC),serum,25_DMF_binary_S,Volatile Organic Compounds (VOC),0.06775264028866952,FALSE,,FALSE
survey_weighted,odds_ratio,1.052185771732279,0.5942486149758844,1.863016371154317,0.27975072058377365,30,0.8569319146412753,age+sex+eth+marital+PIR_level+edu+smoke+alcohol.user+PA_level+BMI_level,,Chloroform_binary_S,VOC_serum.rds,angina,Angina,binary_above_detection_threshold,3074,61,3013,30,4,2013-2014|2015-2016,WTSVOC2Y,ok,,0.933319099428778,Volatile Organic Compounds (VOC),serum,Chloroform_binary_S,Volatile Organic Compounds (VOC),0.06705368247613709,FALSE,,FALSE
survey_weighted,odds_ratio,0.9312041806216268,0.4078297798176498,2.1262332201314837,0.40426960805291634,30,0.8612353484876297,age+sex+eth+marital+PIR_level+edu+smoke+alcohol.user+PA_level+BMI_level,,Ethylbenzene_binary_S,VOC_serum.rds,angina,Angina,binary_above_detection_threshold,3092,60,3032,30,4,2013-2014|2015-2016,WTSVOC2Y,ok,,0.933319099428778,Volatile Organic Compounds (VOC),serum,Ethylbenzene_binary_S,Volatile Organic Compounds (VOC),0.06487815332826387,FALSE,,FALSE
survey_weighted,odds_ratio,0.9821108174515464,0.7918792528181811,1.2180413293095935,0.10541944510066788,30,0.8651914957775059,age+sex+eth+marital+PIR_level+edu+smoke+alcohol.user+PA_level+BMI_level,,PrP_ln_U,PCCP_urine.rds,angina,Angina,natural_log_transformed,2143,45,2098,30,4,2013-2014|2015-2016,WTSB2YR,ok,,0.933319099428778,Personal Care Products,urine,PrP_ln_U,Personal Care Products,0.0628877580205715,FALSE,,FALSE
survey_weighted,odds_ratio,1.0424959663908515,0.6215309583489141,1.7485819899112578,0.25324111916749154,30,0.8705652754470775,age+sex+eth+marital+PIR_level+edu+smoke+alcohol.user+PA_level+BMI_level,,TCPY_ln_U,pesticides_urine.rds,angina,Angina,natural_log_transformed,2183,41,2142,30,4,2013-2014|2015-2016,WTSB2YR|WTSC2YR,ok,,0.933319099428778,Pesticides,urine,TCPY_ln_U,Pesticides,0.060198659694679656,FALSE,,FALSE
survey_weighted,odds_ratio,0.9342856120719636,0.3959917701303165,2.204312490225303,0.42031059803261334,30,0.8726097586670287,age+sex+eth+marital+PIR_level+edu+smoke+alcohol.user+PA_level+BMI_level,,BuP_binary_U,PCCP_urine.rds,angina,Angina,binary_above_detection_threshold,2145,45,2100,30,4,2013-2014|2015-2016,WTSB2YR,ok,,0.933319099428778,Personal Care Products,urine,BuP_binary_U,Personal Care Products,0.059179934471427616,FALSE,,FALSE
survey_weighted,odds_ratio,0.9161001804113418,0.29956547472269995,2.801522910230411,0.5473279118131172,30,0.8738720814993737,age+sex+eth+marital+PIR_level+edu+smoke+alcohol.user+PA_level+BMI_level,,X4FPBA_binary_U,pesticides_urine.rds,angina,Angina,binary_above_detection_threshold,2206,42,2164,30,4,2013-2014|2015-2016,WTSB2YR|WTSC2YR,ok,,0.933319099428778,Pesticides,urine,4FPBA_binary_U,Pesticides,0.058552135288721954,FALSE,,FALSE
survey_weighted,odds_ratio,1.0880467755039582,0.34731620069972513,3.4085533104977843,0.5357404846075191,15,0.8769441202686503,age+sex+eth+marital+PIR_level+edu+smoke+alcohol.user+PA_level+BMI_level,,Norharman_ln_U,AA_urine.rds,angina,Angina,natural_log_transformed,1139,26,1113,15,2,2013-2014,WTSA2YR,ok,,0.933319099428778,Aromatic Amines,urine,Norharman_ln_U,Aromatic Amines,0.05702807941863166,FALSE,,FALSE
survey_weighted,odds_ratio,1.0293988821476188,0.6667246211711992,1.5893549224345669,0.21268132031029036,30,0.8925442056401653,age+sex+eth+marital+PIR_level+edu+smoke+alcohol.user+PA_level+BMI_level,,PNP_ln_U,pesticides_urine.rds,angina,Angina,natural_log_transformed,2164,41,2123,30,4,2013-2014|2015-2016,WTSB2YR|WTSC2YR,ok,,0.9347379402681466,Pesticides,urine,PNP_ln_U,Pesticides,0.04937026508673589,FALSE,,FALSE
survey_weighted,odds_ratio,0.971926760843915,0.6289627195871783,1.5019040064323104,0.2131001011865845,30,0.8945939680526418,age+sex+eth+marital+PIR_level+edu+smoke+alcohol.user+PA_level+BMI_level,,MEHHP_ln_U,Phthalates_urine.rds,angina,Angina,natural_log_transformed,2143,45,2098,30,4,2013-2014|2015-2016,WTSB2YR,ok,,0.9347379402681466,Phthalates,urine,MEHHP_ln_U,Phthalates,0.04837403445565386,FALSE,,FALSE
survey_weighted,odds_ratio,0.9603903347103442,0.49765373091829446,1.8533963229876396,0.3219136030133499,30,0.9009276340023112,age+sex+eth+marital+PIR_level+edu+smoke+alcohol.user+PA_level+BMI_level,,MeFOSAA_binary_S,PFC_serum.rds,angina,Angina,binary_above_detection_threshold,2072,45,2027,30,4,2013-2014|2015-2016,WTSB2YR,ok,,0.9347379402681466,Polyfluoroalkyl Substances (PFAS),serum,MeFOSAA_binary_S,Polyfluoroalkyl Substances (PFAS),0.04531009183520492,FALSE,,FALSE
survey_weighted,odds_ratio,0.9744278372521322,0.6230792193326936,1.523898696266544,0.20979938162113856,15,0.9033708952927052,age+sex+eth+marital+PIR_level+edu+smoke+alcohol.user+PA_level+BMI_level,,DEP_ln_U,pesticides_urine.rds,angina,Angina,natural_log_transformed,1039,22,1017,15,2,2015-2016,WTSB2YR,ok,,0.9347379402681466,Pesticides,urine,DEP_ln_U,Pesticides,0.04413390560259744,FALSE,,FALSE
survey_weighted,odds_ratio,1.0240554636790165,0.6319734459435868,1.6593886965061773,0.23634387715523103,30,0.9205556488073612,age+sex+eth+marital+PIR_level+edu+smoke+alcohol.user+PA_level+BMI_level,,MHBP_ln_U,Phthalates_urine.rds,angina,Angina,natural_log_transformed,2042,43,1999,30,4,2013-2014|2015-2016,WTSB2YR|WTSSBH2Y,ok,,0.9459502873951504,Phthalates,urine,MHBP_ln_U,Phthalates,0.03594995269016329,FALSE,,FALSE
survey_weighted,odds_ratio,0.97123363901238,0.3755332508639576,2.51188085044153,0.4652758426682925,30,0.9503951093926108,age+sex+eth+marital+PIR_level+edu+smoke+alcohol.user+PA_level+BMI_level,,OXY_binary_U,pesticides_urine.rds,angina,Angina,binary_above_detection_threshold,2196,42,2154,30,4,2013-2014|2015-2016,WTSB2YR|WTSC2YR,ok,,0.9699237760239658,Pesticides,urine,OXY_binary_U,Pesticides,0.022095807179029685,FALSE,,FALSE
survey_weighted,odds_ratio,0.9891982338659432,0.35991306215204455,2.7187486334411797,0.4950525767734797,30,0.9826425765622936,age+sex+eth+marital+PIR_level+edu+smoke+alcohol.user+PA_level+BMI_level,,EtP_binary_U,PCCP_urine.rds,angina,Angina,binary_above_detection_threshold,2145,45,2100,30,4,2013-2014|2015-2016,WTSB2YR,ok,,0.9928708266125654,Personal Care Products,urine,EtP_binary_U,Personal Care Products,0.007604422406095354,FALSE,,FALSE
survey_weighted,odds_ratio,0.997023921769815,0.596590448916285,1.666229659537762,0.2514570957854723,30,0.990621387340334,age+sex+eth+marital+PIR_level+edu+smoke+alcohol.user+PA_level+BMI_level,,HIBP_ln_U,Phthalates_urine.rds,angina,Angina,natural_log_transformed,2042,43,1999,30,4,2013-2014|2015-2016,WTSB2YR|WTSSBH2Y,ok,,0.9928708266125654,Phthalates,urine,HIBP_ln_U,Phthalates,0.004092299911384836,FALSE,,FALSE
survey_weighted,odds_ratio,0.9977183841741007,0.5944942683041462,1.6744349393957578,0.25352150239657817,30,0.9928708266125654,age+sex+eth+marital+PIR_level+edu+smoke+alcohol.user+PA_level+BMI_level,,MEOHP_ln_U,Phthalates_urine.rds,angina,Angina,natural_log_transformed,2143,45,2098,30,4,2013-2014|2015-2016,WTSB2YR,ok,,0.9928708266125654,Phthalates,urine,MEOHP_ln_U,Phthalates,0.003107249932108589,FALSE,,FALSE
survey_weighted,odds_ratio,2.1152452796946086,1.3650445413484245,3.2777410976278745,0.2144590046154195,30,0.00150328364581974,age+sex+eth+marital+PIR_level+edu+smoke+alcohol.user+PA_level+BMI_level,,Co_ln_U,HM_urine.rds,heart.attack,Myocardial infarction,natural_log_transformed,2231,68,2163,30,4,2013-2014|2015-2016,WTSA2YR,ok,,0.1182595573947516,Heavy Metals,urine,Co_ln_U,Metals and metalloids,2.822959067189545,TRUE,1,TRUE
survey_weighted,odds_ratio,2.1738724462016874,1.3525823626586502,3.4938511271624013,0.2323365262180012,30,0.00223871068713371,age+sex+eth+marital+PIR_level+edu+smoke+alcohol.user+PA_level+BMI_level,,Cd_ln_U,HM_urine.rds,heart.attack,Myocardial infarction,natural_log_transformed,2231,68,2163,30,4,2013-2014|2015-2016,WTSA2YR,ok,,0.1182595573947516,Heavy Metals,urine,Cd_ln_U,Metals and metalloids,2.6500020275017304,TRUE,2,TRUE
survey_weighted,odds_ratio,0.5663380972658951,0.3926362904306855,0.8168853675317017,0.17936271431875445,30,0.00349926229233605,age+sex+eth+marital+PIR_level+edu+smoke+alcohol.user+PA_level+BMI_level,,PFNA_ln_S,PFC_serum.rds,heart.attack,Myocardial infarction,natural_log_transformed,2071,81,1990,30,4,2013-2014|2015-2016,WTSB2YR,ok,,0.1182595573947516,Polyfluoroalkyl Substances (PFAS),serum,PFNA_ln_S,Polyfluoroalkyl Substances (PFAS),2.4560235031173048,FALSE,,FALSE
survey_weighted,odds_ratio,2.3781086687712767,1.3896490618257795,4.069661179819595,0.2520605069603573,15,0.00366920281060875,age+sex+eth+marital+PIR_level+edu+smoke+alcohol.user+PA_level+BMI_level,,IPM3_Cys_ln_U,VOC_urine.rds,heart.attack,Myocardial infarction,natural_log_transformed,1049,38,1011,15,2,2015-2016,WTSA2YR,ok,,0.1182595573947516,Volatile Organic Compounds (VOC),urine,IPM3_Cys_ln_U,Volatile Organic Compounds (VOC),2.4354282824948115,TRUE,3,TRUE
survey_weighted,odds_ratio,1.8664308096226383,1.2406777351167717,2.8077911519712617,0.199958706271973,30,0.00396844152331381,age+sex+eth+marital+PIR_level+edu+smoke+alcohol.user+PA_level+BMI_level,,X1_PH_ln_U,PAH_urine.rds,heart.attack,Myocardial infarction,natural_log_transformed,2226,68,2158,30,4,2013-2014|2015-2016,WTSA2YR,ok,,0.1182595573947516,Polycyclic Aromatic Hydrocarbons (PAH),urine,1_PH_ln_U,Polycyclic Aromatic Hydrocarbons (PAH),2.4013800148264677,TRUE,4,TRUE
survey_weighted,odds_ratio,1.812783521209226,1.1873304250342624,2.7677081505537036,0.2071986394097483,30,0.00743548112981348,age+sex+eth+marital+PIR_level+edu+smoke+alcohol.user+PA_level+BMI_level,,X23_OH_PH_ln_U,PAH_urine.rds,heart.attack,Myocardial infarction,natural_log_transformed,2226,68,2158,30,4,2013-2014|2015-2016,WTSA2YR,ok,,0.18464778139036825,Polycyclic Aromatic Hydrocarbons (PAH),urine,23_OH_PH_ln_U,Polycyclic Aromatic Hydrocarbons (PAH),2.1286909242149834,TRUE,5,TRUE
survey_weighted,odds_ratio,1.3807905365620587,1.0885627973976368,1.751467632751453,0.1164378901978574,30,0.00950091995846041,age+sex+eth+marital+PIR_level+edu+smoke+alcohol.user+PA_level+BMI_level,,CEMA_CYM_ln_U,VOC_urine.rds,heart.attack,Myocardial infarction,natural_log_transformed,2189,66,2123,30,4,2013-2014|2015-2016,WTSA2YR,ok,,0.20223386768722873,Volatile Organic Compounds (VOC),urine,CEMA_CYM_ln_U,Volatile Organic Compounds (VOC),2.0222343406543883,TRUE,6,TRUE
survey_weighted,odds_ratio,4.9035012290922,1.5179570754273548,15.839923732322566,0.5501345727054503,15,0.01121735918410982,age+sex+eth+marital+PIR_level+edu+smoke+alcohol.user+PA_level+BMI_level,,IPM1_Cys_ln_U,VOC_urine.rds,heart.attack,Myocardial infarction,natural_log_transformed,1049,38,1011,15,2,2015-2016,WTSA2YR,ok,,0.20348464174842693,Volatile Organic Compounds (VOC),urine,IPM1_Cys_ln_U,Volatile Organic Compounds (VOC),1.9501093736288906,TRUE,7,TRUE
survey_weighted,odds_ratio,1.5438391047358428,1.1067208747590531,2.153604613114823,0.16299037970750435,30,0.01229101862909961,age+sex+eth+marital+PIR_level+edu+smoke+alcohol.user+PA_level+BMI_level,,MB3_Cys_ln_U,VOC_urine.rds,heart.attack,Myocardial infarction,natural_log_transformed,2160,67,2093,30,4,2013-2014|2015-2016,WTSA2YR,ok,,0.20348464174842693,Volatile Organic Compounds (VOC),urine,MB3_Cys_ln_U,Volatile Organic Compounds (VOC),1.9104121230805895,TRUE,8,TRUE
survey_weighted,odds_ratio,1.3809209681984889,1.0732167226632934,1.7768477513823913,0.12343613730638409,30,0.013836142698134,age+sex+eth+marital+PIR_level+edu+smoke+alcohol.user+PA_level+BMI_level,,Sn_ln_U,HM_urine.rds,heart.attack,Myocardial infarction,natural_log_transformed,2230,68,2162,30,4,2013-2014|2015-2016,WTSA2YR,ok,,0.2061585262021967,Heavy Metals,urine,Sn_ln_U,Metals and metalloids,1.8589849675674337,TRUE,9,TRUE
survey_weighted,odds_ratio,0.4631743589092035,0.249110802451052,0.8611850013734547,0.30368415298847806,30,0.01671976412987372,age+sex+eth+marital+PIR_level+edu+smoke+alcohol.user+PA_level+BMI_level,,Chloroform_binary_S,VOC_serum.rds,heart.attack,Myocardial infarction,binary_above_detection_threshold,3075,96,2979,30,4,2013-2014|2015-2016,WTSVOC2Y,ok,,0.20854921845997315,Volatile Organic Compounds (VOC),serum,Chloroform_binary_S,Volatile Organic Compounds (VOC),1.776769853560689,FALSE,,FALSE
survey_weighted,odds_ratio,1.7851845798813355,1.1187025003159077,2.8487323335258163,0.2288393415149823,30,0.01679591021154146,age+sex+eth+marital+PIR_level+edu+smoke+alcohol.user+PA_level+BMI_level,,X2_FL_ln_U,PAH_urine.rds,heart.attack,Myocardial infarction,natural_log_transformed,2225,68,2157,30,4,2013-2014|2015-2016,WTSA2YR,ok,,0.20854921845997315,Polycyclic Aromatic Hydrocarbons (PAH),urine,2_FL_ln_U,Polycyclic Aromatic Hydrocarbons (PAH),1.7747964557021327,TRUE,10,TRUE
survey_weighted,odds_ratio,1.625394318383679,1.087477198128177,2.429390422880896,0.1967856570995692,30,0.01949122274508012,age+sex+eth+marital+PIR_level+edu+smoke+alcohol.user+PA_level+BMI_level,,X3_FL_ln_U,PAH_urine.rds,heart.attack,Myocardial infarction,natural_log_transformed,2224,68,2156,30,4,2013-2014|2015-2016,WTSA2YR,ok,,0.22339939915514911,Polycyclic Aromatic Hydrocarbons (PAH),urine,3_FL_ln_U,Polycyclic Aromatic Hydrocarbons (PAH),1.710160915382938,TRUE,11,FALSE
survey_weighted,odds_ratio,0.7633428216255829,0.606320118927678,0.961030724756158,0.11276612066086825,30,0.02308031520842346,age+sex+eth+marital+PIR_level+edu+smoke+alcohol.user+PA_level+BMI_level,,BPS_ln_U,PCCP_urine.rds,heart.attack,Myocardial infarction,natural_log_transformed,2141,83,2058,30,4,2013-2014|2015-2016,WTSB2YR,ok,,0.23708155850042403,Personal Care Products,urine,BPS_ln_U,Personal Care Products,1.6367582643055534,FALSE,,FALSE
survey_weighted,odds_ratio,2.003702515115834,1.1036545449545148,3.6377540304035834,0.29201282037745396,30,0.02386727098997557,age+sex+eth+marital+PIR_level+edu+smoke+alcohol.user+PA_level+BMI_level,,MeFOSAA_binary_S,PFC_serum.rds,heart.attack,Myocardial infarction,binary_above_detection_threshold,2071,81,1990,30,4,2013-2014|2015-2016,WTSB2YR,ok,,0.23708155850042403,Polyfluoroalkyl Substances (PFAS),serum,MeFOSAA_binary_S,Polyfluoroalkyl Substances (PFAS),1.622197235863387,TRUE,12,FALSE
survey_weighted,odds_ratio,1.759152530768808,1.058020134135165,2.924913739037556,0.24895444840272068,30,0.03063595949249183,age+sex+eth+marital+PIR_level+edu+smoke+alcohol.user+PA_level+BMI_level,,X3_HPMA_ln_U,VOC_urine.rds,heart.attack,Myocardial infarction,natural_log_transformed,2147,65,2082,30,4,2013-2014|2015-2016,WTSA2YR,ok,,0.2570486837801764,Volatile Organic Compounds (VOC),urine,3_HPMA_ln_U,Volatile Organic Compounds (VOC),1.5137685133810177,TRUE,13,FALSE
survey_weighted,odds_ratio,1.9936484688818747,1.0652436306942012,3.7311973551861017,0.30689481484559217,30,0.03206535813753512,age+sex+eth+marital+PIR_level+edu+smoke+alcohol.user+PA_level+BMI_level,,DBUP_binary_U,BFR_urine.rds,heart.attack,Myocardial infarction,binary_above_detection_threshold,1943,80,1863,30,4,2013-2014|2015-2016,WTSSBI2Y|WTSSCH2Y,ok,,0.2570486837801764,Brominated Flame Retardants,urine,DBUP_binary_U,Brominated Flame Retardants,1.493963905090679,TRUE,14,FALSE
survey_weighted,odds_ratio,1.7220700170731706,1.0500977718169215,2.8240466966912225,0.2422026444725682,30,0.03235815232479531,age+sex+eth+marital+PIR_level+edu+smoke+alcohol.user+PA_level+BMI_level,,X1_PY_ln_U,PAH_urine.rds,heart.attack,Myocardial infarction,natural_log_transformed,2225,67,2158,30,4,2013-2014|2015-2016,WTSA2YR,ok,,0.2570486837801764,Polycyclic Aromatic Hydrocarbons (PAH),urine,1_PY_ln_U,Polycyclic Aromatic Hydrocarbons (PAH),1.490016284898305,TRUE,15,FALSE
survey_weighted,odds_ratio,1.3710857658492588,1.0280196182477428,1.828638426685566,0.14100405855894807,30,0.03277802007935136,age+sex+eth+marital+PIR_level+edu+smoke+alcohol.user+PA_level+BMI_level,,U_ln_U,HM_urine.rds,heart.attack,Myocardial infarction,natural_log_transformed,2231,68,2163,30,4,2013-2014|2015-2016,WTSA2YR,ok,,0.2570486837801764,Heavy Metals,urine,U_ln_U,Metals and metalloids,1.4844172830590372,TRUE,16,FALSE
survey_weighted,odds_ratio,0.3659035281719608,0.1416040627161202,0.9454911770228988,0.4648424058955451,30,0.03864925774414168,age+sex+eth+marital+PIR_level+edu+smoke+alcohol.user+PA_level+BMI_level,,DBCM_binary_S,VOC_serum.rds,heart.attack,Myocardial infarction,binary_above_detection_threshold,3160,98,3062,30,4,2013-2014|2015-2016,WTSVOC2Y,ok,,0.2756838626185239,Volatile Organic Compounds (VOC),serum,DBCM_binary_S,Volatile Organic Compounds (VOC),1.4128588422558461,FALSE,,FALSE
survey_weighted,odds_ratio,3.4071512365990944,1.0636929755913784,10.913562292356678,0.5700168611487044,30,0.03968764211713298,age+sex+eth+marital+PIR_level+edu+smoke+alcohol.user+PA_level+BMI_level,,Mn_ln_S,HM_serum.rds,heart.attack,Myocardial infarction,natural_log_transformed,3255,103,3152,30,4,2013-2014|2015-2016,WTSH2YR,ok,,0.2756838626185239,Heavy Metals,serum,Mn_ln_S,Metals and metalloids,1.4013447021998262,TRUE,17,FALSE
survey_weighted,odds_ratio,1.5619966690185167,1.02022195688381,2.391473323586592,0.20856409691014283,30,0.0407576918417897,age+sex+eth+marital+PIR_level+edu+smoke+alcohol.user+PA_level+BMI_level,,EO_ln_S,gas_serum.rds,heart.attack,Myocardial infarction,natural_log_transformed,2137,67,2070,30,4,2013-2014|2015-2016,WTSA2YR,ok,,0.2756838626185239,Gaseous Pollutants,serum,EO_ln_S,Gaseous Pollutants,1.3897904185998042,TRUE,18,FALSE
survey_weighted,odds_ratio,1.4625085822528745,1.013716158569975,2.1099903903876323,0.17947175643205787,30,0.04255522711561107,age+sex+eth+marital+PIR_level+edu+smoke+alcohol.user+PA_level+BMI_level,,X2_NP_ln_U,PAH_urine.rds,heart.attack,Myocardial infarction,natural_log_transformed,2192,66,2126,30,4,2013-2014|2015-2016,WTSA2YR,ok,,0.2756838626185239,Polycyclic Aromatic Hydrocarbons (PAH),urine,2_NP_ln_U,Polycyclic Aromatic Hydrocarbons (PAH),1.3710470873293281,TRUE,19,FALSE
survey_weighted,odds_ratio,3.894405207306317,0.9890499453297118,15.334303379025672,0.64301377041161345,15,0.05164275791454928,age+sex+eth+marital+PIR_level+edu+smoke+alcohol.user+PA_level+BMI_level,,CYHA_Cys_binary_U,VOC_urine.rds,heart.attack,Myocardial infarction,binary_above_detection_threshold,1050,38,1012,15,2,2015-2016,WTSA2YR,ok,,0.3198684151094013,Volatile Organic Compounds (VOC),urine,CYHA_Cys_binary_U,Volatile Organic Compounds (VOC),1.286990572852409,FALSE,,FALSE
survey_weighted,odds_ratio,1.2766093263702427,0.99589862727128875,1.63644303501137,0.12158877484973896,30,0.05366919716600692,age+sex+eth+marital+PIR_level+edu+smoke+alcohol.user+PA_level+BMI_level,,X1_NP_ln_U,PAH_urine.rds,heart.attack,Myocardial infarction,natural_log_transformed,2158,64,2094,30,4,2013-2014|2015-2016,WTSA2YR,ok,,0.3198684151094013,Polycyclic Aromatic Hydrocarbons (PAH),urine,1_NP_ln_U,Polycyclic Aromatic Hydrocarbons (PAH),1.2702749012469856,FALSE,,FALSE
survey_weighted,odds_ratio,0.3932093691333924,0.1493569837659956,1.0351950345791705,0.4739832377752696,30,0.05821547301302014,age+sex+eth+marital+PIR_level+edu+smoke+alcohol.user+PA_level+BMI_level,,BDCM_binary_S,VOC_serum.rds,heart.attack,Myocardial infarction,binary_above_detection_threshold,3136,98,3038,30,4,2013-2014|2015-2016,WTSVOC2Y,ok,,0.33289819658020714,Volatile Organic Compounds (VOC),serum,BDCM_binary_S,Volatile Organic Compounds (VOC),1.2349615694555287,FALSE,,FALSE
survey_weighted,odds_ratio,0.0981922560683404,0.00862711325083073,1.1176066514325746,1.1908388611310332,30,0.06071254777115423,age+sex+eth+marital+PIR_level+edu+smoke+alcohol.user+PA_level+BMI_level,,Se_ln_S,HM_serum.rds,heart.attack,Myocardial infarction,natural_log_transformed,3255,103,3152,30,4,2013-2014|2015-2016,WTSH2YR,ok,,0.33289819658020714,Heavy Metals,serum,Se_ln_S,Metals and metalloids,1.2167215417978365,FALSE,,FALSE
survey_weighted,odds_ratio,2.355126737245152,0.9527006734336514,5.821998559627634,0.44315784256356006,30,0.06273235499547555,age+sex+eth+marital+PIR_level+edu+smoke+alcohol.user+PA_level+BMI_level,,X25_DMF_binary_S,VOC_serum.rds,heart.attack,Myocardial infarction,binary_above_detection_threshold,3158,97,3061,30,4,2013-2014|2015-2016,WTSVOC2Y,ok,,0.33289819658020714,Volatile Organic Compounds (VOC),serum,25_DMF_binary_S,Volatile Organic Compounds (VOC),1.2025084085834647,FALSE,,FALSE
survey_weighted,odds_ratio,2.2709549940965306,0.9445685554868624,5.459885950314915,0.411563791353764,15,0.06479226644849669,age+sex+eth+marital+PIR_level+edu+smoke+alcohol.user+PA_level+BMI_level,,MCOCH_binary_U,Phthalates_urine.rds,heart.attack,Myocardial infarction,binary_above_detection_threshold,1031,46,985,15,2,2015-2016,WTSB2YR,ok,,0.33289819658020714,Phthalates,urine,MCOCH_binary_U,Phthalates,1.1884768280673326,FALSE,,FALSE
survey_weighted,odds_ratio,0.6641137172084436,0.4261978667743848,1.0348410064142637,0.21718438197143267,30,0.06920773838372,age+sex+eth+marital+PIR_level+edu+smoke+alcohol.user+PA_level+BMI_level,,X24D_ln_U,pesticides_urine.rds,heart.attack,Myocardial infarction,natural_log_transformed,2201,84,2117,30,4,2013-2014|2015-2016,WTSB2YR|WTSC2YR,ok,,0.34373176730580934,Pesticides,urine,24D_ln_U,Pesticides,1.1598453426898758,FALSE,,FALSE
survey_weighted,odds_ratio,1.4671369486203434,0.963513449461742,2.234001847311505,0.20588912052863903,30,0.07246189197671701,age+sex+eth+marital+PIR_level+edu+smoke+alcohol.user+PA_level+BMI_level,,Thiocyanate_ln_U,PERNT_urine.rds,heart.attack,Myocardial infarction,natural_log_transformed,2217,68,2149,30,4,2013-2014|2015-2016,WTSA2YR,ok,,0.3454435019780353,Inorganic Anions,urine,Thiocyanate_ln_U,Inorganic Anions,1.1398903307441945,FALSE,,FALSE
survey_weighted,odds_ratio,0.5703874794427529,0.30689881602644037,1.0600949228719985,0.3034843919529761,30,0.07418920847850423,age+sex+eth+marital+PIR_level+edu+smoke+alcohol.user+PA_level+BMI_level,,m_p_Xylene_binary_S,VOC_serum.rds,heart.attack,Myocardial infarction,binary_above_detection_threshold,3146,97,3049,30,4,2013-2014|2015-2016,WTSVOC2Y,ok,,0.3454435019780353,Volatile Organic Compounds (VOC),serum,m_p_Xylene_binary_S,Volatile Organic Compounds (VOC),1.129659262363597,FALSE,,FALSE
survey_weighted,odds_ratio,1.478656658211552,0.9462445569956344,2.3106347050654077,0.20942941839314463,15,0.0814791252654058,age+sex+eth+marital+PIR_level+edu+smoke+alcohol.user+PA_level+BMI_level,,DEP_ln_U,pesticides_urine.rds,heart.attack,Myocardial infarction,natural_log_transformed,1037,47,990,15,2,2015-2016,WTSB2YR,ok,,0.3495469693123556,Pesticides,urine,DEP_ln_U,Pesticides,1.0889536420975803,FALSE,,FALSE
survey_weighted,odds_ratio,1.5306962030999929,0.9401672270536844,2.4921426728810503,0.22868014213537968,15,0.08236241730037534,age+sex+eth+marital+PIR_level+edu+smoke+alcohol.user+PA_level+BMI_level,,o_TLD_ln_U,AA_urine.rds,heart.attack,Myocardial infarction,natural_log_transformed,1078,27,1051,15,2,2013-2014,WTSA2YR,ok,,0.3495469693123556,Aromatic Amines,urine,o_TLD_ln_U,Aromatic Amines,1.084270915516754,FALSE,,FALSE
survey_weighted,odds_ratio,1.906962625918302,0.9144562737680256,3.976687088235467,0.35986254059683864,30,0.08293548467778687,age+sex+eth+marital+PIR_level+edu+smoke+alcohol.user+PA_level+BMI_level,,Tl_ln_U,HM_urine.rds,heart.attack,Myocardial infarction,natural_log_transformed,2231,68,2163,30,4,2013-2014|2015-2016,WTSA2YR,ok,,0.3495469693123556,Heavy Metals,urine,Tl_ln_U,Metals and metalloids,1.0812596129664762,FALSE,,FALSE
survey_weighted,odds_ratio,1.6974257308440532,0.926427528342039,3.1100696207590492,0.29649926617525746,30,0.0844543013103678,age+sex+eth+marital+PIR_level+edu+smoke+alcohol.user+PA_level+BMI_level,,BCPP_binary_U,BFR_urine.rds,heart.attack,Myocardial infarction,binary_above_detection_threshold,1945,80,1865,30,4,2013-2014|2015-2016,WTSSBI2Y|WTSSCH2Y,ok,,0.3495469693123556,Brominated Flame Retardants,urine,BCPP_binary_U,Brominated Flame Retardants,1.0733782266401983,FALSE,,FALSE
survey_weighted,odds_ratio,0.5294626124744926,0.2513426116703058,1.1153327967166724,0.3648120288837424,30,0.09156417665602597,age+sex+eth+marital+PIR_level+edu+smoke+alcohol.user+PA_level+BMI_level,,Hg_binary_U,HM_urine.rds,heart.attack,Myocardial infarction,binary_above_detection_threshold,2235,69,2166,30,4,2013-2014|2015-2016,WTSA2YR,ok,,0.3687314141012938,Heavy Metals,urine,Hg_binary_U,Metals and metalloids,1.0382744054110575,FALSE,,FALSE
survey_weighted,odds_ratio,1.5265056125453784,0.9256996243946828,2.517252166604558,0.24491672746489637,30,0.09444498718925665,age+sex+eth+marital+PIR_level+edu+smoke+alcohol.user+PA_level+BMI_level,,MMA_binary_U,HM_urine.rds,heart.attack,Myocardial infarction,binary_above_detection_threshold,2233,69,2164,30,4,2013-2014|2015-2016,WTSA2YR,ok,,0.37032376555787466,Heavy Metals,urine,MMA_binary_U,Metals and metalloids,1.0248210879678583,FALSE,,FALSE
survey_weighted,odds_ratio,0.7086525210616709,0.4696725792125678,1.0692308170279148,0.201407748475702,30,0.09760711421742203,age+sex+eth+marital+PIR_level+edu+smoke+alcohol.user+PA_level+BMI_level,,PFDA_ln_S,PFC_serum.rds,heart.attack,Myocardial infarction,natural_log_transformed,2071,81,1990,30,4,2013-2014|2015-2016,WTSB2YR,ok,,0.37290923124092007,Polyfluoroalkyl Substances (PFAS),serum,PFDA_ln_S,Polyfluoroalkyl Substances (PFAS),1.010518527079521,FALSE,,FALSE
survey_weighted,odds_ratio,1.5417544793370617,0.9007076414718842,2.639043753055683,0.26318505882428156,30,0.1104237764945775,age+sex+eth+marital+PIR_level+edu+smoke+alcohol.user+PA_level+BMI_level,,DCVDMPCA_binary_U,pesticides_urine.rds,heart.attack,Myocardial infarction,binary_above_detection_threshold,2175,84,2091,30,4,2013-2014|2015-2016,WTSB2YR|WTSC2YR,ok,,0.4070546370823918,Pesticides,urine,DCVDMPCA_binary_U,Pesticides,0.956937404065019,FALSE,,FALSE
survey_weighted,odds_ratio,0.8792284099901979,0.7488228796461378,1.0323437196512997,0.07860960752228527,30,0.11200832295555747,age+sex+eth+marital+PIR_level+edu+smoke+alcohol.user+PA_level+BMI_level,,MeP_ln_U,PCCP_urine.rds,heart.attack,Myocardial infarction,natural_log_transformed,2142,83,2059,30,4,2013-2014|2015-2016,WTSB2YR,ok,,0.4070546370823918,Personal Care Products,urine,MeP_ln_U,Personal Care Products,0.950749705192554,FALSE,,FALSE
survey_weighted,odds_ratio,1.6629140439197765,0.869744080281289,3.179421602468725,0.3173561787597591,30,0.1195178304402439,age+sex+eth+marital+PIR_level+edu+smoke+alcohol.user+PA_level+BMI_level,,OXY_binary_U,pesticides_urine.rds,heart.attack,Myocardial infarction,binary_above_detection_threshold,2194,83,2111,30,4,2013-2014|2015-2016,WTSB2YR|WTSC2YR,ok,,0.41511367575005614,Pesticides,urine,OXY_binary_U,Pesticides,0.922567299032543,FALSE,,FALSE
survey_weighted,odds_ratio,1.9395972484161652,0.8332212104635431,4.515052472044775,0.4137236725180424,30,0.11979790642451284,age+sex+eth+marital+PIR_level+edu+smoke+alcohol.user+PA_level+BMI_level,,Furan_binary_S,VOC_serum.rds,heart.attack,Myocardial infarction,binary_above_detection_threshold,3162,98,3064,30,4,2013-2014|2015-2016,WTSVOC2Y,ok,,0.41511367575005614,Volatile Organic Compounds (VOC),serum,Furan_binary_S,Volatile Organic Compounds (VOC),0.9215507715646228,FALSE,,FALSE
survey_weighted,odds_ratio,1.7775231949857877,0.8454273479069854,3.737268159747421,0.3638760204763907,30,0.12440737558907136,age+sex+eth+marital+PIR_level+edu+smoke+alcohol.user+PA_level+BMI_level,,Nitrate_ln_U,PERNT_urine.rds,heart.attack,Myocardial infarction,natural_log_transformed,2222,68,2154,30,4,2013-2014|2015-2016,WTSA2YR,ok,,0.4212886127902643,Inorganic Anions,urine,Nitrate_ln_U,Inorganic Anions,0.9051538713921362,FALSE,,FALSE
survey_weighted,odds_ratio,1.8108783083816744,0.831286450369244,3.944825813425289,0.38123846616689927,30,0.1298192405678191,age+sex+eth+marital+PIR_level+edu+smoke+alcohol.user+PA_level+BMI_level,,Mn_binary_U,HM_urine.rds,heart.attack,Myocardial infarction,binary_above_detection_threshold,2232,68,2164,30,4,2013-2014|2015-2016,WTSA2YR,ok,,0.4298459298801121,Heavy Metals,urine,Mn_binary_U,Metals and metalloids,0.88666093578547,FALSE,,FALSE
survey_weighted,odds_ratio,1.2549471981823206,0.9170476836591462,1.7173506877435414,0.1535981675797478,30,0.14970017479008418,age+sex+eth+marital+PIR_level+edu+smoke+alcohol.user+PA_level+BMI_level,,BPA_ln_U,PCCP_urine.rds,heart.attack,Myocardial infarction,natural_log_transformed,2142,83,2059,30,4,2013-2014|2015-2016,WTSB2YR,ok,,0.48489839225483794,Personal Care Products,urine,BPA_ln_U,Personal Care Products,0.8247776925739501,FALSE,,FALSE
survey_weighted,odds_ratio,1.9993407129601477,0.7493602684950714,5.3343677995202965,0.4604157281236843,15,0.1531483742443734,age+sex+eth+marital+PIR_level+edu+smoke+alcohol.user+PA_level+BMI_level,,X26_DMA_binary_U,AA_urine.rds,heart.attack,Myocardial infarction,binary_above_detection_threshold,1065,27,1038,15,2,2013-2014,WTSA2YR,ok,,0.4855129311151411,Aromatic Amines,urine,26_DMA_binary_U,Aromatic Amines,0.8148876091117027,FALSE,,FALSE
survey_weighted,odds_ratio,0.5550831417974439,0.24185267546981876,1.273987536872098,0.4067964307498518,30,0.1582641072862146,age+sex+eth+marital+PIR_level+edu+smoke+alcohol.user+PA_level+BMI_level,,PFUnDA_binary_S,PFC_serum.rds,heart.attack,Myocardial infarction,binary_above_detection_threshold,2071,81,1990,30,4,2013-2014|2015-2016,WTSB2YR,ok,,0.4912781663676245,Polyfluoroalkyl Substances (PFAS),serum,PFUnDA_binary_S,Polyfluoroalkyl Substances (PFAS),0.800617567607675,FALSE,,FALSE
survey_weighted,odds_ratio,1.3840191418203758,0.8655356479710092,2.2130908061563384,0.22984122610155863,30,0.16766108117417666,age+sex+eth+marital+PIR_level+edu+smoke+alcohol.user+PA_level+BMI_level,,Sb_ln_U,HM_urine.rds,heart.attack,Myocardial infarction,natural_log_transformed,2231,68,2163,30,4,2013-2014|2015-2016,WTSA2YR,ok,,0.5042958996542575,Heavy Metals,urine,Sb_ln_U,Metals and metalloids,0.775567737590013,FALSE,,FALSE
survey_weighted,odds_ratio,1.7495725940020437,0.7663249726822859,3.9943945072922937,0.3873047244837996,15,0.16922681196451594,age+sex+eth+marital+PIR_level+edu+smoke+alcohol.user+PA_level+BMI_level,,TTCA_binary_U,VOC_urine.rds,heart.attack,Myocardial infarction,binary_above_detection_threshold,1171,30,1141,15,2,2013-2014,WTSA2YR,ok,,0.5042958996542575,Volatile Organic Compounds (VOC),urine,TTCA_binary_U,Volatile Organic Compounds (VOC),0.7715308270786712,FALSE,,FALSE
survey_weighted,odds_ratio,1.6493806626049816,0.7779161102529771,3.497107894179696,0.3679902978610386,30,0.1840202861225488,age+sex+eth+marital+PIR_level+edu+smoke+alcohol.user+PA_level+BMI_level,,MEHP_binary_U,Phthalates_urine.rds,heart.attack,Myocardial infarction,binary_above_detection_threshold,2143,83,2060,30,4,2013-2014|2015-2016,WTSB2YR,ok,,0.5376278947501915,Phthalates,urine,MEHP_binary_U,Phthalates,0.7351342983738585,FALSE,,FALSE
survey_weighted,odds_ratio,1.5725672150476646,0.7731557604783745,3.1985374387079113,0.3476442136721368,30,0.20275061318879353,age+sex+eth+marital+PIR_level+edu+smoke+alcohol.user+PA_level+BMI_level,,Benzene_binary_S,VOC_serum.rds,heart.attack,Myocardial infarction,binary_above_detection_threshold,3080,95,2985,30,4,2013-2014|2015-2016,WTSVOC2Y,ok,,0.580958487790966,Volatile Organic Compounds (VOC),serum,Benzene_binary_S,Volatile Organic Compounds (VOC),0.6930378236563541,FALSE,,FALSE
survey_weighted,odds_ratio,0.91160763612409,0.7839576213068707,1.0600426090053343,0.07386610393443958,30,0.21992630984877176,age+sex+eth+marital+PIR_level+edu+smoke+alcohol.user+PA_level+BMI_level,,PrP_ln_U,PCCP_urine.rds,heart.attack,Myocardial infarction,natural_log_transformed,2142,83,2059,30,4,2013-2014|2015-2016,WTSB2YR,ok,,0.617309084437303,Personal Care Products,urine,PrP_ln_U,Personal Care Products,0.6577228127553857,FALSE,,FALSE
survey_weighted,odds_ratio,0.8111133064220839,0.5749439389540423,1.1442938194145476,0.16850602705317133,30,0.22372275543365347,age+sex+eth+marital+PIR_level+edu+smoke+alcohol.user+PA_level+BMI_level,,HIBP_ln_U,Phthalates_urine.rds,heart.attack,Myocardial infarction,natural_log_transformed,2041,80,1961,30,4,2013-2014|2015-2016,WTSB2YR|WTSSBH2Y,ok,,0.617309084437303,Phthalates,urine,HIBP_ln_U,Phthalates,0.6502898404153893,FALSE,,FALSE
survey_weighted,odds_ratio,0.5750036425399138,0.2210076071146699,1.496008183838766,0.4486051548170665,15,0.2363496317891234,age+sex+eth+marital+PIR_level+edu+smoke+alcohol.user+PA_level+BMI_level,,n_PFOA_ln_S,PFC_serum.rds,heart.attack,Myocardial infarction,natural_log_transformed,995,43,952,15,2,2015-2016,WTSB2YR,ok,,0.6286177242595277,Polyfluoroalkyl Substances (PFAS),serum,n_PFOA_ln_S,Polyfluoroalkyl Substances (PFAS),0.626445069951194,FALSE,,FALSE
survey_weighted,odds_ratio,2.758230876748755,0.4774371891589325,15.934740196616012,0.8228729410554512,15,0.23655622285435848,age+sex+eth+marital+PIR_level+edu+smoke+alcohol.user+PA_level+BMI_level,,DPCP_binary_U,BFR_urine.rds,heart.attack,Myocardial infarction,binary_above_detection_threshold,1047,35,1012,15,2,2013-2014,WTSSCH2Y,ok,,0.6286177242595277,Brominated Flame Retardants,urine,DPCP_binary_U,Brominated Flame Retardants,0.6260656229028284,FALSE,,FALSE
survey_weighted,odds_ratio,0.763496045911262,0.4818862082631351,1.209676064860158,0.2253371926894951,30,0.24047792136102736,age+sex+eth+marital+PIR_level+edu+smoke+alcohol.user+PA_level+BMI_level,,PFHS_ln_S,PFC_serum.rds,heart.attack,Myocardial infarction,natural_log_transformed,2071,81,1990,30,4,2013-2014|2015-2016,WTSB2YR,ok,,0.6286177242595277,Polyfluoroalkyl Substances (PFAS),serum,PFHS_ln_S,Polyfluoroalkyl Substances (PFAS),0.61892479068821,FALSE,,FALSE
survey_weighted,odds_ratio,1.2830846361195298,0.8280366967491463,1.9882043753729128,0.2144497690782938,30,0.25425442666127157,age+sex+eth+marital+PIR_level+edu+smoke+alcohol.user+PA_level+BMI_level,,MiBP_ln_U,Phthalates_urine.rds,heart.attack,Myocardial infarction,natural_log_transformed,2142,83,2059,30,4,2013-2014|2015-2016,WTSB2YR,ok,,0.6531708546987839,Phthalates,urine,MiBP_ln_U,Phthalates,0.5947314771158259,FALSE,,FALSE
survey_weighted,odds_ratio,0.3990919765033683,0.07420725331902413,2.146345519953813,0.7892891541159281,15,0.2626891469071319,age+sex+eth+marital+PIR_level+edu+smoke+alcohol.user+PA_level+BMI_level,,MDA_binary_U,pesticides_urine.rds,heart.attack,Myocardial infarction,binary_above_detection_threshold,1034,47,987,15,2,2015-2016,WTSB2YR,ok,,0.6634014049010619,Pesticides,urine,MDA_binary_U,Pesticides,0.5805578698698548,FALSE,,FALSE
survey_weighted,odds_ratio,1.6658688307128602,0.6553745277039904,4.234401618968713,0.45679273274283005,30,0.2727600128618029,age+sex+eth+marital+PIR_level+edu+smoke+alcohol.user+PA_level+BMI_level,,AsC_binary_U,HM_urine.rds,heart.attack,Myocardial infarction,binary_above_detection_threshold,2233,69,2164,30,4,2013-2014|2015-2016,WTSA2YR,ok,,0.6773540319401439,Heavy Metals,urine,AsC_binary_U,Metals and metalloids,0.5642192977485588,FALSE,,FALSE
survey_weighted,odds_ratio,1.676176022177058,0.6259764372134864,4.488293632629362,0.4621069133852122,15,0.28126133920712204,age+sex+eth+marital+PIR_level+edu+smoke+alcohol.user+PA_level+BMI_level,,NDMA_binary_U,pesticides_urine.rds,heart.attack,Myocardial infarction,binary_above_detection_threshold,889,45,844,15,2,2015-2016,WTSSBI2Y,ok,,0.6870154023255931,Pesticides,urine,NDMA_binary_U,Pesticides,0.5508899597043577,FALSE,,FALSE
survey_weighted,odds_ratio,1.2841851501843355,0.8009762626541,2.0589018387254487,0.2311387779679586,30,0.28781244531780237,age+sex+eth+marital+PIR_level+edu+smoke+alcohol.user+PA_level+BMI_level,,X2_HPMA_ln_U,VOC_urine.rds,heart.attack,Myocardial infarction,natural_log_transformed,2198,67,2131,30,4,2013-2014|2015-2016,WTSA2YR,ok,,0.6916782960056863,Volatile Organic Compounds (VOC),urine,2_HPMA_ln_U,Volatile Organic Compounds (VOC),0.540890430635731,FALSE,,FALSE
survey_weighted,odds_ratio,0.7945067002560272,0.5051273849998987,1.249666748421979,0.2124895591325736,15,0.2960977053319124,age+sex+eth+marital+PIR_level+edu+smoke+alcohol.user+PA_level+BMI_level,,Harman_ln_U,AA_urine.rds,heart.attack,Myocardial infarction,natural_log_transformed,1155,30,1125,15,2,2013-2014,WTSA2YR,ok,,0.7002945729278562,Aromatic Amines,urine,Harman_ln_U,Aromatic Amines,0.5285649582491668,FALSE,,FALSE
survey_weighted,odds_ratio,1.094620614752728,0.9160483947986487,1.3080032638504957,0.08720379844164398,30,0.3081409130320679,age+sex+eth+marital+PIR_level+edu+smoke+alcohol.user+PA_level+BMI_level,,BP3_ln_U,PCCP_urine.rds,heart.attack,Myocardial infarction,natural_log_transformed,2142,83,2059,30,4,2013-2014|2015-2016,WTSB2YR,ok,,0.7147965662982401,Personal Care Products,urine,BP3_ln_U,Personal Care Products,0.5112506349370989,FALSE,,FALSE
survey_weighted,odds_ratio,1.70864373570363,0.5739569194341797,5.0865549603223394,0.5118117197762893,15,0.3118240054321182,age+sex+eth+marital+PIR_level+edu+smoke+alcohol.user+PA_level+BMI_level,,TBPPP_binary_U,BFR_urine.rds,heart.attack,Myocardial infarction,binary_above_detection_threshold,898,45,853,15,2,2015-2016,WTSSBI2Y,ok,,0.7147965662982401,Brominated Flame Retardants,urine,TBPPP_binary_U,Brominated Flame Retardants,0.5060904541715541,FALSE,,FALSE
survey_weighted,odds_ratio,1.2573394244299,0.7823842095254158,2.020621593557808,0.232293816453666,30,0.3321100665924883,age+sex+eth+marital+PIR_level+edu+smoke+alcohol.user+PA_level+BMI_level,,Sr_ln_U,HM_urine.rds,heart.attack,Myocardial infarction,natural_log_transformed,2231,68,2163,30,4,2013-2014|2015-2016,WTSA2YR,ok,,0.7406823641544098,Heavy Metals,urine,Sr_ln_U,Metals and metalloids,0.4787179602964936,FALSE,,FALSE
survey_weighted,odds_ratio,0.8051831100040758,0.5135123019526824,1.2625205631306866,0.2202427643097444,30,0.3330585127405735,age+sex+eth+marital+PIR_level+edu+smoke+alcohol.user+PA_level+BMI_level,,X2_MHA_ln_U,VOC_urine.rds,heart.attack,Myocardial infarction,natural_log_transformed,2092,63,2029,30,4,2013-2014|2015-2016,WTSA2YR,ok,,0.7406823641544098,Volatile Organic Compounds (VOC),urine,2_MHA_ln_U,Volatile Organic Compounds (VOC),0.47747946160475097,FALSE,,FALSE
survey_weighted,odds_ratio,0.5858617529956152,0.18206659697370675,1.885211232199081,0.5483176039545463,15,0.34496877244703694,age+sex+eth+marital+PIR_level+edu+smoke+alcohol.user+PA_level+BMI_level,,PFBA_binary_U,PFC_urine.rds,heart.attack,Myocardial infarction,binary_above_detection_threshold,1012,34,978,15,2,2013-2014,WTSSBH2Y,ok,,0.7558874572736546,Polyfluoroalkyl Substances (PFAS),urine,PFBA_binary_U,Polyfluoroalkyl Substances (PFAS),0.4622202167173055,FALSE,,FALSE
survey_weighted,odds_ratio,0.6383430602314885,0.2233763253262833,1.824194493084697,0.49263091698635103,15,0.37660731858616103,age+sex+eth+marital+PIR_level+edu+smoke+alcohol.user+PA_level+BMI_level,,DMDTP_binary_U,pesticides_urine.rds,heart.attack,Myocardial infarction,binary_above_detection_threshold,1033,46,987,15,2,2015-2016,WTSB2YR,ok,,0.8132534850628694,Pesticides,urine,DMDTP_binary_U,Pesticides,0.42411124462019884,FALSE,,FALSE
survey_weighted,odds_ratio,0.7507617348987137,0.3836082430653261,1.4693197885535052,0.328783999456992,30,0.3901873923915633,age+sex+eth+marital+PIR_level+edu+smoke+alcohol.user+PA_level+BMI_level,,CMAC_ln_U,VOC_urine.rds,heart.attack,Myocardial infarction,natural_log_transformed,2196,67,2129,30,4,2013-2014|2015-2016,WTSA2YR,ok,,0.8155949472613067,Volatile Organic Compounds (VOC),urine,CMAC_ln_U,Volatile Organic Compounds (VOC),0.40872676749719783,FALSE,,FALSE
survey_weighted,odds_ratio,1.352709389686486,0.6533105798232707,2.800846564341538,0.3563736939785059,30,0.40329997216793834,age+sex+eth+marital+PIR_level+edu+smoke+alcohol.user+PA_level+BMI_level,,MINP_binary_U,Phthalates_urine.rds,heart.attack,Myocardial infarction,binary_above_detection_threshold,2143,83,2060,30,4,2013-2014|2015-2016,WTSB2YR,ok,,0.8155949472613067,Phthalates,urine,MINP_binary_U,Phthalates,0.39437180796339855,FALSE,,FALSE
survey_weighted,odds_ratio,0.8812306539663425,0.6492139483838001,1.1961657130491272,0.14961621750880197,30,0.40476237181497177,age+sex+eth+marital+PIR_level+edu+smoke+alcohol.user+PA_level+BMI_level,,PNP_ln_U,pesticides_urine.rds,heart.attack,Myocardial infarction,natural_log_transformed,2162,84,2078,30,4,2013-2014|2015-2016,WTSB2YR|WTSC2YR,ok,,0.8155949472613067,Pesticides,urine,PNP_ln_U,Pesticides,0.3927998678893316,FALSE,,FALSE
survey_weighted,odds_ratio,1.427020740269584,0.5977547768053628,3.406728431419341,0.4260761345757398,30,0.410558610729023,age+sex+eth+marital+PIR_level+edu+smoke+alcohol.user+PA_level+BMI_level,,Ethylbenzene_binary_S,VOC_serum.rds,heart.attack,Myocardial infarction,binary_above_detection_threshold,3094,97,2997,30,4,2013-2014|2015-2016,WTSVOC2Y,ok,,0.8155949472613067,Volatile Organic Compounds (VOC),serum,Ethylbenzene_binary_S,Volatile Organic Compounds (VOC),0.38662483489241223,FALSE,,FALSE
survey_weighted,odds_ratio,1.276608099050713,0.6946574533868829,2.346089040887629,0.29797349708215826,30,0.4189317367725687,age+sex+eth+marital+PIR_level+edu+smoke+alcohol.user+PA_level+BMI_level,,PMM_Cys_ln_U,VOC_urine.rds,heart.attack,Myocardial infarction,natural_log_transformed,2190,66,2124,30,4,2013-2014|2015-2016,WTSA2YR,ok,,0.8155949472613067,Volatile Organic Compounds (VOC),urine,PMM_Cys_ln_U,Volatile Organic Compounds (VOC),0.377856737793215,FALSE,,FALSE
survey_weighted,odds_ratio,0.891791294344086,0.6683080361766965,1.1900077054551983,0.14125584963648508,30,0.42389480525714607,age+sex+eth+marital+PIR_level+edu+smoke+alcohol.user+PA_level+BMI_level,,DEA_ln_U,pesticides_urine.rds,heart.attack,Myocardial infarction,natural_log_transformed,2178,83,2095,30,4,2013-2014|2015-2016,WTSB2YR|WTSC2YR,ok,,0.8155949472613067,Pesticides,urine,DEA_ln_U,Pesticides,0.3727419055879007,FALSE,,FALSE
survey_weighted,odds_ratio,0.8793325611167044,0.633433255650737,1.2206901771295766,0.16060958433372113,30,0.4296295348222643,age+sex+eth+marital+PIR_level+edu+smoke+alcohol.user+PA_level+BMI_level,,BDCPP_ln_U,BFR_urine.rds,heart.attack,Myocardial infarction,natural_log_transformed,1934,77,1857,30,4,2013-2014|2015-2016,WTSSBI2Y|WTSSCH2Y,ok,,0.8155949472613067,Brominated Flame Retardants,urine,BDCPP_ln_U,Brominated Flame Retardants,0.3669058707688485,FALSE,,FALSE
survey_weighted,odds_ratio,0.6355948724914853,0.19180618672023492,2.1061929692951287,0.5620944450228172,15,0.4326907508195298,age+sex+eth+marital+PIR_level+edu+smoke+alcohol.user+PA_level+BMI_level,,A_a_C_binary_U,AA_urine.rds,heart.attack,Myocardial infarction,binary_above_detection_threshold,1155,30,1125,15,2,2013-2014,WTSA2YR,ok,,0.8155949472613067,Aromatic Amines,urine,A_a_C_binary_U,Aromatic Amines,0.36382238816381846,FALSE,,FALSE
survey_weighted,odds_ratio,1.251971757072483,0.7029772956423477,2.229706834379216,0.2826020575611706,30,0.4327549619324312,age+sex+eth+marital+PIR_level+edu+smoke+alcohol.user+PA_level+BMI_level,,DMA_ln_U,HM_urine.rds,heart.attack,Myocardial infarction,natural_log_transformed,2232,69,2163,30,4,2013-2014|2015-2016,WTSA2YR,ok,,0.8155949472613067,Heavy Metals,urine,DMA_ln_U,Metals and metalloids,0.3637579438395813,FALSE,,FALSE
survey_weighted,odds_ratio,1.3642107582962637,0.613060788042613,3.0357038475634925,0.39165550268602944,30,0.4340148215740848,age+sex+eth+marital+PIR_level+edu+smoke+alcohol.user+PA_level+BMI_level,,MHNCH_binary_U,Phthalates_urine.rds,heart.attack,Myocardial infarction,binary_above_detection_threshold,2143,83,2060,30,4,2013-2014|2015-2016,WTSB2YR,ok,,0.8155949472613067,Phthalates,urine,MHNCH_binary_U,Phthalates,0.3624954391097783,FALSE,,FALSE
survey_weighted,odds_ratio,0.8964587432378773,0.6748764591603253,1.1907931702455783,0.13902289121217842,30,0.43790332738862103,age+sex+eth+marital+PIR_level+edu+smoke+alcohol.user+PA_level+BMI_level,,X3PBA_ln_U,pesticides_urine.rds,heart.attack,Myocardial infarction,natural_log_transformed,2183,83,2100,30,4,2013-2014|2015-2016,WTSB2YR|WTSC2YR,ok,,0.8155949472613067,Pesticides,urine,3PBA_ln_U,Pesticides,0.3586217548283652,FALSE,,FALSE
survey_weighted,odds_ratio,0.8118437019971786,0.4621121253001389,1.4262560110155271,0.2759182681916098,30,0.455859098026784,age+sex+eth+marital+PIR_level+edu+smoke+alcohol.user+PA_level+BMI_level,,GAM_Cys_binary_U,VOC_urine.rds,heart.attack,Myocardial infarction,binary_above_detection_threshold,2219,68,2151,30,4,2013-2014|2015-2016,WTSA2YR,ok,,0.8232374408147682,Volatile Organic Compounds (VOC),urine,GAM_Cys_binary_U,Volatile Organic Compounds (VOC),0.34116937313727486,FALSE,,FALSE
survey_weighted,odds_ratio,1.2514053103664124,0.6814813076155135,2.2979577477960564,0.2975869467157294,30,0.4569523728817883,age+sex+eth+marital+PIR_level+edu+smoke+alcohol.user+PA_level+BMI_level,,As_III_binary_U,HM_urine.rds,heart.attack,Myocardial infarction,binary_above_detection_threshold,2233,69,2164,30,4,2013-2014|2015-2016,WTSA2YR,ok,,0.8232374408147682,Heavy Metals,urine,As_III_binary_U,Metals and metalloids,0.34012906310854013,FALSE,,FALSE
survey_weighted,odds_ratio,0.7961465080263045,0.4127556107402162,1.5356526858732789,0.3082069426988915,15,0.4709176187129889,age+sex+eth+marital+PIR_level+edu+smoke+alcohol.user+PA_level+BMI_level,,o_ANS_ln_U,AA_urine.rds,heart.attack,Myocardial infarction,natural_log_transformed,1048,27,1021,15,2,2013-2014,WTSA2YR,ok,,0.8232374408147682,Aromatic Amines,urine,o_ANS_ln_U,Aromatic Amines,0.32705506074290375,FALSE,,FALSE
survey_weighted,odds_ratio,0.8210132588600018,0.46316747138854975,1.4553327097931088,0.268573357607075,15,0.4740833748967927,age+sex+eth+marital+PIR_level+edu+smoke+alcohol.user+PA_level+BMI_level,,X4_ABP_ln_U,AA_urine.rds,heart.attack,Myocardial infarction,natural_log_transformed,1120,27,1093,15,2,2013-2014,WTSA2YR,ok,,0.8232374408147682,Aromatic Amines,urine,4_ABP_ln_U,Aromatic Amines,0.3241452742047323,FALSE,,FALSE
survey_weighted,odds_ratio,0.8916993089116036,0.6450947256407149,1.23257504039225,0.15851548584866745,30,0.4752044580500844,age+sex+eth+marital+PIR_level+edu+smoke+alcohol.user+PA_level+BMI_level,,THg_ln_S,HM_serum.rds,heart.attack,Myocardial infarction,natural_log_transformed,3256,103,3153,30,4,2013-2014|2015-2016,WTSH2YR,ok,,0.8232374408147682,Heavy Metals,serum,THg_ln_S,Metals and metalloids,0.32311949374767507,FALSE,,FALSE
survey_weighted,odds_ratio,1.1129994845183913,0.8124648388247304,1.5247033389532798,0.1476653532851176,15,0.4796051008907173,age+sex+eth+marital+PIR_level+edu+smoke+alcohol.user+PA_level+BMI_level,,DMTP_ln_U,pesticides_urine.rds,heart.attack,Myocardial infarction,natural_log_transformed,1037,46,991,15,2,2015-2016,WTSB2YR,ok,,0.8232374408147682,Pesticides,urine,DMTP_ln_U,Pesticides,0.3191162065637836,FALSE,,FALSE
survey_weighted,odds_ratio,1.1167080376648129,0.806584567088772,1.5460707931545992,0.15263398368057865,15,0.4806822640998982,age+sex+eth+marital+PIR_level+edu+smoke+alcohol.user+PA_level+BMI_level,,DMP_ln_U,pesticides_urine.rds,heart.attack,Myocardial infarction,natural_log_transformed,1029,47,982,15,2,2015-2016,WTSB2YR,ok,,0.8232374408147682,Pesticides,urine,DMP_ln_U,Pesticides,0.3181419018897572,FALSE,,FALSE
survey_weighted,odds_ratio,1.2515856483355463,0.6456219662658617,2.4262907970427574,0.3241254133747224,30,0.4940363751950878,age+sex+eth+marital+PIR_level+edu+smoke+alcohol.user+PA_level+BMI_level,,PMA_binary_U,VOC_urine.rds,heart.attack,Myocardial infarction,binary_above_detection_threshold,2183,67,2116,30,4,2013-2014|2015-2016,WTSA2YR,ok,,0.8350255635501916,Volatile Organic Compounds (VOC),urine,PMA_binary_U,Volatile Organic Compounds (VOC),0.3062410734145817,FALSE,,FALSE
survey_weighted,odds_ratio,1.1138903608554112,0.8074756438331122,1.536581004619174,0.1575211491028838,30,0.4987736587648795,age+sex+eth+marital+PIR_level+edu+smoke+alcohol.user+PA_level+BMI_level,,Toluene_ln_S,VOC_serum.rds,heart.attack,Myocardial infarction,natural_log_transformed,3097,93,3004,30,4,2013-2014|2015-2016,WTSVOC2Y,ok,,0.8350255635501916,Volatile Organic Compounds (VOC),serum,Toluene_ln_S,Volatile Organic Compounds (VOC),0.30209649054861687,FALSE,,FALSE
survey_weighted,odds_ratio,1.2832076059832764,0.59988592200798585,2.744891486270636,0.3723198904985438,30,0.5081370063878716,age+sex+eth+marital+PIR_level+edu+smoke+alcohol.user+PA_level+BMI_level,,o_Xylene_binary_S,VOC_serum.rds,heart.attack,Myocardial infarction,binary_above_detection_threshold,3152,98,3054,30,4,2013-2014|2015-2016,WTSVOC2Y,ok,,0.8412490439088096,Volatile Organic Compounds (VOC),serum,o_Xylene_binary_S,Volatile Organic Compounds (VOC),0.2940191753223294,FALSE,,FALSE
survey_weighted,odds_ratio,0.8941344660130789,0.6264418349665194,1.276218155760977,0.17421781476044734,30,0.5255604688747959,age+sex+eth+marital+PIR_level+edu+smoke+alcohol.user+PA_level+BMI_level,,MEHHP_ln_U,Phthalates_urine.rds,heart.attack,Myocardial infarction,natural_log_transformed,2142,83,2059,30,4,2013-2014|2015-2016,WTSB2YR,ok,,0.86053307541038,Phthalates,urine,MEHHP_ln_U,Phthalates,0.2793773085837255,FALSE,,FALSE
survey_weighted,odds_ratio,0.8698737127884285,0.5526806988091777,1.3691092846750237,0.2220896655632846,30,0.5349451303998998,age+sex+eth+marital+PIR_level+edu+smoke+alcohol.user+PA_level+BMI_level,,Perchlorate_ln_U,PERNT_urine.rds,heart.attack,Myocardial infarction,natural_log_transformed,2221,68,2153,30,4,2013-2014|2015-2016,WTSA2YR,ok,,0.8641054323324848,Inorganic Anions,urine,Perchlorate_ln_U,Inorganic Anions,0.271690761505148,FALSE,,FALSE
survey_weighted,odds_ratio,1.0379059061648772,0.9169872653293571,1.174769498750908,0.0606514695069164,30,0.5442186551983117,age+sex+eth+marital+PIR_level+edu+smoke+alcohol.user+PA_level+BMI_level,,X24_DCP_ln_U,PCCP_urine.rds,heart.attack,Myocardial infarction,natural_log_transformed,2142,83,2059,30,4,2013-2014|2015-2016,WTSB2YR,ok,,0.8641054323324848,Personal Care Products,urine,24_DCP_ln_U,Personal Care Products,0.2642265751787843,FALSE,,FALSE
survey_weighted,odds_ratio,1.1144330824248618,0.7722656391110106,1.6082045248480246,0.17959039904438306,30,0.5508474350758359,age+sex+eth+marital+PIR_level+edu+smoke+alcohol.user+PA_level+BMI_level,,MnBP_ln_U,Phthalates_urine.rds,heart.attack,Myocardial infarction,natural_log_transformed,2142,83,2059,30,4,2013-2014|2015-2016,WTSB2YR,ok,,0.8641054323324848,Phthalates,urine,MnBP_ln_U,Phthalates,0.2589686684429613,FALSE,,FALSE
survey_weighted,odds_ratio,0.9125454337106136,0.6693859266400989,1.244034473156501,0.15173152285079466,30,0.5509397051784299,age+sex+eth+marital+PIR_level+edu+smoke+alcohol.user+PA_level+BMI_level,,MCPP_ln_U,Phthalates_urine.rds,heart.attack,Myocardial infarction,natural_log_transformed,2142,83,2059,30,4,2013-2014|2015-2016,WTSB2YR,ok,,0.8641054323324848,Phthalates,urine,MCPP_ln_U,Phthalates,0.25889592772012865,FALSE,,FALSE
survey_weighted,odds_ratio,0.8047741892181249,0.377646568194707,1.7149937274096163,0.3704711249430363,30,0.5620842691343955,age+sex+eth+marital+PIR_level+edu+smoke+alcohol.user+PA_level+BMI_level,,IHg_binary_S,HM_serum.rds,heart.attack,Myocardial infarction,binary_above_detection_threshold,3251,103,3148,30,4,2013-2014|2015-2016,WTSH2YR,ok,,0.8672169189266239,Heavy Metals,serum,IHg_binary_S,Metals and metalloids,0.2501985689922904,FALSE,,FALSE
survey_weighted,odds_ratio,0.8751981423941365,0.5483794641197454,1.396791525881954,0.22890325315979887,30,0.5646732578195467,age+sex+eth+marital+PIR_level+edu+smoke+alcohol.user+PA_level+BMI_level,,MHBP_ln_U,Phthalates_urine.rds,heart.attack,Myocardial infarction,natural_log_transformed,2041,80,1961,30,4,2013-2014|2015-2016,WTSB2YR|WTSSBH2Y,ok,,0.8672169189266239,Phthalates,urine,MHBP_ln_U,Phthalates,0.248202779389758,FALSE,,FALSE
survey_weighted,odds_ratio,0.8761607745397494,0.5390910510216008,1.4239852458825817,0.2278567302784609,15,0.5703842822470412,age+sex+eth+marital+PIR_level+edu+smoke+alcohol.user+PA_level+BMI_level,,X1_AN_ln_U,AA_urine.rds,heart.attack,Myocardial infarction,natural_log_transformed,1109,27,1082,15,2,2013-2014,WTSA2YR,ok,,0.8672169189266239,Aromatic Amines,urine,1_AN_ln_U,Aromatic Amines,0.2438324505955825,FALSE,,FALSE
survey_weighted,odds_ratio,0.8146525389766491,0.3544356522216076,1.8724379308381605,0.39045488035801057,15,0.6072480979255774,age+sex+eth+marital+PIR_level+edu+smoke+alcohol.user+PA_level+BMI_level,,X4_MDA_binary_U,AA_urine.rds,heart.attack,Myocardial infarction,binary_above_detection_threshold,1008,38,970,15,2,2015-2016,WTSA2YR,ok,,0.9014964314638756,Aromatic Amines,urine,4_MDA_binary_U,Aromatic Amines,0.2166338368550173,FALSE,,FALSE
survey_weighted,odds_ratio,0.6266035952548656,0.09525628831464768,4.12184930289739,0.9223759932371786,30,0.6160144003679103,age+sex+eth+marital+PIR_level+edu+smoke+alcohol.user+PA_level+BMI_level,,FA_ln_S,gas_serum.rds,heart.attack,Myocardial infarction,natural_log_transformed,1966,60,1906,30,4,2013-2014|2015-2016,WTSA2YR,ok,,0.9014964314638756,Gaseous Pollutants,serum,FA_ln_S,Gaseous Pollutants,0.21040913535631903,FALSE,,FALSE
survey_weighted,odds_ratio,1.1953512248948943,0.5801907627160677,2.462749569070576,0.35393827121288557,30,0.6178346189023309,age+sex+eth+marital+PIR_level+edu+smoke+alcohol.user+PA_level+BMI_level,,X14_DCB_binary_S,VOC_serum.rds,heart.attack,Myocardial infarction,binary_above_detection_threshold,3130,95,3035,30,4,2013-2014|2015-2016,WTSVOC2Y,ok,,0.9014964314638756,Volatile Organic Compounds (VOC),serum,14_DCB_binary_S,Volatile Organic Compounds (VOC),0.2091277606881384,FALSE,,FALSE
survey_weighted,odds_ratio,1.260478610022442,0.4725600741966363,3.3621256070460825,0.4602885858030598,15,0.6223194101148082,age+sex+eth+marital+PIR_level+edu+smoke+alcohol.user+PA_level+BMI_level,,DETP_binary_U,pesticides_urine.rds,heart.attack,Myocardial infarction,binary_above_detection_threshold,1033,46,987,15,2,2015-2016,WTSB2YR,ok,,0.9014964314638756,Pesticides,urine,DETP_binary_U,Pesticides,0.20598665317864717,FALSE,,FALSE
survey_weighted,odds_ratio,0.8284240959106548,0.38192436921570816,1.7969172380769871,0.3791377645722672,30,0.6231820969179811,age+sex+eth+marital+PIR_level+edu+smoke+alcohol.user+PA_level+BMI_level,,X4FPBA_binary_U,pesticides_urine.rds,heart.attack,Myocardial infarction,binary_above_detection_threshold,2204,84,2120,30,4,2013-2014|2015-2016,WTSB2YR|WTSC2YR,ok,,0.9014964314638756,Pesticides,urine,4FPBA_binary_U,Pesticides,0.2053850317819198,FALSE,,FALSE
survey_weighted,odds_ratio,1.1440777117989775,0.633863389805896,2.064977772317794,0.27705119411800916,15,0.6341104858639115,age+sex+eth+marital+PIR_level+edu+smoke+alcohol.user+PA_level+BMI_level,,n_PFOS_ln_S,PFC_serum.rds,heart.attack,Myocardial infarction,natural_log_transformed,995,43,952,15,2,2015-2016,WTSB2YR,ok,,0.9015814811063833,Polyfluoroalkyl Substances (PFAS),serum,n_PFOS_ln_S,Polyfluoroalkyl Substances (PFAS),0.19783506511428164,FALSE,,FALSE
survey_weighted,odds_ratio,1.076420035027427,0.7821973200733243,1.4813143206625037,0.15634005860160632,30,0.6410270321114149,age+sex+eth+marital+PIR_level+edu+smoke+alcohol.user+PA_level+BMI_level,,MEOHP_ln_U,Phthalates_urine.rds,heart.attack,Myocardial infarction,natural_log_transformed,2142,83,2059,30,4,2013-2014|2015-2016,WTSB2YR,ok,,0.9015814811063833,Phthalates,urine,MEOHP_ln_U,Phthalates,0.19312365589571853,FALSE,,FALSE
survey_weighted,odds_ratio,1.0838470966591942,0.7628965596375782,1.5398215054143505,0.17194065597054578,30,0.6429670454938621,age+sex+eth+marital+PIR_level+edu+smoke+alcohol.user+PA_level+BMI_level,,BCETP_ln_U,BFR_urine.rds,heart.attack,Myocardial infarction,natural_log_transformed,1940,80,1860,30,4,2013-2014|2015-2016,WTSSBI2Y|WTSSCH2Y,ok,,0.9015814811063833,Brominated Flame Retardants,urine,BCETP_ln_U,Brominated Flame Retardants,0.19181128574908193,FALSE,,FALSE
survey_weighted,odds_ratio,0.9052978035305252,0.5819897831896322,1.4082104819529986,0.21633306563044713,30,0.6489046393715087,age+sex+eth+marital+PIR_level+edu+smoke+alcohol.user+PA_level+BMI_level,,Mo_ln_U,HM_urine.rds,heart.attack,Myocardial infarction,natural_log_transformed,2230,68,2162,30,4,2013-2014|2015-2016,WTSA2YR,ok,,0.9015814811063833,Heavy Metals,urine,Mo_ln_U,Metals and metalloids,0.18781912082314922,FALSE,,FALSE
survey_weighted,odds_ratio,1.1894113412919234,0.5440848740145072,2.600144584714427,0.3829599410321993,30,0.6538496946138579,age+sex+eth+marital+PIR_level+edu+smoke+alcohol.user+PA_level+BMI_level,,AsB_binary_U,HM_urine.rds,heart.attack,Myocardial infarction,binary_above_detection_threshold,2233,69,2164,30,4,2013-2014|2015-2016,WTSA2YR,ok,,0.9015814811063833,Heavy Metals,urine,AsB_binary_U,Metals and metalloids,0.18452207476757285,FALSE,,FALSE
survey_weighted,odds_ratio,0.9268972037253744,0.6529664901120085,1.3157465800833723,0.1715328705828206,30,0.6612626321556114,age+sex+eth+marital+PIR_level+edu+smoke+alcohol.user+PA_level+BMI_level,,DPHP_ln_U,BFR_urine.rds,heart.attack,Myocardial infarction,natural_log_transformed,1942,80,1862,30,4,2013-2014|2015-2016,WTSSBI2Y|WTSSCH2Y,ok,,0.9015814811063833,Brominated Flame Retardants,urine,DPHP_ln_U,Brominated Flame Retardants,0.17962601851354304,FALSE,,FALSE
survey_weighted,odds_ratio,1.203099049852164,0.5065176291846791,2.8576445129561954,0.4235952537304884,30,0.6655970665886051,age+sex+eth+marital+PIR_level+edu+smoke+alcohol.user+PA_level+BMI_level,,BuP_binary_U,PCCP_urine.rds,heart.attack,Myocardial infarction,binary_above_detection_threshold,2144,83,2061,30,4,2013-2014|2015-2016,WTSB2YR,ok,,0.9015814811063833,Personal Care Products,urine,BuP_binary_U,Personal Care Products,0.1767886007305375,FALSE,,FALSE
survey_weighted,odds_ratio,1.1074205506605923,0.6727751103218933,1.8228680835690256,0.24403093057058653,30,0.6788394407337681,age+sex+eth+marital+PIR_level+edu+smoke+alcohol.user+PA_level+BMI_level,,Cd_ln_S,HM_serum.rds,heart.attack,Myocardial infarction,natural_log_transformed,3256,103,3153,30,4,2013-2014|2015-2016,WTSH2YR,ok,,0.911234924948932,Heavy Metals,serum,Cd_ln_S,Metals and metalloids,0.16823293300811595,FALSE,,FALSE
survey_weighted,odds_ratio,1.175324515683054,0.4972554077867185,2.778024523281016,0.4211954072482239,30,0.7040258453118402,age+sex+eth+marital+PIR_level+edu+smoke+alcohol.user+PA_level+BMI_level,,HEMA_binary_U,VOC_urine.rds,heart.attack,Myocardial infarction,binary_above_detection_threshold,2202,67,2135,30,4,2013-2014|2015-2016,WTSA2YR,ok,,0.9120466883555496,Volatile Organic Compounds (VOC),urine,HEMA_binary_U,Volatile Organic Compounds (VOC),0.15241139729214445,FALSE,,FALSE
survey_weighted,odds_ratio,0.9197353982122288,0.5851238897079538,1.4456993084777623,0.22145057803240312,30,0.7082217261922172,age+sex+eth+marital+PIR_level+edu+smoke+alcohol.user+PA_level+BMI_level,,MCNP_ln_U,Phthalates_urine.rds,heart.attack,Myocardial infarction,natural_log_transformed,2142,83,2059,30,4,2013-2014|2015-2016,WTSB2YR,ok,,0.9120466883555496,Phthalates,urine,MCNP_ln_U,Phthalates,0.14983075447615213,FALSE,,FALSE
survey_weighted,odds_ratio,1.1452632103751563,0.5490901368271375,2.3887295237498165,0.35995547688571655,30,0.7089677090880597,age+sex+eth+marital+PIR_level+edu+smoke+alcohol.user+PA_level+BMI_level,,TCC_binary_U,PCCP_urine.rds,heart.attack,Myocardial infarction,binary_above_detection_threshold,2144,83,2061,30,4,2013-2014|2015-2016,WTSB2YR,ok,,0.9120466883555496,Personal Care Products,urine,TCC_binary_U,Personal Care Products,0.14937354490752908,FALSE,,FALSE
survey_weighted,odds_ratio,0.9278062774667304,0.6077789871824146,1.4163446033192808,0.20712792213490017,30,0.720060899191461,age+sex+eth+marital+PIR_level+edu+smoke+alcohol.user+PA_level+BMI_level,,TCPY_ln_U,pesticides_urine.rds,heart.attack,Myocardial infarction,natural_log_transformed,2181,83,2098,30,4,2013-2014|2015-2016,WTSB2YR|WTSC2YR,ok,,0.9120466883555496,Pesticides,urine,TCPY_ln_U,Pesticides,0.14263077153492035,FALSE,,FALSE
survey_weighted,odds_ratio,1.085285825382187,0.6833000788821303,1.723759968976491,0.226543988367899,30,0.7204300356760979,age+sex+eth+marital+PIR_level+edu+smoke+alcohol.user+PA_level+BMI_level,,Pb_ln_U,HM_urine.rds,heart.attack,Myocardial infarction,natural_log_transformed,2231,68,2163,30,4,2013-2014|2015-2016,WTSA2YR,ok,,0.9120466883555496,Heavy Metals,urine,Pb_ln_U,Metals and metalloids,0.14240818916667952,FALSE,,FALSE
survey_weighted,odds_ratio,1.0495004962606904,0.7980016505317207,1.3802619216608412,0.1341441713550707,30,0.7212454865699376,age+sex+eth+marital+PIR_level+edu+smoke+alcohol.user+PA_level+BMI_level,,Ba_ln_U,HM_urine.rds,heart.attack,Myocardial infarction,natural_log_transformed,2231,68,2163,30,4,2013-2014|2015-2016,WTSA2YR,ok,,0.9120466883555496,Heavy Metals,urine,Ba_ln_U,Metals and metalloids,0.14191689156779444,FALSE,,FALSE
survey_weighted,odds_ratio,1.131256133678304,0.5517005414728722,2.319628754701361,0.351607599211124,30,0.728222224457848,age+sex+eth+marital+PIR_level+edu+smoke+alcohol.user+PA_level+BMI_level,,CEMA_CEM_ln_U,VOC_urine.rds,heart.attack,Myocardial infarction,natural_log_transformed,2207,68,2139,30,4,2013-2014|2015-2016,WTSA2YR,ok,,0.9120466883555496,Volatile Organic Compounds (VOC),urine,CEMA_CEM_ln_U,Volatile Organic Compounds (VOC),0.1377360710596936,FALSE,,FALSE
survey_weighted,odds_ratio,1.2311002621057483,0.3518230140767636,4.307870135596516,0.5876448377272083,15,0.7284131269416805,age+sex+eth+marital+PIR_level+edu+smoke+alcohol.user+PA_level+BMI_level,,MeA_a_C_binary_U,AA_urine.rds,heart.attack,Myocardial infarction,binary_above_detection_threshold,1154,30,1124,15,2,2013-2014,WTSA2YR,ok,,0.9120466883555496,Aromatic Amines,urine,MeA_a_C_binary_U,Aromatic Amines,0.1376222362612932,FALSE,,FALSE
survey_weighted,odds_ratio,1.2132011135899277,0.3655502084408791,4.0264152721824695,0.5873917806885328,30,0.7444281052572521,age+sex+eth+marital+PIR_level+edu+smoke+alcohol.user+PA_level+BMI_level,,MA_ln_U,VOC_urine.rds,heart.attack,Myocardial infarction,natural_log_transformed,2181,67,2114,30,4,2013-2014|2015-2016,WTSA2YR,ok,,0.9177877111044817,Volatile Organic Compounds (VOC),urine,MA_ln_U,Volatile Organic Compounds (VOC),0.12817723880870568,FALSE,,FALSE
survey_weighted,odds_ratio,1.0586606912467276,0.7422154212876308,1.5100231375503448,0.17388491044976717,30,0.7453175372056529,age+sex+eth+marital+PIR_level+edu+smoke+alcohol.user+PA_level+BMI_level,,MECPP_ln_U,Phthalates_urine.rds,heart.attack,Myocardial infarction,natural_log_transformed,2142,83,2059,30,4,2013-2014|2015-2016,WTSB2YR,ok,,0.9177877111044817,Phthalates,urine,MECPP_ln_U,Phthalates,0.12765865976795543,FALSE,,FALSE
survey_weighted,odds_ratio,0.8463108439853303,0.2711699750993033,2.6413029111533164,0.533975051729093,15,0.7589609952035227,age+sex+eth+marital+PIR_level+edu+smoke+alcohol.user+PA_level+BMI_level,,PFHxA_binary_U,PFC_urine.rds,heart.attack,Myocardial infarction,binary_above_detection_threshold,1012,34,978,15,2,2013-2014,WTSSBH2Y,ok,,0.9269277728305316,Polyfluoroalkyl Substances (PFAS),urine,PFHxA_binary_U,Polyfluoroalkyl Substances (PFAS),0.11978054294925296,FALSE,,FALSE
survey_weighted,odds_ratio,1.094643185828014,0.5757618013450745,2.0811448440664333,0.30143321804689877,15,0.7682982890542367,age+sex+eth+marital+PIR_level+edu+smoke+alcohol.user+PA_level+BMI_level,,Sm_PFOS_ln_S,PFC_serum.rds,heart.attack,Myocardial infarction,natural_log_transformed,995,43,952,15,2,2015-2016,WTSB2YR,ok,,0.9307028054396852,Polyfluoroalkyl Substances (PFAS),serum,Sm_PFOS_ln_S,Polyfluoroalkyl Substances (PFAS),0.11447013395382015,FALSE,,FALSE
survey_weighted,odds_ratio,1.1422292719934826,0.41070869863647624,3.176674158911734,0.4798860639228803,15,0.7854770367461845,age+sex+eth+marital+PIR_level+edu+smoke+alcohol.user+PA_level+BMI_level,,PhIP_binary_U,AA_urine.rds,heart.attack,Myocardial infarction,binary_above_detection_threshold,1154,30,1124,15,2,2013-2014,WTSA2YR,ok,,0.9318366225774156,Aromatic Amines,urine,PhIP_binary_U,Aromatic Amines,0.10486650694506927,FALSE,,FALSE
survey_weighted,odds_ratio,1.042479996882365,0.7631995330911254,1.4239586068642118,0.15269180002300603,30,0.7871345530446593,age+sex+eth+marital+PIR_level+edu+smoke+alcohol.user+PA_level+BMI_level,,MBzP_ln_U,Phthalates_urine.rds,heart.attack,Myocardial infarction,natural_log_transformed,2142,83,2059,30,4,2013-2014|2015-2016,WTSB2YR,ok,,0.9318366225774156,Phthalates,urine,MBzP_ln_U,Phthalates,0.10395102285055446,FALSE,,FALSE
survey_weighted,odds_ratio,1.098466522990553,0.5216667773097958,2.3130257754834744,0.3646141274927075,30,0.7984942924783666,age+sex+eth+marital+PIR_level+edu+smoke+alcohol.user+PA_level+BMI_level,,BPF_binary_U,PCCP_urine.rds,heart.attack,Myocardial infarction,binary_above_detection_threshold,2143,83,2060,30,4,2013-2014|2015-2016,WTSB2YR,ok,,0.9318366225774156,Personal Care Products,urine,BPF_binary_U,Personal Care Products,0.09772818378850337,FALSE,,FALSE
survey_weighted,odds_ratio,1.0338896884707305,0.7883748793461863,1.355862440483372,0.13274901315629034,30,0.8034787184067774,age+sex+eth+marital+PIR_level+edu+smoke+alcohol.user+PA_level+BMI_level,,MEP_ln_U,Phthalates_urine.rds,heart.attack,Myocardial infarction,natural_log_transformed,2142,83,2059,30,4,2013-2014|2015-2016,WTSB2YR,ok,,0.9318366225774156,Phthalates,urine,MEP_ln_U,Phthalates,0.09502562182646554,FALSE,,FALSE
survey_weighted,odds_ratio,1.18147411385825,0.26852878238259176,5.198254985301083,0.725446831101901,30,0.8197482431200663,age+sex+eth+marital+PIR_level+edu+smoke+alcohol.user+PA_level+BMI_level,,DHB_Cys_ln_U,VOC_urine.rds,heart.attack,Myocardial infarction,natural_log_transformed,2097,64,2033,30,4,2013-2014|2015-2016,WTSA2YR,ok,,0.9318366225774156,Volatile Organic Compounds (VOC),urine,DHB_Cys_ln_U,Volatile Organic Compounds (VOC),0.08631950543514878,FALSE,,FALSE
survey_weighted,odds_ratio,0.8472732400669588,0.1765870962449003,4.0652570804946,0.7357476631679353,15,0.8248197252041547,age+sex+eth+marital+PIR_level+edu+smoke+alcohol.user+PA_level+BMI_level,,PPDA_binary_U,AA_urine.rds,heart.attack,Myocardial infarction,binary_above_detection_threshold,936,36,900,15,2,2015-2016,WTSA2YR,ok,,0.9318366225774156,Aromatic Amines,urine,PPDA_binary_U,Aromatic Amines,0.08364096163714249,FALSE,,FALSE
survey_weighted,odds_ratio,0.9759649085554778,0.7774664100559786,1.2251429649071532,0.11133979214989656,30,0.8285129094884474,age+sex+eth+marital+PIR_level+edu+smoke+alcohol.user+PA_level+BMI_level,,NPMA_ln_U,VOC_urine.rds,heart.attack,Myocardial infarction,natural_log_transformed,2190,68,2122,30,4,2013-2014|2015-2016,WTSA2YR,ok,,0.9318366225774156,Volatile Organic Compounds (VOC),urine,NPMA_ln_U,Volatile Organic Compounds (VOC),0.08170072022482838,FALSE,,FALSE
survey_weighted,odds_ratio,0.8527127703293862,0.18117248389556903,4.013407847860277,0.7267229186873716,15,0.8294123647401819,age+sex+eth+marital+PIR_level+edu+smoke+alcohol.user+PA_level+BMI_level,,PFHpA_binary_S,PFC_serum.rds,heart.attack,Myocardial infarction,binary_above_detection_threshold,1076,38,1038,15,2,2013-2014,WTSB2YR,ok,,0.9318366225774156,Polyfluoroalkyl Substances (PFAS),serum,PFHpA_binary_S,Polyfluoroalkyl Substances (PFAS),0.08122949453457158,FALSE,,FALSE
survey_weighted,odds_ratio,1.0152262759157005,0.8806378017798645,1.1703839980824544,0.06963829846912997,30,0.8296772684999003,age+sex+eth+marital+PIR_level+edu+smoke+alcohol.user+PA_level+BMI_level,,X25_DCP_ln_U,PCCP_urine.rds,heart.attack,Myocardial infarction,natural_log_transformed,2142,83,2059,30,4,2013-2014|2015-2016,WTSB2YR,ok,,0.9318366225774156,Personal Care Products,urine,25_DCP_ln_U,Personal Care Products,0.08109080854708321,FALSE,,FALSE
survey_weighted,odds_ratio,1.1731954283543282,0.242855986690612,5.667504976374966,0.7389421078969901,15,0.8317736295489683,age+sex+eth+marital+PIR_level+edu+smoke+alcohol.user+PA_level+BMI_level,,X5OHIMI_binary_U,pesticides_urine.rds,heart.attack,Myocardial infarction,binary_above_detection_threshold,841,38,803,15,2,2015-2016,WTSSBI2Y,ok,,0.9318366225774156,Pesticides,urine,5OHIMI_binary_U,Pesticides,0.0799948525728061,FALSE,,FALSE
survey_weighted,odds_ratio,0.9439386622009246,0.5273606962216595,1.6895840065091978,0.2850630621169389,30,0.8409776659091908,age+sex+eth+marital+PIR_level+edu+smoke+alcohol.user+PA_level+BMI_level,,Cs_ln_U,HM_urine.rds,heart.attack,Myocardial infarction,natural_log_transformed,2231,68,2163,30,4,2013-2014|2015-2016,WTSA2YR,ok,,0.932433285614822,Heavy Metals,urine,Cs_ln_U,Metals and metalloids,0.07521553773501628,FALSE,,FALSE
survey_weighted,odds_ratio,0.93501833875057,0.46576482849058926,1.8770401720393963,0.3412303259208129,30,0.8452316894351788,age+sex+eth+marital+PIR_level+edu+smoke+alcohol.user+PA_level+BMI_level,,PHE_Cys_binary_U,VOC_urine.rds,heart.attack,Myocardial infarction,binary_above_detection_threshold,2171,68,2103,30,4,2013-2014|2015-2016,WTSA2YR,ok,,0.932433285614822,Volatile Organic Compounds (VOC),urine,PHE_Cys_binary_U,Volatile Organic Compounds (VOC),0.07302422874130875,FALSE,,FALSE
survey_weighted,odds_ratio,0.9036278228912136,0.2749762707617564,2.9695043868370012,0.55818012298378,15,0.8583662808834249,age+sex+eth+marital+PIR_level+edu+smoke+alcohol.user+PA_level+BMI_level,,IPPPP_binary_U,BFR_urine.rds,heart.attack,Myocardial infarction,binary_above_detection_threshold,897,45,852,15,2,2015-2016,WTSSBI2Y,ok,,0.932433285614822,Brominated Flame Retardants,urine,IPPPP_binary_U,Brominated Flame Retardants,0.06632735105362601,FALSE,,FALSE
survey_weighted,odds_ratio,0.981182230636983,0.7855174720785646,1.225585176571958,0.108905891082645,30,0.8626949182017942,age+sex+eth+marital+PIR_level+edu+smoke+alcohol.user+PA_level+BMI_level,,MCOP_ln_U,Phthalates_urine.rds,heart.attack,Myocardial infarction,natural_log_transformed,2142,83,2059,30,4,2013-2014|2015-2016,WTSB2YR,ok,,0.932433285614822,Phthalates,urine,MCOP_ln_U,Phthalates,0.06414276021344584,FALSE,,FALSE
survey_weighted,odds_ratio,0.9264290960747644,0.37640870711131946,2.280156791909915,0.441009705233575,30,0.8635959289586943,age+sex+eth+marital+PIR_level+edu+smoke+alcohol.user+PA_level+BMI_level,,PGA_ln_U,VOC_urine.rds,heart.attack,Myocardial infarction,natural_log_transformed,2183,67,2116,30,4,2013-2014|2015-2016,WTSA2YR,ok,,0.932433285614822,Volatile Organic Compounds (VOC),urine,PGA_ln_U,Volatile Organic Compounds (VOC),0.06368941362236212,FALSE,,FALSE
survey_weighted,odds_ratio,0.9669976252717226,0.6182495222697217,1.5124708933834077,0.219022640497378,30,0.8792486554927855,age+sex+eth+marital+PIR_level+edu+smoke+alcohol.user+PA_level+BMI_level,,X34_MHA_ln_U,VOC_urine.rds,heart.attack,Myocardial infarction,natural_log_transformed,2216,68,2148,30,4,2013-2014|2015-2016,WTSA2YR,ok,,0.9404699057583368,Volatile Organic Compounds (VOC),urine,34_MHA_ln_U,Volatile Organic Compounds (VOC),0.05588828711396047,FALSE,,FALSE
survey_weighted,odds_ratio,1.043268372767472,0.568388826620541,1.9149019942707564,0.2973687424027653,30,0.887681531024336,age+sex+eth+marital+PIR_level+edu+smoke+alcohol.user+PA_level+BMI_level,,EtP_binary_U,PCCP_urine.rds,heart.attack,Myocardial infarction,binary_above_detection_threshold,2144,83,2061,30,4,2013-2014|2015-2016,WTSB2YR,ok,,0.9404699057583368,Personal Care Products,urine,EtP_binary_U,Personal Care Products,0.05174281589491951,FALSE,,FALSE
survey_weighted,odds_ratio,1.0221144097018138,0.7420669518748917,1.4078485288699674,0.15678086420190446,30,0.8899748772612448,age+sex+eth+marital+PIR_level+edu+smoke+alcohol.user+PA_level+BMI_level,,Total_As_ln_U,HM_urine.rds,heart.attack,Myocardial infarction,natural_log_transformed,2230,68,2162,30,4,2013-2014|2015-2016,WTSA2YR,ok,,0.9404699057583368,Heavy Metals,urine,Total_As_ln_U,Metals and metalloids,0.05062225270430813,FALSE,,FALSE
survey_weighted,odds_ratio,0.9698117825539426,0.5866782460198546,1.6031528354106137,0.2358139222245436,15,0.8983021295089999,age+sex+eth+marital+PIR_level+edu+smoke+alcohol.user+PA_level+BMI_level,,X2_AN_ln_U,AA_urine.rds,heart.attack,Myocardial infarction,natural_log_transformed,1116,24,1092,15,2,2013-2014,WTSA2YR,ok,,0.9425846288509928,Aromatic Amines,urine,2_AN_ln_U,Aromatic Amines,0.046577570782160176,FALSE,,FALSE
survey_weighted,odds_ratio,0.9872413256230748,0.721348276858583,1.351144053830021,0.1536486697161787,30,0.9339517056728656,age+sex+eth+marital+PIR_level+edu+smoke+alcohol.user+PA_level+BMI_level,,W_ln_U,HM_urine.rds,heart.attack,Myocardial infarction,natural_log_transformed,2230,68,2162,30,4,2013-2014|2015-2016,WTSA2YR,ok,,0.9731384905262724,Heavy Metals,urine,W_ln_U,Metals and metalloids,0.02967558041021773,FALSE,,FALSE
survey_weighted,odds_ratio,0.989136277661754,0.7341274527475421,1.3327257714240628,0.14598907198359806,30,0.9408532134703148,age+sex+eth+marital+PIR_level+edu+smoke+alcohol.user+PA_level+BMI_level,,ATCA_ln_U,VOC_urine.rds,heart.attack,Myocardial infarction,natural_log_transformed,2165,67,2098,30,4,2013-2014|2015-2016,WTSA2YR,ok,,0.9735217278269233,Volatile Organic Compounds (VOC),urine,ATCA_ln_U,Volatile Organic Compounds (VOC),0.026478127425501406,FALSE,,FALSE
survey_weighted,odds_ratio,1.0145313113758645,0.5750507064048545,1.7898835186151192,0.27798631809716345,30,0.9589545427171756,age+sex+eth+marital+PIR_level+edu+smoke+alcohol.user+PA_level+BMI_level,,Pb_ln_S,HM_serum.rds,heart.attack,Myocardial infarction,natural_log_transformed,3256,103,3153,30,4,2013-2014|2015-2016,WTSH2YR,ok,,0.9853439465331848,Heavy Metals,serum,Pb_ln_S,Metals and metalloids,0.018201979184911517,FALSE,,FALSE
survey_weighted,odds_ratio,1.0154266638124048,0.48349469622264674,2.1325803936148624,0.3481310725127636,15,0.9655048066701004,age+sex+eth+marital+PIR_level+edu+smoke+alcohol.user+PA_level+BMI_level,,Norharman_ln_U,AA_urine.rds,heart.attack,Myocardial infarction,natural_log_transformed,1139,28,1111,15,2,2013-2014,WTSA2YR,ok,,0.9853439465331848,Aromatic Amines,urine,Norharman_ln_U,Aromatic Amines,0.015245559787119166,FALSE,,FALSE
survey_weighted,odds_ratio,1.0099916989261963,0.5506659495191107,1.8524538021474712,0.29700690814252967,30,0.9735180534431328,age+sex+eth+marital+PIR_level+edu+smoke+alcohol.user+PA_level+BMI_level,,BMA_ln_U,VOC_urine.rds,heart.attack,Myocardial infarction,natural_log_transformed,2210,68,2142,30,4,2013-2014|2015-2016,WTSA2YR,ok,,0.986763197027393,Volatile Organic Compounds (VOC),urine,BMA_ln_U,Volatile Organic Compounds (VOC),0.011655990278482497,FALSE,,FALSE
survey_weighted,odds_ratio,1.0064435015067863,0.4751332861779846,2.1318828867439064,0.3675233147324168,30,0.986172605277305,age+sex+eth+marital+PIR_level+edu+smoke+alcohol.user+PA_level+BMI_level,,CEMA_AAM_ln_U,VOC_urine.rds,heart.attack,Myocardial infarction,natural_log_transformed,2156,64,2092,30,4,2013-2014|2015-2016,WTSA2YR,ok,,0.9920685611451974,Volatile Organic Compounds (VOC),urine,CEMA_AAM_ln_U,Volatile Organic Compounds (VOC),0.006047065830581534,FALSE,,FALSE
survey_weighted,odds_ratio,1.0022113017586394,0.6390172448748845,1.5718315920713637,0.2203587952845535,30,0.9920685611451974,age+sex+eth+marital+PIR_level+edu+smoke+alcohol.user+PA_level+BMI_level,,GLYP_ln_U,GYLP_urine.rds,heart.attack,Myocardial infarction,natural_log_transformed,1938,78,1860,30,4,2013-2014|2015-2016,WTSSCH2Y|WTSSGL2Y,ok,,0.9920685611451974,Herbicides,urine,GLYP_ln_U,Herbicides,0.003458313029169191,FALSE,,FALSE
survey_weighted,odds_ratio,0.05199690058819163,0.01407466690831095,0.19209532192778145,0.613107454123197,15,2.238973056536648e-4,age+sex+eth+marital+PIR_level+edu+smoke+alcohol.user+PA_level+BMI_level,,PFBA_binary_U,PFC_urine.rds,stroke,Stroke,binary_above_detection_threshold,1011,26,985,15,2,2013-2014,WTSSBH2Y,ok,,0.03336069854239606,Polyfluoroalkyl Substances (PFAS),urine,PFBA_binary_U,Polyfluoroalkyl Substances (PFAS),3.649951132623678,FALSE,,FALSE
survey_weighted,odds_ratio,2.0677552172873126,1.2466793319301002,3.429600161895224,0.23738779170402452,15,0.00793594811470738,age+sex+eth+marital+PIR_level+edu+smoke+alcohol.user+PA_level+BMI_level,,o_TLD_ln_U,AA_urine.rds,stroke,Stroke,natural_log_transformed,1078,20,1058,15,2,2013-2014,WTSA2YR,ok,,0.5912281345457002,Aromatic Amines,urine,o_TLD_ln_U,Aromatic Amines,2.1004011802654126,TRUE,1,TRUE
survey_weighted,odds_ratio,0.09176085440635318,0.01318327152649246,0.6386923294770506,0.9102899343111386,15,0.01916180065882123,age+sex+eth+marital+PIR_level+edu+smoke+alcohol.user+PA_level+BMI_level,,MDA_binary_U,pesticides_urine.rds,stroke,Stroke,binary_above_detection_threshold,1035,29,1006,15,2,2015-2016,WTSB2YR,ok,,0.761551796377128,Pesticides,urine,MDA_binary_U,Pesticides,1.7175636821340312,FALSE,,FALSE
survey_weighted,odds_ratio,1.8600656436022536,1.070425579251628,3.2322136779731707,0.2705591365350163,30,0.02897891778296111,age+sex+eth+marital+PIR_level+edu+smoke+alcohol.user+PA_level+BMI_level,,PGA_ln_U,VOC_urine.rds,stroke,Stroke,natural_log_transformed,2184,53,2131,30,4,2013-2014|2015-2016,WTSA2YR,ok,,0.761551796377128,Volatile Organic Compounds (VOC),urine,PGA_ln_U,Volatile Organic Compounds (VOC),1.5379178372797575,TRUE,2,TRUE
survey_weighted,odds_ratio,0.36399097514848133,0.14735313100492167,0.8991287058916798,0.4427896548632636,30,0.02972470734208724,age+sex+eth+marital+PIR_level+edu+smoke+alcohol.user+PA_level+BMI_level,,TCC_binary_U,PCCP_urine.rds,stroke,Stroke,binary_above_detection_threshold,2144,56,2088,30,4,2013-2014|2015-2016,WTSB2YR,ok,,0.761551796377128,Personal Care Products,urine,TCC_binary_U,Personal Care Products,1.5268824125828548,FALSE,,FALSE
survey_weighted,odds_ratio,0.21378476232025873,0.05349377369088259,0.8543783967164621,0.6499822905488838,15,0.03140317076366923,age+sex+eth+marital+PIR_level+edu+smoke+alcohol.user+PA_level+BMI_level,,IPPPP_binary_U,BFR_urine.rds,stroke,Stroke,binary_above_detection_threshold,898,25,873,15,2,2015-2016,WTSSBI2Y,ok,,0.761551796377128,Brominated Flame Retardants,urine,IPPPP_binary_U,Brominated Flame Retardants,1.5030264991993068,FALSE,,FALSE
survey_weighted,odds_ratio,0.40821509935437233,0.17758372288867366,0.938371854302016,0.4075617145284833,30,0.03577760117207984,age+sex+eth+marital+PIR_level+edu+smoke+alcohol.user+PA_level+BMI_level,,Hg_binary_U,HM_urine.rds,stroke,Stroke,binary_above_detection_threshold,2236,56,2180,30,4,2013-2014|2015-2016,WTSA2YR,ok,,0.761551796377128,Heavy Metals,urine,Hg_binary_U,Metals and metalloids,1.446388781506303,FALSE,,FALSE
survey_weighted,odds_ratio,0.42242821752117066,0.17928730029338258,0.995305293047016,0.41964527388639217,30,0.0488324678143439,age+sex+eth+marital+PIR_level+edu+smoke+alcohol.user+PA_level+BMI_level,,As_III_binary_U,HM_urine.rds,stroke,Stroke,binary_above_detection_threshold,2234,56,2178,30,4,2013-2014|2015-2016,WTSA2YR,ok,,0.8302859860151974,Heavy Metals,urine,As_III_binary_U,Metals and metalloids,1.3112913275063722,FALSE,,FALSE
survey_weighted,odds_ratio,1.4137493526399958,0.9974184470767832,2.0038603035142626,0.17080491897444935,30,0.05161459771524872,age+sex+eth+marital+PIR_level+edu+smoke+alcohol.user+PA_level+BMI_level,,U_ln_U,HM_urine.rds,stroke,Stroke,natural_log_transformed,2232,56,2176,30,4,2013-2014|2015-2016,WTSA2YR,ok,,0.8302859860151974,Heavy Metals,urine,U_ln_U,Metals and metalloids,1.287227453206242,FALSE,,FALSE
survey_weighted,odds_ratio,0.5147353678178337,0.2604081025396068,1.017451055856692,0.3336493580983807,30,0.05572389167887231,age+sex+eth+marital+PIR_level+edu+smoke+alcohol.user+PA_level+BMI_level,,Chloroform_binary_S,VOC_serum.rds,stroke,Stroke,binary_above_detection_threshold,3077,72,3005,30,4,2013-2014|2015-2016,WTSVOC2Y,ok,,0.8302859860151974,Volatile Organic Compounds (VOC),serum,Chloroform_binary_S,Volatile Organic Compounds (VOC),1.253958560668033,FALSE,,FALSE
survey_weighted,odds_ratio,3.184759051155591,0.8909120950466806,11.38461389211022,0.5976618835871595,15,0.07165756442284639,age+sex+eth+marital+PIR_level+edu+smoke+alcohol.user+PA_level+BMI_level,,X5OHIMI_binary_U,pesticides_urine.rds,stroke,Stroke,binary_above_detection_threshold,842,24,818,15,2,2015-2016,WTSSBI2Y,ok,,0.9484254276400208,Pesticides,urine,5OHIMI_binary_U,Pesticides,1.1447379572038738,FALSE,,FALSE
survey_weighted,odds_ratio,1.3383695964999298,0.9501016748285144,1.8853068300913036,0.16777312304797493,30,0.09261391637891474,age+sex+eth+marital+PIR_level+edu+smoke+alcohol.user+PA_level+BMI_level,,CEMA_AAM_ln_U,VOC_urine.rds,stroke,Stroke,natural_log_transformed,2158,54,2104,30,4,2013-2014|2015-2016,WTSA2YR,ok,,0.9484254276400208,Volatile Organic Compounds (VOC),urine,CEMA_AAM_ln_U,Volatile Organic Compounds (VOC),1.0333237503324295,FALSE,,FALSE
survey_weighted,odds_ratio,0.8253473220519616,0.6567054096902744,1.0372964680458805,0.111918839530977,30,0.09664208768496874,age+sex+eth+marital+PIR_level+edu+smoke+alcohol.user+PA_level+BMI_level,,DEA_ln_U,pesticides_urine.rds,stroke,Stroke,natural_log_transformed,2178,46,2132,30,4,2013-2014|2015-2016,WTSB2YR|WTSC2YR,ok,,0.9484254276400208,Pesticides,urine,DEA_ln_U,Pesticides,1.0148336968906921,FALSE,,FALSE
survey_weighted,odds_ratio,1.380640787094107,0.9288818944013746,2.0521112473790675,0.19405902913060197,30,0.10690612712028998,age+sex+eth+marital+PIR_level+edu+smoke+alcohol.user+PA_level+BMI_level,,X3_HPMA_ln_U,VOC_urine.rds,stroke,Stroke,natural_log_transformed,2148,54,2094,30,4,2013-2014|2015-2016,WTSA2YR,ok,,0.9484254276400208,Volatile Organic Compounds (VOC),urine,3_HPMA_ln_U,Volatile Organic Compounds (VOC),0.9709974033199769,FALSE,,FALSE
survey_weighted,odds_ratio,0.752932348645064,0.5304936385417073,1.068640753533941,0.17145969613567252,30,0.1083338326404971,age+sex+eth+marital+PIR_level+edu+smoke+alcohol.user+PA_level+BMI_level,,ATCA_ln_U,VOC_urine.rds,stroke,Stroke,natural_log_transformed,2167,55,2112,30,4,2013-2014|2015-2016,WTSA2YR,ok,,0.9484254276400208,Volatile Organic Compounds (VOC),urine,ATCA_ln_U,Volatile Organic Compounds (VOC),0.9652358920868224,FALSE,,FALSE
survey_weighted,odds_ratio,0.4922925890262946,0.20444739047055333,1.185400276581756,0.4302866383428164,30,0.1099949994855653,age+sex+eth+marital+PIR_level+edu+smoke+alcohol.user+PA_level+BMI_level,,HEMA_binary_U,VOC_urine.rds,stroke,Stroke,binary_above_detection_threshold,2203,56,2147,30,4,2013-2014|2015-2016,WTSA2YR,ok,,0.9484254276400208,Volatile Organic Compounds (VOC),urine,HEMA_binary_U,Volatile Organic Compounds (VOC),0.9586270579798565,FALSE,,FALSE
survey_weighted,odds_ratio,0.5289945458948448,0.23584779254405783,1.1865077326692304,0.3955356049504497,30,0.11789103657186852,age+sex+eth+marital+PIR_level+edu+smoke+alcohol.user+PA_level+BMI_level,,DBUP_binary_U,BFR_urine.rds,stroke,Stroke,binary_above_detection_threshold,1943,44,1899,30,4,2013-2014|2015-2016,WTSSBI2Y|WTSSCH2Y,ok,,0.9484254276400208,Brominated Flame Retardants,urine,DBUP_binary_U,Brominated Flame Retardants,0.9285192136950643,FALSE,,FALSE
survey_weighted,odds_ratio,0.5547581752000346,0.2590039993481499,1.1882312000039417,0.3729614004259576,30,0.1246286811114069,age+sex+eth+marital+PIR_level+edu+smoke+alcohol.user+PA_level+BMI_level,,MEHP_binary_U,Phthalates_urine.rds,stroke,Stroke,binary_above_detection_threshold,2143,56,2087,30,4,2013-2014|2015-2016,WTSB2YR,ok,,0.9484254276400208,Phthalates,urine,MEHP_binary_U,Phthalates,0.9043820008948423,FALSE,,FALSE
survey_weighted,odds_ratio,1.55077541630738,0.87777694370561,2.739767100364723,0.27866891155510903,30,0.12586776103294134,age+sex+eth+marital+PIR_level+edu+smoke+alcohol.user+PA_level+BMI_level,,Pb_ln_S,HM_serum.rds,stroke,Stroke,natural_log_transformed,3257,79,3178,30,4,2013-2014|2015-2016,WTSH2YR,ok,,0.9484254276400208,Heavy Metals,serum,Pb_ln_S,Metals and metalloids,0.9000854930726981,FALSE,,FALSE
survey_weighted,odds_ratio,1.5388841222706402,0.8405133968096146,2.8175212325772057,0.29614067562336854,30,0.15589341925671857,age+sex+eth+marital+PIR_level+edu+smoke+alcohol.user+PA_level+BMI_level,,DMA_ln_U,HM_urine.rds,stroke,Stroke,natural_log_transformed,2233,56,2177,30,4,2013-2014|2015-2016,WTSA2YR,ok,,0.9484254276400208,Heavy Metals,urine,DMA_ln_U,Metals and metalloids,0.807172217337234,FALSE,,FALSE
survey_weighted,odds_ratio,1.270539606644797,0.8963025343406806,1.801033501752365,0.16370031894238465,15,0.16419051562249892,age+sex+eth+marital+PIR_level+edu+smoke+alcohol.user+PA_level+BMI_level,,DMTP_ln_U,pesticides_urine.rds,stroke,Stroke,natural_log_transformed,1038,29,1009,15,2,2015-2016,WTSB2YR,ok,,0.9484254276400208,Pesticides,urine,DMTP_ln_U,Pesticides,0.7846519332809934,FALSE,,FALSE
survey_weighted,odds_ratio,0.5815799558240399,0.26649325833256743,1.2692075106612832,0.3821231164058483,30,0.16637682519430258,age+sex+eth+marital+PIR_level+edu+smoke+alcohol.user+PA_level+BMI_level,,Benzene_binary_S,VOC_serum.rds,stroke,Stroke,binary_above_detection_threshold,3081,72,3009,30,4,2013-2014|2015-2016,WTSVOC2Y,ok,,0.9484254276400208,Volatile Organic Compounds (VOC),serum,Benzene_binary_S,Volatile Organic Compounds (VOC),0.7789071671748727,FALSE,,FALSE
survey_weighted,odds_ratio,0.23568998608956768,0.02829219508981156,1.9634308814343244,1.038025725673988,30,0.17406847200847733,age+sex+eth+marital+PIR_level+edu+smoke+alcohol.user+PA_level+BMI_level,,FA_ln_S,gas_serum.rds,stroke,Stroke,natural_log_transformed,1967,52,1915,30,4,2013-2014|2015-2016,WTSA2YR,ok,,0.9484254276400208,Gaseous Pollutants,serum,FA_ln_S,Gaseous Pollutants,0.7592798829474796,FALSE,,FALSE
survey_weighted,odds_ratio,1.3269864534400828,0.8706242430129406,2.022563765878634,0.2063658791027656,30,0.18057050769267485,age+sex+eth+marital+PIR_level+edu+smoke+alcohol.user+PA_level+BMI_level,,Pb_ln_U,HM_urine.rds,stroke,Stroke,natural_log_transformed,2232,56,2176,30,4,2013-2014|2015-2016,WTSA2YR,ok,,0.9484254276400208,Heavy Metals,urine,Pb_ln_U,Metals and metalloids,0.7433531808899375,FALSE,,FALSE
survey_weighted,odds_ratio,0.679737040851115,0.3783219001212531,1.2212944705472892,0.28691597739325064,30,0.1885417652304668,age+sex+eth+marital+PIR_level+edu+smoke+alcohol.user+PA_level+BMI_level,,Cd_ln_U,HM_urine.rds,stroke,Stroke,natural_log_transformed,2232,56,2176,30,4,2013-2014|2015-2016,WTSA2YR,ok,,0.9484254276400208,Heavy Metals,urine,Cd_ln_U,Metals and metalloids,0.7245924311346094,FALSE,,FALSE
survey_weighted,odds_ratio,0.7675529337383342,0.5087722634535792,1.1579591664278632,0.20134774278872525,30,0.1988438135263678,age+sex+eth+marital+PIR_level+edu+smoke+alcohol.user+PA_level+BMI_level,,X24_DCP_ln_U,PCCP_urine.rds,stroke,Stroke,natural_log_transformed,2142,56,2086,30,4,2013-2014|2015-2016,WTSB2YR,ok,,0.9484254276400208,Personal Care Products,urine,24_DCP_ln_U,Personal Care Products,0.7014879163358126,FALSE,,FALSE
survey_weighted,odds_ratio,1.5473406951742172,0.7733347224707892,3.0960244734551763,0.32540347251986795,15,0.19970754240674177,age+sex+eth+marital+PIR_level+edu+smoke+alcohol.user+PA_level+BMI_level,,X2_AN_ln_U,AA_urine.rds,stroke,Stroke,natural_log_transformed,1116,18,1098,15,2,2013-2014,WTSA2YR,ok,,0.9484254276400208,Aromatic Amines,urine,2_AN_ln_U,Aromatic Amines,0.699605532706805,FALSE,,FALSE
survey_weighted,odds_ratio,0.5882858234780315,0.2507918702095642,1.3799498756320827,0.4000045570482912,15,0.20456829681239844,age+sex+eth+marital+PIR_level+edu+smoke+alcohol.user+PA_level+BMI_level,,PFHxA_binary_U,PFC_urine.rds,stroke,Stroke,binary_above_detection_threshold,1011,26,985,15,2,2013-2014,WTSSBH2Y,ok,,0.9484254276400208,Polyfluoroalkyl Substances (PFAS),urine,PFHxA_binary_U,Polyfluoroalkyl Substances (PFAS),0.6891616706545254,FALSE,,FALSE
survey_weighted,odds_ratio,0.6903995126534426,0.3837151090717962,1.242201507845566,0.28760612144782716,30,0.20753506417473333,age+sex+eth+marital+PIR_level+edu+smoke+alcohol.user+PA_level+BMI_level,,BPF_binary_U,PCCP_urine.rds,stroke,Stroke,binary_above_detection_threshold,2143,56,2087,30,4,2013-2014|2015-2016,WTSB2YR,ok,,0.9484254276400208,Personal Care Products,urine,BPF_binary_U,Personal Care Products,0.6829085163442493,FALSE,,FALSE
survey_weighted,odds_ratio,0.6155450065188278,0.2837771822964504,1.3351871774329167,0.37914564317704474,30,0.2104091801824868,age+sex+eth+marital+PIR_level+edu+smoke+alcohol.user+PA_level+BMI_level,,Mn_binary_U,HM_urine.rds,stroke,Stroke,binary_above_detection_threshold,2233,56,2177,30,4,2013-2014|2015-2016,WTSA2YR,ok,,0.9484254276400208,Heavy Metals,urine,Mn_binary_U,Metals and metalloids,0.6769353157748524,FALSE,,FALSE
survey_weighted,odds_ratio,2.099407507049833,0.6167900675831467,7.145886602758951,0.5746707577361928,15,0.21639040983100088,age+sex+eth+marital+PIR_level+edu+smoke+alcohol.user+PA_level+BMI_level,,DMDTP_binary_U,pesticides_urine.rds,stroke,Stroke,binary_above_detection_threshold,1034,29,1005,15,2,2015-2016,WTSB2YR,ok,,0.9484254276400208,Pesticides,urine,DMDTP_binary_U,Pesticides,0.6647619905607015,FALSE,,FALSE
survey_weighted,odds_ratio,0.8315743115365833,0.6156977956697104,1.1231416459033492,0.14717155512837626,30,0.21981454439762035,age+sex+eth+marital+PIR_level+edu+smoke+alcohol.user+PA_level+BMI_level,,THg_ln_S,HM_serum.rds,stroke,Stroke,natural_log_transformed,3257,79,3178,30,4,2013-2014|2015-2016,WTSH2YR,ok,,0.9484254276400208,Heavy Metals,serum,THg_ln_S,Metals and metalloids,0.6579435751397716,FALSE,,FALSE
survey_weighted,odds_ratio,1.3477416125803323,0.8279395959038828,2.1938888576739912,0.23858001395271153,30,0.22065324056177416,age+sex+eth+marital+PIR_level+edu+smoke+alcohol.user+PA_level+BMI_level,,X2_HPMA_ln_U,VOC_urine.rds,stroke,Stroke,natural_log_transformed,2199,55,2144,30,4,2013-2014|2015-2016,WTSA2YR,ok,,0.9484254276400208,Volatile Organic Compounds (VOC),urine,2_HPMA_ln_U,Volatile Organic Compounds (VOC),0.6562896900261593,FALSE,,FALSE
survey_weighted,odds_ratio,0.7649601288190754,0.49154367716200614,1.1904618569430492,0.21655921140417336,30,0.22560227823630868,age+sex+eth+marital+PIR_level+edu+smoke+alcohol.user+PA_level+BMI_level,,X24D_ln_U,pesticides_urine.rds,stroke,Stroke,natural_log_transformed,2201,49,2152,30,4,2013-2014|2015-2016,WTSB2YR|WTSC2YR,ok,,0.9484254276400208,Pesticides,urine,24D_ln_U,Pesticides,0.6466565189596994,FALSE,,FALSE
survey_weighted,odds_ratio,1.215598839754587,0.8803567813221918,1.678501910320264,0.1579930468906979,30,0.22614803517269128,age+sex+eth+marital+PIR_level+edu+smoke+alcohol.user+PA_level+BMI_level,,Sn_ln_U,HM_urine.rds,stroke,Stroke,natural_log_transformed,2231,56,2175,30,4,2013-2014|2015-2016,WTSA2YR,ok,,0.9484254276400208,Heavy Metals,urine,Sn_ln_U,Metals and metalloids,0.6456071811542552,FALSE,,FALSE
survey_weighted,odds_ratio,1.3077819159138324,0.8350779314765787,2.048064587896756,0.21963902718945005,30,0.2313354534079737,age+sex+eth+marital+PIR_level+edu+smoke+alcohol.user+PA_level+BMI_level,,X1_PY_ln_U,PAH_urine.rds,stroke,Stroke,natural_log_transformed,2226,55,2171,30,4,2013-2014|2015-2016,WTSA2YR,ok,,0.9484254276400208,Polycyclic Aromatic Hydrocarbons (PAH),urine,1_PY_ln_U,Polycyclic Aromatic Hydrocarbons (PAH),0.6357578041531426,FALSE,,FALSE
survey_weighted,odds_ratio,1.7843124633679923,0.6573056412086971,4.843669013818023,0.4685259052381283,15,0.2355150390783944,age+sex+eth+marital+PIR_level+edu+smoke+alcohol.user+PA_level+BMI_level,,n_PFOS_ln_S,PFC_serum.rds,stroke,Stroke,natural_log_transformed,996,27,969,15,2,2015-2016,WTSB2YR,ok,,0.9484254276400208,Polyfluoroalkyl Substances (PFAS),serum,n_PFOS_ln_S,Polyfluoroalkyl Substances (PFAS),0.6279813552857408,FALSE,,FALSE
survey_weighted,odds_ratio,1.6624935480735057,0.6956855226300671,3.9728939405509776,0.4265719620572867,30,0.242746002269463,age+sex+eth+marital+PIR_level+edu+smoke+alcohol.user+PA_level+BMI_level,,X25_DMF_binary_S,VOC_serum.rds,stroke,Stroke,binary_above_detection_threshold,3160,73,3087,30,4,2013-2014|2015-2016,WTSVOC2Y,ok,,0.9518198510039472,Volatile Organic Compounds (VOC),serum,25_DMF_binary_S,Volatile Organic Compounds (VOC),0.6148479136613942,FALSE,,FALSE
survey_weighted,odds_ratio,1.422661860764529,0.7525991626658224,2.689302447407447,0.31178610773444176,30,0.2671492792845713,age+sex+eth+marital+PIR_level+edu+smoke+alcohol.user+PA_level+BMI_level,,CEMA_CEM_ln_U,VOC_urine.rds,stroke,Stroke,natural_log_transformed,2208,56,2152,30,4,2013-2014|2015-2016,WTSA2YR,ok,,0.9975209536939648,Volatile Organic Compounds (VOC),urine,CEMA_CEM_ln_U,Volatile Organic Compounds (VOC),0.5732459931193157,FALSE,,FALSE
survey_weighted,odds_ratio,1.5227552239390112,0.6965486576387135,3.328961224179483,0.3669516695537572,15,0.2697550898217906,age+sex+eth+marital+PIR_level+edu+smoke+alcohol.user+PA_level+BMI_level,,X4_ABP_ln_U,AA_urine.rds,stroke,Stroke,natural_log_transformed,1120,19,1101,15,2,2013-2014,WTSA2YR,ok,,0.9975209536939648,Aromatic Amines,urine,4_ABP_ln_U,Aromatic Amines,0.5690303521662256,FALSE,,FALSE
survey_weighted,odds_ratio,0.5974268476238856,0.21635862484614168,1.6496630930041636,0.49733546143586155,30,0.30858836924410665,age+sex+eth+marital+PIR_level+edu+smoke+alcohol.user+PA_level+BMI_level,,PMA_binary_U,VOC_urine.rds,stroke,Stroke,binary_above_detection_threshold,2185,55,2130,30,4,2013-2014|2015-2016,WTSA2YR,ok,,0.9975209536939648,Volatile Organic Compounds (VOC),urine,PMA_binary_U,Volatile Organic Compounds (VOC),0.5106204466082351,FALSE,,FALSE
survey_weighted,odds_ratio,1.212874212659816,0.8138127318674905,1.8076196133715627,0.18720495853185573,15,0.31891636640272936,age+sex+eth+marital+PIR_level+edu+smoke+alcohol.user+PA_level+BMI_level,,DMP_ln_U,pesticides_urine.rds,stroke,Stroke,natural_log_transformed,1030,29,1001,15,2,2015-2016,WTSB2YR,ok,,0.9975209536939648,Pesticides,urine,DMP_ln_U,Pesticides,0.49632319271687775,FALSE,,FALSE
survey_weighted,odds_ratio,0.5839648547264006,0.19046848560557444,1.7904009184060297,0.5256301056238941,15,0.32235453156605964,age+sex+eth+marital+PIR_level+edu+smoke+alcohol.user+PA_level+BMI_level,,DETP_binary_U,pesticides_urine.rds,stroke,Stroke,binary_above_detection_threshold,1034,29,1005,15,2,2015-2016,WTSB2YR,ok,,0.9975209536939648,Pesticides,urine,DETP_binary_U,Pesticides,0.49166622022470424,FALSE,,FALSE
survey_weighted,odds_ratio,0.6093835241604889,0.21679596505061027,1.712892947207607,0.484877145776707,15,0.323205744815543,age+sex+eth+marital+PIR_level+edu+smoke+alcohol.user+PA_level+BMI_level,,MeA_a_C_binary_U,AA_urine.rds,stroke,Stroke,binary_above_detection_threshold,1153,21,1132,15,2,2013-2014,WTSA2YR,ok,,0.9975209536939648,Aromatic Amines,urine,MeA_a_C_binary_U,Aromatic Amines,0.49052092846825407,FALSE,,FALSE
survey_weighted,odds_ratio,1.432549366676074,0.6820248681027881,3.0089778011653583,0.3633916654635325,30,0.33049213689359036,age+sex+eth+marital+PIR_level+edu+smoke+alcohol.user+PA_level+BMI_level,,X14_DCB_binary_S,VOC_serum.rds,stroke,Stroke,binary_above_detection_threshold,3132,72,3060,30,4,2013-2014|2015-2016,WTSVOC2Y,ok,,0.9975209536939648,Volatile Organic Compounds (VOC),serum,14_DCB_binary_S,Volatile Organic Compounds (VOC),0.48083886883900023,FALSE,,FALSE
survey_weighted,odds_ratio,1.412679092920646,0.6646252840382215,3.0026877813759674,0.3692062951319134,30,0.35686952584734344,age+sex+eth+marital+PIR_level+edu+smoke+alcohol.user+PA_level+BMI_level,,MeFOSAA_binary_S,PFC_serum.rds,stroke,Stroke,binary_above_detection_threshold,2072,54,2018,30,4,2013-2014|2015-2016,WTSB2YR,ok,,0.9975209536939648,Polyfluoroalkyl Substances (PFAS),serum,MeFOSAA_binary_S,Polyfluoroalkyl Substances (PFAS),0.44749053616146195,FALSE,,FALSE
survey_weighted,odds_ratio,0.9264566858803888,0.780133908834843,1.100223924498304,0.08417178173075693,30,0.3713618776227155,age+sex+eth+marital+PIR_level+edu+smoke+alcohol.user+PA_level+BMI_level,,X25_DCP_ln_U,PCCP_urine.rds,stroke,Stroke,natural_log_transformed,2142,56,2086,30,4,2013-2014|2015-2016,WTSB2YR,ok,,0.9975209536939648,Personal Care Products,urine,25_DCP_ln_U,Personal Care Products,0.43020268106975224,FALSE,,FALSE
survey_weighted,odds_ratio,0.8323560506754388,0.5430933417012163,1.2756860412351878,0.200323338888514,15,0.3741619284711095,age+sex+eth+marital+PIR_level+edu+smoke+alcohol.user+PA_level+BMI_level,,Norharman_ln_U,AA_urine.rds,stroke,Stroke,natural_log_transformed,1139,20,1119,15,2,2013-2014,WTSA2YR,ok,,0.9975209536939648,Aromatic Amines,urine,Norharman_ln_U,Aromatic Amines,0.42694040469298017,FALSE,,FALSE
survey_weighted,odds_ratio,1.1246452322418594,0.859114789652947,1.4722443538834815,0.1318728900120677,30,0.3801441922725254,age+sex+eth+marital+PIR_level+edu+smoke+alcohol.user+PA_level+BMI_level,,X1_NP_ln_U,PAH_urine.rds,stroke,Stroke,natural_log_transformed,2159,50,2109,30,4,2013-2014|2015-2016,WTSA2YR,ok,,0.9975209536939648,Polycyclic Aromatic Hydrocarbons (PAH),urine,1_NP_ln_U,Polycyclic Aromatic Hydrocarbons (PAH),0.42005164014569213,FALSE,,FALSE
survey_weighted,odds_ratio,1.2041597387505931,0.7841681442491846,1.8490940840452337,0.21001792491755403,30,0.383407141941414,age+sex+eth+marital+PIR_level+edu+smoke+alcohol.user+PA_level+BMI_level,,X2_FL_ln_U,PAH_urine.rds,stroke,Stroke,natural_log_transformed,2226,55,2171,30,4,2013-2014|2015-2016,WTSA2YR,ok,,0.9975209536939648,Polycyclic Aromatic Hydrocarbons (PAH),urine,2_FL_ln_U,Polycyclic Aromatic Hydrocarbons (PAH),0.4163398015339672,FALSE,,FALSE
survey_weighted,odds_ratio,1.061012470979783,0.922563381377735,1.2202386159024217,0.06846432876526545,30,0.39388774842352214,age+sex+eth+marital+PIR_level+edu+smoke+alcohol.user+PA_level+BMI_level,,PrP_ln_U,PCCP_urine.rds,stroke,Stroke,natural_log_transformed,2142,56,2086,30,4,2013-2014|2015-2016,WTSB2YR,ok,,0.9975209536939648,Personal Care Products,urine,PrP_ln_U,Personal Care Products,0.40462752737772717,FALSE,,FALSE
survey_weighted,odds_ratio,1.2039587914803425,0.7765141791285961,1.8666971068183889,0.21473897611231255,30,0.3942406544926831,age+sex+eth+marital+PIR_level+edu+smoke+alcohol.user+PA_level+BMI_level,,Cd_ln_S,HM_serum.rds,stroke,Stroke,natural_log_transformed,3257,79,3178,30,4,2013-2014|2015-2016,WTSH2YR,ok,,0.9975209536939648,Heavy Metals,serum,Cd_ln_S,Metals and metalloids,0.40423859286364766,FALSE,,FALSE
survey_weighted,odds_ratio,0.7498499600275941,0.37225502671812905,1.510456332881539,0.3428993795508096,30,0.4078000030715859,age+sex+eth+marital+PIR_level+edu+smoke+alcohol.user+PA_level+BMI_level,,PFHS_ln_S,PFC_serum.rds,stroke,Stroke,natural_log_transformed,2072,54,2018,30,4,2013-2014|2015-2016,WTSB2YR,ok,,0.9975209536939648,Polyfluoroalkyl Substances (PFAS),serum,PFHS_ln_S,Polyfluoroalkyl Substances (PFAS),0.3895527752867341,FALSE,,FALSE
survey_weighted,odds_ratio,0.8905876705675041,0.6687376735199796,1.1860351680084562,0.14027985444607036,30,0.4153147846154466,age+sex+eth+marital+PIR_level+edu+smoke+alcohol.user+PA_level+BMI_level,,MeP_ln_U,PCCP_urine.rds,stroke,Stroke,natural_log_transformed,2142,56,2086,30,4,2013-2014|2015-2016,WTSB2YR,ok,,0.9975209536939648,Personal Care Products,urine,MeP_ln_U,Personal Care Products,0.38162260834926676,FALSE,,FALSE
survey_weighted,odds_ratio,1.12647607829817,0.8344974237539926,1.5206138675295742,0.1469049182816515,30,0.4239290060557239,age+sex+eth+marital+PIR_level+edu+smoke+alcohol.user+PA_level+BMI_level,,MEP_ln_U,Phthalates_urine.rds,stroke,Stroke,natural_log_transformed,2142,56,2086,30,4,2013-2014|2015-2016,WTSB2YR,ok,,0.9975209536939648,Phthalates,urine,MEP_ln_U,Phthalates,0.37270686713319134,FALSE,,FALSE
survey_weighted,odds_ratio,1.418514208847345,0.5758623336203847,3.494207631277832,0.44141840146271566,30,0.4345702423440083,age+sex+eth+marital+PIR_level+edu+smoke+alcohol.user+PA_level+BMI_level,,OXY_binary_U,pesticides_urine.rds,stroke,Stroke,binary_above_detection_threshold,2194,49,2145,30,4,2013-2014|2015-2016,WTSB2YR|WTSC2YR,ok,,0.9975209536939648,Pesticides,urine,OXY_binary_U,Pesticides,0.3619400157703483,FALSE,,FALSE
survey_weighted,odds_ratio,0.8592368789277891,0.5797440544864663,1.27347233386212,0.1926569215797877,30,0.43718718936780665,age+sex+eth+marital+PIR_level+edu+smoke+alcohol.user+PA_level+BMI_level,,PFDA_ln_S,PFC_serum.rds,stroke,Stroke,natural_log_transformed,2072,54,2018,30,4,2013-2014|2015-2016,WTSB2YR,ok,,0.9975209536939648,Polyfluoroalkyl Substances (PFAS),serum,PFDA_ln_S,Polyfluoroalkyl Substances (PFAS),0.35933257240482264,FALSE,,FALSE
survey_weighted,odds_ratio,0.733487707685917,0.3267532917648327,1.646515064685401,0.3959341515845517,30,0.4398699688920198,age+sex+eth+marital+PIR_level+edu+smoke+alcohol.user+PA_level+BMI_level,,AsB_binary_U,HM_urine.rds,stroke,Stroke,binary_above_detection_threshold,2234,56,2178,30,4,2013-2014|2015-2016,WTSA2YR,ok,,0.9975209536939648,Heavy Metals,urine,AsB_binary_U,Metals and metalloids,0.35667568746548556,FALSE,,FALSE
survey_weighted,odds_ratio,0.5913877647172862,0.1418441051571477,2.465661071144516,0.6698461701745104,15,0.4451393748283694,age+sex+eth+marital+PIR_level+edu+smoke+alcohol.user+PA_level+BMI_level,,NDMA_binary_U,pesticides_urine.rds,stroke,Stroke,binary_above_detection_threshold,890,25,865,15,2,2015-2016,WTSSBI2Y,ok,,0.9975209536939648,Pesticides,urine,NDMA_binary_U,Pesticides,0.3515039884755954,FALSE,,FALSE
survey_weighted,odds_ratio,1.2423238525673974,0.6871127346861657,2.246164969366816,0.28999098612302704,30,0.4601397194354336,age+sex+eth+marital+PIR_level+edu+smoke+alcohol.user+PA_level+BMI_level,,TCPY_ln_U,pesticides_urine.rds,stroke,Stroke,natural_log_transformed,2181,48,2133,30,4,2013-2014|2015-2016,WTSB2YR|WTSC2YR,ok,,0.9975209536939648,Pesticides,urine,TCPY_ln_U,Pesticides,0.3371102766523928,FALSE,,FALSE
survey_weighted,odds_ratio,1.1195962272268647,0.8180808430123893,1.5322394146340446,0.15363387245846724,30,0.4678622931677694,age+sex+eth+marital+PIR_level+edu+smoke+alcohol.user+PA_level+BMI_level,,MCOP_ln_U,Phthalates_urine.rds,stroke,Stroke,natural_log_transformed,2142,56,2086,30,4,2013-2014|2015-2016,WTSB2YR,ok,,0.9975209536939648,Phthalates,urine,MCOP_ln_U,Phthalates,0.32988195486990013,FALSE,,FALSE
survey_weighted,odds_ratio,0.7295276150549619,0.2952295821520531,1.8027005872794768,0.42442661880197585,15,0.46894680018062695,age+sex+eth+marital+PIR_level+edu+smoke+alcohol.user+PA_level+BMI_level,,DEP_ln_U,pesticides_urine.rds,stroke,Stroke,natural_log_transformed,1038,29,1009,15,2,2015-2016,WTSB2YR,ok,,0.9975209536939648,Pesticides,urine,DEP_ln_U,Pesticides,0.3288764231665473,FALSE,,FALSE
survey_weighted,odds_ratio,0.7135583292582565,0.27258276971362977,1.86792983939797,0.4712015144906206,30,0.4793848841189319,age+sex+eth+marital+PIR_level+edu+smoke+alcohol.user+PA_level+BMI_level,,BuP_binary_U,PCCP_urine.rds,stroke,Stroke,binary_above_detection_threshold,2144,56,2088,30,4,2013-2014|2015-2016,WTSB2YR,ok,,0.9975209536939648,Personal Care Products,urine,BuP_binary_U,Personal Care Products,0.3193156641847911,FALSE,,FALSE
survey_weighted,odds_ratio,0.7881572607148777,0.38778343312414254,1.601904090159301,0.3472850135405189,30,0.49830294153487686,age+sex+eth+marital+PIR_level+edu+smoke+alcohol.user+PA_level+BMI_level,,PFNA_ln_S,PFC_serum.rds,stroke,Stroke,natural_log_transformed,2072,54,2018,30,4,2013-2014|2015-2016,WTSB2YR,ok,,0.9975209536939648,Polyfluoroalkyl Substances (PFAS),serum,PFNA_ln_S,Polyfluoroalkyl Substances (PFAS),0.3025065491351948,FALSE,,FALSE
survey_weighted,odds_ratio,1.1337418823574192,0.77309724298791,1.6626248088061613,0.1874744968952151,30,0.5082654701764983,age+sex+eth+marital+PIR_level+edu+smoke+alcohol.user+PA_level+BMI_level,,X34_MHA_ln_U,VOC_urine.rds,stroke,Stroke,natural_log_transformed,2217,56,2161,30,4,2013-2014|2015-2016,WTSA2YR,ok,,0.9975209536939648,Volatile Organic Compounds (VOC),urine,34_MHA_ln_U,Volatile Organic Compounds (VOC),0.2939093937818306,FALSE,,FALSE
survey_weighted,odds_ratio,1.191852387185925,0.697144650924706,2.0376145911133277,0.26258547394722864,30,0.5089970157666363,age+sex+eth+marital+PIR_level+edu+smoke+alcohol.user+PA_level+BMI_level,,X2_NP_ln_U,PAH_urine.rds,stroke,Stroke,natural_log_transformed,2193,54,2139,30,4,2013-2014|2015-2016,WTSA2YR,ok,,0.9975209536939648,Polycyclic Aromatic Hydrocarbons (PAH),urine,2_NP_ln_U,Polycyclic Aromatic Hydrocarbons (PAH),0.2932847639105534,FALSE,,FALSE
survey_weighted,odds_ratio,1.209998947390293,0.6633911368924839,2.2069897700832626,0.2819724274586926,15,0.5093164213767186,age+sex+eth+marital+PIR_level+edu+smoke+alcohol.user+PA_level+BMI_level,,Harman_ln_U,AA_urine.rds,stroke,Stroke,natural_log_transformed,1154,21,1133,15,2,2013-2014,WTSA2YR,ok,,0.9975209536939648,Aromatic Amines,urine,Harman_ln_U,Aromatic Amines,0.2930123210782444,FALSE,,FALSE
survey_weighted,odds_ratio,0.8917544986303702,0.626536757893675,1.269240911739858,0.17283855708190715,30,0.5124936549630152,age+sex+eth+marital+PIR_level+edu+smoke+alcohol.user+PA_level+BMI_level,,MEHHP_ln_U,Phthalates_urine.rds,stroke,Stroke,natural_log_transformed,2142,56,2086,30,4,2013-2014|2015-2016,WTSB2YR,ok,,0.9975209536939648,Phthalates,urine,MEHHP_ln_U,Phthalates,0.29031150711437026,FALSE,,FALSE
survey_weighted,odds_ratio,0.7994299647881411,0.4003012649631313,1.596518233985671,0.33868228575844983,30,0.5136805183487536,age+sex+eth+marital+PIR_level+edu+smoke+alcohol.user+PA_level+BMI_level,,o_Xylene_binary_S,VOC_serum.rds,stroke,Stroke,binary_above_detection_threshold,3154,72,3082,30,4,2013-2014|2015-2016,WTSVOC2Y,ok,,0.9975209536939648,Volatile Organic Compounds (VOC),serum,o_Xylene_binary_S,Volatile Organic Compounds (VOC),0.28930690485006944,FALSE,,FALSE
survey_weighted,odds_ratio,0.8633432855703138,0.542991058854546,1.3726959525110864,0.22706056609411412,30,0.5224544978164161,age+sex+eth+marital+PIR_level+edu+smoke+alcohol.user+PA_level+BMI_level,,PNP_ln_U,pesticides_urine.rds,stroke,Stroke,natural_log_transformed,2162,49,2113,30,4,2013-2014|2015-2016,WTSB2YR|WTSC2YR,ok,,0.9975209536939648,Pesticides,urine,PNP_ln_U,Pesticides,0.28195152762410186,FALSE,,FALSE
survey_weighted,odds_ratio,0.9372854673831936,0.762123698776259,1.152705326941472,0.10129844299884044,30,0.5274334320502856,age+sex+eth+marital+PIR_level+edu+smoke+alcohol.user+PA_level+BMI_level,,NPMA_ln_U,VOC_urine.rds,stroke,Stroke,natural_log_transformed,2191,56,2135,30,4,2013-2014|2015-2016,WTSA2YR,ok,,0.9975209536939648,Volatile Organic Compounds (VOC),urine,NPMA_ln_U,Volatile Organic Compounds (VOC),0.27783234535262624,FALSE,,FALSE
survey_weighted,odds_ratio,0.7772362255210801,0.33118483647233976,1.8240453177049631,0.4177051334236793,30,0.5508287251475559,age+sex+eth+marital+PIR_level+edu+smoke+alcohol.user+PA_level+BMI_level,,MHNCH_binary_U,Phthalates_urine.rds,stroke,Stroke,binary_above_detection_threshold,2143,56,2087,30,4,2013-2014|2015-2016,WTSB2YR,ok,,0.9975209536939648,Phthalates,urine,MHNCH_binary_U,Phthalates,0.25898341981710005,FALSE,,FALSE
survey_weighted,odds_ratio,1.3018229384292088,0.5077665538437123,3.3376419738392076,0.4417177132868115,15,0.5593231108822179,age+sex+eth+marital+PIR_level+edu+smoke+alcohol.user+PA_level+BMI_level,,Sm_PFOS_ln_S,PFC_serum.rds,stroke,Stroke,natural_log_transformed,996,27,969,15,2,2015-2016,WTSB2YR,ok,,0.9975209536939648,Polyfluoroalkyl Substances (PFAS),serum,Sm_PFOS_ln_S,Polyfluoroalkyl Substances (PFAS),0.2523372355237874,FALSE,,FALSE
survey_weighted,odds_ratio,0.9141233724869484,0.6678658718892864,1.2511816747920834,0.15369064956299552,30,0.5634375369832229,age+sex+eth+marital+PIR_level+edu+smoke+alcohol.user+PA_level+BMI_level,,HIBP_ln_U,Phthalates_urine.rds,stroke,Stroke,natural_log_transformed,2041,55,1986,30,4,2013-2014|2015-2016,WTSB2YR|WTSSBH2Y,ok,,0.9975209536939648,Phthalates,urine,HIBP_ln_U,Phthalates,0.2491542230910431,FALSE,,FALSE
survey_weighted,odds_ratio,0.8747491914772858,0.545120768449964,1.4037002298884171,0.23157039693550271,30,0.5676630360756229,age+sex+eth+marital+PIR_level+edu+smoke+alcohol.user+PA_level+BMI_level,,MA_ln_U,VOC_urine.rds,stroke,Stroke,natural_log_transformed,2182,56,2126,30,4,2013-2014|2015-2016,WTSA2YR,ok,,0.9975209536939648,Volatile Organic Compounds (VOC),urine,MA_ln_U,Volatile Organic Compounds (VOC),0.2459093843566478,FALSE,,FALSE
survey_weighted,odds_ratio,1.1198520243032342,0.7251857189777084,1.7293067465585328,0.20386316399105336,15,0.5869045335082979,age+sex+eth+marital+PIR_level+edu+smoke+alcohol.user+PA_level+BMI_level,,IPM3_Cys_ln_U,VOC_urine.rds,stroke,Stroke,natural_log_transformed,1051,34,1017,15,2,2015-2016,WTSA2YR,ok,,0.9975209536939648,Volatile Organic Compounds (VOC),urine,IPM3_Cys_ln_U,Volatile Organic Compounds (VOC),0.23143253579221432,FALSE,,FALSE
survey_weighted,odds_ratio,0.7271479415033218,0.21246787478785523,2.4885838829068083,0.5772311879514156,15,0.5890860971935582,age+sex+eth+marital+PIR_level+edu+smoke+alcohol.user+PA_level+BMI_level,,X4_MDA_binary_U,AA_urine.rds,stroke,Stroke,binary_above_detection_threshold,1010,34,976,15,2,2015-2016,WTSA2YR,ok,,0.9975209536939648,Aromatic Amines,urine,4_MDA_binary_U,Aromatic Amines,0.22982122676896233,FALSE,,FALSE
survey_weighted,odds_ratio,1.116033124523045,0.7324468311506543,1.7005055958477924,0.20621395048281477,30,0.5983962303130357,age+sex+eth+marital+PIR_level+edu+smoke+alcohol.user+PA_level+BMI_level,,DPHP_ln_U,BFR_urine.rds,stroke,Stroke,natural_log_transformed,1942,44,1898,30,4,2013-2014|2015-2016,WTSSBI2Y|WTSSCH2Y,ok,,0.9975209536939648,Brominated Flame Retardants,urine,DPHP_ln_U,Brominated Flame Retardants,0.22301115103832073,FALSE,,FALSE
survey_weighted,odds_ratio,1.2967588042086131,0.4683269461687771,3.5906184985703087,0.4986878927808713,30,0.6061203970979514,age+sex+eth+marital+PIR_level+edu+smoke+alcohol.user+PA_level+BMI_level,,Furan_binary_S,VOC_serum.rds,stroke,Stroke,binary_above_detection_threshold,3164,73,3091,30,4,2013-2014|2015-2016,WTSVOC2Y,ok,,0.9975209536939648,Volatile Organic Compounds (VOC),serum,Furan_binary_S,Volatile Organic Compounds (VOC),0.2174411009132115,FALSE,,FALSE
survey_weighted,odds_ratio,0.9327731999244108,0.7097563813413348,1.2258654735205463,0.13379228480164176,30,0.60677071809883,age+sex+eth+marital+PIR_level+edu+smoke+alcohol.user+PA_level+BMI_level,,BP3_ln_U,PCCP_urine.rds,stroke,Stroke,natural_log_transformed,2142,56,2086,30,4,2013-2014|2015-2016,WTSB2YR,ok,,0.9975209536939648,Personal Care Products,urine,BP3_ln_U,Personal Care Products,0.21697538582028458,FALSE,,FALSE
survey_weighted,odds_ratio,0.7870408309218556,0.29148996763649,2.125058624009472,0.4863575067471819,30,0.6260314806088781,age+sex+eth+marital+PIR_level+edu+smoke+alcohol.user+PA_level+BMI_level,,MINP_binary_U,Phthalates_urine.rds,stroke,Stroke,binary_above_detection_threshold,2143,56,2087,30,4,2013-2014|2015-2016,WTSB2YR,ok,,0.9975209536939648,Phthalates,urine,MINP_binary_U,Phthalates,0.2034038273151843,FALSE,,FALSE
survey_weighted,odds_ratio,0.9096990268860818,0.6053341816607256,1.3670999335393652,0.19945092631886627,30,0.6385721700876803,age+sex+eth+marital+PIR_level+edu+smoke+alcohol.user+PA_level+BMI_level,,MCPP_ln_U,Phthalates_urine.rds,stroke,Stroke,natural_log_transformed,2142,56,2086,30,4,2013-2014|2015-2016,WTSB2YR,ok,,0.9975209536939648,Phthalates,urine,MCPP_ln_U,Phthalates,0.194790012575026,FALSE,,FALSE
survey_weighted,odds_ratio,1.0968670562592755,0.7356239508163349,1.6355059372003429,0.19561259393822192,30,0.6398774027956904,age+sex+eth+marital+PIR_level+edu+smoke+alcohol.user+PA_level+BMI_level,,W_ln_U,HM_urine.rds,stroke,Stroke,natural_log_transformed,2231,56,2175,30,4,2013-2014|2015-2016,WTSA2YR,ok,,0.9975209536939648,Heavy Metals,urine,W_ln_U,Metals and metalloids,0.1939032266248195,FALSE,,FALSE
survey_weighted,odds_ratio,0.6873064627627102,0.12535758142223388,3.7683414787994938,0.7983346262838742,15,0.6453272306662206,age+sex+eth+marital+PIR_level+edu+smoke+alcohol.user+PA_level+BMI_level,,A_a_C_binary_U,AA_urine.rds,stroke,Stroke,binary_above_detection_threshold,1154,21,1133,15,2,2013-2014,WTSA2YR,ok,,0.9975209536939648,Aromatic Amines,urine,A_a_C_binary_U,Aromatic Amines,0.19022000872122932,FALSE,,FALSE
survey_weighted,odds_ratio,1.0783086512549171,0.7685836683592986,1.5128470656335031,0.16579550809342725,30,0.6525703482306072,age+sex+eth+marital+PIR_level+edu+smoke+alcohol.user+PA_level+BMI_level,,X3PBA_ln_U,pesticides_urine.rds,stroke,Stroke,natural_log_transformed,2183,49,2134,30,4,2013-2014|2015-2016,WTSB2YR|WTSC2YR,ok,,0.9975209536939648,Pesticides,urine,3PBA_ln_U,Pesticides,0.18537266375744585,FALSE,,FALSE
survey_weighted,odds_ratio,0.814631817737348,0.31800248013157234,2.0868547886654323,0.4606031232425662,30,0.6594355334961153,age+sex+eth+marital+PIR_level+edu+smoke+alcohol.user+PA_level+BMI_level,,Mn_ln_S,HM_serum.rds,stroke,Stroke,natural_log_transformed,3256,78,3178,30,4,2013-2014|2015-2016,WTSH2YR,ok,,0.9975209536939648,Heavy Metals,serum,Mn_ln_S,Metals and metalloids,0.18082765472774048,FALSE,,FALSE
survey_weighted,odds_ratio,1.125940704716518,0.6459552430784886,1.9625856189288464,0.27207140127989,30,0.6659694408238358,age+sex+eth+marital+PIR_level+edu+smoke+alcohol.user+PA_level+BMI_level,,Mo_ln_U,HM_urine.rds,stroke,Stroke,natural_log_transformed,2231,56,2175,30,4,2013-2014|2015-2016,WTSA2YR,ok,,0.9975209536939648,Heavy Metals,urine,Mo_ln_U,Metals and metalloids,0.1765456987367142,FALSE,,FALSE
survey_weighted,odds_ratio,1.208165123158593,0.47870154961243955,3.0492129511562527,0.4343432519520298,15,0.6694888706837964,age+sex+eth+marital+PIR_level+edu+smoke+alcohol.user+PA_level+BMI_level,,IPM1_Cys_ln_U,VOC_urine.rds,stroke,Stroke,natural_log_transformed,1051,34,1017,15,2,2015-2016,WTSA2YR,ok,,0.9975209536939648,Volatile Organic Compounds (VOC),urine,IPM1_Cys_ln_U,Volatile Organic Compounds (VOC),0.17425663813037198,FALSE,,FALSE
survey_weighted,odds_ratio,1.2353452514443837,0.4531246437901609,3.367898681257566,0.4910894837925295,30,0.6700021595177552,age+sex+eth+marital+PIR_level+edu+smoke+alcohol.user+PA_level+BMI_level,,AsC_binary_U,HM_urine.rds,stroke,Stroke,binary_above_detection_threshold,2234,56,2178,30,4,2013-2014|2015-2016,WTSA2YR,ok,,0.9975209536939648,Heavy Metals,urine,AsC_binary_U,Metals and metalloids,0.17392379750046727,FALSE,,FALSE
survey_weighted,odds_ratio,1.1095623610223573,0.666256714181725,1.847829232774848,0.24974429471372112,30,0.6801622114050723,age+sex+eth+marital+PIR_level+edu+smoke+alcohol.user+PA_level+BMI_level,,CMAC_ln_U,VOC_urine.rds,stroke,Stroke,natural_log_transformed,2198,55,2143,30,4,2013-2014|2015-2016,WTSA2YR,ok,,0.9975209536939648,Volatile Organic Compounds (VOC),urine,CMAC_ln_U,Volatile Organic Compounds (VOC),0.16738750035704697,FALSE,,FALSE
survey_weighted,odds_ratio,1.0998598855338486,0.6737028187506048,1.795586620893063,0.24000175903606943,30,0.694475417988464,age+sex+eth+marital+PIR_level+edu+smoke+alcohol.user+PA_level+BMI_level,,PMM_Cys_ln_U,VOC_urine.rds,stroke,Stroke,natural_log_transformed,2191,55,2136,30,4,2013-2014|2015-2016,WTSA2YR,ok,,0.9975209536939648,Volatile Organic Compounds (VOC),urine,PMM_Cys_ln_U,Volatile Organic Compounds (VOC),0.15834312216669041,FALSE,,FALSE
survey_weighted,odds_ratio,1.222376646374549,0.4056156466091748,3.683794444551121,0.5175568372281872,15,0.7034878646927524,age+sex+eth+marital+PIR_level+edu+smoke+alcohol.user+PA_level+BMI_level,,PPDA_binary_U,AA_urine.rds,stroke,Stroke,binary_above_detection_threshold,938,30,908,15,2,2015-2016,WTSA2YR,ok,,0.9975209536939648,Aromatic Amines,urine,PPDA_binary_U,Aromatic Amines,0.15274338983183738,FALSE,,FALSE
survey_weighted,odds_ratio,0.9454231937170704,0.6954308659282248,1.2852823465423189,0.1503722218314923,30,0.7116055629521847,age+sex+eth+marital+PIR_level+edu+smoke+alcohol.user+PA_level+BMI_level,,MBzP_ln_U,Phthalates_urine.rds,stroke,Stroke,natural_log_transformed,2142,56,2086,30,4,2013-2014|2015-2016,WTSB2YR,ok,,0.9975209536939648,Phthalates,urine,MBzP_ln_U,Phthalates,0.14776066549256234,FALSE,,FALSE
survey_weighted,odds_ratio,1.199749623373096,0.4260174463634497,3.3787328924456443,0.5069783242127991,30,0.7219522697607084,age+sex+eth+marital+PIR_level+edu+smoke+alcohol.user+PA_level+BMI_level,,DHB_Cys_ln_U,VOC_urine.rds,stroke,Stroke,natural_log_transformed,2098,53,2045,30,4,2013-2014|2015-2016,WTSA2YR,ok,,0.9975209536939648,Volatile Organic Compounds (VOC),urine,DHB_Cys_ln_U,Volatile Organic Compounds (VOC),0.1414915138773885,FALSE,,FALSE
survey_weighted,odds_ratio,0.8992423719651234,0.48623010390122834,1.6630744107562,0.3010717895698497,30,0.7267432728340006,age+sex+eth+marital+PIR_level+edu+smoke+alcohol.user+PA_level+BMI_level,,m_p_Xylene_binary_S,VOC_serum.rds,stroke,Stroke,binary_above_detection_threshold,3148,73,3075,30,4,2013-2014|2015-2016,WTSVOC2Y,ok,,0.9975209536939648,Volatile Organic Compounds (VOC),serum,m_p_Xylene_binary_S,Volatile Organic Compounds (VOC),0.13861897962577574,FALSE,,FALSE
survey_weighted,odds_ratio,1.0840570576692206,0.6604373487184336,1.7793961933904283,0.23250071892827967,15,0.7333078634753825,age+sex+eth+marital+PIR_level+edu+smoke+alcohol.user+PA_level+BMI_level,,X1_AN_ln_U,AA_urine.rds,stroke,Stroke,natural_log_transformed,1108,20,1088,15,2,2013-2014,WTSA2YR,ok,,0.9975209536939648,Aromatic Amines,urine,1_AN_ln_U,Aromatic Amines,0.13471365791226242,FALSE,,FALSE
survey_weighted,odds_ratio,1.211269819795868,0.36732560046313006,3.9942072496403114,0.5597955059254892,15,0.7368067498042243,age+sex+eth+marital+PIR_level+edu+smoke+alcohol.user+PA_level+BMI_level,,MCOCH_binary_U,Phthalates_urine.rds,stroke,Stroke,binary_above_detection_threshold,1032,29,1003,15,2,2015-2016,WTSB2YR,ok,,0.9975209536939648,Phthalates,urine,MCOCH_binary_U,Phthalates,0.1326464042698104,FALSE,,FALSE
survey_weighted,odds_ratio,1.0743602800539669,0.6838724312672507,1.687814800808322,0.221179734113126,30,0.7479721339509842,age+sex+eth+marital+PIR_level+edu+smoke+alcohol.user+PA_level+BMI_level,,MHBP_ln_U,Phthalates_urine.rds,stroke,Stroke,natural_log_transformed,2041,55,1986,30,4,2013-2014|2015-2016,WTSB2YR|WTSSBH2Y,ok,,0.9975209536939648,Phthalates,urine,MHBP_ln_U,Phthalates,0.1261145816766501,FALSE,,FALSE
survey_weighted,odds_ratio,0.8645703775825444,0.3382889405800854,2.2095961414271152,0.4594550170070908,30,0.7536430695670665,age+sex+eth+marital+PIR_level+edu+smoke+alcohol.user+PA_level+BMI_level,,GAM_Cys_binary_U,VOC_urine.rds,stroke,Stroke,binary_above_detection_threshold,2220,56,2164,30,4,2013-2014|2015-2016,WTSA2YR,ok,,0.9975209536939648,Volatile Organic Compounds (VOC),urine,GAM_Cys_binary_U,Volatile Organic Compounds (VOC),0.12283429023000518,FALSE,,FALSE
survey_weighted,odds_ratio,1.0841918798542314,0.637284389859326,1.844501530315728,0.2601876981646106,30,0.7581928826945901,age+sex+eth+marital+PIR_level+edu+smoke+alcohol.user+PA_level+BMI_level,,Perchlorate_ln_U,PERNT_urine.rds,stroke,Stroke,natural_log_transformed,2222,56,2166,30,4,2013-2014|2015-2016,WTSA2YR,ok,,0.9975209536939648,Inorganic Anions,urine,Perchlorate_ln_U,Inorganic Anions,0.12022029669799551,FALSE,,FALSE
survey_weighted,odds_ratio,0.9014793805226088,0.437801564971658,1.8562406773489637,0.35366065288412746,30,0.7713348609470766,age+sex+eth+marital+PIR_level+edu+smoke+alcohol.user+PA_level+BMI_level,,IHg_binary_S,HM_serum.rds,stroke,Stroke,binary_above_detection_threshold,3252,79,3173,30,4,2013-2014|2015-2016,WTSH2YR,ok,,0.9975209536939648,Heavy Metals,serum,IHg_binary_S,Metals and metalloids,0.1127570399912754,FALSE,,FALSE
survey_weighted,odds_ratio,1.0743019245986878,0.645918131858333,1.7867970695852444,0.24911151825505995,30,0.7755493861431276,age+sex+eth+marital+PIR_level+edu+smoke+alcohol.user+PA_level+BMI_level,,Sr_ln_U,HM_urine.rds,stroke,Stroke,natural_log_transformed,2232,56,2176,30,4,2013-2014|2015-2016,WTSA2YR,ok,,0.9975209536939648,Heavy Metals,urine,Sr_ln_U,Metals and metalloids,0.11039054156858191,FALSE,,FALSE
survey_weighted,odds_ratio,0.9360835375249388,0.5569285688218144,1.5733658466810576,0.2542597738963043,30,0.7968111986191774,age+sex+eth+marital+PIR_level+edu+smoke+alcohol.user+PA_level+BMI_level,,PFUnDA_binary_S,PFC_serum.rds,stroke,Stroke,binary_above_detection_threshold,2072,54,2018,30,4,2013-2014|2015-2016,WTSB2YR,ok,,0.9975209536939648,Polyfluoroalkyl Substances (PFAS),serum,PFUnDA_binary_S,Polyfluoroalkyl Substances (PFAS),0.09864457083895484,FALSE,,FALSE
survey_weighted,odds_ratio,0.9013565398556588,0.38762710103157666,2.0959412016818275,0.4131951614812781,30,0.8032614056219577,age+sex+eth+marital+PIR_level+edu+smoke+alcohol.user+PA_level+BMI_level,,PHE_Cys_binary_U,VOC_urine.rds,stroke,Stroke,binary_above_detection_threshold,2172,54,2118,30,4,2013-2014|2015-2016,WTSA2YR,ok,,0.9975209536939648,Volatile Organic Compounds (VOC),urine,PHE_Cys_binary_U,Volatile Organic Compounds (VOC),0.09514309912407988,FALSE,,FALSE
survey_weighted,odds_ratio,1.0896964926596449,0.5354648066375893,2.217584482481979,0.34790623552343747,30,0.8066648518234405,age+sex+eth+marital+PIR_level+edu+smoke+alcohol.user+PA_level+BMI_level,,MMA_binary_U,HM_urine.rds,stroke,Stroke,binary_above_detection_threshold,2234,56,2178,30,4,2013-2014|2015-2016,WTSA2YR,ok,,0.9975209536939648,Heavy Metals,urine,MMA_binary_U,Metals and metalloids,0.09330686581851041,FALSE,,FALSE
survey_weighted,odds_ratio,0.7945862997794187,0.10889135245929071,5.798140747982594,0.932450400722191,15,0.8085677501925762,age+sex+eth+marital+PIR_level+edu+smoke+alcohol.user+PA_level+BMI_level,,TBPPP_binary_U,BFR_urine.rds,stroke,Stroke,binary_above_detection_threshold,899,25,874,15,2,2015-2016,WTSSBI2Y,ok,,0.9975209536939648,Brominated Flame Retardants,urine,TBPPP_binary_U,Brominated Flame Retardants,0.09228358453674539,FALSE,,FALSE
survey_weighted,odds_ratio,1.0650452568835338,0.621840465790477,1.8241357094189343,0.2634756182178811,30,0.8125948737162632,age+sex+eth+marital+PIR_level+edu+smoke+alcohol.user+PA_level+BMI_level,,Sb_ln_U,HM_urine.rds,stroke,Stroke,natural_log_transformed,2232,56,2176,30,4,2013-2014|2015-2016,WTSA2YR,ok,,0.9975209536939648,Heavy Metals,urine,Sb_ln_U,Metals and metalloids,0.0901259217631907,FALSE,,FALSE
survey_weighted,odds_ratio,0.9228988610412744,0.4616198714322832,1.845116210159135,0.3392191314765059,30,0.8146287420111022,age+sex+eth+marital+PIR_level+edu+smoke+alcohol.user+PA_level+BMI_level,,Ethylbenzene_binary_S,VOC_serum.rds,stroke,Stroke,binary_above_detection_threshold,3096,72,3024,30,4,2013-2014|2015-2016,WTSVOC2Y,ok,,0.9975209536939648,Volatile Organic Compounds (VOC),serum,Ethylbenzene_binary_S,Volatile Organic Compounds (VOC),0.08904027105260882,FALSE,,FALSE
survey_weighted,odds_ratio,0.9263112882606584,0.4760351625391205,1.8024983662600889,0.3259695434594521,30,0.8159420340815184,age+sex+eth+marital+PIR_level+edu+smoke+alcohol.user+PA_level+BMI_level,,BCPP_binary_U,BFR_urine.rds,stroke,Stroke,binary_above_detection_threshold,1945,44,1901,30,4,2013-2014|2015-2016,WTSSBI2Y|WTSSCH2Y,ok,,0.9975209536939648,Brominated Flame Retardants,urine,BCPP_binary_U,Brominated Flame Retardants,0.08834069317349882,FALSE,,FALSE
survey_weighted,odds_ratio,0.9176091505510986,0.43034151798615167,1.9566007879402525,0.3707597457746995,30,0.818180836003884,age+sex+eth+marital+PIR_level+edu+smoke+alcohol.user+PA_level+BMI_level,,Tl_ln_U,HM_urine.rds,stroke,Stroke,natural_log_transformed,2232,56,2176,30,4,2013-2014|2015-2016,WTSA2YR,ok,,0.9975209536939648,Heavy Metals,urine,Tl_ln_U,Metals and metalloids,0.08715069706354948,FALSE,,FALSE
survey_weighted,odds_ratio,1.081734521159963,0.5341252422482295,2.190777521286587,0.3455419085958348,30,0.8216786239833647,age+sex+eth+marital+PIR_level+edu+smoke+alcohol.user+PA_level+BMI_level,,Cs_ln_U,HM_urine.rds,stroke,Stroke,natural_log_transformed,2232,56,2176,30,4,2013-2014|2015-2016,WTSA2YR,ok,,0.9975209536939648,Heavy Metals,urine,Cs_ln_U,Metals and metalloids,0.0852980110753283,FALSE,,FALSE
survey_weighted,odds_ratio,1.1079626958038755,0.4212150564132545,2.914381422511665,0.47355810416884214,30,0.8300674484272741,age+sex+eth+marital+PIR_level+edu+smoke+alcohol.user+PA_level+BMI_level,,DCVDMPCA_binary_U,pesticides_urine.rds,stroke,Stroke,binary_above_detection_threshold,2175,49,2126,30,4,2013-2014|2015-2016,WTSB2YR|WTSC2YR,ok,,0.9975209536939648,Pesticides,urine,DCVDMPCA_binary_U,Pesticides,0.08088661691351302,FALSE,,FALSE
survey_weighted,odds_ratio,1.0355345386155663,0.7372982719809268,1.4544070173726031,0.16632477830297857,30,0.8351359666460848,age+sex+eth+marital+PIR_level+edu+smoke+alcohol.user+PA_level+BMI_level,,Thiocyanate_ln_U,PERNT_urine.rds,stroke,Stroke,natural_log_transformed,2218,55,2163,30,4,2013-2014|2015-2016,WTSA2YR,ok,,0.9975209536939648,Inorganic Anions,urine,Thiocyanate_ln_U,Inorganic Anions,0.07824281223257523,FALSE,,FALSE
survey_weighted,odds_ratio,0.9443451091605328,0.5294481294963592,1.6843721518928343,0.27148495413755014,15,0.8357827069118332,age+sex+eth+marital+PIR_level+edu+smoke+alcohol.user+PA_level+BMI_level,,n_PFOA_ln_S,PFC_serum.rds,stroke,Stroke,natural_log_transformed,996,27,969,15,2,2015-2016,WTSB2YR,ok,,0.9975209536939648,Polyfluoroalkyl Substances (PFAS),serum,n_PFOA_ln_S,Polyfluoroalkyl Substances (PFAS),0.07790661903884262,FALSE,,FALSE
survey_weighted,odds_ratio,0.8835083726837384,0.25130611361860145,3.1061203938195368,0.5898469418772491,15,0.836510772488054,age+sex+eth+marital+PIR_level+edu+smoke+alcohol.user+PA_level+BMI_level,,TTCA_binary_U,VOC_urine.rds,stroke,Stroke,binary_above_detection_threshold,1170,22,1148,15,2,2013-2014,WTSA2YR,ok,,0.9975209536939648,Volatile Organic Compounds (VOC),urine,TTCA_binary_U,Volatile Organic Compounds (VOC),0.07752846187194655,FALSE,,FALSE
survey_weighted,odds_ratio,1.0436157744827363,0.6771686828587615,1.6083642264011266,0.21178675896722185,30,0.8416078561436082,age+sex+eth+marital+PIR_level+edu+smoke+alcohol.user+PA_level+BMI_level,,BPA_ln_U,PCCP_urine.rds,stroke,Stroke,natural_log_transformed,2142,56,2086,30,4,2013-2014|2015-2016,WTSB2YR,ok,,0.9975209536939648,Personal Care Products,urine,BPA_ln_U,Personal Care Products,0.07489021916954999,FALSE,,FALSE
survey_weighted,odds_ratio,1.06237023119541,0.5745161543906995,1.96448872586908,0.30100270909491844,30,0.8420527412875481,age+sex+eth+marital+PIR_level+edu+smoke+alcohol.user+PA_level+BMI_level,,Co_ln_U,HM_urine.rds,stroke,Stroke,natural_log_transformed,2232,56,2176,30,4,2013-2014|2015-2016,WTSA2YR,ok,,0.9975209536939648,Heavy Metals,urine,Co_ln_U,Metals and metalloids,0.07466070596732222,FALSE,,FALSE
survey_weighted,odds_ratio,1.0380467641018452,0.7049451199933997,1.528546058269615,0.18948312103852857,30,0.845104321726049,age+sex+eth+marital+PIR_level+edu+smoke+alcohol.user+PA_level+BMI_level,,X3_FL_ln_U,PAH_urine.rds,stroke,Stroke,natural_log_transformed,2225,55,2170,30,4,2013-2014|2015-2016,WTSA2YR,ok,,0.9975209536939648,Polycyclic Aromatic Hydrocarbons (PAH),urine,3_FL_ln_U,Polycyclic Aromatic Hydrocarbons (PAH),0.07308967737754103,FALSE,,FALSE
survey_weighted,odds_ratio,1.0443840662389277,0.6580900661427259,1.6574297864833576,0.22614062991991168,30,0.8490074359742963,age+sex+eth+marital+PIR_level+edu+smoke+alcohol.user+PA_level+BMI_level,,X2_MHA_ln_U,VOC_urine.rds,stroke,Stroke,natural_log_transformed,2094,51,2043,30,4,2013-2014|2015-2016,WTSA2YR,ok,,0.9975209536939648,Volatile Organic Compounds (VOC),urine,2_MHA_ln_U,Volatile Organic Compounds (VOC),0.07108850600049708,FALSE,,FALSE
survey_weighted,odds_ratio,1.1176073621616878,0.3395751930337761,3.6782610790823234,0.5832963116918453,30,0.8501045404137493,age+sex+eth+marital+PIR_level+edu+smoke+alcohol.user+PA_level+BMI_level,,X4FPBA_binary_U,pesticides_urine.rds,stroke,Stroke,binary_above_detection_threshold,2204,49,2155,30,4,2013-2014|2015-2016,WTSB2YR|WTSC2YR,ok,,0.9975209536939648,Pesticides,urine,4FPBA_binary_U,Pesticides,0.07052766424673006,FALSE,,FALSE
survey_weighted,odds_ratio,0.9296779371965984,0.425020944409591,2.0335493539283065,0.3832494391194841,30,0.8503869666722059,age+sex+eth+marital+PIR_level+edu+smoke+alcohol.user+PA_level+BMI_level,,Nitrate_ln_U,PERNT_urine.rds,stroke,Stroke,natural_log_transformed,2223,56,2167,30,4,2013-2014|2015-2016,WTSA2YR,ok,,0.9975209536939648,Inorganic Anions,urine,Nitrate_ln_U,Inorganic Anions,0.07038340458273411,FALSE,,FALSE
survey_weighted,odds_ratio,1.0553178622635664,0.5830513053001376,1.9101162801432128,0.29052054501196295,30,0.8542179662295547,age+sex+eth+marital+PIR_level+edu+smoke+alcohol.user+PA_level+BMI_level,,EO_ln_S,gas_serum.rds,stroke,Stroke,natural_log_transformed,2137,54,2083,30,4,2013-2014|2015-2016,WTSA2YR,ok,,0.9975209536939648,Gaseous Pollutants,serum,EO_ln_S,Gaseous Pollutants,0.06843129857027917,FALSE,,FALSE
survey_weighted,odds_ratio,1.1423220191991437,0.24469085991990905,5.332849767965677,0.7228989841190729,15,0.8564248879295862,age+sex+eth+marital+PIR_level+edu+smoke+alcohol.user+PA_level+BMI_level,,X26_DMA_binary_U,AA_urine.rds,stroke,Stroke,binary_above_detection_threshold,1064,22,1042,15,2,2013-2014,WTSA2YR,ok,,0.9975209536939648,Aromatic Amines,urine,26_DMA_binary_U,Aromatic Amines,0.0673107204838206,FALSE,,FALSE
survey_weighted,odds_ratio,0.9585670841141392,0.5789976548036133,1.5869681804820823,0.2365250083401667,15,0.8604056320351966,age+sex+eth+marital+PIR_level+edu+smoke+alcohol.user+PA_level+BMI_level,,o_ANS_ln_U,AA_urine.rds,stroke,Stroke,natural_log_transformed,1047,21,1026,15,2,2013-2014,WTSA2YR,ok,,0.9975209536939648,Aromatic Amines,urine,o_ANS_ln_U,Aromatic Amines,0.06529675547448396,FALSE,,FALSE
survey_weighted,odds_ratio,1.173752474003253,0.1619697233930234,8.50587900854623,0.92920412650302,15,0.86541844281639,age+sex+eth+marital+PIR_level+edu+smoke+alcohol.user+PA_level+BMI_level,,DPCP_binary_U,BFR_urine.rds,stroke,Stroke,binary_above_detection_threshold,1046,19,1027,15,2,2013-2014,WTSSCH2Y,ok,,0.9975209536939648,Brominated Flame Retardants,urine,DPCP_binary_U,Brominated Flame Retardants,0.0627738538472062,FALSE,,FALSE
survey_weighted,odds_ratio,0.9252717627752122,0.31773348265274115,2.6944841564740973,0.5233751070533872,30,0.883021728097074,age+sex+eth+marital+PIR_level+edu+smoke+alcohol.user+PA_level+BMI_level,,BDCM_binary_S,VOC_serum.rds,stroke,Stroke,binary_above_detection_threshold,3138,73,3065,30,4,2013-2014|2015-2016,WTSVOC2Y,ok,,0.9975209536939648,Volatile Organic Compounds (VOC),serum,BDCM_binary_S,Volatile Organic Compounds (VOC),0.054028609812508274,FALSE,,FALSE
survey_weighted,odds_ratio,1.025726933320162,0.7209300831028455,1.459386653987489,0.1726580025565202,30,0.8840210372348403,age+sex+eth+marital+PIR_level+edu+smoke+alcohol.user+PA_level+BMI_level,,GLYP_ln_U,GYLP_urine.rds,stroke,Stroke,natural_log_transformed,1938,44,1894,30,4,2013-2014|2015-2016,WTSSCH2Y|WTSSGL2Y,ok,,0.9975209536939648,Herbicides,urine,GLYP_ln_U,Herbicides,0.05353739986668383,FALSE,,FALSE
survey_weighted,odds_ratio,0.9765918661144,0.6673176872101927,1.4292018497936176,0.18646023278906165,30,0.8997625456017528,age+sex+eth+marital+PIR_level+edu+smoke+alcohol.user+PA_level+BMI_level,,BDCPP_ln_U,BFR_urine.rds,stroke,Stroke,natural_log_transformed,1934,44,1890,30,4,2013-2014|2015-2016,WTSSBI2Y|WTSSCH2Y,ok,,0.9975209536939648,Brominated Flame Retardants,urine,BDCPP_ln_U,Brominated Flame Retardants,0.045872089162265976,FALSE,,FALSE
survey_weighted,odds_ratio,0.9797009965609198,0.6993709819798921,1.372396149387358,0.16504462204787,30,0.9019410683179612,age+sex+eth+marital+PIR_level+edu+smoke+alcohol.user+PA_level+BMI_level,,BMA_ln_U,VOC_urine.rds,stroke,Stroke,natural_log_transformed,2211,56,2155,30,4,2013-2014|2015-2016,WTSA2YR,ok,,0.9975209536939648,Volatile Organic Compounds (VOC),urine,BMA_ln_U,Volatile Organic Compounds (VOC),0.04482183778004338,FALSE,,FALSE
survey_weighted,odds_ratio,1.0231134624370148,0.6713457343861211,1.5591983435733243,0.20630029713299664,30,0.9125421718571582,age+sex+eth+marital+PIR_level+edu+smoke+alcohol.user+PA_level+BMI_level,,MnBP_ln_U,Phthalates_urine.rds,stroke,Stroke,natural_log_transformed,2142,56,2086,30,4,2013-2014|2015-2016,WTSB2YR,ok,,0.9975209536939648,Phthalates,urine,MnBP_ln_U,Phthalates,0.03974705609707915,FALSE,,FALSE
survey_weighted,odds_ratio,1.0260495147890916,0.6288831051706566,1.6740433923936369,0.23969666044831148,30,0.9152766709440648,age+sex+eth+marital+PIR_level+edu+smoke+alcohol.user+PA_level+BMI_level,,X23_OH_PH_ln_U,PAH_urine.rds,stroke,Stroke,natural_log_transformed,2227,55,2172,30,4,2013-2014|2015-2016,WTSA2YR,ok,,0.9975209536939648,Polycyclic Aromatic Hydrocarbons (PAH),urine,23_OH_PH_ln_U,Polycyclic Aromatic Hydrocarbons (PAH),0.038447607024339754,FALSE,,FALSE
survey_weighted,odds_ratio,0.9604146217497358,0.3900528870653074,2.3647978934616867,0.4412157390201121,30,0.927669722115526,age+sex+eth+marital+PIR_level+edu+smoke+alcohol.user+PA_level+BMI_level,,DBCM_binary_S,VOC_serum.rds,stroke,Stroke,binary_above_detection_threshold,3162,73,3089,30,4,2013-2014|2015-2016,WTSVOC2Y,ok,,0.9975209536939648,Volatile Organic Compounds (VOC),serum,DBCM_binary_S,Volatile Organic Compounds (VOC),0.03260661795544264,FALSE,,FALSE
survey_weighted,odds_ratio,0.9344018505977922,0.1479394134813498,5.901786399272486,0.864718461129278,15,0.938496645602338,age+sex+eth+marital+PIR_level+edu+smoke+alcohol.user+PA_level+BMI_level,,PFHpA_binary_S,PFC_serum.rds,stroke,Stroke,binary_above_detection_threshold,1076,27,1049,15,2,2013-2014,WTSB2YR,ok,,0.9975209536939648,Polyfluoroalkyl Substances (PFAS),serum,PFHpA_binary_S,Polyfluoroalkyl Substances (PFAS),0.02756727530581885,FALSE,,FALSE
survey_weighted,odds_ratio,0.9883686685331314,0.7143958713760584,1.3674107929211825,0.15894966562193244,30,0.941813207631958,age+sex+eth+marital+PIR_level+edu+smoke+alcohol.user+PA_level+BMI_level,,MiBP_ln_U,Phthalates_urine.rds,stroke,Stroke,natural_log_transformed,2142,56,2086,30,4,2013-2014|2015-2016,WTSB2YR,ok,,0.9975209536939648,Phthalates,urine,MiBP_ln_U,Phthalates,0.026035223469152758,FALSE,,FALSE
survey_weighted,odds_ratio,0.9884348327079197,0.6853279351635225,1.425599874718685,0.17932242718348426,30,0.9487082149575414,age+sex+eth+marital+PIR_level+edu+smoke+alcohol.user+PA_level+BMI_level,,MCNP_ln_U,Phthalates_urine.rds,stroke,Stroke,natural_log_transformed,2142,56,2086,30,4,2013-2014|2015-2016,WTSB2YR,ok,,0.9975209536939648,Phthalates,urine,MCNP_ln_U,Phthalates,0.02286733880449467,FALSE,,FALSE
survey_weighted,odds_ratio,0.9867171963037276,0.6474908888164406,1.5036672211112785,0.20627940525767308,30,0.948744353519818,age+sex+eth+marital+PIR_level+edu+smoke+alcohol.user+PA_level+BMI_level,,MEOHP_ln_U,Phthalates_urine.rds,stroke,Stroke,natural_log_transformed,2142,56,2086,30,4,2013-2014|2015-2016,WTSB2YR,ok,,0.9975209536939648,Phthalates,urine,MEOHP_ln_U,Phthalates,0.02285079580527216,FALSE,,FALSE
survey_weighted,odds_ratio,1.0129089204691044,0.6306909175967265,1.6267627335992758,0.23197966314409263,30,0.9562734866719858,age+sex+eth+marital+PIR_level+edu+smoke+alcohol.user+PA_level+BMI_level,,MECPP_ln_U,Phthalates_urine.rds,stroke,Stroke,natural_log_transformed,2142,56,2086,30,4,2013-2014|2015-2016,WTSB2YR,ok,,0.9975209536939648,Phthalates,urine,MECPP_ln_U,Phthalates,0.01941788516456926,FALSE,,FALSE
survey_weighted,odds_ratio,1.0102631485370053,0.6749162226917632,1.512234548491553,0.19751407268028515,30,0.9591130056828696,age+sex+eth+marital+PIR_level+edu+smoke+alcohol.user+PA_level+BMI_level,,Ba_ln_U,HM_urine.rds,stroke,Stroke,natural_log_transformed,2232,56,2176,30,4,2013-2014|2015-2016,WTSA2YR,ok,,0.9975209536939648,Heavy Metals,urine,Ba_ln_U,Metals and metalloids,0.018130219885505294,FALSE,,FALSE
survey_weighted,odds_ratio,0.99602826484179,0.8161460482360926,1.2155573215209186,0.09752974696991644,30,0.967722182748527,age+sex+eth+marital+PIR_level+edu+smoke+alcohol.user+PA_level+BMI_level,,CEMA_CYM_ln_U,VOC_urine.rds,stroke,Stroke,natural_log_transformed,2190,56,2134,30,4,2013-2014|2015-2016,WTSA2YR,ok,,0.9975209536939648,Volatile Organic Compounds (VOC),urine,CEMA_CYM_ln_U,Volatile Organic Compounds (VOC),0.014249303659172851,FALSE,,FALSE
survey_weighted,odds_ratio,1.0065085403181773,0.6865116289889609,1.47566246361388,0.1873499123150837,30,0.97260618324856,age+sex+eth+marital+PIR_level+edu+smoke+alcohol.user+PA_level+BMI_level,,Total_As_ln_U,HM_urine.rds,stroke,Stroke,natural_log_transformed,2231,56,2175,30,4,2013-2014|2015-2016,WTSA2YR,ok,,0.9975209536939648,Heavy Metals,urine,Total_As_ln_U,Metals and metalloids,0.012062973774428012,FALSE,,FALSE
survey_weighted,odds_ratio,1.010070952009268,0.5578318275095214,1.828944276356292,0.290714553039101,30,0.972731656874764,age+sex+eth+marital+PIR_level+edu+smoke+alcohol.user+PA_level+BMI_level,,X1_PH_ln_U,PAH_urine.rds,stroke,Stroke,natural_log_transformed,2227,55,2172,30,4,2013-2014|2015-2016,WTSA2YR,ok,,0.9975209536939648,Polycyclic Aromatic Hydrocarbons (PAH),urine,1_PH_ln_U,Polycyclic Aromatic Hydrocarbons (PAH),0.012006950082875358,FALSE,,FALSE
survey_weighted,odds_ratio,1.0084543427427901,0.5388374704861001,1.8873597644932645,0.3068934781664531,30,0.9782965829480434,age+sex+eth+marital+PIR_level+edu+smoke+alcohol.user+PA_level+BMI_level,,EtP_binary_U,PCCP_urine.rds,stroke,Stroke,binary_above_detection_threshold,2144,56,2088,30,4,2013-2014|2015-2016,WTSB2YR,ok,,0.9975209536939648,Personal Care Products,urine,EtP_binary_U,Personal Care Products,0.00952946340109102,FALSE,,FALSE
survey_weighted,odds_ratio,0.9950448336787784,0.6590990263279073,1.5022237652923456,0.2016939527651281,30,0.980514128646631,age+sex+eth+marital+PIR_level+edu+smoke+alcohol.user+PA_level+BMI_level,,Toluene_ln_S,VOC_serum.rds,stroke,Stroke,natural_log_transformed,3099,69,3030,30,4,2013-2014|2015-2016,WTSVOC2Y,ok,,0.9975209536939648,Volatile Organic Compounds (VOC),serum,Toluene_ln_S,Volatile Organic Compounds (VOC),0.008546144016533386,FALSE,,FALSE
survey_weighted,odds_ratio,1.005912702571789,0.6158008631413057,1.6431616546193326,0.24028475312622788,30,0.9805886547809,age+sex+eth+marital+PIR_level+edu+smoke+alcohol.user+PA_level+BMI_level,,MB3_Cys_ln_U,VOC_urine.rds,stroke,Stroke,natural_log_transformed,2161,54,2107,30,4,2013-2014|2015-2016,WTSA2YR,ok,,0.9975209536939648,Volatile Organic Compounds (VOC),urine,MB3_Cys_ln_U,Volatile Organic Compounds (VOC),0.008513135763055108,FALSE,,FALSE
survey_weighted,odds_ratio,0.9902677936371108,0.23853202573320773,4.111105416979615,0.6678421391778737,15,0.9885092062507546,age+sex+eth+marital+PIR_level+edu+smoke+alcohol.user+PA_level+BMI_level,,CYHA_Cys_binary_U,VOC_urine.rds,stroke,Stroke,binary_above_detection_threshold,1052,34,1018,15,2,2015-2016,WTSA2YR,ok,,0.9975209536939648,Volatile Organic Compounds (VOC),urine,CYHA_Cys_binary_U,Volatile Organic Compounds (VOC),0.005019281630750576,FALSE,,FALSE
survey_weighted,odds_ratio,1.0146678404684693,0.0400273686020435,25.721171849112903,1.5829196256242466,30,0.992721249880348,age+sex+eth+marital+PIR_level+edu+smoke+alcohol.user+PA_level+BMI_level,,Se_ln_S,HM_serum.rds,stroke,Stroke,natural_log_transformed,3256,78,3178,30,4,2013-2014|2015-2016,WTSH2YR,ok,,0.9975209536939648,Heavy Metals,serum,Se_ln_S,Metals and metalloids,0.0031726816492422968,FALSE,,FALSE
survey_weighted,odds_ratio,0.9939284906626096,0.23837917720531177,4.144211990882065,0.6698740200633689,15,0.9928661156624472,age+sex+eth+marital+PIR_level+edu+smoke+alcohol.user+PA_level+BMI_level,,PhIP_binary_U,AA_urine.rds,stroke,Stroke,binary_above_detection_threshold,1153,21,1132,15,2,2013-2014,WTSA2YR,ok,,0.9975209536939648,Aromatic Amines,urine,PhIP_binary_U,Aromatic Amines,0.003109310567228291,FALSE,,FALSE
survey_weighted,odds_ratio,0.9991694920289738,0.7120888836412167,1.401987443893938,0.165855287676199,30,0.9960361736422304,age+sex+eth+marital+PIR_level+edu+smoke+alcohol.user+PA_level+BMI_level,,BPS_ln_U,PCCP_urine.rds,stroke,Stroke,natural_log_transformed,2141,56,2085,30,4,2013-2014|2015-2016,WTSB2YR,ok,,0.9975209536939648,Personal Care Products,urine,BPS_ln_U,Personal Care Products,0.0017248887570918564,FALSE,,FALSE
survey_weighted,odds_ratio,0.9993318780178472,0.6464034289249301,1.5449549889975245,0.21332272318578255,30,0.9975209536939648,age+sex+eth+marital+PIR_level+edu+smoke+alcohol.user+PA_level+BMI_level,,BCETP_ln_U,BFR_urine.rds,stroke,Stroke,natural_log_transformed,1940,44,1896,30,4,2013-2014|2015-2016,WTSSBI2Y|WTSSCH2Y,ok,,0.9975209536939648,Brominated Flame Retardants,urine,BCETP_ln_U,Brominated Flame Retardants,0.0010779728561648402,FALSE,,FALSE
